27835 27834
16609 20890
7669 20890
7273 20890
7407 20890
7011 20890
6749 20890
5012 20890
18900 20890
27578 20890
18638 20890
17035 20890
16639 20890
7699 20890
16377 20890
7437 20890
7041 20890
7175 20890
5438 20890
5042 20890
5176 20890
27608 20890
26005 20890
17065 20890
16669 20890
16803 20890
16407 20890
7467 20890
16145 20890
5468 20890
14146 20890
5206 20890
4810 20890
4944 20890
2945 20890
26431 20890
26035 20890
17095 20890
25773 20890
16833 20890
16437 20890
16571 20890
14834 20890
14438 20890
14572 20890
14176 20890
5236 20890
5370 20890
4974 20890
3371 20890
2975 20890
26461 20890
26065 20890
2713 20890
26199 20890
25803 20890
16863 20890
25541 20890
14864 20890
23542 20890
14602 20890
14206 20890
14340 20890
5400 20890
12341 20890
3401 20890
3005 20890
26491 20890
3139 20890
2743 20890
26229 20890
25833 20890
2481 20890
25967 20890
744 20890
23834 20890
23968 20890
23572 20890
14632 20890
14370 20890
12767 20890
12371 20890
3431 20890
12109 20890
3169 20890
2773 20890
26259 20890
2907 20890
1170 20890
774 20890
24260 20890
908 20890
23998 20890
23602 20890
23736 20890
21737 20890
12797 20890
12401 20890
12535 20890
12139 20890
3199 20890
11877 20890
1200 20890
1334 20890
938 20890
24028 20890
676 20890
23766 20890
22163 20890
21767 20890
12827 20890
21505 20890
12565 20890
12169 20890
12303 20890
10170 20890
10304 20890
968 20890
1102 20890
706 20890
22193 20890
21797 20890
21931 20890
21535 20890
12595 20890
21273 20890
10596 20890
10334 20890
9938 20890
10072 20890
1132 20890
8073 20890
22223 20890
21961 20890
21565 20890
21699 20890
19566 20890
19700 20890
19304 20890
10364 20890
10498 20890
10102 20890
8499 20890
8103 20890
7841 20890
21991 20890
19992 20890
19730 20890
19334 20890
19468 20890
10528 20890
8529 20890
8133 20890
8267 20890
7871 20890
19760 20890
19364 20890
19498 20890
17499 20890
8559 20890
17237 20890
8297 20890
7901 20890
8035 20890
5902 20890
6036 20890
17925 20890
17529 20890
17663 20890
17267 20890
8327 20890
6328 20890
6462 20890
6066 20890
5804 20890
26895 20890
17955 20890
17693 20890
17297 20890
17431 20890
15298 20890
15432 20890
6096 20890
6230 20890
5834 20890
4231 20890
3835 20890
27321 20890
26925 20890
3573 20890
27059 20890
26663 20890
17723 20890
15724 20890
15462 20890
15066 20890
15200 20890
6260 20890
4261 20890
3865 20890
27351 20890
3999 20890
3603 20890
27089 20890
26693 20890
26827 20890
24694 20890
24828 20890
24432 20890
15492 20890
15096 20890
15626 20890
15230 20890
13231 20890
4291 20890
4029 20890
3633 20890
27119 20890
26723 20890
3767 20890
25120 20890
24724 20890
1768 20890
24858 20890
24462 20890
24596 20890
15656 20890
13657 20890
13261 20890
13395 20890
12999 20890
4059 20890
2060 20890
1664 20890
2194 20890
1798 20890
24888 20890
24492 20890
1536 20890
24626 20890
22627 20890
13687 20890
13425 20890
13029 20890
13163 20890
11030 20890
11164 20890
2224 20890
1828 20890
1962 20890
1566 20890
24656 20890
23053 20890
22657 20890
22791 20890
22395 20890
13455 20890
13059 20890
11456 20890
11060 20890
11590 20890
11194 20890
2254 20890
10932 20890
1992 20890
23083 20890
22821 20890
22425 20890
22559 20890
20426 20890
20560 20890
11224 20890
11358 20890
10962 20890
8963 20890
23 20890
22851 20890
22455 20890
20852 20890
20456 20890
20590 20890
20194 20890
11388 20890
9389 20890
8993 20890
9127 20890
8731 20890
20620 20890
20224 20890
20754 20890
20358 20890
18359 20890
9419 20890
9023 20890
9157 20890
8761 20890
8895 20890
6896 20890
20784 20890
20388 20890
18785 20890
18389 20890
18523 20890
18127 20890
9187 20890
8791 20890
7188 20890
6792 20890
7322 20890
6926 20890
20814 20890
27755 20890
18815 20890
18419 20890
18553 20890
18157 20890
18291 20890
17895 20890
16158 20890
16292 20890
7352 20890
6956 20890
7090 20890
6694 20890
4695 20890
27785 20890
27523 20890
18583 20890
18187 20890
16584 20890
16188 20890
16718 20890
16322 20890
7382 20890
7120 20890
6724 20890
5121 20890
4725 20890
27815 20890
4859 20890
4463 20890
27553 20890
27291 20890
25554 20890
16352 20890
16486 20890
16090 20890
7150 20890
14091 20890
5151 20890
4755 20890
4889 20890
4493 20890
27583 20890
4627 20890
27717 20890
25980 20890
25584 20890
25718 20890
16516 20890
16120 20890
14383 20890
14517 20890
14121 20890
14255 20890
13859 20890
4919 20890
4523 20890
2920 20890
3054 20890
2658 20890
25748 20890
25352 20890
25882 20890
25486 20890
16546 20890
23487 20890
14547 20890
14151 20890
14285 20890
13889 20890
13627 20890
3084 20890
2688 20890
25778 20890
2822 20890
2426 20890
25912 20890
25516 20890
427 20890
23913 20890
23517 20890
23651 20890
23255 20890
14315 20890
13919 20890
14053 20890
12316 20890
11920 20890
12450 20890
12054 20890
3114 20890
2718 20890
2852 20890
2456 20890
25942 20890
719 20890
853 20890
457 20890
23943 20890
23547 20890
591 20890
195 20890
23681 20890
23285 20890
23023 20890
21286 20890
12480 20890
12084 20890
12218 20890
11822 20890
2882 20890
9823 20890
883 20890
487 20890
621 20890
225 20890
23711 20890
23315 20890
23449 20890
21712 20890
21316 20890
21846 20890
21450 20890
12510 20890
12114 20890
12248 20890
11852 20890
10249 20890
9853 20890
9591 20890
651 20890
255 20890
389 20890
21742 20890
21480 20890
21614 20890
21218 20890
12278 20890
19219 20890
10279 20890
9883 20890
10017 20890
9621 20890
21510 20890
21644 20890
21248 20890
19645 20890
19249 20890
18987 20890
10047 20890
9651 20890
9785 20890
8048 20890
8182 20890
7786 20890
21674 20890
19675 20890
19279 20890
19413 20890
19017 20890
10077 20890
18755 20890
8078 20890
8212 20890
7816 20890
7950 20890
7554 20890
5555 20890
19443 20890
19047 20890
19181 20890
17444 20890
17048 20890
17578 20890
17182 20890
8242 20890
7846 20890
7980 20890
7584 20890
5981 20890
5585 20890
5323 20890
19473 20890
17474 20890
17608 20890
17212 20890
16950 20890
8010 20890
14951 20890
6011 20890
5615 20890
5749 20890
5353 20890
26444 20890
26974 20890
26578 20890
17638 20890
17242 20890
17376 20890
16980 20890
15377 20890
14981 20890
14719 20890
5779 20890
5383 20890
5517 20890
3780 20890
26870 20890
3914 20890
3518 20890
26608 20890
26346 20890
17406 20890
24347 20890
15407 20890
15011 20890
15145 20890
14749 20890
5809 20890
4206 20890
3810 20890
3944 20890
3548 20890
26638 20890
3286 20890
26772 20890
26376 20890
1287 20890
24773 20890
24377 20890
15437 20890
24115 20890
15175 20890
14779 20890
14913 20890
13310 20890
12914 20890
3974 20890
3578 20890
3712 20890
3316 20890
26802 20890
1713 20890
1317 20890
24803 20890
24407 20890
24541 20890
24145 20890
15205 20890
23883 20890
13206 20890
13340 20890
12944 20890
12682 20890
3742 20890
10683 20890
1743 20890
1347 20890
24833 20890
1481 20890
24571 20890
24175 20890
24309 20890
22176 20890
22310 20890
13370 20890
12974 20890
13108 20890
12712 20890
11109 20890
10713 20890
1773 20890
10451 20890
1511 20890
1115 20890
24601 20890
1645 20890
1249 20890
22602 20890
22736 20890
22340 20890
22078 20890
13138 20890
11139 20890
10743 20890
10877 20890
10481 20890
1541 20890
1675 20890
22766 20890
22370 20890
22504 20890
22108 20890
20109 20890
11169 20890
19847 20890
10907 20890
10511 20890
10645 20890
8646 20890
22534 20890
20535 20890
20139 20890
20273 20890
19877 20890
10937 20890
8938 20890
9072 20890
8676 20890
8414 20890
20565 20890
20303 20890
19907 20890
20041 20890
18042 20890
9102 20890
8706 20890
8840 20890
8444 20890
6445 20890
20333 20890
18334 20890
18468 20890
18072 20890
9132 20890
17810 20890
8870 20890
6871 20890
6475 20890
6609 20890
27304 20890
27438 20890
18498 20890
18102 20890
18236 20890
17840 20890
15841 20890
6901 20890
15579 20890
6639 20890
6243 20890
6377 20890
27730 20890
4378 20890
27468 20890
18528 20890
27206 20890
18266 20890
16267 20890
15871 20890
16005 20890
15609 20890
6669 20890
6803 20890
4670 20890
4804 20890
4408 20890
27498 20890
4146 20890
27632 20890
27236 20890
25237 20890
16297 20890
24975 20890
16035 20890
15639 20890
15773 20890
5096 20890
13774 20890
4834 20890
4438 20890
4572 20890
4176 20890
27662 20890
27266 20890
2177 20890
25663 20890
25267 20890
25401 20890
25005 20890
16065 20890
14066 20890
14200 20890
13804 20890
4864 20890
13542 20890
4602 20890
27692 20890
2603 20890
2207 20890
25693 20890
2341 20890
25431 20890
25035 20890
25169 20890
14492 20890
23170 20890
14230 20890
13834 20890
13968 20890
13572 20890
11573 20890
2633 20890
2371 20890
25461 20890
2109 20890
23462 20890
110 20890
23596 20890
23200 20890
14260 20890
22938 20890
13998 20890
13602 20890
11999 20890
11603 20890
11737 20890
2401 20890
2535 20890
402 20890
536 20890
140 20890
23626 20890
23230 20890
23364 20890
22968 20890
20969 20890
12029 20890
11767 20890
11371 20890
11505 20890
828 20890
9506 20890
566 20890
170 20890
23656 20890
304 20890
23394 20890
22998 20890
21395 20890
20999 20890
21133 20890
20737 20890
11797 20890
11401 20890
11931 20890
9798 20890
9932 20890
9536 20890
596 20890
9274 20890
334 20890
23424 20890
21425 20890
21163 20890
20767 20890
20901 20890
10224 20890
18902 20890
9962 20890
9566 20890
9700 20890
9304 20890
7305 20890
21193 20890
20797 20890
19194 20890
19328 20890
18932 20890
9992 20890
18670 20890
9730 20890
9334 20890
7731 20890
7335 20890
7469 20890
19620 20890
19358 20890
18962 20890
19096 20890
18700 20890
9760 20890
16701 20890
7761 20890
7499 20890
7237 20890
5238 20890
19388 20890
19126 20890
18730 20890
17127 20890
16731 20890
16865 20890
7529 20890
7663 20890
5530 20890
5664 20890
5268 20890
19156 20890
26097 20890
17157 20890
16761 20890
16895 20890
16499 20890
16633 20890
5956 20890
14634 20890
5694 20890
5298 20890
5432 20890
5036 20890
26523 20890
26127 20890
26261 20890
25865 20890
16925 20890
16529 20890
17059 20890
16663 20890
14926 20890
15060 20890
14664 20890
5724 20890
5462 20890
5066 20890
3463 20890
26553 20890
26157 20890
3201 20890
26291 20890
25895 20890
26029 20890
17089 20890
15352 20890
15090 20890
14694 20890
14828 20890
14432 20890
5492 20890
12433 20890
3493 20890
3097 20890
3627 20890
3231 20890
26321 20890
25925 20890
2969 20890
26059 20890
24322 20890
970 20890
24456 20890
24060 20890
15120 20890
14858 20890
14462 20890
12859 20890
12463 20890
12597 20890
3657 20890
3261 20890
3395 20890
2999 20890
1262 20890
24748 20890
1396 20890
1000 20890
24486 20890
24090 20890
24224 20890
23828 20890
14888 20890
21829 20890
12889 20890
12493 20890
12627 20890
3687 20890
3425 20890
1688 20890
1426 20890
1030 20890
24516 20890
24120 20890
1164 20890
768 20890
24254 20890
23858 20890
23992 20890
22255 20890
21859 20890
21993 20890
12657 20890
12791 20890
12395 20890
10658 20890
10792 20890
10396 20890
1456 20890
1194 20890
798 20890
24284 20890
22285 20890
21889 20890
22023 20890
21627 20890
12821 20890
11084 20890
10822 20890
10426 20890
10560 20890
10164 20890
1224 20890
22053 20890
21657 20890
22187 20890
21791 20890
20188 20890
19792 20890
10852 20890
10456 20890
10590 20890
10194 20890
10328 20890
8591 20890
8329 20890
22217 20890
20480 20890
20218 20890
19822 20890
19956 20890
19560 20890
10620 20890
17561 20890
8621 20890
8225 20890
8755 20890
8359 20890
20248 20890
19852 20890
19986 20890
19590 20890
17987 20890
17591 20890
8785 20890
8389 20890
8523 20890
8127 20890
6390 20890
6524 20890
6128 20890
20016 20890
18017 20890
17621 20890
17755 20890
8815 20890
8553 20890
6816 20890
6420 20890
6554 20890
6158 20890
6292 20890
5896 20890
27383 20890
26987 20890
17785 20890
17919 20890
17523 20890
15920 20890
15524 20890
6584 20890
6188 20890
6322 20890
5926 20890
4323 20890
27413 20890
27017 20890
27151 20890
26755 20890
17815 20890
17949 20890
15816 20890
15950 20890
15554 20890
15688 20890
15292 20890
6352 20890
4353 20890
4487 20890
4091 20890
27181 20890
26785 20890
27315 20890
26919 20890
25316 20890
24920 20890
15980 20890
15584 20890
15718 20890
15322 20890
13719 20890
4517 20890
4121 20890
27211 20890
4255 20890
3859 20890
27345 20890
25212 20890
2256 20890
1860 20890
25346 20890
24950 20890
24688 20890
15748 20890
13749 20890
13353 20890
13883 20890
13487 20890
4547 20890
4151 20890
4285 20890
2152 20890
2286 20890
1890 20890
25376 20890
24980 20890
2024 20890
1628 20890
25114 20890
24718 20890
22719 20890
13779 20890
13913 20890
13517 20890
13651 20890
13255 20890
11652 20890
11256 20890
2316 20890
1920 20890
2054 20890
1658 20890
25144 20890
55 20890
23145 20890
22749 20890
22883 20890
13943 20890
13547 20890
13681 20890
11548 20890
11682 20890
11286 20890
11024 20890
2084 20890
481 20890
85 20890
23175 20890
219 20890
22913 20890
23047 20890
22651 20890
21048 20890
20652 20890
11712 20890
11316 20890
11450 20890
11054 20890
511 20890
115 20890
249 20890
22943 20890
23077 20890
20944 20890
21078 20890
20682 20890
20420 20890
11480 20890
9481 20890
9615 20890
9219 20890
279 20890
17 20890
21108 20890
20712 20890
20846 20890
20450 20890
9511 20890
9645 20890
9249 20890
9383 20890
8987 20890
6988 20890
20876 20890
18877 20890
18481 20890
19011 20890
18615 20890
9675 20890
9279 20890
9413 20890
7280 20890
7414 20890
7018 20890
6756 20890
18907 20890
19041 20890
18645 20890
18383 20890
16384 20890
7444 20890
7048 20890
7182 20890
6786 20890
19071 20890
18675 20890
18809 20890
16676 20890
16810 20890
16414 20890
7474 20890
16152 20890
7212 20890
5213 20890
5347 20890
4951 20890
27779 20890
25780 20890
16840 20890
16444 20890
16578 20890
16182 20890
5639 20890
5243 20890
5377 20890
4981 20890
4719 20890
26072 20890
2720 20890
26206 20890
25810 20890
16870 20890
25548 20890
16608 20890
16212 20890
14609 20890
14347 20890
5407 20890
5011 20890
5145 20890
3012 20890
26498 20890
3146 20890
2750 20890
26236 20890
25840 20890
25974 20890
25578 20890
16638 20890
14639 20890
14773 20890
14377 20890
14115 20890
12116 20890
3176 20890
2780 20890
26266 20890
2914 20890
2518 20890
26004 20890
25608 20890
24005 20890
23609 20890
23743 20890
14803 20890
14407 20890
14541 20890
12408 20890
12542 20890
12146 20890
3206 20890
11884 20890
2944 20890
2548 20890
26034 20890
3078 20890
945 20890
24035 20890
683 20890
24169 20890
23773 20890
14833 20890
23511 20890
12834 20890
21512 20890
12572 20890
12176 20890
12310 20890
11914 20890
1371 20890
975 20890
1109 20890
713 20890
24199 20890
23803 20890
451 20890
23937 20890
23541 20890
21804 20890
21938 20890
21542 20890
12602 20890
21280 20890
12340 20890
11944 20890
10341 20890
10079 20890
1139 20890
743 20890
877 20890
22230 20890
21968 20890
21572 20890
21706 20890
21310 20890
12370 20890
10767 20890
10371 20890
10505 20890
10109 20890
1169 20890
9847 20890
7848 20890
21998 20890
21736 20890
21340 20890
19737 20890
19475 20890
10535 20890
10139 20890
10273 20890
8140 20890
8274 20890
7878 20890
21766 20890
19767 20890
19901 20890
19505 20890
10565 20890
19243 20890
8566 20890
17244 20890
8304 20890
7908 20890
8042 20890
7646 20890
19931 20890
19535 20890
19669 20890
19273 20890
17536 20890
17670 20890
17274 20890
8334 20890
17012 20890
8072 20890
7676 20890
6073 20890
5811 20890
19961 20890
19699 20890
17962 20890
26640 20890
17700 20890
17304 20890
17438 20890
17042 20890
8102 20890
6499 20890
6103 20890
6237 20890
5841 20890
5579 20890
26932 20890
3580 20890
27066 20890
26670 20890
17730 20890
17468 20890
17072 20890
15469 20890
6529 20890
15207 20890
6267 20890
5871 20890
6005 20890
5609 20890
3872 20890
27358 20890
4006 20890
3610 20890
27096 20890
26700 20890
26834 20890
26438 20890
17498 20890
15895 20890
15499 20890
15633 20890
15237 20890
6297 20890
14975 20890
6035 20890
4298 20890
12976 20890
4036 20890
3640 20890
27126 20890
3774 20890
26864 20890
26468 20890
26602 20890
24865 20890
15925 20890
24603 20890
15663 20890
15267 20890
15401 20890
15005 20890
13268 20890
13402 20890
13006 20890
4066 20890
3804 20890
26894 20890
1805 20890
24895 20890
1543 20890
25029 20890
24633 20890
15693 20890
24371 20890
15431 20890
13694 20890
22372 20890
13432 20890
13036 20890
13170 20890
12774 20890
3834 20890
2231 20890
1835 20890
1969 20890
1573 20890
25059 20890
24663 20890
1311 20890
24797 20890
24401 20890
22798 20890
22402 20890
13462 20890
13200 20890
12804 20890
12938 20890
11201 20890
2261 20890
10939 20890
1999 20890
1603 20890
25089 20890
1737 20890
1341 20890
24827 20890
23090 20890
22828 20890
22432 20890
22566 20890
22170 20890
13230 20890
11627 20890
11231 20890
11365 20890
10969 20890
2029 20890
10707 20890
1767 20890
30 20890
22858 20890
22596 20890
22200 20890
22334 20890
20597 20890
11657 20890
20335 20890
11395 20890
10999 20890
11133 20890
10737 20890
9134 20890
8738 20890
22626 20890
21023 20890
20627 20890
20761 20890
20365 20890
11425 20890
11163 20890
9426 20890
9164 20890
8768 20890
8902 20890
21053 20890
20791 20890
20395 20890
20529 20890
20133 20890
18530 20890
18134 20890
9194 20890
8798 20890
8932 20890
8670 20890
6933 20890
6671 20890
20821 20890
20559 20890
18560 20890
18164 20890
18298 20890
8962 20890
9096 20890
7359 20890
6963 20890
7097 20890
6701 20890
27530 20890
18590 20890
18194 20890
18328 20890
17932 20890
18066 20890
16329 20890
7389 20890
7127 20890
6731 20890
6865 20890
6469 20890
27822 20890
4866 20890
27560 20890
27694 20890
27298 20890
18358 20890
18492 20890
16755 20890
16359 20890
16493 20890
16097 20890
7157 20890
6895 20890
4896 20890
4500 20890
27590 20890
4634 20890
27724 20890
27328 20890
16785 20890
16523 20890
16127 20890
16261 20890
15865 20890
14262 20890
13866 20890
4926 20890
4530 20890
5060 20890
4664 20890
27754 20890
4402 20890
2665 20890
25755 20890
25889 20890
25493 20890
16553 20890
16157 20890
16291 20890
14158 20890
14292 20890
13896 20890
14030 20890
5090 20890
4694 20890
4828 20890
3091 20890
2695 20890
26181 20890
2829 20890
2433 20890
25919 20890
25523 20890
25657 20890
25261 20890
23658 20890
23262 20890
14322 20890
13926 20890
14060 20890
3121 20890
2859 20890
2463 20890
25949 20890
25553 20890
2597 20890
2201 20890
25687 20890
23554 20890
598 20890
23688 20890
23292 20890
23426 20890
14090 20890
14224 20890
12091 20890
12225 20890
11829 20890
2889 20890
2493 20890
2627 20890
494 20890
1024 20890
628 20890
23718 20890
23322 20890
366 20890
23456 20890
23060 20890
12517 20890
12255 20890
11859 20890
11993 20890
11597 20890
9994 20890
658 20890
792 20890
396 20890
23486 20890
23620 20890
21487 20890
21621 20890
21225 20890
12285 20890
11889 20890
12023 20890
9890 20890
10024 20890
9628 20890
822 20890
426 20890
560 20890
21913 20890
21517 20890
21651 20890
21255 20890
21389 20890
20993 20890
18994 20890
10054 20890
9658 20890
10188 20890
9792 20890
852 20890
21681 20890
21285 20890
21419 20890
19286 20890
19420 20890
19024 20890
10218 20890
9822 20890
9956 20890
7823 20890
7957 20890
7561 20890
19450 20890
19054 20890
19188 20890
8249 20890
7853 20890
7987 20890
7591 20890
7725 20890
7329 20890
19218 20890
19352 20890
17219 20890
17353 20890
16957 20890
8017 20890
7621 20890
7755 20890
5622 20890
6152 20890
5756 20890
19248 20890
17645 20890
17249 20890
17383 20890
16987 20890
16725 20890
5786 20890
5920 20890
5524 20890
26615 20890
26749 20890
26353 20890
17413 20890
17017 20890
17151 20890
15018 20890
15152 20890
14756 20890
5950 20890
5554 20890
5688 20890
3555 20890
27041 20890
26645 20890
3689 20890
3293 20890
26779 20890
26383 20890
26121 20890
24122 20890
15182 20890
14786 20890
15316 20890
14920 20890
5980 20890
5584 20890
3981 20890
3585 20890
3719 20890
3323 20890
26809 20890
26413 20890
3061 20890
26547 20890
26151 20890
24414 20890
24548 20890
24152 20890
15212 20890
15346 20890
14950 20890
15084 20890
12951 20890
13085 20890
12689 20890
3749 20890
3353 20890
3487 20890
1354 20890
1488 20890
24578 20890
24182 20890
24316 20890
14980 20890
13377 20890
12981 20890
13115 20890
12719 20890
12457 20890
1914 20890
1518 20890
24608 20890
1652 20890
1256 20890
24346 20890
22347 20890
22085 20890
13145 20890
12749 20890
12883 20890
12487 20890
10750 20890
10884 20890
1944 20890
1548 20890
1682 20890
1286 20890
24376 20890
1420 20890
22773 20890
22377 20890
22511 20890
22115 20890
21853 20890
11176 20890
10914 20890
11048 20890
10652 20890
1712 20890
1316 20890
22541 20890
22145 20890
22279 20890
21883 20890
20146 20890
20280 20890
19884 20890
10944 20890
11078 20890
10682 20890
8683 20890
8421 20890
22571 20890
22309 20890
20572 20890
20310 20890
19914 20890
20444 20890
20048 20890
11108 20890
10712 20890
9109 20890
8713 20890
8847 20890
8451 20890
8189 20890
20340 20890
20474 20890
20078 20890
18079 20890
17817 20890
8877 20890
8481 20890
8615 20890
8219 20890
6482 20890
6616 20890
20504 20890
20108 20890
18505 20890
18109 20890
18243 20890
17847 20890
8907 20890
17585 20890
8645 20890
6908 20890
7042 20890
6646 20890
6780 20890
6384 20890
27475 20890
18535 20890
27213 20890
18273 20890
17877 20890
18011 20890
17615 20890
15878 20890
16012 20890
7072 20890
6676 20890
6810 20890
6414 20890
4415 20890
27505 20890
4153 20890
27639 20890
27243 20890
18303 20890
26981 20890
18041 20890
16304 20890
16042 20890
15780 20890
6840 20890
6444 20890
4841 20890
4445 20890
4579 20890
4183 20890
27669 20890
27273 20890
27407 20890
27011 20890
25408 20890
16072 20890
16206 20890
15810 20890
15548 20890
13811 20890
4871 20890
13549 20890
4609 20890
4213 20890
27699 20890
4347 20890
3951 20890
27437 20890
2348 20890
25438 20890
25042 20890
25176 20890
16236 20890
15840 20890
15974 20890
14237 20890
13841 20890
13975 20890
13579 20890
4639 20890
13317 20890
4377 20890
2640 20890
2774 20890
2378 20890
25468 20890
2116 20890
25602 20890
25206 20890
16266 20890
24944 20890
23207 20890
14267 20890
22945 20890
14005 20890
13609 20890
13743 20890
13347 20890
11744 20890
2804 20890
2408 20890
2542 20890
2146 20890
25632 20890
25236 20890
1884 20890
25370 20890
147 20890
23633 20890
23237 20890
23371 20890
22975 20890
14035 20890
22713 20890
13773 20890
12170 20890
11774 20890
11512 20890
2572 20890
2176 20890
2310 20890
573 20890
177 20890
23663 20890
311 20890
23401 20890
23005 20890
23139 20890
22743 20890
21140 20890
12200 20890
11804 20890
11938 20890
11542 20890
2602 20890
11280 20890
9543 20890
603 20890
9281 20890
341 20890
23431 20890
79 20890
23169 20890
21170 20890
20908 20890
11968 20890
11572 20890
11706 20890
9969 20890
9573 20890
9707 20890
9311 20890
371 20890
109 20890
21200 20890
21334 20890
20938 20890
11998 20890
20676 20890
9999 20890
18677 20890
9737 20890
9341 20890
9475 20890
9079 20890
7476 20890
21364 20890
20968 20890
21102 20890
19365 20890
18969 20890
19103 20890
18707 20890
9767 20890
9505 20890
7902 20890
7506 20890
7244 20890
21394 20890
19395 20890
19133 20890
18737 20890
18871 20890
18475 20890
16872 20890
7932 20890
7536 20890
7670 20890
7274 20890
7012 20890
5275 20890
5013 20890
19163 20890
18901 20890
17298 20890
16902 20890
7962 20890
16640 20890
7700 20890
7304 20890
7438 20890
5701 20890
5305 20890
5439 20890
5043 20890
26268 20890
17328 20890
16932 20890
17066 20890
16670 20890
7730 20890
16408 20890
5731 20890
14409 20890
5469 20890
5073 20890
5207 20890
3208 20890
26298 20890
26036 20890
17096 20890
16700 20890
16834 20890
14701 20890
14835 20890
14439 20890
5499 20890
5237 20890
3634 20890
3238 20890
26328 20890
2976 20890
26462 20890
26066 20890
17126 20890
15127 20890
14865 20890
14469 20890
14603 20890
14207 20890
12604 20890
3664 20890
3268 20890
3402 20890
3006 20890
26492 20890
26096 20890
2744 20890
26230 20890
24097 20890
24231 20890
23835 20890
14895 20890
14633 20890
13030 20890
12634 20890
3694 20890
12372 20890
3432 20890
3036 20890
26522 20890
3170 20890
1037 20890
24523 20890
1171 20890
24261 20890
23865 20890
23999 20890
23603 20890
13060 20890
12664 20890
12798 20890
12402 20890
3462 20890
1463 20890
1201 20890
805 20890
24291 20890
23895 20890
939 20890
24029 20890
21896 20890
22030 20890
13090 20890
21768 20890
12828 20890
12432 20890
12566 20890
10433 20890
10567 20890
10171 20890
1231 20890
1365 20890
969 20890
22456 20890
22060 20890
22194 20890
21798 20890
12858 20890
10859 20890
10597 20890
10201 20890
10335 20890
1395 20890
22224 20890
21828 20890
21962 20890
19829 20890
19963 20890
19567 20890
10627 20890
10231 20890
10365 20890
8762 20890
8366 20890
8104 20890
22254 20890
20255 20890
19993 20890
19597 20890
19731 20890
19335 20890
8792 20890
8396 20890
8530 20890
8134 20890
20023 20890
19627 20890
19761 20890
17762 20890
8822 20890
8560 20890
8164 20890
8298 20890
6165 20890
6299 20890
18188 20890
17792 20890
17926 20890
17530 20890
8590 20890
6591 20890
6195 20890
6329 20890
5933 20890
6067 20890
27024 20890
27158 20890
18218 20890
17956 20890
17560 20890
17694 20890
15561 20890
15695 20890
15299 20890
6359 20890
5963 20890
6493 20890
6097 20890
4098 20890
27584 20890
27188 20890
27322 20890
26926 20890
17986 20890
17590 20890
15987 20890
15591 20890
15725 20890
15329 20890
15463 20890
6523 20890
4524 20890
4128 20890
27614 20890
4262 20890
3866 20890
27352 20890
26956 20890
27090 20890
24957 20890
25091 20890
24695 20890
15755 20890
15359 20890
15493 20890
13494 20890
4554 20890
4292 20890
3896 20890
27382 20890
26986 20890
4030 20890
1897 20890
25383 20890
24987 20890
2031 20890
25121 20890
24725 20890
24463 20890
15523 20890
13920 20890
13524 20890
13658 20890
13262 20890
4322 20890
3926 20890
2323 20890
1927 20890
2061 20890
25151 20890
24755 20890
24889 20890
24493 20890
22890 20890
13950 20890
13554 20890
13688 20890
13292 20890
13426 20890
11293 20890
11427 20890
2091 20890
2225 20890
1829 20890
24919 20890
23316 20890
22920 20890
23054 20890
22658 20890
13718 20890
13322 20890
11719 20890
11323 20890
11457 20890
11061 20890
2255 20890
256 20890
23346 20890
22950 20890
23084 20890
22688 20890
22822 20890
22426 20890
20689 20890
20427 20890
11487 20890
11091 20890
11621 20890
11225 20890
9226 20890
286 20890
24 20890
23114 20890
22718 20890
21115 20890
20719 20890
20853 20890
20457 20890
11651 20890
11255 20890
9652 20890
9256 20890
9390 20890
8994 20890
54 20890
20883 20890
20487 20890
20621 20890
18622 20890
9682 20890
9286 20890
9420 20890
9024 20890
9158 20890
7025 20890
20913 20890
20651 20890
18914 20890
19048 20890
18652 20890
18786 20890
18390 20890
9450 20890
9054 20890
7451 20890
7055 20890
7189 20890
19078 20890
18682 20890
18816 20890
18420 20890
18158 20890
16421 20890
7219 20890
7353 20890
6957 20890
4958 20890
27786 20890
18846 20890
18450 20890
18584 20890
16847 20890
16451 20890
16585 20890
16189 20890
7249 20890
7383 20890
6987 20890
5250 20890
5384 20890
4988 20890
5122 20890
4726 20890
27816 20890
27554 20890
25817 20890
25555 20890
16615 20890
16219 20890
16749 20890
16353 20890
7413 20890
14354 20890
5414 20890
5018 20890
5152 20890
4756 20890
4494 20890
26243 20890
25847 20890
25981 20890
25585 20890
16645 20890
16779 20890
16383 20890
14780 20890
14384 20890
14122 20890
5182 20890
4786 20890
4920 20890
3183 20890
2787 20890
26273 20890
3317 20890
2921 20890
26011 20890
25615 20890
25749 20890
23750 20890
14810 20890
14414 20890
14548 20890
14152 20890
13890 20890
12153 20890
3347 20890
2951 20890
26041 20890
3085 20890
2689 20890
25779 20890
690 20890
24176 20890
23780 20890
23518 20890
14578 20890
14182 20890
14316 20890
12579 20890
12183 20890
12317 20890
3377 20890
2981 20890
3115 20890
2719 20890
1116 20890
720 20890
24206 20890
23810 20890
458 20890
23944 20890
23548 20890
14608 20890
23286 20890
12609 20890
12347 20890
12481 20890
12085 20890
3145 20890
10086 20890
1146 20890
750 20890
884 20890
488 20890
23974 20890
23578 20890
226 20890
23712 20890
21975 20890
21579 20890
21713 20890
21317 20890
12377 20890
12511 20890
12115 20890
10512 20890
10116 20890
9854 20890
914 20890
518 20890
24004 20890
652 20890
22005 20890
21743 20890
21347 20890
21481 20890
12541 20890
19482 20890
10542 20890
10146 20890
10280 20890
9884 20890
944 20890
9622 20890
21773 20890
21907 20890
21511 20890
19908 20890
19512 20890
19250 20890
10310 20890
9914 20890
10048 20890
8311 20890
7915 20890
8445 20890
8049 20890
19938 20890
19542 20890
19676 20890
19280 20890
10340 20890
19018 20890
8341 20890
8475 20890
8079 20890
7817 20890
5818 20890
19968 20890
19706 20890
19310 20890
19444 20890
17311 20890
17445 20890
8505 20890
8109 20890
8243 20890
7847 20890
6244 20890
5848 20890
5586 20890
19736 20890
17737 20890
17475 20890
17213 20890
8273 20890
15214 20890
6274 20890
5878 20890
6012 20890
5616 20890
5354 20890
26707 20890
26841 20890
26445 20890
17505 20890
17639 20890
17243 20890
15640 20890
15244 20890
6304 20890
14982 20890
6042 20890
5646 20890
5780 20890
27133 20890
3781 20890
26871 20890
26475 20890
26609 20890
17669 20890
15670 20890
15274 20890
15408 20890
15012 20890
6072 20890
14750 20890
4073 20890
4207 20890
3811 20890
26901 20890
3549 20890
27035 20890
26639 20890
1550 20890
24640 20890
15700 20890
24378 20890
15438 20890
15042 20890
15176 20890
13043 20890
13177 20890
4237 20890
3841 20890
3975 20890
3579 20890
1976 20890
1580 20890
25066 20890
24670 20890
1318 20890
24804 20890
24408 20890
15468 20890
24146 20890
13469 20890
13603 20890
13207 20890
12945 20890
4005 20890
2006 20890
1610 20890
25096 20890
1744 20890
1348 20890
24834 20890
24438 20890
24572 20890
22439 20890
22573 20890
13633 20890
13237 20890
13371 20890
12975 20890
10976 20890
2036 20890
10714 20890
1774 20890
1378 20890
24864 20890
1512 20890
22865 20890
22603 20890
22341 20890
13401 20890
11402 20890
11006 20890
11140 20890
10744 20890
1804 20890
10482 20890
22633 20890
22767 20890
22371 20890
20372 20890
11432 20890
20110 20890
11170 20890
10774 20890
10908 20890
8909 20890
22797 20890
20798 20890
20402 20890
20536 20890
20140 20890
11200 20890
9201 20890
9335 20890
8939 20890
8677 20890
20828 20890
20566 20890
20170 20890
20304 20890
18171 20890
18305 20890
9365 20890
8969 20890
9103 20890
8707 20890
6708 20890
6446 20890
20596 20890
18597 20890
18731 20890
18335 20890
9395 20890
18073 20890
9133 20890
7134 20890
6738 20890
6872 20890
6476 20890
27567 20890
27701 20890
18761 20890
18365 20890
18499 20890
18103 20890
16104 20890
7164 20890
6902 20890
6506 20890
6640 20890
27597 20890
4641 20890
27731 20890
27469 20890
18529 20890
18133 20890
16530 20890
16134 20890
16268 20890
15872 20890
6932 20890
4933 20890
5067 20890
4671 20890
27761 20890
4409 20890
27499 20890
25500 20890
16560 20890
16298 20890
15902 20890
16036 20890
5359 20890
14037 20890
5097 20890
4701 20890
4835 20890
4439 20890
27529 20890
2440 20890
25926 20890
25530 20890
25664 20890
25268 20890
16328 20890
15932 20890
14329 20890
14463 20890
14067 20890
5127 20890
13805 20890
4865 20890
4469 20890
2866 20890
2470 20890
25956 20890
2604 20890
2208 20890
25694 20890
25298 20890
25432 20890
25036 20890
23299 20890
23433 20890
14493 20890
14097 20890
14231 20890
13835 20890
11836 20890
2896 20890
2634 20890
2238 20890
25724 20890
25328 20890
2372 20890
23725 20890
23329 20890
373 20890
23859 20890
23463 20890
14523 20890
14261 20890
13865 20890
12262 20890
11866 20890
12000 20890
11604 20890
2664 20890
2268 20890
2798 20890
665 20890
799 20890
403 20890
23889 20890
23493 20890
141 20890
23627 20890
23231 20890
14291 20890
21232 20890
12292 20890
12030 20890
11634 20890
11768 20890
1091 20890
9769 20890
829 20890
433 20890
567 20890
171 20890
23657 20890
23261 20890
21658 20890
21262 20890
21396 20890
21000 20890
12060 20890
11664 20890
10061 20890
10195 20890
9799 20890
859 20890
597 20890
201 20890
23687 20890
21688 20890
21292 20890
21426 20890
21030 20890
21164 20890
20768 20890
10487 20890
19165 20890
10225 20890
9829 20890
9963 20890
9567 20890
627 20890
7568 20890
21456 20890
21060 20890
21194 20890
19457 20890
19591 20890
19195 20890
10255 20890
9993 20890
9597 20890
7994 20890
7598 20890
7732 20890
7336 20890
19621 20890
19225 20890
19359 20890
18963 20890
10023 20890
16964 20890
8024 20890
7628 20890
7762 20890
7366 20890
7500 20890
5501 20890
19651 20890
19389 20890
18993 20890
17390 20890
16994 20890
17128 20890
16732 20890
7792 20890
7396 20890
7926 20890
7530 20890
5793 20890
5927 20890
5531 20890
19419 20890
26360 20890
17420 20890
17024 20890
17158 20890
16762 20890
6219 20890
5957 20890
5561 20890
5695 20890
5299 20890
3300 20890
26786 20890
26390 20890
26524 20890
26128 20890
17188 20890
16792 20890
16926 20890
15189 20890
15323 20890
14927 20890
5987 20890
5725 20890
5329 20890
3726 20890
3330 20890
26816 20890
26420 20890
3464 20890
26554 20890
26158 20890
25896 20890
15615 20890
15353 20890
14957 20890
15091 20890
14695 20890
5755 20890
12696 20890
3756 20890
3360 20890
3494 20890
26584 20890
26188 20890
26322 20890
24719 20890
24323 20890
15383 20890
14987 20890
15121 20890
14725 20890
14859 20890
13122 20890
12726 20890
12860 20890
12464 20890
3524 20890
3658 20890
3262 20890
1525 20890
1659 20890
1263 20890
24749 20890
24353 20890
24487 20890
24091 20890
15151 20890
22092 20890
13152 20890
12756 20890
12890 20890
12494 20890
3688 20890
1951 20890
1689 20890
1293 20890
24779 20890
24383 20890
1427 20890
1031 20890
24517 20890
24121 20890
22518 20890
22122 20890
21860 20890
12920 20890
12524 20890
13054 20890
12658 20890
11055 20890
10659 20890
1719 20890
1323 20890
1457 20890
1061 20890
24547 20890
22548 20890
22152 20890
22286 20890
21890 20890
11347 20890
10951 20890
11085 20890
10689 20890
10823 20890
10427 20890
1487 20890
8428 20890
22316 20890
21920 20890
22054 20890
20451 20890
20055 20890
11115 20890
10719 20890
10853 20890
10457 20890
8854 20890
8458 20890
22346 20890
20347 20890
20481 20890
20085 20890
20219 20890
19823 20890
10883 20890
8884 20890
8488 20890
8622 20890
20511 20890
20115 20890
20249 20890
19853 20890
18250 20890
17854 20890
17592 20890
8652 20890
8786 20890
8390 20890
6787 20890
6391 20890
20279 20890
18280 20890
17884 20890
18018 20890
17622 20890
8682 20890
8816 20890
6683 20890
6817 20890
6421 20890
6159 20890
27250 20890
18310 20890
26988 20890
18048 20890
17652 20890
18182 20890
17786 20890
16183 20890
15787 20890
6847 20890
6451 20890
6585 20890
6189 20890
4586 20890
4190 20890
27676 20890
27280 20890
27414 20890
27018 20890
18078 20890
18212 20890
16079 20890
16213 20890
15817 20890
15555 20890
6615 20890
4616 20890
4220 20890
27706 20890
4750 20890
4354 20890
27444 20890
27048 20890
27182 20890
25183 20890
16243 20890
15847 20890
15981 20890
15585 20890
13586 20890
4646 20890
4780 20890
4384 20890
27474 20890
4518 20890
4122 20890
25475 20890
2519 20890
2123 20890
25609 20890
25213 20890
24951 20890
16011 20890
14012 20890
13616 20890
13750 20890
4414 20890
4548 20890
2415 20890
2549 20890
2153 20890
25639 20890
25243 20890
1891 20890
25377 20890
24981 20890
22982 20890
14042 20890
13780 20890
13914 20890
13518 20890
11519 20890
2579 20890
2183 20890
25669 20890
2317 20890
1921 20890
25407 20890
23408 20890
23012 20890
23146 20890
22750 20890
13810 20890
13944 20890
11811 20890
11945 20890
11549 20890
11287 20890
2347 20890
348 20890
23438 20890
482 20890
86 20890
23176 20890
22780 20890
22914 20890
20915 20890
11975 20890
11579 20890
11713 20890
11317 20890
9318 20890
378 20890
512 20890
116 20890
23206 20890
23340 20890
21207 20890
21341 20890
20945 20890
12005 20890
20683 20890
11743 20890
9744 20890
9348 20890
9878 20890
9482 20890
542 20890
146 20890
280 20890
21371 20890
20975 20890
21109 20890
20713 20890
18714 20890
9774 20890
9908 20890
9512 20890
9250 20890
7251 20890
21401 20890
21139 20890
20743 20890
19140 20890
18744 20890
18878 20890
9542 20890
9676 20890
7543 20890
7677 20890
7281 20890
7019 20890
21169 20890
19170 20890
18908 20890
18646 20890
16647 20890
7707 20890
7311 20890
7445 20890
7049 20890
18938 20890
19072 20890
16939 20890
17073 20890
16677 20890
7737 20890
16415 20890
7475 20890
7079 20890
5476 20890
5214 20890
17365 20890
26043 20890
17103 20890
16707 20890
16841 20890
16445 20890
7505 20890
14446 20890
5506 20890
5640 20890
5244 20890
4982 20890
26335 20890
2983 20890
26469 20890
26073 20890
17133 20890
25811 20890
16871 20890
16475 20890
14872 20890
14476 20890
14610 20890
5670 20890
5274 20890
5408 20890
3275 20890
26761 20890
3409 20890
3013 20890
26499 20890
26103 20890
2751 20890
26237 20890
25841 20890
16901 20890
23842 20890
14902 20890
15036 20890
14640 20890
5700 20890
14378 20890
3701 20890
12379 20890
3439 20890
3043 20890
26529 20890
3177 20890
2781 20890
26267 20890
25871 20890
24268 20890
23872 20890
24006 20890
14670 20890
14804 20890
14408 20890
12671 20890
12805 20890
12409 20890
3469 20890
12147 20890
3207 20890
2811 20890
26297 20890
1208 20890
24298 20890
946 20890
24036 20890
23774 20890
13097 20890
21775 20890
12835 20890
12439 20890
12573 20890
12177 20890
3237 20890
1634 20890
1238 20890
1372 20890
976 20890
24066 20890
23670 20890
714 20890
24200 20890
23804 20890
22067 20890
22201 20890
21805 20890
12865 20890
21543 20890
12603 20890
12207 20890
10604 20890
10342 20890
1402 20890
1006 20890
1140 20890
24230 20890
22493 20890
22231 20890
21835 20890
21969 20890
21573 20890
12633 20890
19574 20890
10634 20890
10768 20890
10372 20890
1432 20890
10110 20890
8111 20890
22261 20890
21999 20890
21603 20890
20000 20890
19604 20890
19738 20890
10798 20890
10402 20890
10536 20890
10140 20890
8403 20890
8537 20890
8141 20890
7879 20890
22029 20890
20030 20890
19634 20890
20164 20890
19768 20890
10828 20890
19506 20890
10566 20890
8829 20890
17507 20890
8567 20890
8171 20890
8305 20890
7909 20890
19798 20890
19932 20890
19536 20890
17799 20890
17933 20890
17537 20890
8597 20890
8335 20890
7939 20890
6336 20890
6074 20890
19962 20890
18225 20890
17963 20890
17567 20890
17701 20890
17305 20890
8365 20890
6762 20890
6366 20890
6500 20890
6104 20890
5842 20890
3843 20890
27329 20890
26933 20890
17993 20890
17731 20890
17335 20890
17469 20890
15732 20890
15470 20890
6530 20890
6134 20890
6268 20890
5872 20890
4135 20890
4269 20890
3873 20890
27359 20890
26963 20890
27097 20890
26701 20890
17761 20890
24702 20890
15762 20890
15896 20890
15500 20890
6560 20890
15238 20890
6298 20890
4561 20890
4299 20890
3903 20890
27389 20890
26993 20890
4037 20890
3641 20890
27127 20890
26731 20890
26865 20890
25128 20890
24732 20890
24866 20890
15926 20890
15530 20890
15664 20890
15268 20890
13665 20890
13269 20890
4329 20890
4067 20890
3671 20890
27157 20890
3805 20890
2068 20890
25158 20890
24762 20890
1806 20890
25292 20890
24896 20890
15956 20890
15694 20890
13957 20890
13695 20890
13299 20890
13433 20890
13037 20890
4097 20890
2494 20890
2098 20890
2232 20890
1836 20890
25322 20890
24926 20890
25060 20890
24664 20890
23061 20890
22665 20890
13725 20890
13329 20890
13463 20890
13067 20890
13201 20890
11464 20890
2524 20890
11202 20890
2262 20890
1866 20890
2000 20890
1604 20890
25090 20890
1 20890
23091 20890
22695 20890
22829 20890
22433 20890
13493 20890
11890 20890
11494 20890
11628 20890
11232 20890
2292 20890
2030 20890
293 20890
31 20890
23121 20890
22725 20890
22859 20890
22463 20890
22597 20890
20860 20890
11658 20890
11262 20890
11396 20890
11000 20890
9397 20890
9001 20890
61 20890
22889 20890
21024 20890
20628 20890
11688 20890
11426 20890
9427 20890
9031 20890
9165 20890
8769 20890
21054 20890
20658 20890
20792 20890
20396 20890
18793 20890
18397 20890
9457 20890
9061 20890
9195 20890
8799 20890
7196 20890
21084 20890
20688 20890
20822 20890
18689 20890
18823 20890
18427 20890
18561 20890
18165 20890
9225 20890
9359 20890
7622 20890
7226 20890
7360 20890
6964 20890
27793 20890
18853 20890
18457 20890
18591 20890
18195 20890
7652 20890
7390 20890
6994 20890
7128 20890
6732 20890
5129 20890
4733 20890
27823 20890
27561 20890
18621 20890
16622 20890
16756 20890
16360 20890
7420 20890
7024 20890
7158 20890
5025 20890
5159 20890
4763 20890
4897 20890
27591 20890
16786 20890
16390 20890
16524 20890
16128 20890
14525 20890
14129 20890
5189 20890
4793 20890
4927 20890
27621 20890
26018 20890
26152 20890
25756 20890
16816 20890
16420 20890
16554 20890
14421 20890
14555 20890
14159 20890
13897 20890
4957 20890
5091 20890
2958 20890
26048 20890
3092 20890
2696 20890
26182 20890
25786 20890
25920 20890
25524 20890
23525 20890
14585 20890
14189 20890
14323 20890
13927 20890
3384 20890
2988 20890
3122 20890
2726 20890
26212 20890
25816 20890
2860 20890
2464 20890
25950 20890
23817 20890
861 20890
23951 20890
23555 20890
23293 20890
14353 20890
14487 20890
12354 20890
12488 20890
12092 20890
3152 20890
2756 20890
2890 20890
757 20890
891 20890
495 20890
23981 20890
23585 20890
23719 20890
23323 20890
12780 20890
12384 20890
12518 20890
12122 20890
12256 20890
11860 20890
9861 20890
921 20890
525 20890
1055 20890
659 20890
23749 20890
23353 20890
21750 20890
21884 20890
21488 20890
12548 20890
12152 20890
12286 20890
10153 20890
10287 20890
9891 20890
1085 20890
689 20890
23779 20890
823 20890
21780 20890
21914 20890
21518 20890
21256 20890
19257 20890
10317 20890
9921 20890
10055 20890
21944 20890
21548 20890
21682 20890
19549 20890
19683 20890
19287 20890
19025 20890
10085 20890
10219 20890
8086 20890
8220 20890
7824 20890
19713 20890
19317 20890
19451 20890
19055 20890
10115 20890
8512 20890
8116 20890
8250 20890
7854 20890
7592 20890
19743 20890
19481 20890
19085 20890
19615 20890
17482 20890
17616 20890
17220 20890
8280 20890
7884 20890
8018 20890
5885 20890
6019 20890
5623 20890
19511 20890
17908 20890
17512 20890
17646 20890
17250 20890
16988 20890
14989 20890
6049 20890
5653 20890
6183 20890
5787 20890
26878 20890
26616 20890
17676 20890
17280 20890
17414 20890
17018 20890
15281 20890
15415 20890
15019 20890
6079 20890
6213 20890
5817 20890
5951 20890
3818 20890
26908 20890
3556 20890
27042 20890
26646 20890
26384 20890
15707 20890
24385 20890
15445 20890
15049 20890
15183 20890
5847 20890
4244 20890
3848 20890
3982 20890
3586 20890
27072 20890
26676 20890
3324 20890
26810 20890
26414 20890
24677 20890
24811 20890
24415 20890
15475 20890
24153 20890
15213 20890
13214 20890
12952 20890
4012 20890
3616 20890
27102 20890
3750 20890
3354 20890
26840 20890
1617 20890
25103 20890
1751 20890
24841 20890
24445 20890
24579 20890
24183 20890
15243 20890
13640 20890
13244 20890
13378 20890
12982 20890
4042 20890
12720 20890
2043 20890
1781 20890
24871 20890
1915 20890
1519 20890
24609 20890
24213 20890
22610 20890
22348 20890
13408 20890
13012 20890
13146 20890
12750 20890
11013 20890
11147 20890
10751 20890
1811 20890
1945 20890
1549 20890
24639 20890
23036 20890
22640 20890
22774 20890
22378 20890
13438 20890
22116 20890
13176 20890
11439 20890
20117 20890
11177 20890
10781 20890
10915 20890
1975 20890
1579 20890
23066 20890
22804 20890
22408 20890
22542 20890
22146 20890
20409 20890
20543 20890
20147 20890
11207 20890
11341 20890
10945 20890
8946 20890
8684 20890
22834 20890
22572 20890
20835 20890
20573 20890
20177 20890
20311 20890
10975 20890
9372 20890
8976 20890
9110 20890
8714 20890
8452 20890
20603 20890
20341 20890
20079 20890
18342 20890
9402 20890
18080 20890
9140 20890
8744 20890
8878 20890
8482 20890
6745 20890
6879 20890
20371 20890
20505 20890
18768 20890
18372 20890
18506 20890
18110 20890
9170 20890
17848 20890
8908 20890
7171 20890
6909 20890
6647 20890
27738 20890
18798 20890
27476 20890
18536 20890
18140 20890
18274 20890
17878 20890
16275 20890
15879 20890
6939 20890
7073 20890
6677 20890
6415 20890
4678 20890
27768 20890
4416 20890
27506 20890
18566 20890
27244 20890
18304 20890
25245 20890
16305 20890
15909 20890
16043 20890
7103 20890
6707 20890
6841 20890
5104 20890
4708 20890
4842 20890
4446 20890
27536 20890
4184 20890
27670 20890
27274 20890
25671 20890
25275 20890
16335 20890
16469 20890
16073 20890
7133 20890
15811 20890
14074 20890
5134 20890
13812 20890
4872 20890
4476 20890
4610 20890
4214 20890
27700 20890
2611 20890
25701 20890
25305 20890
25439 20890
16103 20890
16237 20890
14500 20890
14104 20890
14238 20890
13842 20890
4902 20890
13580 20890
4640 20890
3037 20890
2641 20890
25731 20890
2379 20890
25469 20890
25207 20890
14530 20890
23208 20890
14268 20890
13872 20890
14006 20890
13610 20890
12007 20890
3067 20890
2671 20890
2805 20890
2409 20890
25499 20890
2147 20890
25633 20890
410 20890
23896 20890
23500 20890
148 20890
23634 20890
23238 20890
14298 20890
14036 20890
12037 20890
11775 20890
2835 20890
2439 20890
2573 20890
836 20890
440 20890
23926 20890
574 20890
178 20890
23664 20890
23268 20890
23402 20890
23006 20890
21403 20890
21007 20890
12067 20890
12201 20890
11805 20890
2865 20890
11543 20890
866 20890
9544 20890
604 20890
208 20890
23694 20890
342 20890
23432 20890
21433 20890
21037 20890
21171 20890
12231 20890
11835 20890
11969 20890
10232 20890
9836 20890
9970 20890
9574 20890
634 20890
372 20890
21463 20890
21067 20890
21597 20890
21201 20890
12261 20890
20939 20890
10262 20890
18940 20890
10000 20890
9604 20890
9738 20890
9342 20890
7739 20890
21231 20890
21365 20890
19232 20890
19366 20890
18970 20890
10030 20890
9768 20890
8165 20890
7769 20890
7507 20890
19658 20890
19396 20890
19000 20890
19134 20890
18738 20890
17135 20890
8195 20890
7799 20890
7933 20890
7537 20890
7275 20890
19426 20890
19164 20890
17031 20890
17165 20890
16903 20890
7963 20890
7567 20890
7701 20890
5568 20890
5702 20890
5306 20890
26135 20890
17195 20890
17329 20890
16933 20890
7993 20890
5994 20890
5732 20890
5336 20890
5470 20890
5074 20890
26427 20890
3471 20890
26561 20890
26165 20890
26299 20890
17359 20890
16963 20890
17097 20890
14964 20890
15098 20890
14702 20890
5762 20890
5366 20890
5500 20890
3897 20890
3501 20890
26591 20890
26195 20890
3239 20890
26725 20890
26329 20890
17389 20890
15390 20890
15128 20890
14732 20890
14866 20890
14470 20890
3927 20890
3531 20890
3665 20890
3269 20890
26359 20890
26493 20890
24360 20890
24494 20890
24098 20890
15158 20890
14762 20890
14896 20890
12763 20890
13293 20890
12897 20890
3957 20890
12635 20890
3695 20890
3299 20890
3433 20890
1300 20890
24786 20890
24390 20890
1434 20890
1038 20890
24524 20890
24128 20890
24262 20890
23866 20890
13323 20890
12927 20890
13061 20890
12665 20890
3725 20890
1726 20890
1464 20890
1068 20890
24554 20890
24158 20890
1202 20890
24292 20890
22159 20890
22293 20890
13091 20890
12695 20890
12829 20890
10696 20890
10830 20890
10434 20890
1494 20890
1098 20890
1232 20890
22323 20890
22457 20890
22061 20890
13121 20890
11122 20890
10726 20890
10860 20890
10464 20890
10598 20890
10202 20890
22487 20890
22091 20890
22225 20890
20092 20890
20226 20890
19830 20890
10890 20890
10494 20890
10628 20890
8629 20890
22517 20890
22121 20890
20518 20890
20122 20890
20256 20890
19860 20890
19994 20890
19598 20890
9055 20890
8659 20890
8793 20890
8397 20890
20286 20890
19890 20890
20024 20890
19628 20890
17891 20890
18025 20890
9085 20890
8823 20890
8427 20890
8561 20890
6428 20890
6562 20890
6166 20890
20054 20890
18451 20890
18055 20890
18189 20890
17793 20890
8853 20890
8457 20890
6854 20890
6458 20890
6592 20890
6196 20890
27287 20890
27421 20890
18085 20890
18219 20890
17823 20890
17957 20890
15824 20890
15958 20890
15562 20890
6622 20890
6226 20890
6360 20890
4361 20890
27451 20890
27585 20890
27189 20890
18249 20890
17853 20890
16250 20890
15854 20890
15988 20890
15592 20890
15330 20890
4787 20890
4391 20890
27481 20890
4525 20890
4129 20890
27615 20890
27219 20890
27353 20890
26957 20890
25220 20890
24958 20890
16018 20890
15622 20890
15756 20890
15360 20890
13757 20890
4817 20890
4421 20890
4555 20890
4159 20890
27645 20890
27249 20890
4293 20890
2160 20890
25646 20890
25250 20890
2294 20890
1898 20890
25384 20890
24988 20890
24726 20890
15786 20890
14183 20890
13787 20890
13921 20890
13525 20890
4585 20890
4189 20890
2586 20890
2190 20890
2324 20890
1928 20890
25414 20890
25018 20890
25152 20890
24756 20890
23153 20890
14213 20890
13817 20890
13951 20890
13555 20890
11556 20890
11294 20890
2354 20890
1958 20890
25444 20890
2488 20890
2092 20890
25182 20890
23445 20890
93 20890
23579 20890
23183 20890
23317 20890
22921 20890
13981 20890
13585 20890
11982 20890
11586 20890
11720 20890
11324 20890
2122 20890
385 20890
519 20890
123 20890
23213 20890
257 20890
23347 20890
22951 20890
22689 20890
20952 20890
20690 20890
11750 20890
11354 20890
11488 20890
9489 20890
549 20890
153 20890
287 20890
23377 20890
22981 20890
23115 20890
21378 20890
20982 20890
21116 20890
20720 20890
11780 20890
20458 20890
11518 20890
9781 20890
9915 20890
9519 20890
9653 20890
9257 20890
317 20890
21146 20890
20750 20890
20884 20890
20488 20890
18885 20890
9945 20890
9549 20890
9683 20890
9287 20890
9025 20890
7288 20890
7026 20890
21176 20890
20914 20890
19311 20890
18915 20890
18653 20890
9713 20890
9317 20890
9451 20890
7714 20890
7318 20890
7452 20890
7056 20890
19341 20890
18945 20890
19079 20890
18683 20890
18421 20890
16684 20890
7744 20890
16422 20890
7482 20890
7086 20890
7616 20890
7220 20890
5221 20890
19109 20890
18713 20890
18847 20890
17110 20890
16714 20890
16848 20890
16452 20890
7512 20890
7250 20890
5647 20890
5251 20890
4989 20890
19139 20890
27817 20890
17140 20890
25818 20890
16878 20890
16482 20890
16616 20890
14617 20890
5677 20890
5281 20890
5415 20890
5019 20890
4757 20890
3020 20890
26110 20890
26244 20890
25848 20890
16908 20890
25586 20890
16646 20890
15043 20890
14647 20890
14385 20890
5445 20890
5049 20890
5183 20890
3446 20890
3050 20890
26536 20890
3184 20890
26274 20890
25878 20890
26012 20890
25616 20890
24013 20890
15073 20890
14677 20890
14811 20890
14415 20890
5475 20890
14153 20890
3476 20890
12154 20890
3214 20890
26304 20890
3348 20890
2952 20890
26042 20890
953 20890
24439 20890
24043 20890
23781 20890
14841 20890
14445 20890
14579 20890
12842 20890
12446 20890
12580 20890
12184 20890
3244 20890
3378 20890
2982 20890
1379 20890
983 20890
24469 20890
24073 20890
721 20890
24207 20890
23811 20890
14871 20890
23549 20890
12872 20890
21550 20890
12610 20890
12214 20890
12348 20890
3408 20890
10349 20890
1409 20890
1013 20890
24499 20890
1147 20890
751 20890
24237 20890
23841 20890
489 20890
23975 20890
21842 20890
21976 20890
21580 20890
12640 20890
12378 20890
10775 20890
10379 20890
1439 20890
10117 20890
1177 20890
781 20890
24267 20890
915 20890
22268 20890
22006 20890
21610 20890
21744 20890
19745 20890
10805 20890
10409 20890
10543 20890
10147 20890
1207 20890
9885 20890
22036 20890
21774 20890
20171 20890
19775 20890
10835 20890
19513 20890
10573 20890
10177 20890
10311 20890
8178 20890
8312 20890
20201 20890
19805 20890
19939 20890
19543 20890
10603 20890
19281 20890
8604 20890
17282 20890
8342 20890
8080 20890
6081 20890
20231 20890
19969 20890
19573 20890
19707 20890
17574 20890
17708 20890
17312 20890
8372 20890
8506 20890
8110 20890
6507 20890
6111 20890
5849 20890
19999 20890
18000 20890
17738 20890
17342 20890
17476 20890
8536 20890
6537 20890
6141 20890
6275 20890
5879 20890
5617 20890
26970 20890
27104 20890
26708 20890
17768 20890
17902 20890
17506 20890
15507 20890
6567 20890
15245 20890
6305 20890
5909 20890
6043 20890
3910 20890
27396 20890
4044 20890
27134 20890
26738 20890
26872 20890
15933 20890
15537 20890
15671 20890
15275 20890
6335 20890
4336 20890
4470 20890
4074 20890
27164 20890
26768 20890
3812 20890
26902 20890
26506 20890
24903 20890
15963 20890
24641 20890
15701 20890
15305 20890
15439 20890
13306 20890
13440 20890
4104 20890
4238 20890
3842 20890
1843 20890
25329 20890
24933 20890
1581 20890
25067 20890
24671 20890
15731 20890
13732 20890
13470 20890
13208 20890
4268 20890
2269 20890
1873 20890
25359 20890
2007 20890
1611 20890
25097 20890
24701 20890
24835 20890
22702 20890
22836 20890
22440 20890
13500 20890
13104 20890
13634 20890
13238 20890
11239 20890
2299 20890
10977 20890
2037 20890
1641 20890
25127 20890
1775 20890
23128 20890
22866 20890
22470 20890
22604 20890
13664 20890
11665 20890
11269 20890
11403 20890
11007 20890
2067 20890
68 20890
202 20890
22896 20890
22500 20890
23030 20890
22634 20890
20635 20890
11695 20890
11433 20890
11037 20890
11171 20890
9038 20890
9172 20890
232 20890
22664 20890
21061 20890
20665 20890
20799 20890
20403 20890
11463 20890
9464 20890
9598 20890
9202 20890
262 20890
8940 20890
21091 20890
20829 20890
20433 20890
20567 20890
18434 20890
18568 20890
9232 20890
9366 20890
8970 20890
6971 20890
20859 20890
20463 20890
18860 20890
18464 20890
18598 20890
18336 20890
9396 20890
9000 20890
7397 20890
7001 20890
7135 20890
6739 20890
27830 20890
27568 20890
18628 20890
18232 20890
18762 20890
18366 20890
16367 20890
7427 20890
7165 20890
6769 20890
6903 20890
4904 20890
27598 20890
18792 20890
18396 20890
16793 20890
16397 20890
16531 20890
16135 20890
7195 20890
6799 20890
5196 20890
5330 20890
4934 20890
27628 20890
4672 20890
27762 20890
18822 20890
25763 20890
16823 20890
16561 20890
16165 20890
16299 20890
15903 20890
14166 20890
14300 20890
5360 20890
4964 20890
5098 20890
4702 20890
27792 20890
2703 20890
26189 20890
25793 20890
25927 20890
25531 20890
16591 20890
16195 20890
14592 20890
14196 20890
14726 20890
14330 20890
5390 20890
5128 20890
4732 20890
3129 20890
2733 20890
26219 20890
25823 20890
2867 20890
2471 20890
25957 20890
25561 20890
25695 20890
25299 20890
23562 20890
23696 20890
14360 20890
14494 20890
14098 20890
5158 20890
12099 20890
3159 20890
2763 20890
2897 20890
2501 20890
25987 20890
25591 20890
2635 20890
25725 20890
23988 20890
23592 20890
636 20890
23726 20890
14524 20890
14128 20890
12525 20890
12129 20890
12263 20890
11867 20890
2927 20890
2531 20890
928 20890
1062 20890
666 20890
23756 20890
23360 20890
23890 20890
23494 20890
14554 20890
21495 20890
12555 20890
12159 20890
12293 20890
11897 20890
12031 20890
11635 20890
1092 20890
696 20890
830 20890
434 20890
23920 20890
23524 20890
21921 20890
21525 20890
21659 20890
21263 20890
12323 20890
11927 20890
12061 20890
10324 20890
10458 20890
10062 20890
1122 20890
860 20890
464 20890
23950 20890
21951 20890
21555 20890
21689 20890
21293 20890
21031 20890
19294 20890
10488 20890
10092 20890
10226 20890
9830 20890
890 20890
7831 20890
21719 20890
21323 20890
21457 20890
19720 20890
19324 20890
19854 20890
19458 20890
10518 20890
10122 20890
10256 20890
9860 20890
8257 20890
7861 20890
7995 20890
7599 20890
19488 20890
19622 20890
19226 20890
10286 20890
17227 20890
8287 20890
7891 20890
8025 20890
7629 20890
19518 20890
19652 20890
19256 20890
19390 20890
17653 20890
17257 20890
16995 20890
8055 20890
7659 20890
7793 20890
6056 20890
6190 20890
5794 20890
19682 20890
26623 20890
17683 20890
17287 20890
17421 20890
17025 20890
16763 20890
6220 20890
5824 20890
5958 20890
5562 20890
3563 20890
27049 20890
26653 20890
26391 20890
17451 20890
17055 20890
17189 20890
15586 20890
15190 20890
6250 20890
5854 20890
5988 20890
5592 20890
5726 20890
3989 20890
3593 20890
27079 20890
26683 20890
3331 20890
26817 20890
26421 20890
26159 20890
15482 20890
15616 20890
15220 20890
15354 20890
14958 20890
6018 20890
12959 20890
4019 20890
3623 20890
3757 20890
3361 20890
26847 20890
26451 20890
26585 20890
24452 20890
24982 20890
24586 20890
15646 20890
15250 20890
15384 20890
14988 20890
13385 20890
12989 20890
12727 20890
3787 20890
3391 20890
26877 20890
3921 20890
3525 20890
1788 20890
24878 20890
1922 20890
1526 20890
25012 20890
24616 20890
24750 20890
24354 20890
15414 20890
13415 20890
13019 20890
13153 20890
12757 20890
3817 20890
2214 20890
1818 20890
1952 20890
1556 20890
24646 20890
1690 20890
1294 20890
24780 20890
24384 20890
22781 20890
22385 20890
22123 20890
13183 20890
12787 20890
12921 20890
11318 20890
10922 20890
1982 20890
1586 20890
1720 20890
1324 20890
24810 20890
22811 20890
22415 20890
22549 20890
22153 20890
13213 20890
21891 20890
11214 20890
11348 20890
10952 20890
10690 20890
1750 20890
8691 20890
22841 20890
22579 20890
22183 20890
22317 20890
20714 20890
20318 20890
11378 20890
10982 20890
11116 20890
10720 20890
9117 20890
8721 20890
8459 20890
22609 20890
20610 20890
20744 20890
20348 20890
20086 20890
11146 20890
9147 20890
8751 20890
8885 20890
8489 20890
20774 20890
20378 20890
20512 20890
20116 20890
18117 20890
9177 20890
17855 20890
8915 20890
8519 20890
9049 20890
8653 20890
7050 20890
6654 20890
20542 20890
18543 20890
18147 20890
18281 20890
17885 20890
8945 20890
6946 20890
7080 20890
6684 20890
6422 20890
27513 20890
18573 20890
27251 20890
18311 20890
17915 20890
18049 20890
16050 20890
7110 20890
6714 20890
6848 20890
6452 20890
4453 20890
27543 20890
27677 20890
27281 20890
18341 20890
27019 20890
16342 20890
16476 20890
16080 20890
15818 20890
6878 20890
4879 20890
4483 20890
4617 20890
27707 20890
27311 20890
27445 20890
25446 20890
16506 20890
16110 20890
16244 20890
15848 20890
13849 20890
4909 20890
13587 20890
4647 20890
4251 20890
27737 20890
4385 20890
25738 20890
2386 20890
25872 20890
25476 20890
16536 20890
25214 20890
16274 20890
14275 20890
13879 20890
14013 20890
13617 20890
4677 20890
4811 20890
2678 20890
2812 20890
2416 20890
25902 20890
25506 20890
2154 20890
25640 20890
25244 20890
23245 20890
14305 20890
22983 20890
14043 20890
13647 20890
13781 20890
11782 20890
2842 20890
2446 20890
25932 20890
2580 20890
2184 20890
25670 20890
25274 20890
185 20890
23671 20890
23275 20890
23409 20890
23013 20890
14073 20890
12074 20890
12208 20890
11812 20890
2872 20890
11550 20890
2610 20890
25700 20890
611 20890
215 20890
23701 20890
745 20890
349 20890
23439 20890
23043 20890
23177 20890
12500 20890
21178 20890
12238 20890
11842 20890
11976 20890
11580 20890
9581 20890
641 20890
775 20890
379 20890
23469 20890
117 20890
21470 20890
21604 20890
21208 20890
12268 20890
20946 20890
12006 20890
11610 20890
10007 20890
9611 20890
9745 20890
409 20890
543 20890
21634 20890
21238 20890
21372 20890
20976 20890
12036 20890
18977 20890
10037 20890
18715 20890
9775 20890
9513 20890
7514 20890
21664 20890
21402 20890
21006 20890
19403 20890
19007 20890
19141 20890
18745 20890
9805 20890
9939 20890
7806 20890
7940 20890
7544 20890
7282 20890
21432 20890
19433 20890
19171 20890
18775 20890
18909 20890
8232 20890
16910 20890
7970 20890
7574 20890
7708 20890
7312 20890
5313 20890
19201 20890
18939 20890
17202 20890
17336 20890
16940 20890
8000 20890
16678 20890
7738 20890
7342 20890
5739 20890
5343 20890
5477 20890
17628 20890
26306 20890
17366 20890
16970 20890
17104 20890
16708 20890
7768 20890
14709 20890
5769 20890
5903 20890
5507 20890
5245 20890
26598 20890
3246 20890
26732 20890
26336 20890
17396 20890
26074 20890
17134 20890
16738 20890
15135 20890
14739 20890
14873 20890
5537 20890
5671 20890
3538 20890
3672 20890
3276 20890
26762 20890
26366 20890
3014 20890
26500 20890
26104 20890
17164 20890
24105 20890
15165 20890
14903 20890
14641 20890
3964 20890
12642 20890
3702 20890
3306 20890
26792 20890
3440 20890
3044 20890
26530 20890
26134 20890
24531 20890
24135 20890
24269 20890
23873 20890
14933 20890
14537 20890
15067 20890
14671 20890
12934 20890
13068 20890
12672 20890
3732 20890
3470 20890
3074 20890
26560 20890
1471 20890
24561 20890
24165 20890
1209 20890
24299 20890
23903 20890
24037 20890
15097 20890
13360 20890
22038 20890
13098 20890
12702 20890
12836 20890
12440 20890
3500 20890
10441 20890
1501 20890
1635 20890
1239 20890
24329 20890
23933 20890
977 20890
24067 20890
22330 20890
22464 20890
22068 20890
13128 20890
12866 20890
12470 20890
10867 20890
10471 20890
10605 20890
1665 20890
1269 20890
1403 20890
1007 20890
22756 20890
22494 20890
22098 20890
22232 20890
21836 20890
12896 20890
19837 20890
10897 20890
10501 20890
11031 20890
10635 20890
1695 20890
10373 20890
1433 20890
8374 20890
22524 20890
22262 20890
21866 20890
22000 20890
20263 20890
19867 20890
20001 20890
10665 20890
10799 20890
10403 20890
8666 20890
8800 20890
8404 20890
22292 20890
20293 20890
19897 20890
20031 20890
10829 20890
9092 20890
8830 20890
8434 20890
8568 20890
8172 20890
20061 20890
19665 20890
20195 20890
19799 20890
18196 20890
17800 20890
8860 20890
8598 20890
8202 20890
8336 20890
6599 20890
6337 20890
20225 20890
18488 20890
18226 20890
17830 20890
17964 20890
17568 20890
8628 20890
15569 20890
6629 20890
6233 20890
6763 20890
6367 20890
27592 20890
27196 20890
18256 20890
17860 20890
17994 20890
17598 20890
17732 20890
15995 20890
15599 20890
15733 20890
6793 20890
6397 20890
6531 20890
6135 20890
4532 20890
4136 20890
27622 20890
27226 20890
27360 20890
26964 20890
18024 20890
16025 20890
15629 20890
16159 20890
15763 20890
6823 20890
6561 20890
4824 20890
4562 20890
4166 20890
27652 20890
27256 20890
4300 20890
3904 20890
27390 20890
26994 20890
27128 20890
24995 20890
15793 20890
15927 20890
15531 20890
13928 20890
13532 20890
4592 20890
4196 20890
4330 20890
3934 20890
27420 20890
4068 20890
2331 20890
25421 20890
25025 20890
2069 20890
25159 20890
15957 20890
13824 20890
13958 20890
13562 20890
13696 20890
13300 20890
4360 20890
2757 20890
2361 20890
2495 20890
2099 20890
25189 20890
24793 20890
25323 20890
24927 20890
23324 20890
22928 20890
13988 20890
13592 20890
13726 20890
13330 20890
11727 20890
2525 20890
2129 20890
25219 20890
2263 20890
1867 20890
25353 20890
23220 20890
264 20890
23354 20890
22958 20890
23092 20890
22696 20890
13756 20890
11757 20890
11361 20890
11891 20890
11495 20890
2555 20890
2293 20890
160 20890
294 20890
23384 20890
22988 20890
32 20890
23122 20890
22726 20890
20727 20890
11921 20890
11525 20890
11659 20890
11263 20890
9660 20890
9264 20890
324 20890
62 20890
23152 20890
21153 20890
20757 20890
21287 20890
20891 20890
11951 20890
11555 20890
11689 20890
9556 20890
9690 20890
9294 20890
9428 20890
9032 20890
92 20890
20921 20890
21055 20890
20659 20890
19056 20890
18660 20890
9720 20890
9324 20890
9458 20890
9062 20890
20951 20890
21085 20890
18952 20890
19086 20890
18690 20890
18428 20890
9488 20890
7489 20890
7623 20890
7227 20890
19116 20890
18720 20890
18854 20890
18458 20890
7519 20890
7653 20890
7257 20890
7391 20890
6995 20890
5392 20890
4996 20890
27824 20890
18884 20890
16885 20890
17019 20890
16623 20890
7683 20890
7287 20890
7421 20890
5288 20890
5422 20890
5026 20890
4764 20890
25855 20890
16915 20890
17049 20890
16653 20890
16787 20890
16391 20890
14392 20890
5452 20890
5056 20890
5190 20890
4794 20890
26281 20890
25885 20890
26415 20890
26019 20890
17079 20890
16683 20890
16817 20890
14684 20890
14818 20890
14422 20890
14160 20890
5220 20890
3221 20890
26311 20890
3355 20890
2959 20890
26049 20890
25787 20890
23788 20890
14848 20890
14452 20890
14586 20890
14190 20890
3647 20890
3251 20890
3385 20890
2989 20890
26079 20890
3123 20890
2727 20890
26213 20890
24080 20890
728 20890
24214 20890
23818 20890
14878 20890
23556 20890
14616 20890
14220 20890
12617 20890
12751 20890
12355 20890
3415 20890
3019 20890
3153 20890
1020 20890
1154 20890
758 20890
24244 20890
23848 20890
23982 20890
23586 20890
14646 20890
12647 20890
12781 20890
12385 20890
12123 20890
10124 20890
1184 20890
788 20890
24274 20890
922 20890
24012 20890
23616 20890
22013 20890
21751 20890
12811 20890
12415 20890
12549 20890
10416 20890
10550 20890
10154 20890
1214 20890
9892 20890
952 20890
556 20890
24042 20890
1086 20890
22043 20890
22177 20890
21781 20890
21519 20890
19520 20890
10580 20890
10184 20890
10318 20890
9922 20890
982 20890
22207 20890
21811 20890
21945 20890
21549 20890
19812 20890
19946 20890
19550 20890
10610 20890
19288 20890
10348 20890
9952 20890
8349 20890
8087 20890
20238 20890
19976 20890
19580 20890
19714 20890
19318 20890
10378 20890
8775 20890
8379 20890
8513 20890
8117 20890
7855 20890
5856 20890
20006 20890
19744 20890
19348 20890
17745 20890
17483 20890
8543 20890
8147 20890
8281 20890
7885 20890
6148 20890
6282 20890
5886 20890
19774 20890
17775 20890
17909 20890
17513 20890
8573 20890
17251 20890
6574 20890
15252 20890
6312 20890
5916 20890
6050 20890
27141 20890
26879 20890
17939 20890
17543 20890
17677 20890
17281 20890
15544 20890
15678 20890
15282 20890
6342 20890
15020 20890
6080 20890
5684 20890
4081 20890
27171 20890
3819 20890
27305 20890
26909 20890
17969 20890
26647 20890
17707 20890
15970 20890
24648 20890
15708 20890
15312 20890
15446 20890
15050 20890
6110 20890
4507 20890
4111 20890
4245 20890
3849 20890
27335 20890
26939 20890
3587 20890
27073 20890
26677 20890
24940 20890
1588 20890
25074 20890
24678 20890
15738 20890
24416 20890
15476 20890
15080 20890
13477 20890
13215 20890
4275 20890
3879 20890
27365 20890
4013 20890
3617 20890
27103 20890
1880 20890
25366 20890
2014 20890
1618 20890
25104 20890
24708 20890
24842 20890
24446 20890
15506 20890
13903 20890
13507 20890
13641 20890
13245 20890
4305 20890
12983 20890
4043 20890
2306 20890
10984 20890
2044 20890
1648 20890
25134 20890
1782 20890
24872 20890
24476 20890
24610 20890
22873 20890
13933 20890
22611 20890
13671 20890
13275 20890
13409 20890
13013 20890
11276 20890
11410 20890
11014 20890
2074 20890
1812 20890
24902 20890
22903 20890
23037 20890
22641 20890
13701 20890
22379 20890
13439 20890
11702 20890
20380 20890
11440 20890
11044 20890
11178 20890
1842 20890
239 20890
23067 20890
22671 20890
22805 20890
22409 20890
20806 20890
20410 20890
11470 20890
11208 20890
10812 20890
10946 20890
9209 20890
269 20890
8947 20890
7 20890
23097 20890
22835 20890
20836 20890
20440 20890
20574 20890
20178 20890
11238 20890
11372 20890
9635 20890
9239 20890
9373 20890
8977 20890
37 20890
8715 20890
6716 20890
20866 20890
20604 20890
20208 20890
20342 20890
18605 20890
9665 20890
18343 20890
9403 20890
9007 20890
9141 20890
8745 20890
7142 20890
6746 20890
20634 20890
19031 20890
18635 20890
18769 20890
18373 20890
9433 20890
18111 20890
9171 20890
7172 20890
6776 20890
6910 20890
19061 20890
27739 20890
18799 20890
18403 20890
18537 20890
18141 20890
16538 20890
16142 20890
7202 20890
6940 20890
6678 20890
4941 20890
4679 20890
27769 20890
18829 20890
18567 20890
16568 20890
16172 20890
16306 20890
6970 20890
7104 20890
5367 20890
4971 20890
5105 20890
4709 20890
27799 20890
4447 20890
27537 20890
25934 20890
25538 20890
16598 20890
16202 20890
16336 20890
15940 20890
16074 20890
5397 20890
14075 20890
5135 20890
4739 20890
4873 20890
4477 20890
2874 20890
25964 20890
25568 20890
25702 20890
25306 20890
16366 20890
16500 20890
14763 20890
14367 20890
14501 20890
14105 20890
5165 20890
4903 20890
2904 20890
25994 20890
25598 20890
2642 20890
25732 20890
25336 20890
25470 20890
14793 20890
23471 20890
14531 20890
14135 20890
14269 20890
13873 20890
12270 20890
11874 20890
2934 20890
2538 20890
3068 20890
2672 20890
25762 20890
2410 20890
673 20890
23763 20890
411 20890
23897 20890
23501 20890
14561 20890
14299 20890
12300 20890
11904 20890
12038 20890
3098 20890
2702 20890
2836 20890
1099 20890
703 20890
24189 20890
837 20890
441 20890
23927 20890
23531 20890
23665 20890
23269 20890
21666 20890
21270 20890
12330 20890
11934 20890
12068 20890
3128 20890
11806 20890
1129 20890
867 20890
471 20890
23957 20890
605 20890
209 20890
23695 20890
21562 20890
21696 20890
21300 20890
21434 20890
12098 20890
12232 20890
10099 20890
10233 20890
9837 20890
897 20890
635 20890
21726 20890
21330 20890
21464 20890
21068 20890
10525 20890
10263 20890
9867 20890
10001 20890
9605 20890
8002 20890
21494 20890
21098 20890
21628 20890
19495 20890
19629 20890
19233 20890
10293 20890
9897 20890
10031 20890
7898 20890
8032 20890
7770 20890
19921 20890
19659 20890
19263 20890
19397 20890
19001 20890
17002 20890
8062 20890
7666 20890
8196 20890
7800 20890
19689 20890
19293 20890
19427 20890
17294 20890
17428 20890
17032 20890
8226 20890
7830 20890
7964 20890
5831 20890
5965 20890
5569 20890
26398 20890
17458 20890
17062 20890
17196 20890
8256 20890
6257 20890
5995 20890
5599 20890
5733 20890
5337 20890
26690 20890
26824 20890
26428 20890
17226 20890
17360 20890
15227 20890
15361 20890
14965 20890
6025 20890
5629 20890
5763 20890
3630 20890
4160 20890
3764 20890
26854 20890
26458 20890
26592 20890
26196 20890
17256 20890
15653 20890
15257 20890
15391 20890
14995 20890
15129 20890
14733 20890
3794 20890
3928 20890
3532 20890
26622 20890
26226 20890
26756 20890
24623 20890
24757 20890
24361 20890
15421 20890
15025 20890
15159 20890
13026 20890
13160 20890
3958 20890
3562 20890
26652 20890
3696 20890
1563 20890
25049 20890
24653 20890
1697 20890
1301 20890
24787 20890
24391 20890
24129 20890
22130 20890
13190 20890
12794 20890
13324 20890
12928 20890
3988 20890
3592 20890
1989 20890
1593 20890
1727 20890
1331 20890
24817 20890
24421 20890
1465 20890
1069 20890
24555 20890
24159 20890
22422 20890
22556 20890
22160 20890
13354 20890
12958 20890
13092 20890
10959 20890
11093 20890
10697 20890
1757 20890
1361 20890
1495 20890
24585 20890
22586 20890
22190 20890
22720 20890
22324 20890
13384 20890
12988 20890
11385 20890
10989 20890
11123 20890
10727 20890
10465 20890
22616 20890
22354 20890
22488 20890
20355 20890
20489 20890
20093 20890
11153 20890
10757 20890
10891 20890
10495 20890
8758 20890
8892 20890
22384 20890
20781 20890
20385 20890
20519 20890
20123 20890
19861 20890
10921 20890
8922 20890
9056 20890
8660 20890
20549 20890
20153 20890
20287 20890
19891 20890
18154 20890
18288 20890
8952 20890
9086 20890
8690 20890
8824 20890
6691 20890
6825 20890
6429 20890
20317 20890
18580 20890
27258 20890
18318 20890
17922 20890
18452 20890
18056 20890
9116 20890
8720 20890
7117 20890
6721 20890
6855 20890
6459 20890
6197 20890
27684 20890
27288 20890
18348 20890
18482 20890
18086 20890
17824 20890
16087 20890
15825 20890
6885 20890
6489 20890
6623 20890
6227 20890
4624 20890
27714 20890
27318 20890
27452 20890
18512 20890
18116 20890
16513 20890
16117 20890
16251 20890
15855 20890
15593 20890
6653 20890
4916 20890
5050 20890
4654 20890
27744 20890
4788 20890
4392 20890
27482 20890
27220 20890
25483 20890
25221 20890
16281 20890
15885 20890
16019 20890
15623 20890
13886 20890
14020 20890
5080 20890
4684 20890
4818 20890
4422 20890
27512 20890
27646 20890
2423 20890
25909 20890
25513 20890
2161 20890
25647 20890
25251 20890
16311 20890
24989 20890
16049 20890
14312 20890
14050 20890
14184 20890
13788 20890
4848 20890
4452 20890
2849 20890
2453 20890
2587 20890
2191 20890
25677 20890
25281 20890
25415 20890
25019 20890
23416 20890
14080 20890
14214 20890
13818 20890
13556 20890
11819 20890
11557 20890
2617 20890
2221 20890
25707 20890
2355 20890
1959 20890
25445 20890
356 20890
23446 20890
23050 20890
23184 20890
14244 20890
13848 20890
13982 20890
12245 20890
11849 20890
11983 20890
11587 20890
2647 20890
11325 20890
2385 20890
648 20890
782 20890
386 20890
23476 20890
124 20890
23610 20890
23214 20890
22952 20890
21215 20890
12275 20890
20953 20890
12013 20890
11617 20890
11751 20890
11355 20890
9752 20890
812 20890
416 20890
550 20890
154 20890
23640 20890
23244 20890
23378 20890
21641 20890
21245 20890
21379 20890
20983 20890
12043 20890
20721 20890
11781 20890
10178 20890
9782 20890
9520 20890
580 20890
184 20890
318 20890
21671 20890
21409 20890
21013 20890
21147 20890
20751 20890
19148 20890
10208 20890
9812 20890
9946 20890
9550 20890
610 20890
9288 20890
7551 20890
7289 20890
21439 20890
21177 20890
19178 20890
18916 20890
9976 20890
9580 20890
9714 20890
7977 20890
7581 20890
7715 20890
7319 20890
19208 20890
19342 20890
18946 20890
10006 20890
18684 20890
8007 20890
16685 20890
7745 20890
7349 20890
7483 20890
5484 20890
19372 20890
18976 20890
19110 20890
17373 20890
16977 20890
17111 20890
16715 20890
7775 20890
16453 20890
7513 20890
5910 20890
5514 20890
5252 20890
19402 20890
17403 20890
26081 20890
17141 20890
16745 20890
16879 20890
16483 20890
14880 20890
5940 20890
5544 20890
5678 20890
5282 20890
5020 20890
26373 20890
3021 20890
26507 20890
26111 20890
17171 20890
25849 20890
16909 20890
15306 20890
14910 20890
5970 20890
14648 20890
5708 20890
5312 20890
5446 20890
3709 20890
3313 20890
26799 20890
3447 20890
3051 20890
26537 20890
26141 20890
26275 20890
25879 20890
24276 20890
15336 20890
14940 20890
15074 20890
14678 20890
5738 20890
14416 20890
3739 20890
12417 20890
3477 20890
3081 20890
26567 20890
3215 20890
26305 20890
1216 20890
24306 20890
15366 20890
24044 20890
15104 20890
14708 20890
14842 20890
12709 20890
12843 20890
12447 20890
3507 20890
3245 20890
1642 20890
1246 20890
24336 20890
984 20890
24470 20890
24074 20890
15134 20890
23812 20890
13135 20890
21813 20890
12873 20890
12477 20890
12611 20890
10612 20890
1672 20890
1276 20890
1410 20890
1014 20890
24500 20890
24104 20890
752 20890
24238 20890
22105 20890
22239 20890
21843 20890
12903 20890
12641 20890
11038 20890
10642 20890
1702 20890
10380 20890
1440 20890
1044 20890
24530 20890
1178 20890
22531 20890
22269 20890
21873 20890
22007 20890
21611 20890
11068 20890
10672 20890
10806 20890
10410 20890
1470 20890
10148 20890
8149 20890
22299 20890
22037 20890
20038 20890
11098 20890
19776 20890
10836 20890
10440 20890
10574 20890
8441 20890
8575 20890
8179 20890
20464 20890
20068 20890
20202 20890
19806 20890
10866 20890
8867 20890
8605 20890
8209 20890
8343 20890
20494 20890
20232 20890
19836 20890
19970 20890
17837 20890
17971 20890
17575 20890
8635 20890
8373 20890
6374 20890
6112 20890
20262 20890
18263 20890
18001 20890
17605 20890
17739 20890
6800 20890
6404 20890
6538 20890
6142 20890
27233 20890
27367 20890
26971 20890
18031 20890
17635 20890
17769 20890
15770 20890
6830 20890
15508 20890
6568 20890
6172 20890
6306 20890
4173 20890
27659 20890
4307 20890
27397 20890
27001 20890
27135 20890
26739 20890
16196 20890
15800 20890
15934 20890
15538 20890
6598 20890
4599 20890
4337 20890
3941 20890
27427 20890
27031 20890
4075 20890
27165 20890
26769 20890
25032 20890
25166 20890
16226 20890
15964 20890
15568 20890
15702 20890
13569 20890
13703 20890
13307 20890
4367 20890
3971 20890
4501 20890
4105 20890
27195 20890
2106 20890
25592 20890
25196 20890
1844 20890
25330 20890
24934 20890
15994 20890
13995 20890
13599 20890
13733 20890
13337 20890
13471 20890
4531 20890
2532 20890
2136 20890
25622 20890
2270 20890
1874 20890
25360 20890
24964 20890
25098 20890
22965 20890
23099 20890
22703 20890
13763 20890
13367 20890
13501 20890
11502 20890
2562 20890
2300 20890
1904 20890
25390 20890
24994 20890
2038 20890
23391 20890
22995 20890
39 20890
23129 20890
22733 20890
22867 20890
13531 20890
11928 20890
11532 20890
11666 20890
11270 20890
2330 20890
331 20890
465 20890
69 20890
23159 20890
22763 20890
22897 20890
22501 20890
20898 20890
11958 20890
11696 20890
11300 20890
11434 20890
9301 20890
9435 20890
99 20890
233 20890
22927 20890
21324 20890
20928 20890
21062 20890
20666 20890
11726 20890
11330 20890
9727 20890
9331 20890
9465 20890
9069 20890
9203 20890
263 20890
21354 20890
20958 20890
21092 20890
20696 20890
20830 20890
20434 20890
18697 20890
18831 20890
18435 20890
9495 20890
9099 20890
9629 20890
9233 20890
7234 20890
21122 20890
20726 20890
19123 20890
18727 20890
18861 20890
18465 20890
9659 20890
9263 20890
7660 20890
7264 20890
7398 20890
7002 20890
27831 20890
18891 20890
18495 20890
18629 20890
9689 20890
16630 20890
7690 20890
7294 20890
7428 20890
7032 20890
7166 20890
6770 20890
5033 20890
5167 20890
18659 20890
17056 20890
16660 20890
16794 20890
16398 20890
7458 20890
7062 20890
5459 20890
5063 20890
5593 20890
5197 20890
27629 20890
26026 20890
17086 20890
16690 20890
16824 20890
16428 20890
16562 20890
16166 20890
14429 20890
5227 20890
5361 20890
4965 20890
2966 20890
26452 20890
26056 20890
26190 20890
25794 20890
16854 20890
16458 20890
16592 20890
14855 20890
14459 20890
14593 20890
5391 20890
4995 20890
3392 20890
2996 20890
26482 20890
26086 20890
3130 20890
2734 20890
26220 20890
25824 20890
25562 20890
23825 20890
23563 20890
14623 20890
14227 20890
14757 20890
14361 20890
5421 20890
12362 20890
3422 20890
3026 20890
3160 20890
2764 20890
26250 20890
25854 20890
2502 20890
25988 20890
24251 20890
23855 20890
23989 20890
23593 20890
14653 20890
14787 20890
14391 20890
12788 20890
12392 20890
12526 20890
12130 20890
3190 20890
2794 20890
2928 20890
1191 20890
795 20890
1325 20890
929 20890
24019 20890
23623 20890
23757 20890
14817 20890
21758 20890
12818 20890
12422 20890
12556 20890
12160 20890
11898 20890
10161 20890
1355 20890
959 20890
24049 20890
1093 20890
697 20890
23787 20890
23921 20890
22184 20890
21788 20890
21526 20890
12586 20890
12190 20890
12324 20890
10587 20890
10191 20890
10721 20890
10325 20890
1385 20890
989 20890
1123 20890
727 20890
22214 20890
21818 20890
21952 20890
21556 20890
21294 20890
10355 20890
10489 20890
10093 20890
1153 20890
8094 20890
21982 20890
21586 20890
21720 20890
19587 20890
19721 20890
10385 20890
10519 20890
10123 20890
10257 20890
8520 20890
8124 20890
7862 20890
22012 20890
20013 20890
19751 20890
19355 20890
19885 20890
19489 20890
10549 20890
17490 20890
8550 20890
8154 20890
8288 20890
7892 20890
7630 20890
19781 20890
19915 20890
19519 20890
17916 20890
17520 20890
17258 20890
8318 20890
7922 20890
8056 20890
5923 20890
6453 20890
6057 20890
19945 20890
17946 20890
17550 20890
17684 20890
17288 20890
8348 20890
17026 20890
6349 20890
6483 20890
6087 20890
6221 20890
5825 20890
3826 20890
27312 20890
26916 20890
26654 20890
17714 20890
17318 20890
17452 20890
15319 20890
15849 20890
15453 20890
6513 20890
6117 20890
6251 20890
5855 20890
4252 20890
3856 20890
27342 20890
26946 20890
3594 20890
27080 20890
26684 20890
17744 20890
26422 20890
15745 20890
15483 20890
15221 20890
6281 20890
4282 20890
3886 20890
27372 20890
4020 20890
3624 20890
27110 20890
26714 20890
26848 20890
24715 20890
24849 20890
15513 20890
15647 20890
15251 20890
13648 20890
13252 20890
12990 20890
4050 20890
3654 20890
27140 20890
3788 20890
25141 20890
2185 20890
1789 20890
24879 20890
24483 20890
24617 20890
15677 20890
13678 20890
13282 20890
13416 20890
13020 20890
4080 20890
12758 20890
2081 20890
2215 20890
1819 20890
24909 20890
1557 20890
25043 20890
24647 20890
22648 20890
13708 20890
22386 20890
13446 20890
13050 20890
13184 20890
11051 20890
11581 20890
11185 20890
2245 20890
1849 20890
1983 20890
1587 20890
25073 20890
23074 20890
22678 20890
22812 20890
22416 20890
13476 20890
22154 20890
11477 20890
11611 20890
11215 20890
10953 20890
2013 20890
14 20890
23104 20890
22842 20890
22446 20890
22580 20890
20447 20890
20581 20890
11641 20890
11245 20890
11379 20890
10983 20890
8984 20890
44 20890
8722 20890
22872 20890
20873 20890
20611 20890
20349 20890
11409 20890
9410 20890
9014 20890
9148 20890
8752 20890
20641 20890
20775 20890
20379 20890
18380 20890
9440 20890
18118 20890
9178 20890
8782 20890
8916 20890
6917 20890
20805 20890
18806 20890
18410 20890
18544 20890
18148 20890
9208 20890
17886 20890
7209 20890
7343 20890
6947 20890
6685 20890
27776 20890
18836 20890
27514 20890
18574 20890
18178 20890
18312 20890
16179 20890
16313 20890
7373 20890
6977 20890
7111 20890
6715 20890
4716 20890
27806 20890
4454 20890
27544 20890
18604 20890
16605 20890
16739 20890
16343 20890
7403 20890
16081 20890
7141 20890
5142 20890
4746 20890
4880 20890
4484 20890
27574 20890
27708 20890
25575 20890
25709 20890
16769 20890
16373 20890
16507 20890
16111 20890
14112 20890
5172 20890
13850 20890
4910 20890
4514 20890
4648 20890
26001 20890
2649 20890
25739 20890
16799 20890
25477 20890
16537 20890
16141 20890
14538 20890
14142 20890
14276 20890
13880 20890
4940 20890
2941 20890
3075 20890
2679 20890
25769 20890
2417 20890
25903 20890
25507 20890
16567 20890
23508 20890
14568 20890
14306 20890
13910 20890
14044 20890
3367 20890
12045 20890
3105 20890
2709 20890
2843 20890
2447 20890
25933 20890
25537 20890
448 20890
23934 20890
23538 20890
23672 20890
23276 20890
14336 20890
12337 20890
12471 20890
12075 20890
3135 20890
11813 20890
2873 20890
2477 20890
25963 20890
874 20890
478 20890
23964 20890
612 20890
23702 20890
23306 20890
23440 20890
23044 20890
21441 20890
12501 20890
12105 20890
12239 20890
11843 20890
2903 20890
9844 20890
904 20890
642 20890
246 20890
23732 20890
23336 20890
380 20890
23470 20890
21733 20890
21337 20890
21867 20890
21471 20890
12531 20890
21209 20890
12269 20890
11873 20890
10270 20890
9874 20890
10008 20890
9612 20890
672 20890
806 20890
21897 20890
21501 20890
21635 20890
21239 20890
12299 20890
19240 20890
10300 20890
10038 20890
9642 20890
9776 20890
7777 20890
21927 20890
21665 20890
21269 20890
19666 20890
19270 20890
19404 20890
19008 20890
10068 20890
9672 20890
9806 20890
8069 20890
8203 20890
7807 20890
7545 20890
21695 20890
19696 20890
19434 20890
19038 20890
19172 20890
18776 20890
8495 20890
17173 20890
8233 20890
7837 20890
7971 20890
7575 20890
5576 20890
19464 20890
19068 20890
19202 20890
17465 20890
17599 20890
17203 20890
8263 20890
8001 20890
7605 20890
6002 20890
5606 20890
5740 20890
26569 20890
17629 20890
17233 20890
17367 20890
16971 20890
8031 20890
14972 20890
6032 20890
5770 20890
5374 20890
5508 20890
26861 20890
26465 20890
3509 20890
26995 20890
26599 20890
17659 20890
17397 20890
17001 20890
15398 20890
15002 20890
15136 20890
14740 20890
5800 20890
5404 20890
5934 20890
5538 20890
3801 20890
3935 20890
3539 20890
27025 20890
26629 20890
26763 20890
26367 20890
17427 20890
24368 20890
15428 20890
15032 20890
15166 20890
14770 20890
14904 20890
5964 20890
4227 20890
12905 20890
3965 20890
3569 20890
27055 20890
3703 20890
3307 20890
26793 20890
26397 20890
26531 20890
1308 20890
24794 20890
24398 20890
24532 20890
24136 20890
15196 20890
14800 20890
14934 20890
13197 20890
13331 20890
12935 20890
3995 20890
3733 20890
3337 20890
26823 20890
1734 20890
1338 20890
24824 20890
24428 20890
1472 20890
24562 20890
24166 20890
23904 20890
13623 20890
13361 20890
12965 20890
13099 20890
12703 20890
3763 20890
10704 20890
1764 20890
1368 20890
1502 20890
24592 20890
24196 20890
1240 20890
24330 20890
22727 20890
22331 20890
13391 20890
13129 20890
12733 20890
12867 20890
11130 20890
10734 20890
10868 20890
1532 20890
1666 20890
1270 20890
22757 20890
22361 20890
22495 20890
22099 20890
13159 20890
20100 20890
11160 20890
10764 20890
10898 20890
10502 20890
1696 20890
22787 20890
22391 20890
22525 20890
22129 20890
22263 20890
20526 20890
20130 20890
20264 20890
19868 20890
10928 20890
10532 20890
11062 20890
10666 20890
9063 20890
8667 20890
22555 20890
20556 20890
20160 20890
20294 20890
19898 20890
11092 20890
9355 20890
9093 20890
8697 20890
8831 20890
8435 20890
6436 20890
20324 20890
19928 20890
20062 20890
18459 20890
18063 20890
9123 20890
8727 20890
8861 20890
8465 20890
8599 20890
6862 20890
6466 20890
18355 20890
18489 20890
18093 20890
18227 20890
17831 20890
8891 20890
6892 20890
6496 20890
6630 20890
27459 20890
18519 20890
18123 20890
18257 20890
17861 20890
16258 20890
15862 20890
6660 20890
6794 20890
6398 20890
27751 20890
4795 20890
4399 20890
27489 20890
27623 20890
27227 20890
18287 20890
16288 20890
15892 20890
16026 20890
15630 20890
6824 20890
4691 20890
4825 20890
4429 20890
27519 20890
4563 20890
4167 20890
27653 20890
27257 20890
25258 20890
24996 20890
16056 20890
15660 20890
16190 20890
15794 20890
14191 20890
13795 20890
4855 20890
4459 20890
4593 20890
4197 20890
27683 20890
2594 20890
25684 20890
25288 20890
25422 20890
25026 20890
16086 20890
16220 20890
14087 20890
14221 20890
13825 20890
13959 20890
13563 20890
4623 20890
2624 20890
2228 20890
25714 20890
2758 20890
2362 20890
25452 20890
25056 20890
25190 20890
23587 20890
23191 20890
14251 20890
13855 20890
13989 20890
13593 20890
11594 20890
2788 20890
2392 20890
25482 20890
2526 20890
2130 20890
23483 20890
527 20890
131 20890
23617 20890
23221 20890
22959 20890
14019 20890
12020 20890
11624 20890
11758 20890
2818 20890
2422 20890
2556 20890
423 20890
557 20890
161 20890
23647 20890
23251 20890
23385 20890
22989 20890
20990 20890
12050 20890
11788 20890
11922 20890
11526 20890
9923 20890
9527 20890
587 20890
191 20890
325 20890
23415 20890
23019 20890
21416 20890
21020 20890
21154 20890
20758 20890
11818 20890
11952 20890
9819 20890
9953 20890
9557 20890
9295 20890
355 20890
21446 20890
21184 20890
20788 20890
21318 20890
20922 20890
18923 20890
9983 20890
9587 20890
9721 20890
9325 20890
21214 20890
21348 20890
19215 20890
19349 20890
18953 20890
18691 20890
9751 20890
7752 20890
7356 20890
7886 20890
7490 20890
19379 20890
18983 20890
19117 20890
18721 20890
16722 20890
7782 20890
7916 20890
7520 20890
7258 20890
5259 20890
19409 20890
19147 20890
18751 20890
17148 20890
16752 20890
16886 20890
7946 20890
7550 20890
7684 20890
5551 20890
5685 20890
5289 20890
5027 20890
19177 20890
26118 20890
17178 20890
16916 20890
16654 20890
14655 20890
5715 20890
5319 20890
5453 20890
5057 20890
26544 20890
26148 20890
26282 20890
25886 20890
16946 20890
17080 20890
14947 20890
15081 20890
14685 20890
5745 20890
14423 20890
5483 20890
5087 20890
3484 20890
26574 20890
3618 20890
3222 20890
26312 20890
25916 20890
26050 20890
24051 20890
15111 20890
14715 20890
14849 20890
14453 20890
5513 20890
3514 20890
3648 20890
3252 20890
26342 20890
2990 20890
26476 20890
26080 20890
24343 20890
991 20890
24477 20890
24081 20890
15141 20890
23819 20890
14879 20890
14483 20890
12880 20890
12484 20890
12618 20890
3678 20890
3282 20890
3416 20890
1283 20890
24769 20890
1417 20890
1021 20890
24507 20890
24111 20890
759 20890
24245 20890
23849 20890
14909 20890
21850 20890
12910 20890
13044 20890
12648 20890
12386 20890
1709 20890
10387 20890
1447 20890
1051 20890
24537 20890
1185 20890
789 20890
24275 20890
23879 20890
22276 20890
21880 20890
22014 20890
13074 20890
12678 20890
12812 20890
12416 20890
10679 20890
10813 20890
10417 20890
1477 20890
10155 20890
1215 20890
819 20890
24305 20890
22306 20890
22044 20890
21782 20890
11105 20890
19783 20890
10843 20890
10447 20890
10581 20890
10185 20890
1245 20890
22074 20890
22208 20890
21812 20890
20075 20890
20209 20890
19813 20890
10873 20890
19551 20890
10611 20890
10215 20890
8612 20890
8350 20890
22238 20890
20501 20890
20239 20890
19843 20890
19977 20890
19581 20890
10641 20890
8642 20890
8776 20890
8380 20890
8118 20890
6119 20890
20269 20890
20007 20890
19611 20890
18008 20890
17612 20890
17746 20890
8806 20890
8410 20890
8544 20890
8148 20890
6411 20890
6545 20890
6149 20890
5887 20890
20037 20890
26978 20890
18038 20890
18172 20890
17776 20890
8836 20890
17514 20890
8574 20890
6837 20890
15515 20890
6575 20890
6179 20890
6313 20890
5917 20890
27404 20890
27008 20890
27142 20890
18202 20890
17806 20890
17940 20890
17544 20890
15807 20890
15941 20890
15545 20890
6605 20890
15283 20890
6343 20890
5947 20890
4344 20890
27434 20890
4082 20890
27172 20890
26910 20890
17970 20890
16233 20890
24911 20890
15971 20890
15575 20890
15709 20890
15313 20890
6373 20890
4770 20890
4374 20890
4508 20890
4112 20890
27202 20890
3850 20890
27336 20890
26940 20890
1851 20890
25337 20890
24941 20890
16001 20890
15739 20890
15343 20890
15477 20890
13740 20890
4800 20890
13478 20890
4538 20890
4142 20890
4276 20890
3880 20890
27366 20890
2143 20890
2277 20890
1881 20890
25367 20890
24971 20890
25105 20890
24709 20890
15769 20890
13770 20890
13904 20890
13508 20890
4568 20890
13246 20890
4306 20890
2569 20890
11247 20890
2307 20890
1911 20890
25397 20890
2045 20890
1649 20890
25135 20890
24739 20890
24873 20890
23136 20890
22740 20890
22874 20890
13934 20890
13538 20890
13672 20890
13276 20890
11673 20890
11277 20890
2337 20890
2075 20890
1679 20890
25165 20890
1813 20890
76 20890
23166 20890
22770 20890
23300 20890
22904 20890
13964 20890
22642 20890
13702 20890
11703 20890
11307 20890
11441 20890
11045 20890
2105 20890
2239 20890
502 20890
106 20890
240 20890
23330 20890
22934 20890
23068 20890
22672 20890
21069 20890
20673 20890
11733 20890
11471 20890
11075 20890
11209 20890
9472 20890
532 20890
9210 20890
270 20890
8 20890
23098 20890
21099 20890
20703 20890
20837 20890
20441 20890
11501 20890
9898 20890
9502 20890
9636 20890
9240 20890
300 20890
38 20890
21129 20890
20733 20890
20867 20890
20471 20890
20605 20890
9928 20890
18606 20890
9666 20890
9270 20890
9404 20890
9008 20890
7405 20890
7009 20890
20897 20890
18898 20890
19032 20890
18636 20890
9696 20890
9434 20890
7435 20890
7039 20890
7173 20890
19062 20890
18666 20890
18800 20890
18404 20890
16801 20890
16405 20890
7465 20890
7069 20890
7203 20890
6807 20890
6941 20890
4942 20890
19092 20890
18830 20890
16831 20890
16435 20890
16569 20890
16173 20890
7233 20890
7367 20890
5630 20890
5234 20890
5368 20890
4972 20890
27800 20890
26197 20890
25801 20890
16861 20890
16465 20890
16599 20890
16203 20890
16337 20890
5660 20890
5398 20890
5002 20890
5136 20890
4740 20890
26093 20890
3137 20890
2741 20890
26227 20890
25831 20890
25965 20890
25569 20890
16629 20890
14630 20890
14764 20890
14368 20890
5428 20890
5166 20890
3033 20890
3167 20890
2771 20890
26257 20890
25861 20890
2905 20890
25995 20890
25599 20890
15056 20890
14794 20890
14398 20890
14532 20890
14136 20890
12533 20890
12137 20890
3197 20890
2801 20890
2935 20890
26025 20890
25629 20890
24026 20890
24160 20890
23764 20890
14824 20890
14428 20890
14562 20890
12429 20890
12563 20890
12167 20890
12301 20890
2965 20890
3099 20890
966 20890
1100 20890
704 20890
24190 20890
23794 20890
23928 20890
23532 20890
21533 20890
12593 20890
12197 20890
12331 20890
11935 20890
1392 20890
1130 20890
734 20890
24220 20890
23824 20890
868 20890
472 20890
23958 20890
21825 20890
21959 20890
21563 20890
21301 20890
12361 20890
11965 20890
12495 20890
10362 20890
10496 20890
10100 20890
1160 20890
764 20890
898 20890
21989 20890
21593 20890
21727 20890
21331 20890
10788 20890
10526 20890
10130 20890
10264 20890
9868 20890
7869 20890
21757 20890
21361 20890
19758 20890
19892 20890
19496 20890
10556 20890
10160 20890
10294 20890
8161 20890
8295 20890
7899 20890
21787 20890
20184 20890
19788 20890
19922 20890
19526 20890
19660 20890
19264 20890
17265 20890
8325 20890
7929 20890
8063 20890
19952 20890
19556 20890
19690 20890
17557 20890
17691 20890
17295 20890
8093 20890
8227 20890
6094 20890
6228 20890
5832 20890
26661 20890
17721 20890
17325 20890
17459 20890
17063 20890
8123 20890
6520 20890
6124 20890
6258 20890
5862 20890
5996 20890
5600 20890
26953 20890
27087 20890
26691 20890
26429 20890
17489 20890
17093 20890
17623 20890
15490 20890
15624 20890
15228 20890
6288 20890
5892 20890
6026 20890
3893 20890
4027 20890
3631 20890
27117 20890
26721 20890
26855 20890
26459 20890
17519 20890
15916 20890
15520 20890
15654 20890
15258 20890
14996 20890
12997 20890
4057 20890
3661 20890
27147 20890
4191 20890
3795 20890
26885 20890
26489 20890
24886 20890
25020 20890
24624 20890
15684 20890
15288 20890
15422 20890
15026 20890
13289 20890
13423 20890
13027 20890
4087 20890
4221 20890
3825 20890
26915 20890
3959 20890
1826 20890
25312 20890
24916 20890
1960 20890
1564 20890
25050 20890
24654 20890
24392 20890
15452 20890
22393 20890
13453 20890
13057 20890
13191 20890
3855 20890
2252 20890
1856 20890
1990 20890
1594 20890
25080 20890
24684 20890
1332 20890
24818 20890
24422 20890
22685 20890
22819 20890
22423 20890
13483 20890
13221 20890
13355 20890
11222 20890
10960 20890
2020 20890
1624 20890
1758 20890
1362 20890
24848 20890
23111 20890
22849 20890
22453 20890
22587 20890
22191 20890
13251 20890
11648 20890
11252 20890
11386 20890
10990 20890
10728 20890
22879 20890
22617 20890
22221 20890
22355 20890
20618 20890
20356 20890
11416 20890
11020 20890
11154 20890
10758 20890
9021 20890
9155 20890
8759 20890
22647 20890
21044 20890
20648 20890
20782 20890
20386 20890
20124 20890
11184 20890
9447 20890
18125 20890
9185 20890
8789 20890
9319 20890
8923 20890
20812 20890
20416 20890
20550 20890
20154 20890
18551 20890
18155 20890
9215 20890
9349 20890
8953 20890
6954 20890
6692 20890
20842 20890
20580 20890
18843 20890
27521 20890
18581 20890
18185 20890
18319 20890
9379 20890
8983 20890
7380 20890
6984 20890
7118 20890
6722 20890
6460 20890
27551 20890
18611 20890
18349 20890
18087 20890
16350 20890
16088 20890
7148 20890
6752 20890
6886 20890
6490 20890
4753 20890
4887 20890
27581 20890
27715 20890
27319 20890
18379 20890
18513 20890
16776 20890
16380 20890
16514 20890
16118 20890
7178 20890
15856 20890
6916 20890
5179 20890
4917 20890
4655 20890
27745 20890
27349 20890
27483 20890
25746 20890
16806 20890
25484 20890
16544 20890
16148 20890
16282 20890
15886 20890
14283 20890
4947 20890
5081 20890
4685 20890
27775 20890
4423 20890
2686 20890
26172 20890
25776 20890
2424 20890
25910 20890
25514 20890
16574 20890
25252 20890
16312 20890
23253 20890
14313 20890
13917 20890
14051 20890
5111 20890
4715 20890
4849 20890
3112 20890
2716 20890
26202 20890
2850 20890
2454 20890
25940 20890
25544 20890
2192 20890
25678 20890
25282 20890
23679 20890
23283 20890
14343 20890
14477 20890
14081 20890
5141 20890
13819 20890
12082 20890
3142 20890
11820 20890
2880 20890
2484 20890
25970 20890
2618 20890
2222 20890
25708 20890
619 20890
23709 20890
23313 20890
23447 20890
14507 20890
14111 20890
14245 20890
12508 20890
12112 20890
12246 20890
11850 20890
2910 20890
11588 20890
2648 20890
1045 20890
649 20890
23739 20890
387 20890
23477 20890
23215 20890
12538 20890
21216 20890
12276 20890
11880 20890
12014 20890
11618 20890
10015 20890
1075 20890
679 20890
813 20890
417 20890
23507 20890
155 20890
23641 20890
21508 20890
21642 20890
21246 20890
12306 20890
20984 20890
12044 20890
10045 20890
9783 20890
843 20890
447 20890
581 20890
21934 20890
21672 20890
21276 20890
21410 20890
21014 20890
19411 20890
10075 20890
10209 20890
9813 20890
873 20890
9551 20890
7552 20890
21702 20890
21440 20890
19441 20890
19045 20890
19179 20890
10239 20890
9843 20890
9977 20890
8240 20890
7844 20890
7978 20890
7582 20890
7320 20890
19471 20890
19605 20890
19209 20890
10269 20890
18947 20890
8270 20890
16948 20890
8008 20890
7612 20890
7746 20890
7350 20890
5747 20890
19635 20890
19239 20890
19373 20890
17240 20890
17374 20890
16978 20890
8038 20890
7776 20890
6173 20890
5777 20890
5515 20890
17666 20890
26344 20890
17404 20890
17008 20890
17142 20890
16746 20890
15143 20890
6203 20890
5807 20890
5941 20890
5545 20890
5283 20890
26636 20890
3284 20890
26770 20890
26374 20890
17434 20890
17172 20890
15173 20890
14911 20890
5971 20890
5575 20890
5709 20890
3576 20890
27062 20890
3710 20890
3314 20890
26800 20890
26404 20890
26538 20890
26142 20890
15203 20890
15337 20890
14941 20890
6001 20890
14679 20890
4002 20890
12680 20890
3740 20890
3344 20890
26830 20890
3478 20890
3082 20890
26568 20890
24435 20890
1479 20890
24569 20890
24173 20890
24307 20890
15367 20890
14971 20890
15105 20890
12972 20890
13106 20890
12710 20890
3770 20890
3508 20890
1905 20890
1509 20890
24599 20890
24203 20890
1247 20890
24733 20890
24337 20890
15397 20890
13398 20890
13136 20890
12740 20890
12874 20890
12478 20890
1935 20890
1539 20890
1673 20890
1277 20890
24763 20890
24367 20890
1015 20890
24501 20890
22368 20890
22502 20890
22106 20890
13166 20890
12904 20890
10771 20890
10905 20890
1965 20890
10643 20890
1703 20890
1307 20890
1441 20890
22794 20890
22532 20890
22136 20890
22270 20890
21874 20890
11331 20890
10935 20890
11069 20890
10673 20890
1733 20890
22562 20890
22166 20890
22300 20890
21904 20890
20167 20890
20301 20890
20039 20890
11099 20890
10703 20890
10837 20890
8704 20890
8838 20890
8442 20890
20331 20890
20465 20890
20069 20890
11129 20890
9130 20890
8868 20890
8472 20890
8606 20890
8210 20890
20495 20890
20099 20890
20233 20890
18100 20890
18234 20890
17838 20890
8898 20890
8502 20890
8636 20890
6637 20890
20525 20890
18526 20890
18130 20890
18264 20890
17868 20890
18002 20890
17606 20890
7063 20890
6667 20890
6801 20890
6405 20890
27496 20890
27630 20890
27234 20890
18294 20890
17898 20890
18032 20890
17636 20890
15899 20890
16033 20890
7093 20890
6831 20890
6435 20890
6569 20890
4436 20890
27526 20890
4570 20890
4174 20890
27660 20890
27264 20890
27398 20890
27002 20890
18062 20890
16459 20890
16063 20890
16197 20890
15801 20890
6861 20890
6465 20890
4862 20890
4466 20890
4600 20890
4204 20890
27690 20890
27294 20890
4338 20890
27428 20890
27032 20890
25295 20890
25429 20890
16489 20890
16227 20890
15831 20890
15965 20890
13832 20890
13966 20890
13570 20890
4630 20890
4234 20890
4368 20890
27458 20890
2369 20890
25459 20890
25593 20890
25197 20890
16257 20890
15861 20890
14258 20890
13862 20890
13996 20890
13600 20890
13338 20890
4398 20890
2795 20890
2399 20890
25489 20890
2533 20890
2137 20890
25623 20890
25227 20890
25361 20890
24965 20890
23228 20890
23362 20890
22966 20890
14026 20890
13630 20890
13764 20890
13368 20890
11765 20890
2825 20890
2563 20890
2167 20890
25653 20890
25257 20890
2301 20890
25391 20890
168 20890
23654 20890
23258 20890
302 20890
23392 20890
22996 20890
22734 20890
13794 20890
12191 20890
11795 20890
11929 20890
11533 20890
2593 20890
2197 20890
594 20890
198 20890
332 20890
23422 20890
23026 20890
23160 20890
22764 20890
21161 20890
12221 20890
11825 20890
11959 20890
11563 20890
11697 20890
11301 20890
9564 20890
9698 20890
9302 20890
362 20890
496 20890
100 20890
23190 20890
21587 20890
21191 20890
21325 20890
20929 20890
11989 20890
11593 20890
9990 20890
9594 20890
9728 20890
9332 20890
526 20890
130 20890
21617 20890
21221 20890
21355 20890
20959 20890
21093 20890
20697 20890
18960 20890
18698 20890
9758 20890
9362 20890
9496 20890
7497 20890
21385 20890
20989 20890
21123 20890
19386 20890
18990 20890
19124 20890
18728 20890
18466 20890
9526 20890
7789 20890
7923 20890
7527 20890
7661 20890
7265 20890
19154 20890
18758 20890
18892 20890
18496 20890
16893 20890
7953 20890
7557 20890
7691 20890
7295 20890
7033 20890
5296 20890
19184 20890
18922 20890
17319 20890
16923 20890
17057 20890
16661 20890
7721 20890
7325 20890
7459 20890
5722 20890
5326 20890
5460 20890
5064 20890
26289 20890
17349 20890
16953 20890
17087 20890
16691 20890
16429 20890
14692 20890
14430 20890
5490 20890
5094 20890
5624 20890
5228 20890
3229 20890
26715 20890
26319 20890
26057 20890
17117 20890
16721 20890
16855 20890
15118 20890
14722 20890
14856 20890
14460 20890
5520 20890
5654 20890
5258 20890
3655 20890
3259 20890
26745 20890
26349 20890
3393 20890
2997 20890
26483 20890
26087 20890
25825 20890
23826 20890
14886 20890
14490 20890
14624 20890
12625 20890
3685 20890
3289 20890
3423 20890
3027 20890
26513 20890
26117 20890
2765 20890
26251 20890
1028 20890
24118 20890
24252 20890
23856 20890
14916 20890
23594 20890
14654 20890
13051 20890
12655 20890
12393 20890
3453 20890
3057 20890
26543 20890
3191 20890
1454 20890
1058 20890
24544 20890
1192 20890
24282 20890
23886 20890
24020 20890
23624 20890
22021 20890
13081 20890
12685 20890
12819 20890
12423 20890
12161 20890
1484 20890
1222 20890
24312 20890
1356 20890
960 20890
24050 20890
22447 20890
22051 20890
21789 20890
12849 20890
12453 20890
12587 20890
10454 20890
10588 20890
10192 20890
1252 20890
1386 20890
990 20890
22477 20890
22081 20890
22215 20890
21819 20890
12879 20890
21557 20890
10880 20890
19558 20890
10618 20890
10222 20890
10752 20890
10356 20890
1416 20890
8357 20890
22245 20890
21849 20890
21983 20890
19850 20890
19984 20890
19588 20890
10648 20890
10782 20890
10386 20890
8783 20890
8387 20890
8125 20890
22275 20890
20276 20890
20014 20890
19618 20890
19752 20890
8813 20890
8417 20890
8551 20890
8155 20890
7893 20890
20044 20890
19782 20890
18179 20890
17783 20890
8843 20890
17521 20890
8581 20890
8185 20890
8319 20890
6186 20890
6320 20890
18209 20890
17813 20890
17947 20890
17551 20890
8611 20890
17289 20890
6612 20890
6350 20890
6088 20890
4089 20890
27179 20890
18239 20890
26917 20890
17977 20890
17581 20890
17715 20890
15582 20890
15716 20890
15320 20890
6380 20890
6514 20890
6118 20890
4515 20890
4119 20890
27605 20890
27209 20890
3857 20890
27343 20890
26947 20890
18007 20890
26685 20890
16008 20890
24686 20890
15746 20890
15350 20890
15484 20890
6544 20890
4545 20890
4149 20890
27635 20890
4283 20890
3887 20890
27373 20890
26977 20890
3625 20890
27111 20890
24978 20890
25112 20890
24716 20890
15776 20890
15910 20890
15514 20890
13515 20890
4575 20890
13253 20890
4313 20890
3917 20890
27403 20890
4051 20890
1918 20890
25404 20890
2052 20890
25142 20890
24746 20890
24880 20890
13941 20890
13545 20890
13679 20890
13283 20890
4343 20890
13021 20890
2344 20890
2478 20890
2082 20890
25172 20890
1820 20890
24910 20890
22911 20890
13971 20890
22649 20890
13709 20890
13313 20890
13447 20890
11314 20890
11448 20890
2508 20890
2112 20890
2246 20890
1850 20890
23337 20890
22941 20890
23075 20890
22679 20890
13739 20890
22417 20890
11740 20890
11478 20890
11216 20890
2276 20890
277 20890
23367 20890
15 20890
23105 20890
22709 20890
22843 20890
20710 20890
20844 20890
20448 20890
11508 20890
11642 20890
11246 20890
9247 20890
307 20890
8985 20890
45 20890
23135 20890
21136 20890
20874 20890
20478 20890
20612 20890
11672 20890
9673 20890
9277 20890
9411 20890
9015 20890
75 20890
20904 20890
20508 20890
21038 20890
20642 20890
18643 20890
9703 20890
18381 20890
9441 20890
9045 20890
9179 20890
7046 20890
7180 20890
20672 20890
19069 20890
18673 20890
18807 20890
18411 20890
9471 20890
7472 20890
7606 20890
7210 20890
6948 20890
19099 20890
18837 20890
18441 20890
18575 20890
16442 20890
16576 20890
7636 20890
7240 20890
7374 20890
6978 20890
4979 20890
4717 20890
27807 20890
18867 20890
16868 20890
16606 20890
16344 20890
7404 20890
7008 20890
5405 20890
5009 20890
5143 20890
4747 20890
27575 20890
25838 20890
25972 20890
25576 20890
16636 20890
16770 20890
16374 20890
7434 20890
14375 20890
5435 20890
5173 20890
4777 20890
4911 20890
26264 20890
25868 20890
2912 20890
26002 20890
25606 20890
25740 20890
16800 20890
16404 20890
14801 20890
14405 20890
14539 20890
14143 20890
5203 20890
3204 20890
3338 20890
2942 20890
26032 20890
25636 20890
2680 20890
26166 20890
25770 20890
16830 20890
23771 20890
14831 20890
14569 20890
14173 20890
14307 20890
13911 20890
12174 20890
12308 20890
3368 20890
2972 20890
3106 20890
2710 20890
25800 20890
711 20890
24197 20890
23801 20890
23935 20890
23539 20890
14599 20890
14203 20890
14337 20890
12600 20890
12204 20890
12734 20890
12338 20890
3398 20890
12076 20890
3136 20890
2740 20890
1137 20890
741 20890
24227 20890
875 20890
479 20890
23965 20890
23569 20890
23703 20890
23307 20890
21570 20890
21704 20890
12764 20890
12368 20890
12502 20890
12106 20890
3166 20890
10107 20890
1167 20890
905 20890
509 20890
23995 20890
23599 20890
643 20890
23733 20890
21996 20890
21600 20890
21734 20890
12532 20890
12136 20890
10533 20890
10137 20890
10271 20890
9875 20890
935 20890
539 20890
21764 20890
21898 20890
21502 20890
12562 20890
19503 20890
10563 20890
10167 20890
10301 20890
9905 20890
10039 20890
9643 20890
8040 20890
21928 20890
21532 20890
19929 20890
19533 20890
19667 20890
19271 20890
10331 20890
9935 20890
10069 20890
8332 20890
8466 20890
8070 20890
21958 20890
19959 20890
19563 20890
19697 20890
19301 20890
19435 20890
19039 20890
17436 20890
8496 20890
8100 20890
8234 20890
7838 20890
5839 20890
19727 20890
19331 20890
19465 20890
17728 20890
17332 20890
17862 20890
17466 20890
8526 20890
8264 20890
7868 20890
6265 20890
5869 20890
6003 20890
5607 20890
17892 20890
17496 20890
17630 20890
17234 20890
8294 20890
15235 20890
6295 20890
5899 20890
6033 20890
5637 20890
5771 20890
26728 20890
26862 20890
17660 20890
17264 20890
17398 20890
15661 20890
15265 20890
15399 20890
15003 20890
6063 20890
5667 20890
5801 20890
4064 20890
4198 20890
3802 20890
26892 20890
27026 20890
26630 20890
17690 20890
24631 20890
15691 20890
15295 20890
15429 20890
15033 20890
14771 20890
4490 20890
4228 20890
3832 20890
26922 20890
3966 20890
3570 20890
27056 20890
26660 20890
26794 20890
1571 20890
25057 20890
24661 20890
24795 20890
24399 20890
15459 20890
15063 20890
15197 20890
13594 20890
13198 20890
4258 20890
3862 20890
3996 20890
3600 20890
27086 20890
3734 20890
1997 20890
1601 20890
25087 20890
24691 20890
1735 20890
1339 20890
24825 20890
24429 20890
24167 20890
13624 20890
13228 20890
13362 20890
12966 20890
4026 20890
10967 20890
2027 20890
1631 20890
1765 20890
1369 20890
24855 20890
24459 20890
24593 20890
22460 20890
22990 20890
22594 20890
13654 20890
13258 20890
13392 20890
12996 20890
13130 20890
11393 20890
10997 20890
10735 20890
1795 20890
1399 20890
1929 20890
1533 20890
22886 20890
23020 20890
22624 20890
22758 20890
22362 20890
13422 20890
11423 20890
11027 20890
11161 20890
10765 20890
222 20890
22654 20890
22788 20890
22392 20890
20789 20890
20393 20890
20131 20890
11191 20890
10795 20890
10929 20890
9326 20890
8930 20890
22818 20890
20819 20890
20423 20890
20557 20890
20161 20890
11221 20890
19899 20890
9222 20890
9356 20890
8960 20890
9094 20890
8698 20890
20587 20890
20191 20890
20325 20890
18722 20890
18326 20890
9386 20890
8990 20890
9124 20890
8728 20890
7125 20890
6729 20890
6467 20890
20617 20890
18618 20890
18752 20890
18356 20890
18094 20890
9154 20890
7155 20890
6759 20890
6893 20890
6497 20890
27588 20890
27722 20890
18782 20890
18386 20890
18520 20890
18124 20890
16125 20890
15863 20890
6923 20890
6527 20890
7057 20890
6661 20890
5058 20890
4662 20890
27752 20890
27490 20890
18550 20890
16551 20890
16155 20890
16289 20890
15893 20890
6953 20890
7087 20890
4954 20890
5088 20890
4692 20890
27782 20890
4430 20890
27520 20890
25521 20890
16581 20890
25259 20890
16319 20890
15923 20890
16057 20890
14454 20890
14058 20890
5118 20890
4722 20890
4856 20890
4460 20890
27550 20890
2461 20890
25947 20890
25551 20890
25685 20890
25289 20890
16349 20890
25027 20890
14350 20890
14484 20890
14088 20890
13826 20890
4886 20890
2887 20890
2491 20890
25977 20890
2625 20890
25715 20890
25319 20890
25453 20890
23454 20890
14514 20890
14118 20890
14252 20890
13856 20890
11857 20890
2917 20890
2655 20890
25745 20890
2789 20890
2393 20890
23746 20890
790 20890
394 20890
23880 20890
23484 20890
23222 20890
14282 20890
12283 20890
11887 20890
12021 20890
11625 20890
2685 20890
2819 20890
686 20890
820 20890
424 20890
23910 20890
23514 20890
162 20890
23648 20890
23252 20890
21253 20890
12313 20890
20991 20890
12051 20890
11655 20890
11789 20890
9790 20890
850 20890
454 20890
23940 20890
588 20890
192 20890
23678 20890
23282 20890
21679 20890
21283 20890
21417 20890
21021 20890
12081 20890
12215 20890
10082 20890
10216 20890
9820 20890
9558 20890
618 20890
23708 20890
21709 20890
21447 20890
21051 20890
21185 20890
19186 20890
10246 20890
9850 20890
9984 20890
9588 20890
7589 20890
21477 20890
19478 20890
19612 20890
19216 20890
10276 20890
18954 20890
10014 20890
9618 20890
8015 20890
7619 20890
7753 20890
19642 20890
19246 20890
19380 20890
18984 20890
10044 20890
16985 20890
8045 20890
7783 20890
7521 20890
5522 20890
19672 20890
19410 20890
19014 20890
17411 20890
17015 20890
17149 20890
16753 20890
7813 20890
7947 20890
5814 20890
5948 20890
5552 20890
5290 20890
19440 20890
26381 20890
17441 20890
26119 20890
17179 20890
16783 20890
16917 20890
6240 20890
14918 20890
5978 20890
5582 20890
5716 20890
5320 20890
3321 20890
26807 20890
26411 20890
26545 20890
26149 20890
17209 20890
17343 20890
16947 20890
15210 20890
15344 20890
14948 20890
6008 20890
14686 20890
5746 20890
5350 20890
3747 20890
3351 20890
26837 20890
3485 20890
26575 20890
26179 20890
26313 20890
15636 20890
24314 20890
15374 20890
14978 20890
15112 20890
14716 20890
5776 20890
12717 20890
3777 20890
3911 20890
3515 20890
26605 20890
3253 20890
26343 20890
24606 20890
1254 20890
24740 20890
24344 20890
15404 20890
24082 20890
15142 20890
14746 20890
13143 20890
12747 20890
12881 20890
3545 20890
3679 20890
3283 20890
1546 20890
1680 20890
1284 20890
24770 20890
24374 20890
1022 20890
24508 20890
24112 20890
15172 20890
22113 20890
13173 20890
12911 20890
12649 20890
1972 20890
10650 20890
1710 20890
1314 20890
24800 20890
1448 20890
1052 20890
24538 20890
24142 20890
22539 20890
22143 20890
22277 20890
21881 20890
12941 20890
12545 20890
13075 20890
12679 20890
10942 20890
11076 20890
10680 20890
1740 20890
10418 20890
1478 20890
1082 20890
24568 20890
22569 20890
22307 20890
21911 20890
22045 20890
13105 20890
11368 20890
20046 20890
11106 20890
10710 20890
10844 20890
10448 20890
1508 20890
8449 20890
22337 20890
21941 20890
22471 20890
22075 20890
20338 20890
20472 20890
20076 20890
11136 20890
10874 20890
10478 20890
8875 20890
8479 20890
8613 20890
20764 20890
20502 20890
20106 20890
20240 20890
19844 20890
10904 20890
17845 20890
8905 20890
9039 20890
8643 20890
8381 20890
6382 20890
20532 20890
20270 20890
19874 20890
20008 20890
18271 20890
17875 20890
18009 20890
8673 20890
8807 20890
8411 20890
6674 20890
6808 20890
6412 20890
20300 20890
27241 20890
18301 20890
17905 20890
18039 20890
17777 20890
8837 20890
7100 20890
15778 20890
6838 20890
6442 20890
6576 20890
6180 20890
27667 20890
27271 20890
27405 20890
27009 20890
18069 20890
17673 20890
18203 20890
17807 20890
16204 20890
15808 20890
6868 20890
6606 20890
6210 20890
6344 20890
4607 20890
27697 20890
27301 20890
4345 20890
27435 20890
27039 20890
27173 20890
18233 20890
16234 20890
15838 20890
15972 20890
15576 20890
6636 20890
13577 20890
4637 20890
4771 20890
4375 20890
27465 20890
27069 20890
4113 20890
27599 20890
27203 20890
2114 20890
25600 20890
25204 20890
16264 20890
16002 20890
15606 20890
15740 20890
14003 20890
13607 20890
13741 20890
4801 20890
4405 20890
4539 20890
4143 20890
2540 20890
2144 20890
25630 20890
25234 20890
25368 20890
24972 20890
16032 20890
14033 20890
13637 20890
14167 20890
13771 20890
4831 20890
4569 20890
2570 20890
2174 20890
25660 20890
25264 20890
2308 20890
1912 20890
25398 20890
25002 20890
25136 20890
23003 20890
23137 20890
14197 20890
13801 20890
13935 20890
13539 20890
11936 20890
11540 20890
2600 20890
2338 20890
1942 20890
25428 20890
2076 20890
339 20890
23429 20890
23033 20890
77 20890
23167 20890
13965 20890
11966 20890
11570 20890
11704 20890
11308 20890
2368 20890
765 20890
369 20890
503 20890
107 20890
23197 20890
22801 20890
23331 20890
22935 20890
21332 20890
20936 20890
11996 20890
11600 20890
11734 20890
11338 20890
11472 20890
9473 20890
533 20890
137 20890
271 20890
23361 20890
21362 20890
20966 20890
21100 20890
20704 20890
11764 20890
9765 20890
9899 20890
9503 20890
563 20890
301 20890
21392 20890
20996 20890
21130 20890
20734 20890
18735 20890
9929 20890
9533 20890
9667 20890
9271 20890
7668 20890
7272 20890
21160 20890
19161 20890
18765 20890
19295 20890
18899 20890
9959 20890
9697 20890
7564 20890
7698 20890
7302 20890
7436 20890
7040 20890
19325 20890
18929 20890
19063 20890
18667 20890
17064 20890
16668 20890
7728 20890
7332 20890
7466 20890
7070 20890
18959 20890
19093 20890
16960 20890
17094 20890
16698 20890
16832 20890
16436 20890
7496 20890
5497 20890
5631 20890
5235 20890
26064 20890
17124 20890
16728 20890
16862 20890
16466 20890
5661 20890
5265 20890
5399 20890
5003 20890
26356 20890
3400 20890
3004 20890
26490 20890
26094 20890
25832 20890
16892 20890
16496 20890
14893 20890
15027 20890
14631 20890
5691 20890
5295 20890
5429 20890
3296 20890
3430 20890
3034 20890
26520 20890
26124 20890
3168 20890
2772 20890
26258 20890
25862 20890
23863 20890
14923 20890
15057 20890
14661 20890
14795 20890
14399 20890
12400 20890
3460 20890
3064 20890
3198 20890
2802 20890
26288 20890
25892 20890
24289 20890
23893 20890
24423 20890
24027 20890
15087 20890
14691 20890
14825 20890
12692 20890
12826 20890
12430 20890
12168 20890
3228 20890
2832 20890
26318 20890
3362 20890
1229 20890
24319 20890
1363 20890
967 20890
24453 20890
24057 20890
24191 20890
23795 20890
21796 20890
12856 20890
12460 20890
12594 20890
12198 20890
1655 20890
1259 20890
1393 20890
997 20890
24087 20890
1131 20890
735 20890
24221 20890
22088 20890
22222 20890
21826 20890
21564 20890
12624 20890
12228 20890
10625 20890
10759 20890
10363 20890
1423 20890
1027 20890
1161 20890
22252 20890
21856 20890
21990 20890
21594 20890
12654 20890
10655 20890
10789 20890
10393 20890
10527 20890
10131 20890
8132 20890
22020 20890
21624 20890
20021 20890
20155 20890
19759 20890
10819 20890
10423 20890
10557 20890
8424 20890
8558 20890
8162 20890
7900 20890
22050 20890
20051 20890
20185 20890
19789 20890
19527 20890
17528 20890
8588 20890
8192 20890
8326 20890
7930 20890
20215 20890
19819 20890
19953 20890
19557 20890
17820 20890
17954 20890
17558 20890
8618 20890
17296 20890
8356 20890
7960 20890
8490 20890
6357 20890
6491 20890
6095 20890
19983 20890
26924 20890
17984 20890
17588 20890
17722 20890
17326 20890
8386 20890
6783 20890
6387 20890
6521 20890
6125 20890
5863 20890
27216 20890
3864 20890
27350 20890
26954 20890
18014 20890
26692 20890
17752 20890
17356 20890
15753 20890
15491 20890
6551 20890
6155 20890
6289 20890
5893 20890
4156 20890
27642 20890
4290 20890
3894 20890
27380 20890
26984 20890
27118 20890
26722 20890
17782 20890
26460 20890
15783 20890
15917 20890
15521 20890
15259 20890
6319 20890
13260 20890
4320 20890
3924 20890
27410 20890
4058 20890
27148 20890
26752 20890
26886 20890
25149 20890
24887 20890
15947 20890
15551 20890
15685 20890
15289 20890
13552 20890
13686 20890
13290 20890
4350 20890
13028 20890
4088 20890
27178 20890
2089 20890
25179 20890
1827 20890
25313 20890
24917 20890
15977 20890
24655 20890
15715 20890
13978 20890
22656 20890
13716 20890
13320 20890
13454 20890
13058 20890
4118 20890
2515 20890
2119 20890
2253 20890
1857 20890
25343 20890
24947 20890
1595 20890
25081 20890
24685 20890
23082 20890
22686 20890
13746 20890
22424 20890
13484 20890
13088 20890
13222 20890
11485 20890
11223 20890
2283 20890
1887 20890
25373 20890
2021 20890
1625 20890
25111 20890
23374 20890
22 20890
23112 20890
22716 20890
22850 20890
22454 20890
13514 20890
11911 20890
11515 20890
11649 20890
11253 20890
2313 20890
10991 20890
2051 20890
314 20890
8992 20890
52 20890
23142 20890
186 20890
22880 20890
22484 20890
22618 20890
20881 20890
20619 20890
11679 20890
11283 20890
11417 20890
11021 20890
9284 20890
9418 20890
9022 20890
82 20890
216 20890
22910 20890
21307 20890
20911 20890
21045 20890
20649 20890
11709 20890
20387 20890
11447 20890
9710 20890
18388 20890
9448 20890
9052 20890
9186 20890
21075 20890
20679 20890
20813 20890
20417 20890
18814 20890
18418 20890
9478 20890
18156 20890
9216 20890
8954 20890
7217 20890
6955 20890
21105 20890
20843 20890
27784 20890
18844 20890
18448 20890
18582 20890
18186 20890
9246 20890
9380 20890
7643 20890
7247 20890
7381 20890
6985 20890
6723 20890
27814 20890
18874 20890
18612 20890
18216 20890
18350 20890
16613 20890
7673 20890
16351 20890
7411 20890
7015 20890
7149 20890
6753 20890
5150 20890
4754 20890
27582 20890
18642 20890
17039 20890
16643 20890
16777 20890
16381 20890
7441 20890
16119 20890
7179 20890
14120 20890
5180 20890
4784 20890
4918 20890
27612 20890
27746 20890
17069 20890
25747 20890
16807 20890
16411 20890
16545 20890
16149 20890
14546 20890
14150 20890
5210 20890
5344 20890
4948 20890
4686 20890
2949 20890
26039 20890
2687 20890
26173 20890
25777 20890
16837 20890
25515 20890
16575 20890
23516 20890
14576 20890
14180 20890
14314 20890
4978 20890
5112 20890
3375 20890
2979 20890
3113 20890
2717 20890
26203 20890
25807 20890
2455 20890
25941 20890
25545 20890
23942 20890
23546 20890
14606 20890
14344 20890
14082 20890
3405 20890
12083 20890
3143 20890
2747 20890
26233 20890
2881 20890
2485 20890
25971 20890
882 20890
23972 20890
23576 20890
23710 20890
23314 20890
14374 20890
14508 20890
12771 20890
12375 20890
12509 20890
12113 20890
3173 20890
11851 20890
2911 20890
912 20890
24002 20890
650 20890
23740 20890
23344 20890
23478 20890
12801 20890
21479 20890
12539 20890
12143 20890
12277 20890
11881 20890
10278 20890
9882 20890
942 20890
1076 20890
680 20890
23770 20890
418 20890
21771 20890
21905 20890
21509 20890
12569 20890
12307 20890
10308 20890
9912 20890
10046 20890
1106 20890
710 20890
844 20890
22197 20890
21935 20890
21539 20890
21673 20890
21277 20890
19674 20890
19278 20890
10338 20890
9942 20890
10472 20890
10076 20890
1136 20890
9814 20890
7815 20890
21965 20890
21703 20890
19704 20890
19308 20890
19442 20890
10106 20890
10240 20890
8107 20890
8241 20890
7845 20890
19734 20890
19338 20890
19472 20890
19210 20890
8533 20890
8271 20890
7875 20890
8009 20890
7613 20890
6010 20890
19502 20890
19106 20890
19636 20890
17503 20890
17637 20890
17241 20890
8301 20890
8039 20890
6040 20890
5778 20890
17929 20890
17667 20890
17271 20890
17405 20890
17009 20890
15010 20890
6070 20890
6204 20890
5808 20890
5546 20890
26899 20890
27033 20890
26637 20890
17697 20890
17301 20890
17435 20890
15302 20890
15436 20890
15040 20890
15174 20890
6234 20890
5838 20890
5972 20890
3839 20890
27325 20890
3973 20890
3577 20890
27063 20890
26667 20890
26801 20890
26405 20890
24406 20890
15466 20890
15070 20890
15600 20890
15204 20890
6264 20890
4265 20890
4003 20890
3607 20890
27093 20890
26697 20890
3741 20890
3345 20890
26831 20890
26435 20890
24698 20890
24832 20890
24436 20890
15234 20890
15368 20890
13235 20890
13369 20890
12973 20890
4033 20890
3637 20890
3771 20890
1638 20890
1772 20890
24862 20890
24466 20890
1510 20890
24600 20890
13661 20890
13399 20890
13003 20890
13137 20890
12741 20890
2198 20890
1802 20890
1936 20890
1540 20890
24630 20890
24234 20890
24764 20890
22631 20890
22765 20890
22369 20890
13429 20890
13033 20890
13167 20890
11034 20890
11168 20890
1966 20890
1570 20890
1704 20890
23057 20890
22661 20890
22795 20890
22399 20890
22533 20890
22137 20890
20138 20890
11198 20890
11332 20890
10936 20890
1996 20890
22825 20890
22429 20890
22563 20890
22167 20890
20430 20890
20564 20890
20168 20890
11362 20890
10966 20890
11100 20890
8967 20890
9101 20890
8705 20890
22593 20890
20594 20890
20198 20890
20728 20890
20332 20890
11392 20890
10996 20890
9393 20890
8997 20890
9131 20890
8735 20890
8869 20890
8473 20890
20362 20890
20496 20890
18363 20890
18497 20890
18101 20890
9161 20890
8765 20890
8899 20890
8503 20890
6766 20890
6900 20890
20392 20890
18789 20890
18393 20890
18527 20890
18131 20890
17869 20890
8929 20890
7326 20890
6930 20890
7064 20890
6668 20890
27759 20890
27497 20890
18557 20890
18161 20890
18295 20890
17899 20890
16162 20890
16296 20890
7094 20890
6698 20890
6832 20890
4699 20890
27789 20890
4833 20890
4437 20890
27527 20890
27265 20890
18325 20890
25266 20890
16326 20890
16460 20890
16064 20890
7124 20890
6728 20890
5125 20890
4729 20890
4863 20890
4467 20890
27557 20890
4205 20890
27691 20890
27295 20890
25692 20890
25296 20890
16356 20890
16490 20890
16094 20890
16228 20890
15832 20890
14095 20890
14229 20890
13833 20890
4893 20890
4497 20890
4631 20890
4235 20890
27721 20890
2632 20890
25722 20890
25326 20890
25856 20890
25460 20890
16520 20890
16124 20890
14521 20890
14125 20890
14259 20890
13863 20890
13601 20890
4661 20890
3058 20890
2662 20890
25752 20890
2796 20890
2400 20890
25490 20890
25228 20890
23491 20890
23229 20890
14289 20890
13893 20890
14027 20890
13631 20890
12028 20890
3088 20890
2692 20890
2826 20890
2430 20890
25520 20890
2564 20890
2168 20890
25654 20890
431 20890
23917 20890
23521 20890
169 20890
23655 20890
23259 20890
22997 20890
14057 20890
12320 20890
12454 20890
12058 20890
12192 20890
11796 20890
2856 20890
2460 20890
857 20890
461 20890
595 20890
199 20890
23685 20890
23289 20890
23423 20890
23027 20890
21424 20890
12088 20890
12222 20890
11826 20890
11564 20890
9827 20890
9565 20890
625 20890
229 20890
23715 20890
363 20890
23453 20890
21454 20890
21588 20890
21192 20890
12252 20890
11856 20890
11990 20890
10253 20890
9857 20890
9991 20890
9595 20890
9333 20890
393 20890
21484 20890
21618 20890
21222 20890
20960 20890
19223 20890
18961 20890
10021 20890
9625 20890
9759 20890
9363 20890
7760 20890
21648 20890
21252 20890
21386 20890
19649 20890
19253 20890
19387 20890
18991 20890
10051 20890
18729 20890
9789 20890
8186 20890
7790 20890
7924 20890
7528 20890
19679 20890
19417 20890
19021 20890
19155 20890
18759 20890
17156 20890
8216 20890
7820 20890
7954 20890
7558 20890
7296 20890
5559 20890
5297 20890
19447 20890
19185 20890
17582 20890
17186 20890
16924 20890
7984 20890
7588 20890
7722 20890
5985 20890
5589 20890
5723 20890
5327 20890
26552 20890
17216 20890
17350 20890
16954 20890
16692 20890
6015 20890
14693 20890
5753 20890
5357 20890
5491 20890
3492 20890
26582 20890
26320 20890
17380 20890
16984 20890
17118 20890
14985 20890
15119 20890
14723 20890
5783 20890
14461 20890
5521 20890
3918 20890
3522 20890
26612 20890
3260 20890
26746 20890
26350 20890
17410 20890
26088 20890
15411 20890
24089 20890
15149 20890
14753 20890
14887 20890
14491 20890
12888 20890
3948 20890
3552 20890
3686 20890
3290 20890
26776 20890
26380 20890
3028 20890
26514 20890
24381 20890
1029 20890
24515 20890
24119 20890
15179 20890
23857 20890
14917 20890
13314 20890
12918 20890
12656 20890
3716 20890
3320 20890
26806 20890
3454 20890
1321 20890
24807 20890
1455 20890
1059 20890
24545 20890
24149 20890
24283 20890
23887 20890
13344 20890
12948 20890
13082 20890
12686 20890
3746 20890
12424 20890
1747 20890
10425 20890
1485 20890
1089 20890
24575 20890
1223 20890
24313 20890
22710 20890
22314 20890
13374 20890
22052 20890
13112 20890
12716 20890
12850 20890
10717 20890
10851 20890
10455 20890
1515 20890
1253 20890
22344 20890
22478 20890
22082 20890
13142 20890
21820 20890
11143 20890
19821 20890
10881 20890
10485 20890
10619 20890
22508 20890
22112 20890
22246 20890
20113 20890
20247 20890
19851 20890
10911 20890
10649 20890
9046 20890
8650 20890
8388 20890
22538 20890
20539 20890
20277 20890
19881 20890
20015 20890
19619 20890
9076 20890
8680 20890
8814 20890
8418 20890
8156 20890
6157 20890
20307 20890
20045 20890
18046 20890
9106 20890
17784 20890
8844 20890
8448 20890
8582 20890
6449 20890
6583 20890
6187 20890
18472 20890
18076 20890
18210 20890
17814 20890
8874 20890
17552 20890
6875 20890
15553 20890
6613 20890
6217 20890
6351 20890
27442 20890
18502 20890
27180 20890
18240 20890
17844 20890
17978 20890
15845 20890
15979 20890
15583 20890
6643 20890
6777 20890
6381 20890
4382 20890
27472 20890
4120 20890
27606 20890
27210 20890
18270 20890
16271 20890
16009 20890
15613 20890
15747 20890
4808 20890
4412 20890
4546 20890
4150 20890
27636 20890
27240 20890
3888 20890
27374 20890
25241 20890
25375 20890
24979 20890
16039 20890
15777 20890
15381 20890
13778 20890
4838 20890
13516 20890
4576 20890
4180 20890
27666 20890
4314 20890
2181 20890
25667 20890
2315 20890
25405 20890
25009 20890
25143 20890
24747 20890
14204 20890
13808 20890
13942 20890
13546 20890
4606 20890
2607 20890
2345 20890
25435 20890
25039 20890
2083 20890
25173 20890
24777 20890
23174 20890
14234 20890
22912 20890
13972 20890
13576 20890
13710 20890
11577 20890
11711 20890
11315 20890
2375 20890
2509 20890
2113 20890
25203 20890
114 20890
23600 20890
23204 20890
23338 20890
22942 20890
14002 20890
12003 20890
11741 20890
11345 20890
11479 20890
2539 20890
540 20890
144 20890
23630 20890
278 20890
23368 20890
22972 20890
23106 20890
20973 20890
21107 20890
20711 20890
11771 20890
11375 20890
11905 20890
11509 20890
9510 20890
570 20890
9248 20890
308 20890
23398 20890
46 20890
21399 20890
21003 20890
21137 20890
20741 20890
20875 20890
11539 20890
9936 20890
9540 20890
9674 20890
9278 20890
338 20890
21167 20890
20771 20890
20905 20890
20509 20890
18906 20890
9966 20890
9704 20890
9308 20890
9442 20890
7309 20890
7443 20890
20935 20890
19332 20890
18936 20890
19070 20890
18674 20890
9734 20890
7735 20890
7339 20890
7473 20890
7211 20890
19362 20890
19100 20890
18704 20890
18838 20890
18442 20890
16705 20890
16839 20890
16443 20890
7503 20890
7107 20890
7637 20890
7241 20890
5242 20890
19130 20890
18734 20890
18868 20890
17131 20890
16735 20890
16869 20890
16473 20890
16607 20890
7667 20890
7271 20890
5668 20890
5272 20890
5406 20890
5010 20890
26101 20890
26235 20890
25839 20890
16899 20890
16503 20890
17033 20890
16637 20890
7697 20890
14638 20890
5698 20890
5436 20890
5040 20890
5174 20890
4778 20890
3041 20890
26527 20890
26131 20890
3175 20890
26265 20890
25869 20890
16667 20890
15064 20890
14668 20890
14802 20890
14406 20890
5466 20890
5070 20890
5204 20890
3467 20890
3071 20890
3601 20890
3205 20890
26295 20890
25899 20890
26033 20890
25637 20890
24034 20890
15094 20890
14698 20890
14832 20890
14436 20890
14570 20890
14174 20890
12437 20890
12571 20890
3235 20890
3369 20890
2973 20890
26063 20890
974 20890
24460 20890
24064 20890
24198 20890
23802 20890
14862 20890
14466 20890
14600 20890
12863 20890
12467 20890
12601 20890
3399 20890
3003 20890
1400 20890
1004 20890
24490 20890
24094 20890
1138 20890
742 20890
24228 20890
23832 20890
23966 20890
23570 20890
21571 20890
12631 20890
12235 20890
12765 20890
12369 20890
3429 20890
10370 20890
1430 20890
1034 20890
1168 20890
772 20890
24258 20890
23862 20890
906 20890
510 20890
23996 20890
22259 20890
21863 20890
21997 20890
21601 20890
12795 20890
12399 20890
10796 20890
10400 20890
10534 20890
10138 20890
1198 20890
802 20890
936 20890
22027 20890
21631 20890
22161 20890
21765 20890
12825 20890
19766 20890
10826 20890
10430 20890
10564 20890
10168 20890
10302 20890
9906 20890
8169 20890
22057 20890
21795 20890
21929 20890
20192 20890
19796 20890
19930 20890
19534 20890
10594 20890
10198 20890
10332 20890
8595 20890
8199 20890
8729 20890
8333 20890
20222 20890
19826 20890
19960 20890
19564 20890
19302 20890
8363 20890
8497 20890
8101 20890
6102 20890
19990 20890
19594 20890
19728 20890
17595 20890
17729 20890
8393 20890
8527 20890
8131 20890
8265 20890
6528 20890
6132 20890
6266 20890
5870 20890
26699 20890
17759 20890
17363 20890
17893 20890
17497 20890
8557 20890
15498 20890
6558 20890
6162 20890
6296 20890
5900 20890
5638 20890
26991 20890
27125 20890
26729 20890
17789 20890
17923 20890
17527 20890
17661 20890
15924 20890
15528 20890
15266 20890
6326 20890
5930 20890
6064 20890
27417 20890
4461 20890
4065 20890
27155 20890
26759 20890
27289 20890
26893 20890
17953 20890
15954 20890
15558 20890
15692 20890
15296 20890
15034 20890
4491 20890
4095 20890
27185 20890
4229 20890
3833 20890
26923 20890
1834 20890
24924 20890
24662 20890
15722 20890
15326 20890
15460 20890
13327 20890
13857 20890
13461 20890
4521 20890
4125 20890
4259 20890
3863 20890
2260 20890
1864 20890
25350 20890
24954 20890
1602 20890
25088 20890
24692 20890
15752 20890
24430 20890
13753 20890
13887 20890
13491 20890
13625 20890
13229 20890
4289 20890
2290 20890
1894 20890
2028 20890
1632 20890
25118 20890
24722 20890
24856 20890
22723 20890
22857 20890
13521 20890
13655 20890
13259 20890
11656 20890
11260 20890
10998 20890
2058 20890
1662 20890
25148 20890
1796 20890
23149 20890
193 20890
22887 20890
22491 20890
22625 20890
13685 20890
11686 20890
11290 20890
11424 20890
11028 20890
2088 20890
10766 20890
89 20890
223 20890
22917 20890
23051 20890
22655 20890
20656 20890
20394 20890
11454 20890
11058 20890
11192 20890
9589 20890
9193 20890
253 20890
23081 20890
21082 20890
20686 20890
20820 20890
20424 20890
11484 20890
20162 20890
9485 20890
9619 20890
9223 20890
8961 20890
21 20890
21112 20890
20850 20890
20454 20890
20588 20890
18455 20890
18985 20890
18589 20890
9649 20890
9253 20890
9387 20890
8991 20890
6992 20890
6730 20890
20880 20890
18881 20890
19015 20890
18619 20890
18357 20890
9417 20890
7418 20890
7022 20890
7156 20890
6760 20890
18649 20890
18783 20890
18387 20890
16388 20890
7448 20890
16126 20890
7186 20890
6790 20890
6924 20890
4925 20890
27619 20890
27753 20890
18813 20890
18417 20890
16814 20890
16418 20890
16552 20890
16156 20890
7216 20890
15894 20890
5217 20890
5351 20890
4955 20890
4693 20890
27783 20890
25784 20890
16844 20890
25522 20890
16582 20890
16186 20890
16320 20890
14321 20890
5381 20890
4985 20890
5119 20890
4723 20890
27813 20890
2724 20890
26210 20890
25814 20890
2462 20890
25948 20890
25552 20890
16612 20890
25290 20890
14613 20890
14747 20890
14351 20890
5411 20890
14089 20890
5149 20890
3150 20890
2754 20890
26240 20890
2888 20890
2492 20890
25978 20890
25582 20890
25716 20890
25320 20890
23583 20890
23717 20890
14777 20890
14381 20890
14515 20890
14119 20890
12120 20890
3180 20890
11858 20890
2918 20890
2522 20890
26008 20890
2656 20890
24009 20890
657 20890
24143 20890
23747 20890
14807 20890
23485 20890
14545 20890
14149 20890
12546 20890
12150 20890
12284 20890
11888 20890
2948 20890
949 20890
1083 20890
687 20890
23777 20890
425 20890
23911 20890
23515 20890
14575 20890
21516 20890
12576 20890
21254 20890
12314 20890
11918 20890
12052 20890
10053 20890
1113 20890
717 20890
851 20890
455 20890
23941 20890
23545 20890
21942 20890
21546 20890
21680 20890
21284 20890
12344 20890
10345 20890
10479 20890
10083 20890
1143 20890
9821 20890
881 20890
485 20890
23971 20890
21972 20890
21710 20890
21314 20890
21448 20890
21052 20890
19449 20890
10509 20890
10113 20890
10247 20890
9851 20890
911 20890
7852 20890
7590 20890
21740 20890
21478 20890
19741 20890
19875 20890
19479 20890
10539 20890
19217 20890
10277 20890
9881 20890
8278 20890
7882 20890
8016 20890
7620 20890
19905 20890
19509 20890
19643 20890
19247 20890
10307 20890
17248 20890
8308 20890
8046 20890
7650 20890
7784 20890
5785 20890
19935 20890
19673 20890
19277 20890
17674 20890
17278 20890
17412 20890
17016 20890
8076 20890
7814 20890
6077 20890
6211 20890
5815 20890
5553 20890
19703 20890
26644 20890
17704 20890
17442 20890
17046 20890
17180 20890
6503 20890
15181 20890
6241 20890
5845 20890
5979 20890
5583 20890
3584 20890
27070 20890
26674 20890
26808 20890
26412 20890
17472 20890
17076 20890
17210 20890
15473 20890
15607 20890
15211 20890
6271 20890
14949 20890
6009 20890
5613 20890
4010 20890
3614 20890
27100 20890
3748 20890
26838 20890
26442 20890
26576 20890
26180 20890
24577 20890
15637 20890
15241 20890
15375 20890
14979 20890
6039 20890
12980 20890
4040 20890
3778 20890
26868 20890
26472 20890
3516 20890
26606 20890
24869 20890
24473 20890
1517 20890
25003 20890
24607 20890
15667 20890
15405 20890
15009 20890
13406 20890
13010 20890
13144 20890
12748 20890
3808 20890
3412 20890
3942 20890
3546 20890
1809 20890
1943 20890
1547 20890
25033 20890
24637 20890
1285 20890
24771 20890
24375 20890
15435 20890
22376 20890
13436 20890
13174 20890
12778 20890
12912 20890
3972 20890
2235 20890
10913 20890
1973 20890
1577 20890
25063 20890
1711 20890
1315 20890
24801 20890
24405 20890
24539 20890
22802 20890
22406 20890
22540 20890
22144 20890
13204 20890
12808 20890
12942 20890
11205 20890
11339 20890
10943 20890
2003 20890
1741 20890
1345 20890
24831 20890
22832 20890
22436 20890
22570 20890
22174 20890
22308 20890
11631 20890
20309 20890
11369 20890
10973 20890
11107 20890
10711 20890
1771 20890
8712 20890
22600 20890
22204 20890
22338 20890
20735 20890
20339 20890
11399 20890
11137 20890
10741 20890
10875 20890
9138 20890
8742 20890
8876 20890
20765 20890
20369 20890
20503 20890
20107 20890
11167 20890
18108 20890
9168 20890
8772 20890
8906 20890
8644 20890
6645 20890
20795 20890
20533 20890
20137 20890
20271 20890
18534 20890
18138 20890
18272 20890
17876 20890
8936 20890
8540 20890
9070 20890
8674 20890
7071 20890
6675 20890
20563 20890
18564 20890
18168 20890
18302 20890
17906 20890
9100 20890
7101 20890
6705 20890
6839 20890
6443 20890
4444 20890
27534 20890
27668 20890
27272 20890
18332 20890
17936 20890
18070 20890
16467 20890
16071 20890
7131 20890
6869 20890
6473 20890
6607 20890
4870 20890
4474 20890
27564 20890
4608 20890
27698 20890
27302 20890
16497 20890
16101 20890
16235 20890
15839 20890
6899 20890
4900 20890
4504 20890
5034 20890
4638 20890
27728 20890
27332 20890
27466 20890
25863 20890
25467 20890
16527 20890
16131 20890
16265 20890
15869 20890
16003 20890
13870 20890
14004 20890
4668 20890
4802 20890
4406 20890
25759 20890
2803 20890
2407 20890
25893 20890
25497 20890
25631 20890
25235 20890
16295 20890
14296 20890
13900 20890
14034 20890
4832 20890
2833 20890
2437 20890
25923 20890
25527 20890
2571 20890
2175 20890
25661 20890
25265 20890
23266 20890
23004 20890
14064 20890
13668 20890
14198 20890
13802 20890
12199 20890
11803 20890
2863 20890
2467 20890
2601 20890
2205 20890
25691 20890
2339 20890
23692 20890
23296 20890
23430 20890
23034 20890
14228 20890
12095 20890
12229 20890
11833 20890
11967 20890
11571 20890
2631 20890
632 20890
236 20890
766 20890
370 20890
23460 20890
23064 20890
23198 20890
21595 20890
21199 20890
12259 20890
11863 20890
11997 20890
11601 20890
9602 20890
796 20890
400 20890
23490 20890
534 20890
138 20890
21491 20890
21625 20890
21229 20890
21363 20890
20967 20890
12027 20890
10028 20890
9632 20890
10162 20890
9766 20890
826 20890
430 20890
564 20890
21655 20890
21259 20890
21393 20890
20997 20890
18998 20890
9796 20890
9930 20890
9534 20890
7931 20890
7535 20890
21423 20890
21027 20890
19424 20890
19028 20890
19162 20890
9826 20890
9960 20890
7827 20890
7961 20890
7565 20890
7303 20890
19454 20890
19192 20890
18796 20890
19326 20890
18930 20890
16931 20890
7991 20890
7595 20890
7729 20890
7333 20890
19222 20890
19356 20890
17223 20890
17357 20890
16961 20890
16699 20890
7759 20890
7363 20890
5760 20890
5364 20890
5894 20890
5498 20890
26327 20890
17387 20890
16991 20890
17125 20890
16729 20890
14730 20890
5790 20890
5924 20890
5528 20890
5662 20890
5266 20890
26619 20890
3267 20890
26753 20890
26357 20890
26095 20890
17155 20890
16759 20890
15156 20890
14760 20890
15290 20890
14894 20890
5954 20890
5558 20890
5692 20890
3559 20890
3693 20890
3297 20890
26783 20890
26387 20890
3035 20890
26521 20890
26125 20890
17185 20890
24126 20890
15186 20890
14924 20890
15058 20890
14662 20890
12663 20890
3723 20890
3327 20890
26813 20890
3461 20890
3065 20890
26551 20890
26155 20890
24552 20890
24156 20890
24290 20890
14954 20890
15088 20890
12955 20890
13089 20890
12693 20890
12431 20890
3491 20890
3095 20890
26581 20890
1492 20890
24582 20890
1626 20890
1230 20890
24320 20890
23924 20890
24058 20890
22059 20890
13119 20890
12723 20890
12857 20890
12461 20890
3521 20890
1522 20890
1656 20890
1260 20890
24350 20890
998 20890
24484 20890
24088 20890
22351 20890
22485 20890
22089 20890
13149 20890
21827 20890
12887 20890
12491 20890
10888 20890
11022 20890
10626 20890
1686 20890
1290 20890
1424 20890
24514 20890
22515 20890
22119 20890
22253 20890
21857 20890
12917 20890
19858 20890
10918 20890
11052 20890
10656 20890
10394 20890
8395 20890
22545 20890
22283 20890
21887 20890
20284 20890
19888 20890
20022 20890
11082 20890
10686 20890
10820 20890
10424 20890
8687 20890
8821 20890
8425 20890
8163 20890
22313 20890
20314 20890
20052 20890
19790 20890
10850 20890
17791 20890
8851 20890
8455 20890
8589 20890
8193 20890
20082 20890
20216 20890
19820 20890
18083 20890
18217 20890
17821 20890
8881 20890
17559 20890
8619 20890
8223 20890
6620 20890
6358 20890
20246 20890
18509 20890
27187 20890
18247 20890
17851 20890
17985 20890
17589 20890
8649 20890
17327 20890
6650 20890
6784 20890
6388 20890
6126 20890
4127 20890
27613 20890
27217 20890
18277 20890
26955 20890
18015 20890
17619 20890
17753 20890
16016 20890
15754 20890
6814 20890
6418 20890
6552 20890
6156 20890
4419 20890
4553 20890
4157 20890
27643 20890
27247 20890
3895 20890
27381 20890
26985 20890
18045 20890
24986 20890
16046 20890
16180 20890
15784 20890
6844 20890
15522 20890
6582 20890
4845 20890
13523 20890
4583 20890
4187 20890
27673 20890
4321 20890
3925 20890
27411 20890
27015 20890
27149 20890
25412 20890
25016 20890
25150 20890
16210 20890
15814 20890
15948 20890
15552 20890
13949 20890
13553 20890
4613 20890
13291 20890
4351 20890
3955 20890
27441 20890
2352 20890
25442 20890
2090 20890
25180 20890
16240 20890
24918 20890
15978 20890
14241 20890
22919 20890
13979 20890
13583 20890
13717 20890
13321 20890
4381 20890
2778 20890
2382 20890
2516 20890
2120 20890
25210 20890
1858 20890
25344 20890
24948 20890
23345 20890
22949 20890
14009 20890
22687 20890
13747 20890
13351 20890
13485 20890
11748 20890
2808 20890
11486 20890
2546 20890
2150 20890
2284 20890
1888 20890
25374 20890
151 20890
285 20890
23375 20890
22979 20890
23113 20890
22717 20890
13777 20890
11778 20890
11912 20890
11516 20890
2576 20890
11254 20890
2314 20890
577 20890
9255 20890
315 20890
23405 20890
53 20890
23143 20890
22747 20890
22881 20890
21144 20890
20882 20890
11942 20890
11546 20890
11680 20890
11284 20890
9681 20890
9285 20890
345 20890
83 20890
23173 20890
21174 20890
20778 20890
21308 20890
20912 20890
11972 20890
20650 20890
11710 20890
18651 20890
9711 20890
9315 20890
9449 20890
9053 20890
113 20890
247 20890
21338 20890
20942 20890
21076 20890
20680 20890
19077 20890
18681 20890
9741 20890
9479 20890
9083 20890
9217 20890
7480 20890
7218 20890
21368 20890
21106 20890
19107 20890
18711 20890
18845 20890
18449 20890
9509 20890
7906 20890
7510 20890
7644 20890
7248 20890
6986 20890
4987 20890
19137 20890
18875 20890
18479 20890
18613 20890
7936 20890
16614 20890
7674 20890
7278 20890
7412 20890
7016 20890
5413 20890
5017 20890
18905 20890
16906 20890
17040 20890
16644 20890
7704 20890
16382 20890
7442 20890
5443 20890
5047 20890
5181 20890
26010 20890
17070 20890
16674 20890
16808 20890
16412 20890
14809 20890
14413 20890
5473 20890
5211 20890
4815 20890
4949 20890
26302 20890
25906 20890
2950 20890
26436 20890
26040 20890
17100 20890
16838 20890
14839 20890
14443 20890
14577 20890
14181 20890
5241 20890
5375 20890
3638 20890
3242 20890
3376 20890
2980 20890
26466 20890
26070 20890
26204 20890
25808 20890
23809 20890
14869 20890
14473 20890
14607 20890
14211 20890
14345 20890
3668 20890
12346 20890
3406 20890
3010 20890
26496 20890
3144 20890
2748 20890
26234 20890
1145 20890
749 20890
24235 20890
23839 20890
23973 20890
23577 20890
14637 20890
12638 20890
12772 20890
12376 20890
3436 20890
3174 20890
1175 20890
779 20890
24265 20890
23869 20890
913 20890
24003 20890
23607 20890
23741 20890
13064 20890
12802 20890
12406 20890
12540 20890
12144 20890
10541 20890
10145 20890
1205 20890
809 20890
943 20890
24033 20890
23637 20890
681 20890
22034 20890
22168 20890
21772 20890
12832 20890
12570 20890
10571 20890
10175 20890
10309 20890
973 20890
1107 20890
22198 20890
21802 20890
21936 20890
21540 20890
19541 20890
10601 20890
10205 20890
10339 20890
9943 20890
22228 20890
21832 20890
21966 20890
19833 20890
19967 20890
19571 20890
19705 20890
19309 20890
10369 20890
9973 20890
10503 20890
8370 20890
8504 20890
8108 20890
19997 20890
19601 20890
19735 20890
19339 20890
8796 20890
8534 20890
8138 20890
8272 20890
7876 20890
5877 20890
19765 20890
19369 20890
17766 20890
17900 20890
17504 20890
8564 20890
8168 20890
8302 20890
6169 20890
6303 20890
5907 20890
6041 20890
18192 20890
17930 20890
17534 20890
17668 20890
17272 20890
15273 20890
6333 20890
5937 20890
6071 20890
27162 20890
27296 20890
26900 20890
17960 20890
17564 20890
17698 20890
17302 20890
15565 20890
15699 20890
15303 20890
6101 20890
6235 20890
4102 20890
27192 20890
4236 20890
3840 20890
27326 20890
26930 20890
27064 20890
26668 20890
24669 20890
15729 20890
15333 20890
15467 20890
15071 20890
4528 20890
4132 20890
4266 20890
3870 20890
27356 20890
26960 20890
4004 20890
3608 20890
27094 20890
26698 20890
24961 20890
25095 20890
24699 20890
24437 20890
15497 20890
15101 20890
15631 20890
13498 20890
13632 20890
13236 20890
4296 20890
3900 20890
4034 20890
27124 20890
1901 20890
2035 20890
25125 20890
24729 20890
24863 20890
24467 20890
15527 20890
13924 20890
13528 20890
13662 20890
13266 20890
13400 20890
13004 20890
11005 20890
2065 20890
1669 20890
2199 20890
1803 20890
24893 20890
24497 20890
22894 20890
23028 20890
22632 20890
13692 20890
13296 20890
13430 20890
13034 20890
11297 20890
11431 20890
11035 20890
2229 20890
1833 20890
24923 20890
1967 20890
23320 20890
22924 20890
23058 20890
22662 20890
22400 20890
13460 20890
20401 20890
11461 20890
11065 20890
11595 20890
11199 20890
2259 20890
1863 20890
260 20890
23088 20890
22692 20890
22826 20890
22430 20890
20693 20890
20827 20890
20431 20890
11229 20890
11363 20890
9230 20890
9364 20890
8968 20890
28 20890
22856 20890
20857 20890
20461 20890
20595 20890
20199 20890
11259 20890
9656 20890
9260 20890
9394 20890
8998 20890
8736 20890
20887 20890
20625 20890
20229 20890
20759 20890
20363 20890
18626 20890
18760 20890
18364 20890
9424 20890
9028 20890
9162 20890
8766 20890
7029 20890
7163 20890
20655 20890
19052 20890
18656 20890
18790 20890
18394 20890
18132 20890
9192 20890
16133 20890
7193 20890
6797 20890
7327 20890
6931 20890
27760 20890
18820 20890
18424 20890
18558 20890
18162 20890
16559 20890
16163 20890
7223 20890
7357 20890
6961 20890
7095 20890
6699 20890
4962 20890
4700 20890
27790 20890
27528 20890
18588 20890
16851 20890
25529 20890
16589 20890
16193 20890
16723 20890
16327 20890
7387 20890
6991 20890
5388 20890
4992 20890
5126 20890
4730 20890
27820 20890
4468 20890
27558 20890
25955 20890
25559 20890
16619 20890
16357 20890
16095 20890
14358 20890
14096 20890
5156 20890
4760 20890
4894 20890
4498 20890
2895 20890
25985 20890
25589 20890
25723 20890
25327 20890
16387 20890
16521 20890
14784 20890
14388 20890
14522 20890
14126 20890
5186 20890
13864 20890
4924 20890
3187 20890
2925 20890
26015 20890
3059 20890
2663 20890
25753 20890
25357 20890
25491 20890
23754 20890
23492 20890
14552 20890
14156 20890
14290 20890
13894 20890
12291 20890
2955 20890
3089 20890
2693 20890
25783 20890
2431 20890
25917 20890
694 20890
24180 20890
23784 20890
432 20890
23918 20890
23522 20890
14582 20890
23260 20890
14320 20890
21261 20890
12321 20890
11925 20890
12059 20890
3119 20890
2723 20890
2857 20890
1120 20890
724 20890
24210 20890
858 20890
462 20890
23948 20890
23552 20890
200 20890
23686 20890
23290 20890
21687 20890
21291 20890
12351 20890
12485 20890
12089 20890
11827 20890
10090 20890
9828 20890
888 20890
492 20890
23978 20890
626 20890
230 20890
23716 20890
21717 20890
21321 20890
21455 20890
12515 20890
12119 20890
12253 20890
10516 20890
10120 20890
10254 20890
9858 20890
918 20890
9596 20890
656 20890
21747 20890
21485 20890
21223 20890
10546 20890
19224 20890
10284 20890
9888 20890
10022 20890
9626 20890
8023 20890
21515 20890
21649 20890
19516 20890
19650 20890
19254 20890
10314 20890
18992 20890
10052 20890
8053 20890
7791 20890
19942 20890
19680 20890
19284 20890
19418 20890
19022 20890
17419 20890
8083 20890
8217 20890
7821 20890
7559 20890
5560 20890
19710 20890
19448 20890
17449 20890
17053 20890
17187 20890
8247 20890
7851 20890
7985 20890
5852 20890
5986 20890
5590 20890
5328 20890
26419 20890
17479 20890
17613 20890
17217 20890
8277 20890
16955 20890
6278 20890
14956 20890
6016 20890
5620 20890
5754 20890
5358 20890
3755 20890
26845 20890
26449 20890
26583 20890
17643 20890
17247 20890
17381 20890
15248 20890
15382 20890
14986 20890
6046 20890
14724 20890
5784 20890
4181 20890
3785 20890
26875 20890
3523 20890
26613 20890
26351 20890
15674 20890
24352 20890
15412 20890
15016 20890
15150 20890
14754 20890
4211 20890
3815 20890
3949 20890
3553 20890
26643 20890
3291 20890
26777 20890
24644 20890
1292 20890
24778 20890
24382 20890
15442 20890
15180 20890
13181 20890
4241 20890
12919 20890
3979 20890
3583 20890
3717 20890
1584 20890
25070 20890
1718 20890
1322 20890
24808 20890
24412 20890
24546 20890
24150 20890
13211 20890
13345 20890
12949 20890
4009 20890
12687 20890
2010 20890
10688 20890
1748 20890
1352 20890
24838 20890
1486 20890
24576 20890
22577 20890
22181 20890
22315 20890
13375 20890
12979 20890
13113 20890
10980 20890
11114 20890
10718 20890
1778 20890
1516 20890
22607 20890
22211 20890
22741 20890
22345 20890
13405 20890
22083 20890
11406 20890
20084 20890
11144 20890
10748 20890
10882 20890
10486 20890
22771 20890
22375 20890
22509 20890
20376 20890
20510 20890
20114 20890
11174 20890
10912 20890
8913 20890
8651 20890
20802 20890
20540 20890
20144 20890
20278 20890
19882 20890
9339 20890
8943 20890
9077 20890
8681 20890
8419 20890
20570 20890
20308 20890
19912 20890
18175 20890
18309 20890
9369 20890
18047 20890
9107 20890
8711 20890
8845 20890
6712 20890
6846 20890
6450 20890
18339 20890
18473 20890
18077 20890
9137 20890
7138 20890
6876 20890
6480 20890
6614 20890
27571 20890
27705 20890
27309 20890
27443 20890
18503 20890
18107 20890
18241 20890
16108 20890
16242 20890
15846 20890
6906 20890
6510 20890
6644 20890
6248 20890
4645 20890
27735 20890
27339 20890
4383 20890
27473 20890
18533 20890
16534 20890
16272 20890
15876 20890
16010 20890
15614 20890
5071 20890
4675 20890
4809 20890
4413 20890
27503 20890
27637 20890
25504 20890
25638 20890
25242 20890
16302 20890
15906 20890
16040 20890
15644 20890
13907 20890
14041 20890
5101 20890
4839 20890
4443 20890
4577 20890
2444 20890
25930 20890
25534 20890
2578 20890
2182 20890
25668 20890
25272 20890
25406 20890
25010 20890
16070 20890
14467 20890
14071 20890
14205 20890
13809 20890
4869 20890
2870 20890
2608 20890
2212 20890
25698 20890
25302 20890
2346 20890
25436 20890
25040 20890
23303 20890
23437 20890
14497 20890
14235 20890
13839 20890
13973 20890
11840 20890
11974 20890
11578 20890
2638 20890
2242 20890
2376 20890
25466 20890
377 20890
23467 20890
23601 20890
23205 20890
14265 20890
12266 20890
11870 20890
12004 20890
11608 20890
11742 20890
2406 20890
803 20890
407 20890
541 20890
145 20890
23631 20890
23235 20890
23369 20890
22973 20890
21236 20890
21370 20890
20974 20890
12034 20890
11638 20890
11772 20890
11376 20890
9773 20890
833 20890
571 20890
175 20890
23661 20890
23265 20890
309 20890
23399 20890
21662 20890
21266 20890
21400 20890
21004 20890
21138 20890
20742 20890
11802 20890
10199 20890
9803 20890
9937 20890
9541 20890
601 20890
205 20890
21430 20890
21034 20890
21168 20890
20772 20890
19169 20890
10229 20890
9967 20890
9571 20890
9705 20890
9309 20890
7572 20890
7706 20890
7310 20890
21198 20890
19595 20890
19199 20890
19333 20890
18937 20890
9997 20890
9601 20890
9735 20890
7998 20890
7602 20890
7736 20890
7340 20890
19625 20890
19229 20890
19363 20890
18967 20890
19101 20890
18705 20890
16968 20890
17102 20890
16706 20890
7766 20890
7370 20890
7504 20890
5505 20890
19393 20890
18997 20890
19131 20890
17394 20890
16998 20890
17132 20890
16736 20890
7534 20890
5931 20890
5535 20890
5669 20890
5273 20890
26102 20890
17162 20890
16766 20890
16900 20890
16504 20890
14901 20890
5961 20890
5565 20890
5699 20890
5303 20890
5437 20890
5041 20890
3304 20890
26790 20890
26394 20890
3438 20890
26528 20890
26132 20890
25870 20890
16930 20890
15327 20890
14931 20890
15065 20890
14669 20890
5729 20890
5333 20890
5467 20890
3730 20890
3334 20890
3468 20890
26558 20890
26162 20890
26296 20890
25900 20890
24297 20890
15357 20890
14961 20890
15095 20890
14699 20890
14437 20890
12438 20890
3498 20890
3102 20890
26588 20890
3632 20890
3236 20890
26326 20890
1237 20890
24723 20890
24327 20890
24461 20890
24065 20890
15125 20890
14729 20890
14863 20890
13126 20890
12730 20890
12864 20890
12468 20890
3662 20890
3266 20890
1663 20890
1267 20890
24753 20890
24357 20890
1401 20890
1005 20890
24491 20890
24095 20890
23833 20890
21834 20890
12894 20890
12498 20890
12632 20890
3692 20890
10633 20890
1693 20890
1297 20890
1431 20890
1035 20890
24521 20890
24125 20890
773 20890
24259 20890
22126 20890
22260 20890
21864 20890
12924 20890
12662 20890
12796 20890
11059 20890
10663 20890
10797 20890
10401 20890
1461 20890
1065 20890
1199 20890
22290 20890
21894 20890
22028 20890
21632 20890
20029 20890
11089 20890
10693 20890
10827 20890
10431 20890
10169 20890
22320 20890
22058 20890
20455 20890
20059 20890
19797 20890
10857 20890
10461 20890
10595 20890
8462 20890
8596 20890
20485 20890
20089 20890
20223 20890
19827 20890
19565 20890
8888 20890
17566 20890
8626 20890
8230 20890
8760 20890
8364 20890
6365 20890
20253 20890
19857 20890
19991 20890
17858 20890
17992 20890
17596 20890
8656 20890
8790 20890
8394 20890
6791 20890
6395 20890
6133 20890
20283 20890
18284 20890
26962 20890
18022 20890
17626 20890
17760 20890
8820 20890
6821 20890
6425 20890
6559 20890
6163 20890
5901 20890
27254 20890
27388 20890
26992 20890
18052 20890
17790 20890
16187 20890
15791 20890
15529 20890
6589 20890
6193 20890
6327 20890
4194 20890
27680 20890
4724 20890
4328 20890
27418 20890
27022 20890
27156 20890
26760 20890
16217 20890
15821 20890
15955 20890
15559 20890
6619 20890
15297 20890
4620 20890
4358 20890
27448 20890
4492 20890
4096 20890
27186 20890
25187 20890
24925 20890
15985 20890
15589 20890
15723 20890
13590 20890
13724 20890
4388 20890
4522 20890
4126 20890
2523 20890
2127 20890
25613 20890
25217 20890
1865 20890
25351 20890
24955 20890
16015 20890
24693 20890
14016 20890
22694 20890
13754 20890
13358 20890
13492 20890
4552 20890
2553 20890
2157 20890
25643 20890
2291 20890
1895 20890
25381 20890
24985 20890
1633 20890
25119 20890
22986 20890
23120 20890
22724 20890
13784 20890
13918 20890
13522 20890
11523 20890
2583 20890
11261 20890
2321 20890
1925 20890
25411 20890
2059 20890
23412 20890
456 20890
60 20890
23150 20890
22754 20890
22888 20890
13948 20890
11949 20890
11553 20890
11687 20890
11291 20890
2351 20890
11029 20890
352 20890
486 20890
90 20890
23180 20890
22918 20890
20919 20890
11979 20890
20657 20890
11717 20890
11321 20890
11455 20890
9322 20890
9456 20890
516 20890
120 20890
254 20890
22948 20890
21345 20890
20949 20890
21083 20890
20687 20890
11747 20890
20425 20890
9748 20890
9486 20890
9224 20890
284 20890
21375 20890
21113 20890
20717 20890
20851 20890
18718 20890
18852 20890
9516 20890
9650 20890
9254 20890
7255 20890
6993 20890
21143 20890
19144 20890
18882 20890
18486 20890
18620 20890
9680 20890
7681 20890
7285 20890
7419 20890
7023 20890
6761 20890
18912 20890
19046 20890
18650 20890
16651 20890
7711 20890
16389 20890
7449 20890
7053 20890
7187 20890
5054 20890
5188 20890
19076 20890
18680 20890
17077 20890
16681 20890
16815 20890
16419 20890
7479 20890
5480 20890
5614 20890
5218 20890
4956 20890
26047 20890
17107 20890
25785 20890
16845 20890
16449 20890
16583 20890
14450 20890
14584 20890
5644 20890
5248 20890
5382 20890
4986 20890
2987 20890
26473 20890
26077 20890
2725 20890
26211 20890
25815 20890
16875 20890
14876 20890
14614 20890
5674 20890
14352 20890
5412 20890
5016 20890
3413 20890
3017 20890
26503 20890
3151 20890
2755 20890
26241 20890
25845 20890
25979 20890
25583 20890
23846 20890
23980 20890
14644 20890
14778 20890
14382 20890
5442 20890
12383 20890
3443 20890
12121 20890
3181 20890
2785 20890
26271 20890
2919 20890
26009 20890
24272 20890
920 20890
24010 20890
23614 20890
23748 20890
14808 20890
14412 20890
12809 20890
12413 20890
12547 20890
12151 20890
3211 20890
1212 20890
1346 20890
950 20890
24040 20890
23644 20890
688 20890
24174 20890
23778 20890
14838 20890
21779 20890
12839 20890
12577 20890
12181 20890
12315 20890
11919 20890
10316 20890
1376 20890
980 20890
1114 20890
718 20890
24204 20890
23808 20890
22205 20890
21809 20890
21943 20890
21547 20890
12607 20890
12345 20890
10608 20890
10212 20890
10742 20890
10346 20890
1406 20890
10084 20890
1144 20890
748 20890
22235 20890
21973 20890
21577 20890
21711 20890
21315 20890
19578 20890
19712 20890
10772 20890
10376 20890
10510 20890
10114 20890
1174 20890
8115 20890
22003 20890
21607 20890
21741 20890
20004 20890
19608 20890
19742 20890
10802 20890
19480 20890
10540 20890
10144 20890
8541 20890
8145 20890
8279 20890
7883 20890
19772 20890
19906 20890
19510 20890
10570 20890
17511 20890
8571 20890
8309 20890
7913 20890
8047 20890
7651 20890
6048 20890
19936 20890
19540 20890
17937 20890
17541 20890
17675 20890
17279 20890
8339 20890
7943 20890
8077 20890
6340 20890
6474 20890
6078 20890
5816 20890
19966 20890
26907 20890
17967 20890
17705 20890
17309 20890
17443 20890
17047 20890
15444 20890
6504 20890
6108 20890
6242 20890
5846 20890
3847 20890
27333 20890
26937 20890
27071 20890
26675 20890
17735 20890
17339 20890
17473 20890
15736 20890
15340 20890
15870 20890
15474 20890
6534 20890
6272 20890
5876 20890
4273 20890
3877 20890
27363 20890
26967 20890
4011 20890
3615 20890
27101 20890
26705 20890
26839 20890
26443 20890
24840 20890
15900 20890
15504 20890
15638 20890
15242 20890
6302 20890
13243 20890
4303 20890
3907 20890
4041 20890
3645 20890
27131 20890
26735 20890
3779 20890
26869 20890
24736 20890
1780 20890
24870 20890
15930 20890
15668 20890
15272 20890
15406 20890
13669 20890
13273 20890
13407 20890
13011 20890
4071 20890
3675 20890
3809 20890
2072 20890
2206 20890
1810 20890
24900 20890
25034 20890
24638 20890
15698 20890
22639 20890
13699 20890
13303 20890
13437 20890
13041 20890
13175 20890
12779 20890
2498 20890
2236 20890
1840 20890
1974 20890
1578 20890
25064 20890
24668 20890
24802 20890
23065 20890
22669 20890
22803 20890
22407 20890
13467 20890
13071 20890
13205 20890
11602 20890
11206 20890
2266 20890
2004 20890
1608 20890
25094 20890
1742 20890
5 20890
23095 20890
22699 20890
22833 20890
22437 20890
22175 20890
11632 20890
11236 20890
11370 20890
10974 20890
2034 20890
8975 20890
35 20890
22863 20890
22467 20890
22601 20890
20468 20890
20998 20890
20602 20890
11662 20890
11266 20890
11400 20890
11004 20890
11138 20890
9401 20890
9005 20890
9139 20890
8743 20890
21028 20890
20632 20890
20766 20890
20370 20890
11430 20890
9431 20890
9035 20890
9169 20890
8773 20890
21058 20890
20662 20890
20796 20890
20400 20890
20534 20890
18401 20890
18139 20890
9199 20890
8803 20890
8937 20890
7334 20890
6938 20890
20826 20890
18827 20890
18431 20890
18565 20890
18169 20890
17907 20890
7364 20890
6968 20890
7102 20890
6706 20890
27797 20890
27535 20890
18595 20890
18199 20890
18333 20890
16730 20890
16334 20890
7394 20890
6998 20890
7132 20890
6736 20890
6870 20890
4737 20890
27827 20890
27565 20890
27303 20890
16626 20890
16760 20890
16364 20890
16498 20890
16102 20890
7162 20890
5163 20890
4767 20890
4901 20890
4505 20890
27595 20890
27729 20890
25596 20890
26126 20890
25730 20890
16790 20890
16394 20890
16528 20890
16132 20890
14133 20890
13871 20890
4931 20890
4535 20890
5065 20890
4669 20890
26022 20890
3066 20890
2670 20890
26156 20890
25760 20890
25894 20890
25498 20890
16558 20890
14559 20890
14163 20890
14297 20890
13901 20890
4961 20890
5095 20890
2962 20890
3096 20890
2700 20890
26186 20890
25790 20890
2834 20890
2438 20890
25924 20890
25528 20890
23529 20890
23267 20890
14327 20890
13931 20890
14065 20890
12462 20890
12066 20890
3126 20890
2730 20890
2864 20890
2468 20890
25954 20890
25558 20890
469 20890
23955 20890
23559 20890
23693 20890
23297 20890
14357 20890
23035 20890
12358 20890
12492 20890
12096 20890
11834 20890
2894 20890
895 20890
499 20890
23985 20890
633 20890
23723 20890
23327 20890
23461 20890
21462 20890
12522 20890
12126 20890
12260 20890
11864 20890
9865 20890
663 20890
23753 20890
797 20890
401 20890
21754 20890
21888 20890
21492 20890
21230 20890
12290 20890
11894 20890
10291 20890
9895 20890
10029 20890
9633 20890
693 20890
827 20890
21918 20890
21522 20890
21656 20890
21260 20890
19261 20890
10321 20890
18999 20890
10059 20890
9663 20890
10193 20890
9797 20890
7798 20890
21686 20890
21290 20890
19687 20890
19291 20890
19425 20890
19029 20890
10089 20890
10223 20890
8090 20890
8224 20890
7828 20890
7566 20890
21716 20890
19717 20890
19455 20890
19059 20890
19193 20890
17194 20890
8254 20890
7858 20890
7992 20890
7596 20890
5597 20890
19485 20890
17486 20890
17620 20890
17224 20890
16962 20890
8022 20890
7626 20890
6023 20890
5627 20890
5761 20890
26590 20890
17650 20890
17254 20890
17388 20890
16992 20890
8052 20890
14993 20890
6053 20890
5791 20890
5529 20890
26882 20890
3530 20890
27016 20890
26620 20890
17680 20890
26358 20890
17418 20890
17022 20890
15419 20890
15023 20890
15157 20890
14761 20890
5821 20890
5955 20890
3822 20890
3956 20890
3560 20890
27046 20890
26650 20890
3298 20890
26784 20890
26388 20890
17448 20890
24389 20890
15449 20890
24127 20890
15187 20890
14791 20890
14925 20890
12926 20890
3986 20890
3590 20890
27076 20890
3724 20890
3328 20890
26814 20890
26418 20890
24815 20890
24419 20890
24553 20890
24157 20890
15217 20890
15351 20890
14955 20890
13218 20890
13352 20890
12956 20890
4016 20890
12694 20890
3754 20890
3358 20890
26844 20890
1755 20890
1359 20890
24845 20890
1889 20890
1493 20890
24583 20890
24187 20890
24321 20890
13644 20890
22322 20890
13382 20890
12986 20890
13120 20890
12724 20890
3784 20890
10725 20890
1785 20890
1919 20890
1523 20890
24613 20890
1261 20890
24351 20890
22614 20890
22748 20890
22352 20890
13412 20890
22090 20890
13150 20890
12754 20890
11151 20890
10755 20890
10889 20890
1949 20890
1553 20890
1687 20890
1291 20890
23040 20890
22778 20890
22382 20890
22516 20890
22120 20890
13180 20890
21858 20890
20121 20890
11181 20890
10919 20890
10657 20890
1717 20890
8658 20890
22808 20890
22546 20890
22150 20890
22284 20890
20547 20890
20151 20890
20285 20890
19889 20890
10949 20890
11083 20890
10687 20890
8950 20890
9084 20890
8688 20890
8426 20890
22576 20890
20577 20890
20315 20890
19919 20890
20053 20890
11113 20890
9376 20890
18054 20890
9114 20890
8718 20890
8852 20890
8456 20890
8194 20890
20345 20890
20479 20890
20083 20890
18480 20890
18084 20890
9144 20890
17822 20890
8882 20890
8486 20890
8620 20890
6883 20890
6487 20890
6621 20890
18772 20890
27450 20890
18510 20890
18114 20890
18248 20890
17852 20890
8912 20890
15853 20890
6913 20890
7047 20890
6651 20890
6389 20890
4390 20890
27480 20890
18540 20890
27218 20890
18278 20890
17882 20890
18016 20890
16279 20890
15883 20890
16017 20890
7077 20890
6681 20890
6815 20890
6419 20890
4682 20890
4816 20890
4420 20890
27510 20890
4158 20890
27644 20890
27248 20890
18308 20890
16309 20890
16047 20890
15785 20890
6845 20890
5108 20890
13786 20890
4846 20890
4450 20890
4584 20890
4188 20890
27674 20890
27278 20890
27412 20890
25675 20890
25279 20890
25413 20890
25017 20890
16077 20890
16211 20890
15815 20890
14212 20890
13816 20890
4876 20890
4614 20890
4218 20890
27704 20890
4352 20890
2615 20890
25705 20890
25309 20890
2353 20890
25443 20890
25047 20890
25181 20890
16241 20890
23182 20890
14242 20890
13846 20890
13980 20890
13584 20890
4644 20890
2645 20890
2779 20890
2383 20890
25473 20890
25077 20890
2121 20890
25607 20890
25211 20890
122 20890
23608 20890
23212 20890
14272 20890
14010 20890
13614 20890
13748 20890
12011 20890
11615 20890
11749 20890
2809 20890
2413 20890
2547 20890
2151 20890
548 20890
152 20890
23638 20890
23242 20890
23376 20890
22980 20890
14040 20890
12041 20890
11645 20890
12175 20890
11779 20890
2839 20890
11517 20890
2577 20890
9518 20890
578 20890
182 20890
23668 20890
316 20890
23406 20890
23010 20890
23144 20890
21011 20890
21145 20890
12205 20890
11809 20890
11943 20890
11547 20890
9944 20890
9548 20890
608 20890
346 20890
23436 20890
84 20890
21437 20890
21041 20890
21175 20890
11973 20890
9974 20890
9578 20890
9712 20890
9316 20890
376 20890
21205 20890
21339 20890
20943 20890
19340 20890
18944 20890
10004 20890
9742 20890
9346 20890
9480 20890
7481 20890
21369 20890
19370 20890
18974 20890
19108 20890
18712 20890
9772 20890
7773 20890
7907 20890
7511 20890
19400 20890
19004 20890
19138 20890
18742 20890
18876 20890
16743 20890
16877 20890
7937 20890
7541 20890
7675 20890
7279 20890
5676 20890
5280 20890
19168 20890
17169 20890
16773 20890
17303 20890
16907 20890
7967 20890
7705 20890
5706 20890
5310 20890
5444 20890
5048 20890
26139 20890
17333 20890
16937 20890
17071 20890
16675 20890
15072 20890
14676 20890
5736 20890
5340 20890
5474 20890
5078 20890
5212 20890
26565 20890
26169 20890
3213 20890
26303 20890
17101 20890
14968 20890
15102 20890
14706 20890
14840 20890
14444 20890
5504 20890
3505 20890
3639 20890
3243 20890
26333 20890
26467 20890
26071 20890
24072 20890
15132 20890
14736 20890
14870 20890
14474 20890
3931 20890
3669 20890
3273 20890
26363 20890
3407 20890
3011 20890
26497 20890
24364 20890
1408 20890
1012 20890
24498 20890
24102 20890
24236 20890
23840 20890
14900 20890
14504 20890
12901 20890
13035 20890
12639 20890
3699 20890
3437 20890
1304 20890
1438 20890
1042 20890
24528 20890
24132 20890
1176 20890
24266 20890
23870 20890
21871 20890
13065 20890
12669 20890
12803 20890
12407 20890
10408 20890
1468 20890
1072 20890
1206 20890
810 20890
24296 20890
23900 20890
22297 20890
21901 20890
22431 20890
22035 20890
13095 20890
12699 20890
12833 20890
10700 20890
10834 20890
10438 20890
10572 20890
10176 20890
1236 20890
840 20890
1370 20890
22461 20890
22065 20890
22199 20890
21803 20890
19804 20890
10864 20890
10468 20890
10602 20890
10206 20890
22095 20890
22229 20890
21833 20890
20096 20890
20230 20890
19834 20890
19572 20890
10632 20890
10236 20890
8633 20890
8767 20890
8371 20890
20260 20890
19864 20890
19998 20890
19602 20890
9059 20890
8663 20890
8797 20890
8401 20890
8535 20890
8139 20890
6140 20890
20028 20890
19632 20890
18029 20890
18163 20890
17767 20890
8827 20890
8431 20890
8565 20890
6432 20890
6566 20890
6170 20890
20058 20890
26999 20890
18059 20890
18193 20890
17797 20890
17931 20890
17535 20890
15536 20890
6596 20890
6200 20890
6334 20890
5938 20890
27425 20890
27029 20890
27559 20890
27163 20890
18223 20890
17827 20890
17961 20890
17565 20890
15828 20890
15962 20890
15566 20890
15304 20890
6364 20890
5968 20890
6498 20890
4365 20890
27455 20890
4499 20890
4103 20890
27589 20890
27193 20890
26931 20890
17991 20890
24932 20890
15992 20890
15596 20890
15730 20890
15334 20890
6394 20890
4791 20890
4395 20890
4529 20890
4133 20890
27223 20890
4267 20890
3871 20890
27357 20890
26961 20890
25224 20890
1872 20890
25358 20890
24962 20890
16022 20890
24700 20890
15760 20890
15364 20890
13761 20890
13895 20890
13499 20890
4559 20890
4163 20890
4297 20890
3901 20890
27387 20890
2164 20890
2298 20890
1902 20890
25388 20890
24992 20890
25126 20890
24730 20890
15790 20890
24468 20890
14187 20890
13791 20890
13925 20890
13529 20890
13267 20890
4327 20890
11268 20890
2328 20890
1932 20890
25418 20890
2066 20890
25156 20890
24760 20890
24894 20890
23157 20890
22895 20890
13955 20890
13559 20890
13693 20890
13297 20890
11560 20890
11694 20890
11298 20890
2358 20890
2096 20890
25186 20890
2230 20890
97 20890
23187 20890
231 20890
23321 20890
22925 20890
22663 20890
13723 20890
20664 20890
11724 20890
11328 20890
11462 20890
11066 20890
2126 20890
523 20890
127 20890
261 20890
23351 20890
22955 20890
23089 20890
22693 20890
21090 20890
20694 20890
11754 20890
20432 20890
11492 20890
11096 20890
11626 20890
11230 20890
9493 20890
9231 20890
291 20890
23381 20890
29 20890
23119 20890
21382 20890
21120 20890
20724 20890
20858 20890
20462 20890
11522 20890
9919 20890
9523 20890
9657 20890
9261 20890
8999 20890
59 20890
7000 20890
21150 20890
20888 20890
20492 20890
20626 20890
18889 20890
18627 20890
9687 20890
9291 20890
9425 20890
9029 20890
7426 20890
7030 20890
20918 20890
19315 20890
18919 20890
19053 20890
18657 20890
9717 20890
18395 20890
9455 20890
7718 20890
16396 20890
7456 20890
7060 20890
7194 20890
19083 20890
18687 20890
18821 20890
18425 20890
16822 20890
16426 20890
7486 20890
7224 20890
6962 20890
5225 20890
4963 20890
19113 20890
27791 20890
18851 20890
25792 20890
16852 20890
16456 20890
16590 20890
16194 20890
7254 20890
7388 20890
5651 20890
5255 20890
5389 20890
4993 20890
4731 20890
27821 20890
26218 20890
25822 20890
16882 20890
25560 20890
16620 20890
16224 20890
16358 20890
14621 20890
14359 20890
5419 20890
5023 20890
5157 20890
4761 20890
3158 20890
2762 20890
26248 20890
25852 20890
25986 20890
25590 20890
16650 20890
16784 20890
15047 20890
14651 20890
14785 20890
14389 20890
5449 20890
14127 20890
5187 20890
12128 20890
3188 20890
2792 20890
26278 20890
2926 20890
26016 20890
25620 20890
25754 20890
15077 20890
23755 20890
14815 20890
14419 20890
14553 20890
14157 20890
12554 20890
12158 20890
3218 20890
3352 20890
2956 20890
26046 20890
2694 20890
957 20890
24047 20890
695 20890
24181 20890
23785 20890
14845 20890
23523 20890
14583 20890
21524 20890
12584 20890
12188 20890
12322 20890
3382 20890
2986 20890
3120 20890
1383 20890
987 20890
1121 20890
725 20890
24211 20890
23815 20890
463 20890
23949 20890
23553 20890
21950 20890
21554 20890
12614 20890
12352 20890
12090 20890
1413 20890
10091 20890
1151 20890
755 20890
24241 20890
889 20890
493 20890
23979 20890
21980 20890
21584 20890
21718 20890
21322 20890
12382 20890
12516 20890
10383 20890
10517 20890
10121 20890
1181 20890
9859 20890
919 20890
22010 20890
21748 20890
21352 20890
21486 20890
10809 20890
19487 20890
10547 20890
10151 20890
10285 20890
9889 20890
8286 20890
21778 20890
21912 20890
19779 20890
19913 20890
19517 20890
10577 20890
19255 20890
10315 20890
8316 20890
7920 20890
8054 20890
20205 20890
19943 20890
19547 20890
19681 20890
19285 20890
17286 20890
8346 20890
8480 20890
8084 20890
7822 20890
5823 20890
19973 20890
19711 20890
17712 20890
17316 20890
17450 20890
8510 20890
8114 20890
8248 20890
6115 20890
6249 20890
5853 20890
5591 20890
26682 20890
17742 20890
17346 20890
17480 20890
17218 20890
6541 20890
15219 20890
6279 20890
5883 20890
6017 20890
5621 20890
27108 20890
26712 20890
26846 20890
26450 20890
17510 20890
17114 20890
17644 20890
15511 20890
15645 20890
15249 20890
6309 20890
6047 20890
4048 20890
27138 20890
26742 20890
3786 20890
26876 20890
26480 20890
26614 20890
15937 20890
24615 20890
15675 20890
15279 20890
15413 20890
15017 20890
4078 20890
4212 20890
3816 20890
26906 20890
26510 20890
3554 20890
27040 20890
24907 20890
1555 20890
25041 20890
24645 20890
15705 20890
15443 20890
13444 20890
13048 20890
13182 20890
4242 20890
3846 20890
3980 20890
1847 20890
25333 20890
1981 20890
1585 20890
25071 20890
24675 20890
24809 20890
24413 20890
22414 20890
13474 20890
13078 20890
13608 20890
13212 20890
4272 20890
12950 20890
2273 20890
2011 20890
1615 20890
25101 20890
1749 20890
1353 20890
24839 20890
24443 20890
22706 20890
22840 20890
22444 20890
22578 20890
13638 20890
13242 20890
13376 20890
11243 20890
11377 20890
10981 20890
2041 20890
1779 20890
22870 20890
22474 20890
22608 20890
11669 20890
11407 20890
11011 20890
11145 20890
10749 20890
206 20890
22638 20890
22242 20890
22772 20890
20639 20890
20773 20890
20377 20890
11437 20890
11041 20890
11175 20890
10779 20890
9042 20890
9176 20890
8914 20890
21065 20890
20803 20890
20407 20890
20541 20890
20145 20890
9206 20890
9340 20890
8944 20890
4 20890
20833 20890
20437 20890
20571 20890
20175 20890
18438 20890
18572 20890
18176 20890
9370 20890
8974 20890
9108 20890
6975 20890
7109 20890
6713 20890
20601 20890
27542 20890
18602 20890
18206 20890
18736 20890
18340 20890
9400 20890
7401 20890
7139 20890
6743 20890
6877 20890
6481 20890
27834 20890
27572 20890
18766 20890
18370 20890
18504 20890
16371 20890
16505 20890
16109 20890
7169 20890
6773 20890
6907 20890
6511 20890
4774 20890
4908 20890
27602 20890
27736 20890
18400 20890
16797 20890
16401 20890
16535 20890
16139 20890
16273 20890
15877 20890
6937 20890
5334 20890
4938 20890
5072 20890
4676 20890
27766 20890
27370 20890
27504 20890
25767 20890
25901 20890
25505 20890
16565 20890
16169 20890
16303 20890
15907 20890
14170 20890
14304 20890
5102 20890
4706 20890
27796 20890
4840 20890
2707 20890
26193 20890
25797 20890
2841 20890
2445 20890
25931 20890
25535 20890
25273 20890
16333 20890
14334 20890
14468 20890
14072 20890
5132 20890
4736 20890
3133 20890
2737 20890
2871 20890
2475 20890
25961 20890
25565 20890
2609 20890
2213 20890
25699 20890
25303 20890
23700 20890
23304 20890
14498 20890
14102 20890
14236 20890
13840 20890
12103 20890
12237 20890
11841 20890
2901 20890
2505 20890
2639 20890
2243 20890
25729 20890
640 20890
23730 20890
23334 20890
23864 20890
23468 20890
14528 20890
14132 20890
14266 20890
12529 20890
12133 20890
12267 20890
11871 20890
11609 20890
2669 20890
1066 20890
670 20890
23760 20890
804 20890
408 20890
23894 20890
23498 20890
23632 20890
23236 20890
21499 20890
21633 20890
21237 20890
12297 20890
11901 20890
12035 20890
11639 20890
10036 20890
1096 20890
834 20890
438 20890
23528 20890
572 20890
176 20890
23662 20890
21925 20890
21529 20890
21663 20890
21267 20890
21005 20890
12065 20890
10462 20890
10066 20890
10200 20890
9804 20890
864 20890
468 20890
602 20890
21693 20890
21297 20890
21431 20890
21035 20890
19432 20890
10492 20890
10096 20890
10230 20890
9834 20890
9968 20890
9572 20890
7835 20890
7969 20890
7573 20890
21461 20890
19462 20890
19596 20890
19200 20890
10260 20890
9864 20890
9998 20890
8261 20890
7865 20890
7999 20890
7603 20890
7341 20890
19492 20890
19626 20890
19230 20890
18968 20890
16969 20890
8029 20890
7633 20890
7767 20890
7371 20890
5768 20890
19656 20890
19260 20890
19394 20890
17657 20890
17261 20890
17395 20890
16999 20890
16737 20890
7797 20890
6194 20890
5798 20890
5932 20890
5536 20890
26365 20890
17425 20890
17029 20890
17163 20890
16767 20890
15164 20890
6224 20890
5828 20890
5962 20890
5566 20890
5304 20890
3567 20890
26657 20890
3305 20890
26791 20890
26395 20890
17455 20890
26133 20890
17193 20890
15590 20890
15194 20890
15328 20890
14932 20890
5992 20890
5596 20890
5730 20890
3993 20890
3597 20890
3731 20890
3335 20890
26821 20890
26425 20890
26559 20890
26163 20890
24560 20890
15620 20890
15224 20890
15358 20890
14962 20890
14700 20890
12701 20890
3761 20890
3365 20890
26851 20890
3499 20890
26589 20890
1500 20890
24590 20890
24328 20890
15388 20890
14992 20890
15126 20890
12993 20890
13127 20890
12731 20890
3791 20890
12469 20890
3529 20890
3663 20890
1926 20890
1530 20890
24620 20890
1268 20890
24754 20890
24358 20890
24096 20890
13419 20890
22097 20890
13157 20890
12761 20890
12895 20890
12499 20890
10896 20890
1956 20890
1560 20890
1694 20890
1298 20890
24784 20890
24388 20890
1036 20890
24522 20890
22389 20890
22523 20890
22127 20890
13187 20890
21865 20890
12925 20890
11322 20890
10926 20890
10664 20890
1724 20890
1328 20890
24814 20890
1462 20890
22815 20890
22553 20890
22157 20890
22291 20890
21895 20890
11352 20890
10956 20890
11090 20890
10694 20890
1754 20890
10432 20890
8433 20890
22583 20890
22321 20890
20322 20890
20060 20890
11120 20890
10724 20890
10858 20890
8725 20890
8859 20890
8463 20890
20748 20890
20352 20890
20486 20890
20090 20890
11150 20890
19828 20890
9151 20890
17829 20890
8889 20890
8493 20890
8627 20890
20516 20890
20120 20890
20254 20890
18121 20890
18255 20890
17859 20890
8919 20890
17597 20890
8657 20890
7054 20890
6658 20890
6396 20890
20546 20890
18547 20890
27225 20890
18285 20890
17889 20890
18023 20890
17627 20890
7084 20890
6688 20890
6822 20890
6426 20890
6164 20890
27517 20890
27651 20890
27255 20890
18315 20890
18053 20890
16054 20890
7114 20890
15792 20890
6852 20890
6456 20890
6590 20890
4457 20890
4591 20890
4195 20890
27681 20890
27285 20890
27419 20890
27023 20890
16480 20890
16084 20890
16218 20890
15822 20890
6882 20890
15560 20890
4883 20890
13561 20890
4621 20890
4225 20890
27711 20890
4359 20890
27449 20890
27053 20890
25450 20890
16510 20890
25188 20890
16248 20890
15852 20890
15986 20890
13853 20890
13987 20890
13591 20890
4651 20890
4785 20890
4389 20890
27479 20890
2390 20890
25876 20890
25480 20890
2128 20890
25614 20890
25218 20890
16278 20890
24956 20890
14279 20890
22957 20890
14017 20890
13621 20890
13755 20890
2816 20890
2420 20890
2554 20890
2158 20890
25644 20890
25248 20890
1896 20890
25382 20890
23249 20890
23383 20890
22987 20890
14047 20890
13785 20890
11786 20890
2846 20890
11524 20890
2584 20890
2188 20890
25674 20890
2322 20890
189 20890
23675 20890
323 20890
23413 20890
23017 20890
23151 20890
22755 20890
13815 20890
12212 20890
11816 20890
11950 20890
11554 20890
2614 20890
11292 20890
615 20890
353 20890
23443 20890
91 20890
23181 20890
22785 20890
21182 20890
12242 20890
20920 20890
11980 20890
11584 20890
11718 20890
9585 20890
9719 20890
9323 20890
383 20890
517 20890
121 20890
23211 20890
21608 20890
21212 20890
21346 20890
20950 20890
12010 20890
10011 20890
9749 20890
9353 20890
9487 20890
547 20890
21638 20890
21376 20890
20980 20890
21114 20890
20718 20890
18981 20890
19115 20890
18719 20890
9779 20890
9913 20890
9517 20890
7518 20890
7256 20890
21406 20890
19407 20890
19145 20890
18749 20890
18883 20890
9547 20890
7944 20890
7548 20890
7682 20890
7286 20890
19175 20890
18779 20890
18913 20890
16914 20890
7974 20890
16652 20890
7712 20890
7316 20890
7450 20890
5317 20890
5451 20890
18943 20890
17340 20890
16944 20890
17078 20890
16682 20890
7742 20890
5743 20890
5481 20890
5219 20890
26310 20890
17370 20890
17108 20890
16712 20890
16846 20890
16450 20890
14713 20890
14847 20890
14451 20890
5511 20890
5645 20890
5249 20890
3250 20890
26736 20890
26340 20890
26474 20890
26078 20890
17138 20890
16876 20890
15139 20890
14743 20890
14877 20890
14481 20890
14615 20890
5675 20890
5279 20890
3676 20890
3280 20890
26766 20890
3414 20890
3018 20890
26504 20890
26108 20890
26242 20890
25846 20890
24109 20890
24243 20890
23847 20890
14907 20890
14511 20890
15041 20890
14645 20890
5705 20890
12646 20890
3706 20890
3444 20890
3048 20890
26534 20890
26138 20890
3182 20890
2786 20890
26272 20890
1049 20890
24535 20890
24139 20890
1183 20890
24273 20890
23877 20890
24011 20890
14675 20890
13072 20890
12676 20890
12810 20890
12414 20890
3474 20890
3212 20890
1475 20890
1079 20890
1609 20890
1213 20890
24303 20890
23907 20890
951 20890
24041 20890
22042 20890
13102 20890
12840 20890
12444 20890
12578 20890
12182 20890
10445 20890
10579 20890
1639 20890
1243 20890
1377 20890
981 20890
24071 20890
24205 20890
22468 20890
22072 20890
22206 20890
21810 20890
12870 20890
12474 20890
12608 20890
10871 20890
10475 20890
10609 20890
10347 20890
1407 20890
1011 20890
22498 20890
22102 20890
22236 20890
21840 20890
21974 20890
21578 20890
19975 20890
19579 20890
10639 20890
10773 20890
10377 20890
1437 20890
8378 20890
22266 20890
21870 20890
22004 20890
20267 20890
19871 20890
20005 20890
19609 20890
10803 20890
10407 20890
8804 20890
8408 20890
8542 20890
8146 20890
20035 20890
19639 20890
20169 20890
19773 20890
10833 20890
17774 20890
8834 20890
8438 20890
8572 20890
8176 20890
8310 20890
7914 20890
6311 20890
19803 20890
19937 20890
18200 20890
17804 20890
17938 20890
17542 20890
8602 20890
8206 20890
8340 20890
6603 20890
6207 20890
6737 20890
6341 20890
27170 20890
18230 20890
17834 20890
17968 20890
17572 20890
17706 20890
17310 20890
6767 20890
6371 20890
6505 20890
6109 20890
4110 20890
27596 20890
27200 20890
27334 20890
26938 20890
17998 20890
17602 20890
17736 20890
15603 20890
15737 20890
6535 20890
6139 20890
6273 20890
4536 20890
4140 20890
27626 20890
27230 20890
4274 20890
3878 20890
27364 20890
26968 20890
26706 20890
24707 20890
15767 20890
15901 20890
15505 20890
6565 20890
13506 20890
4566 20890
4170 20890
4304 20890
3908 20890
27394 20890
26998 20890
3646 20890
27132 20890
24999 20890
25133 20890
24737 20890
15797 20890
15931 20890
15535 20890
15669 20890
13932 20890
13536 20890
13670 20890
13274 20890
4334 20890
3938 20890
4072 20890
2469 20890
2073 20890
25163 20890
24767 20890
25297 20890
24901 20890
15961 20890
13962 20890
13566 20890
13700 20890
13304 20890
13042 20890
2499 20890
2103 20890
25193 20890
2237 20890
1841 20890
24931 20890
25065 20890
22932 20890
22670 20890
13730 20890
13334 20890
13468 20890
11335 20890
11865 20890
11469 20890
2529 20890
2133 20890
2267 20890
1871 20890
2005 20890
268 20890
23358 20890
22962 20890
6 20890
23096 20890
22700 20890
22438 20890
11895 20890
11499 20890
11633 20890
11237 20890
2297 20890
298 20890
36 20890
23126 20890
22730 20890
22864 20890
20731 20890
20865 20890
11529 20890
11663 20890
11267 20890
9268 20890
9006 20890
66 20890
23156 20890
21157 20890
20895 20890
21029 20890
20633 20890
11693 20890
9694 20890
9298 20890
9432 20890
9036 20890
8774 20890
20925 20890
21059 20890
20663 20890
18664 20890
18402 20890
9462 20890
9066 20890
9200 20890
7597 20890
7201 20890
21089 20890
19090 20890
18694 20890
18828 20890
18432 20890
9492 20890
18170 20890
7493 20890
7627 20890
7231 20890
7365 20890
6969 20890
27798 20890
18858 20890
18462 20890
18596 20890
16463 20890
16993 20890
16597 20890
7657 20890
7261 20890
7395 20890
6999 20890
5000 20890
4738 20890
27828 20890
18888 20890
27566 20890
16889 20890
17023 20890
16627 20890
16365 20890
7425 20890
5426 20890
5030 20890
5164 20890
4768 20890
25859 20890
25993 20890
16657 20890
16791 20890
16395 20890
14396 20890
14134 20890
5194 20890
4798 20890
4932 20890
26285 20890
3329 20890
2933 20890
26023 20890
25761 20890
16821 20890
16425 20890
14822 20890
14426 20890
14560 20890
14164 20890
5224 20890
13902 20890
3225 20890
3359 20890
2963 20890
26053 20890
2701 20890
26187 20890
25791 20890
23792 20890
14852 20890
23530 20890
14590 20890
14194 20890
14328 20890
12329 20890
3389 20890
2993 20890
3127 20890
2731 20890
26217 20890
25821 20890
732 20890
24218 20890
23822 20890
23956 20890
23560 20890
14620 20890
23298 20890
12621 20890
12755 20890
12359 20890
12097 20890
3157 20890
2761 20890
26247 20890
1158 20890
762 20890
24248 20890
896 20890
500 20890
23986 20890
23590 20890
23724 20890
23328 20890
21591 20890
21725 20890
12785 20890
12389 20890
12523 20890
12127 20890
10128 20890
1188 20890
9866 20890
926 20890
530 20890
24016 20890
1060 20890
664 20890
22017 20890
22151 20890
21755 20890
21493 20890
12553 20890
12157 20890
10554 20890
10158 20890
10292 20890
9896 20890
956 20890
1090 20890
21785 20890
21919 20890
21523 20890
12583 20890
19524 20890
10584 20890
19262 20890
10322 20890
9926 20890
10060 20890
8061 20890
21949 20890
21553 20890
19950 20890
19554 20890
19688 20890
19292 20890
10352 20890
19030 20890
8353 20890
8487 20890
8091 20890
7829 20890
21979 20890
19980 20890
19718 20890
19322 20890
19456 20890
19060 20890
17457 20890
8517 20890
8121 20890
8255 20890
7859 20890
5860 20890
19748 20890
19486 20890
17749 20890
17883 20890
17487 20890
8547 20890
17225 20890
8285 20890
7889 20890
6286 20890
5890 20890
6024 20890
5628 20890
26719 20890
26853 20890
17913 20890
17517 20890
17651 20890
17255 20890
8315 20890
15256 20890
6316 20890
14994 20890
6054 20890
5658 20890
5792 20890
27145 20890
3793 20890
27279 20890
26883 20890
17943 20890
26621 20890
17681 20890
17285 20890
15682 20890
15286 20890
15420 20890
15024 20890
6084 20890
6218 20890
5822 20890
4085 20890
4219 20890
3823 20890
26913 20890
3561 20890
27047 20890
26651 20890
17711 20890
26389 20890
24652 20890
15712 20890
15450 20890
15054 20890
15188 20890
4511 20890
13189 20890
4249 20890
3853 20890
3987 20890
3591 20890
27077 20890
26681 20890
26815 20890
1592 20890
25078 20890
24682 20890
24816 20890
24420 20890
15480 20890
15218 20890
13481 20890
13615 20890
13219 20890
4279 20890
12957 20890
4017 20890
3621 20890
27107 20890
2018 20890
1622 20890
25108 20890
1756 20890
24846 20890
24450 20890
24584 20890
24188 20890
22585 20890
13645 20890
13249 20890
13383 20890
12987 20890
4047 20890
12725 20890
10988 20890
2048 20890
1786 20890
24876 20890
24480 20890
1524 20890
24614 20890
23011 20890
22615 20890
13675 20890
22353 20890
13413 20890
13017 20890
13151 20890
11414 20890
11018 20890
11152 20890
10756 20890
1816 20890
1950 20890
1554 20890
23041 20890
22645 20890
22779 20890
22383 20890
13443 20890
20384 20890
11444 20890
11182 20890
10786 20890
10920 20890
1980 20890
243 20890
8921 20890
23071 20890
22809 20890
22413 20890
22547 20890
20810 20890
20414 20890
20548 20890
20152 20890
11212 20890
10816 20890
11346 20890
10950 20890
9347 20890
8951 20890
11 20890
8689 20890
22839 20890
20840 20890
20578 20890
20182 20890
20316 20890
9639 20890
18317 20890
9377 20890
8981 20890
9115 20890
8719 20890
6720 20890
20608 20890
20212 20890
20346 20890
18743 20890
18347 20890
9407 20890
9145 20890
8749 20890
8883 20890
7146 20890
6750 20890
6884 20890
27713 20890
18773 20890
18377 20890
18511 20890
18115 20890
9175 20890
7176 20890
6914 20890
6652 20890
4653 20890
27743 20890
18803 20890
18541 20890
18145 20890
18279 20890
16542 20890
16146 20890
16280 20890
15884 20890
6944 20890
6548 20890
7078 20890
6682 20890
5079 20890
4683 20890
27773 20890
27511 20890
18571 20890
16572 20890
16176 20890
16310 20890
15914 20890
16048 20890
7108 20890
14049 20890
5109 20890
4713 20890
4847 20890
4451 20890
27541 20890
27675 20890
2452 20890
25542 20890
25676 20890
25280 20890
16340 20890
15944 20890
16474 20890
16078 20890
14475 20890
14079 20890
5139 20890
4877 20890
4481 20890
4615 20890
2878 20890
2482 20890
25968 20890
25572 20890
2616 20890
25706 20890
25310 20890
14505 20890
14109 20890
14243 20890
13847 20890
4907 20890
2908 20890
2512 20890
3042 20890
2646 20890
25736 20890
25340 20890
2384 20890
25474 20890
23871 20890
23475 20890
14535 20890
14273 20890
13877 20890
14011 20890
11878 20890
12012 20890
3072 20890
2676 20890
2810 20890
2414 20890
811 20890
415 20890
23901 20890
23505 20890
23639 20890
23243 20890
14303 20890
12304 20890
11908 20890
12042 20890
2840 20890
841 20890
445 20890
23931 20890
23535 20890
579 20890
183 20890
23669 20890
23273 20890
23407 20890
21274 20890
21408 20890
21012 20890
12072 20890
11676 20890
12206 20890
11810 20890
10207 20890
9811 20890
871 20890
475 20890
609 20890
213 20890
23699 20890
347 20890
21700 20890
21304 20890
21438 20890
21042 20890
12236 20890
10237 20890
9841 20890
9975 20890
9579 20890
639 20890
21468 20890
21072 20890
21602 20890
21206 20890
19207 20890
10267 20890
9871 20890
10005 20890
9609 20890
9743 20890
7610 20890
19499 20890
19633 20890
19237 20890
19371 20890
18975 20890
10035 20890
8036 20890
7640 20890
8170 20890
7774 20890
19663 20890
19267 20890
19401 20890
19005 20890
17006 20890
8200 20890
7804 20890
7938 20890
7542 20890
5939 20890
5543 20890
19431 20890
19035 20890
17432 20890
17036 20890
17170 20890
7834 20890
7968 20890
5835 20890
5969 20890
5573 20890
5707 20890
5311 20890
26402 20890
26140 20890
17200 20890
16804 20890
17334 20890
16938 20890
14939 20890
5999 20890
5603 20890
5737 20890
5341 20890
26828 20890
26432 20890
26566 20890
26170 20890
17230 20890
17364 20890
15231 20890
15365 20890
14969 20890
15103 20890
14707 20890
5767 20890
5371 20890
3768 20890
26858 20890
3902 20890
3506 20890
26596 20890
26200 20890
26730 20890
26334 20890
24335 20890
15395 20890
14999 20890
15133 20890
14737 20890
12738 20890
3932 20890
3536 20890
26626 20890
3670 20890
3274 20890
26364 20890
24627 20890
1275 20890
24761 20890
24365 20890
24103 20890
15163 20890
14767 20890
13164 20890
12768 20890
13298 20890
12902 20890
3962 20890
3566 20890
3700 20890
1567 20890
1701 20890
1305 20890
24791 20890
24395 20890
1043 20890
24529 20890
24133 20890
22134 20890
13194 20890
13328 20890
12932 20890
13066 20890
12670 20890
10671 20890
1731 20890
1335 20890
1469 20890
1073 20890
24559 20890
24163 20890
22560 20890
22164 20890
22298 20890
12962 20890
13096 20890
12700 20890
10963 20890
11097 20890
10701 20890
10439 20890
1499 20890
1103 20890
24589 20890
22590 20890
22328 20890
21932 20890
22462 20890
22066 20890
20067 20890
11127 20890
10731 20890
10865 20890
10469 20890
1529 20890
22358 20890
22492 20890
22096 20890
20359 20890
20493 20890
20097 20890
19835 20890
10895 20890
10499 20890
8896 20890
9030 20890
8634 20890
22522 20890
20523 20890
20127 20890
20261 20890
19865 20890
10925 20890
19603 20890
17866 20890
8926 20890
9060 20890
8664 20890
8402 20890
6403 20890
20553 20890
20291 20890
19895 20890
18292 20890
17896 20890
18426 20890
18030 20890
9090 20890
8694 20890
8828 20890
8432 20890
6695 20890
6829 20890
6433 20890
6171 20890
20321 20890
27262 20890
18322 20890
18456 20890
18060 20890
17798 20890
8858 20890
15799 20890
6859 20890
6463 20890
6597 20890
6201 20890
27688 20890
27292 20890
27426 20890
18090 20890
18224 20890
17828 20890
16091 20890
16225 20890
15829 20890
6889 20890
15567 20890
6627 20890
6231 20890
4628 20890
27718 20890
4762 20890
4366 20890
27456 20890
27060 20890
27194 20890
18254 20890
25195 20890
16255 20890
15859 20890
15993 20890
15597 20890
6657 20890
15335 20890
4658 20890
4792 20890
4396 20890
27486 20890
4134 20890
27620 20890
27224 20890
2135 20890
25621 20890
25225 20890
16285 20890
24963 20890
16023 20890
15627 20890
15761 20890
14024 20890
13762 20890
4822 20890
4426 20890
4560 20890
4164 20890
27650 20890
2427 20890
2561 20890
2165 20890
25651 20890
25255 20890
1903 20890
25389 20890
24993 20890
16053 20890
24731 20890
22994 20890
14054 20890
14188 20890
13792 20890
13530 20890
4590 20890
2853 20890
11531 20890
2591 20890
2195 20890
25681 20890
2329 20890
1933 20890
25419 20890
25023 20890
25157 20890
23420 20890
23024 20890
23158 20890
14218 20890
13822 20890
13956 20890
13560 20890
11957 20890
11561 20890
2621 20890
11299 20890
2359 20890
1963 20890
25449 20890
2097 20890
360 20890
23450 20890
98 20890
23584 20890
23188 20890
14248 20890
22926 20890
13986 20890
12249 20890
20927 20890
11987 20890
11591 20890
11725 20890
11329 20890
2389 20890
786 20890
390 20890
524 20890
128 20890
23218 20890
23352 20890
22956 20890
21353 20890
20957 20890
12017 20890
20695 20890
11755 20890
11359 20890
11493 20890
9756 20890
9494 20890
554 20890
158 20890
292 20890
23382 20890
21383 20890
20987 20890
21121 20890
20725 20890
11785 20890
10182 20890
9786 20890
9920 20890
9524 20890
584 20890
9262 20890
322 20890
7263 20890
21413 20890
21151 20890
20755 20890
20889 20890
19152 20890
18890 20890
9950 20890
9554 20890
9688 20890
9292 20890
7689 20890
7293 20890
7031 20890
21181 20890
19182 20890
19316 20890
18920 20890
9980 20890
18658 20890
9718 20890
16659 20890
7719 20890
7323 20890
7457 20890
7061 20890
19346 20890
18950 20890
19084 20890
18688 20890
17085 20890
16689 20890
7749 20890
16427 20890
7487 20890
7091 20890
7225 20890
5488 20890
5226 20890
19376 20890
19114 20890
26055 20890
17115 20890
16719 20890
16853 20890
16457 20890
7517 20890
5914 20890
5518 20890
5652 20890
5256 20890
4994 20890
2995 20890
26481 20890
26085 20890
17145 20890
16883 20890
16487 20890
16621 20890
5944 20890
14622 20890
5682 20890
5286 20890
5420 20890
5024 20890
3421 20890
3025 20890
26511 20890
26115 20890
26249 20890
25853 20890
16913 20890
14914 20890
15048 20890
14652 20890
5712 20890
14390 20890
5450 20890
12391 20890
3451 20890
3055 20890
26541 20890
3189 20890
26279 20890
25883 20890
26017 20890
24018 20890
15078 20890
14682 20890
14816 20890
14420 20890
12817 20890
12421 20890
3481 20890
3219 20890
26309 20890
25913 20890
2957 20890
24310 20890
23914 20890
958 20890
24444 20890
24048 20890
15108 20890
23786 20890
14846 20890
12847 20890
12451 20890
12585 20890
12189 20890
3249 20890
3383 20890
1250 20890
1384 20890
988 20890
24474 20890
24078 20890
726 20890
24212 20890
23816 20890
21817 20890
12877 20890
12615 20890
12219 20890
12353 20890
1676 20890
10354 20890
1414 20890
1018 20890
24504 20890
1152 20890
756 20890
24242 20890
22243 20890
21847 20890
21981 20890
21585 20890
12645 20890
10646 20890
10780 20890
10384 20890
1444 20890
1182 20890
22273 20890
21877 20890
22011 20890
21615 20890
21749 20890
11072 20890
19750 20890
10810 20890
10414 20890
10548 20890
10152 20890
8153 20890
22041 20890
21645 20890
20042 20890
20176 20890
19780 20890
10840 20890
10578 20890
8579 20890
8183 20890
8317 20890
20206 20890
19810 20890
19944 20890
19548 20890
17549 20890
8609 20890
8213 20890
8347 20890
8085 20890
6086 20890
20236 20890
19974 20890
17975 20890
17579 20890
17713 20890
17317 20890
8377 20890
7981 20890
8511 20890
6378 20890
6512 20890
6116 20890
26945 20890
18005 20890
17609 20890
17743 20890
17347 20890
17481 20890
6804 20890
6542 20890
6146 20890
6280 20890
5884 20890
27237 20890
3885 20890
27371 20890
26975 20890
27109 20890
26713 20890
17773 20890
17377 20890
15774 20890
15908 20890
15512 20890
6572 20890
6310 20890
4177 20890
4311 20890
3915 20890
27401 20890
27005 20890
4049 20890
27139 20890
26743 20890
16200 20890
15938 20890
15542 20890
15676 20890
15280 20890
13281 20890
4341 20890
3945 20890
4475 20890
4079 20890
27169 20890
26773 20890
25170 20890
25304 20890
24908 20890
15968 20890
15572 20890
15706 20890
15310 20890
13573 20890
13707 20890
13311 20890
13445 20890
4109 20890
4243 20890
2110 20890
2244 20890
1848 20890
25334 20890
24938 20890
25072 20890
24676 20890
22677 20890
13737 20890
13341 20890
13475 20890
2536 20890
2274 20890
1878 20890
25364 20890
24968 20890
2012 20890
1616 20890
25102 20890
24706 20890
22969 20890
23103 20890
22707 20890
22445 20890
13505 20890
13109 20890
13639 20890
11506 20890
11640 20890
11244 20890
2304 20890
1908 20890
2042 20890
1646 20890
25132 20890
43 20890
23133 20890
22737 20890
22871 20890
22475 20890
11932 20890
11670 20890
11274 20890
11408 20890
11012 20890
9013 20890
73 20890
207 20890
22901 20890
22505 20890
20902 20890
21036 20890
20640 20890
11700 20890
11304 20890
11438 20890
11042 20890
9305 20890
9439 20890
9043 20890
237 20890
22931 20890
21328 20890
20932 20890
21066 20890
20670 20890
20804 20890
20408 20890
11468 20890
18409 20890
9469 20890
9073 20890
9603 20890
9207 20890
267 20890
21096 20890
20700 20890
20834 20890
20438 20890
18701 20890
18835 20890
18439 20890
9237 20890
9371 20890
7238 20890
7372 20890
6976 20890
20864 20890
27805 20890
18865 20890
18469 20890
18603 20890
9267 20890
7664 20890
7268 20890
7402 20890
7006 20890
7140 20890
6744 20890
27835 20890
27573 20890
18633 20890
18237 20890
18767 20890
18371 20890
16634 20890
16768 20890
16372 20890
7432 20890
7036 20890
7170 20890
6774 20890
5037 20890
5171 20890
27603 20890
18663 20890
18797 20890
17060 20890
16664 20890
16798 20890
16402 20890
16140 20890
7200 20890
14141 20890
5201 20890
5335 20890
4939 20890
27633 20890
27767 20890
26030 20890
26164 20890
25768 20890
16828 20890
16432 20890
16566 20890
16170 20890
14567 20890
14171 20890
5231 20890
5365 20890
4969 20890
5103 20890
4707 20890
2970 20890
26456 20890
26060 20890
3104 20890
2708 20890
26194 20890
25798 20890
25536 20890
16596 20890
23537 20890
14597 20890
14201 20890
14731 20890
14335 20890
5395 20890
4999 20890
5133 20890
3396 20890
3000 20890
3134 20890
2738 20890
26224 20890
25828 20890
2476 20890
25962 20890
25566 20890
23963 20890
23567 20890
14627 20890
14365 20890
14499 20890
14103 20890
12366 20890
12104 20890
3164 20890
2768 20890
2902 20890
2506 20890
25992 20890
903 20890
23993 20890
23597 20890
23731 20890
14395 20890
14529 20890
12792 20890
12396 20890
12530 20890
12134 20890
11872 20890
2932 20890
1329 20890
933 20890
24023 20890
1067 20890
671 20890
23761 20890
23365 20890
23499 20890
21500 20890
12560 20890
12164 20890
12298 20890
11902 20890
10299 20890
963 20890
1097 20890
701 20890
23791 20890
835 20890
439 20890
23925 20890
22188 20890
21792 20890
21926 20890
21530 20890
12590 20890
21268 20890
12328 20890
19269 20890
10329 20890
10463 20890
10067 20890
1127 20890
731 20890
865 20890
21956 20890
21560 20890
21694 20890
21298 20890
19695 20890
19299 20890
10359 20890
10493 20890
10097 20890
9835 20890
7836 20890
21986 20890
21724 20890
19725 20890
19329 20890
19859 20890
19463 20890
10523 20890
10127 20890
10261 20890
8524 20890
8128 20890
8262 20890
7866 20890
7604 20890
19755 20890
19493 20890
19231 20890
17232 20890
8292 20890
7896 20890
8030 20890
7634 20890
6031 20890
19523 20890
19657 20890
17524 20890
17658 20890
17262 20890
8322 20890
17000 20890
8060 20890
6457 20890
6061 20890
5799 20890
17950 20890
26628 20890
17688 20890
17292 20890
17426 20890
17030 20890
15427 20890
6091 20890
6225 20890
5829 20890
5567 20890
26920 20890
3568 20890
27054 20890
26658 20890
17718 20890
26396 20890
17456 20890
15457 20890
15195 20890
6255 20890
5859 20890
5993 20890
3860 20890
27346 20890
3994 20890
3598 20890
27084 20890
26688 20890
3336 20890
26822 20890
26426 20890
24427 20890
15487 20890
15621 20890
15225 20890
6285 20890
14963 20890
4286 20890
12964 20890
4024 20890
3628 20890
27114 20890
3762 20890
3366 20890
26852 20890
1763 20890
24853 20890
24457 20890
24591 20890
15651 20890
15255 20890
15389 20890
13256 20890
13390 20890
12994 20890
4054 20890
12732 20890
3792 20890
2189 20890
1793 20890
24883 20890
1531 20890
24621 20890
15681 20890
24359 20890
13682 20890
22360 20890
13420 20890
13024 20890
13158 20890
12762 20890
2219 20890
1823 20890
1957 20890
1561 20890
24651 20890
1299 20890
24785 20890
22652 20890
22786 20890
22390 20890
13450 20890
22128 20890
13188 20890
11585 20890
11189 20890
10927 20890
1987 20890
1591 20890
1725 20890
23078 20890
22816 20890
22420 20890
22554 20890
22158 20890
11219 20890
11353 20890
10957 20890
2017 20890
10695 20890
18 20890
8696 20890
22846 20890
22584 20890
20585 20890
20323 20890
11383 20890
10987 20890
11121 20890
8988 20890
9122 20890
8726 20890
8464 20890
20615 20890
20749 20890
20353 20890
11413 20890
20091 20890
9414 20890
18092 20890
9152 20890
8756 20890
8890 20890
8494 20890
20779 20890
20383 20890
20517 20890
18384 20890
18518 20890
18122 20890
9182 20890
8920 20890
6921 20890
6659 20890
20809 20890
18810 20890
27488 20890
18548 20890
18152 20890
18286 20890
17890 20890
7347 20890
6951 20890
7085 20890
6689 20890
6427 20890
27780 20890
4428 20890
27518 20890
18578 20890
18316 20890
17920 20890
16317 20890
7377 20890
16055 20890
7115 20890
6719 20890
6853 20890
4720 20890
4854 20890
4458 20890
27548 20890
27682 20890
27286 20890
18346 20890
16347 20890
16481 20890
16085 20890
7145 20890
15823 20890
5146 20890
4884 20890
4488 20890
4622 20890
27712 20890
27316 20890
25579 20890
25713 20890
25451 20890
16511 20890
16115 20890
16249 20890
14116 20890
14250 20890
13854 20890
4914 20890
4652 20890
4256 20890
27742 20890
2653 20890
25743 20890
25347 20890
2391 20890
25877 20890
25481 20890
16541 20890
14542 20890
14280 20890
13884 20890
14018 20890
13622 20890
3079 20890
2683 20890
2817 20890
2421 20890
25907 20890
25511 20890
2159 20890
25645 20890
25249 20890
23512 20890
23646 20890
23250 20890
14310 20890
14048 20890
13652 20890
12049 20890
3109 20890
11787 20890
2847 20890
2451 20890
25937 20890
2585 20890
452 20890
23938 20890
586 20890
190 20890
23676 20890
23280 20890
23414 20890
23018 20890
14078 20890
12475 20890
12079 20890
12213 20890
11817 20890
2877 20890
878 20890
616 20890
220 20890
23706 20890
23310 20890
354 20890
23444 20890
23048 20890
21445 20890
12505 20890
21183 20890
12243 20890
11847 20890
11981 20890
9848 20890
9982 20890
9586 20890
646 20890
250 20890
780 20890
384 20890
23474 20890
21475 20890
21609 20890
21213 20890
12273 20890
10274 20890
10012 20890
9616 20890
9750 20890
414 20890
21639 20890
21243 20890
21377 20890
20981 20890
19244 20890
19378 20890
18982 20890
10042 20890
9646 20890
9780 20890
9384 20890
7781 20890
21669 20890
21407 20890
19670 20890
19274 20890
19408 20890
19012 20890
19146 20890
18750 20890
9810 20890
8207 20890
7811 20890
7945 20890
7549 20890
19438 20890
19042 20890
19176 20890
18780 20890
17177 20890
8237 20890
7975 20890
7579 20890
7713 20890
7317 20890
5580 20890
5714 20890
5318 20890
19206 20890
17603 20890
17207 20890
17341 20890
16945 20890
8005 20890
7609 20890
7743 20890
6006 20890
5610 20890
5744 20890
5348 20890
5482 20890
26573 20890
17633 20890
17371 20890
16975 20890
17109 20890
16713 20890
14976 20890
15110 20890
14714 20890
5774 20890
5378 20890
5908 20890
5512 20890
3513 20890
26603 20890
26737 20890
26341 20890
17401 20890
17005 20890
17139 20890
15402 20890
15006 20890
15140 20890
14744 20890
5542 20890
3939 20890
3543 20890
26633 20890
3677 20890
3281 20890
26767 20890
26371 20890
26505 20890
26109 20890
24506 20890
24110 20890
15170 20890
14774 20890
14908 20890
14512 20890
12909 20890
3969 20890
3707 20890
3311 20890
26797 20890
26401 20890
3445 20890
3049 20890
26535 20890
1312 20890
24402 20890
1446 20890
24536 20890
24140 20890
23878 20890
14938 20890
13335 20890
12939 20890
13073 20890
12677 20890
3737 20890
3341 20890
3475 20890
1738 20890
1342 20890
1476 20890
24566 20890
24170 20890
24304 20890
23908 20890
22305 20890
13365 20890
12969 20890
13103 20890
12707 20890
12841 20890
12445 20890
10842 20890
10446 20890
1506 20890
1110 20890
1640 20890
1244 20890
24334 20890
22731 20890
22335 20890
22469 20890
22073 20890
13133 20890
12737 20890
12871 20890
11134 20890
10738 20890
10872 20890
10476 20890
1670 20890
1274 20890
22761 20890
22365 20890
22499 20890
22103 20890
22237 20890
21841 20890
19842 20890
10902 20890
10506 20890
11036 20890
10640 20890
1700 20890
8641 20890
22529 20890
22133 20890
22267 20890
20134 20890
20268 20890
19872 20890
10670 20890
10804 20890
9067 20890
8671 20890
8805 20890
8409 20890
20298 20890
19902 20890
20036 20890
19640 20890
18037 20890
9097 20890
8701 20890
8835 20890
8439 20890
8177 20890
20328 20890
20066 20890
20200 20890
18463 20890
18067 20890
18201 20890
17805 20890
8865 20890
8469 20890
8603 20890
6470 20890
6604 20890
18493 20890
18097 20890
18231 20890
17835 20890
17573 20890
15574 20890
6634 20890
6238 20890
6768 20890
6372 20890
4373 20890
27463 20890
27201 20890
18261 20890
17865 20890
17999 20890
15866 20890
16000 20890
15604 20890
6664 20890
6798 20890
6402 20890
6536 20890
4799 20890
4403 20890
27493 20890
4537 20890
4141 20890
27627 20890
27231 20890
26969 20890
24970 20890
16030 20890
15634 20890
16164 20890
15768 20890
6828 20890
4829 20890
4433 20890
4567 20890
4171 20890
27657 20890
27261 20890
3909 20890
27395 20890
25262 20890
25396 20890
25000 20890
16060 20890
15798 20890
13799 20890
13537 20890
4597 20890
4201 20890
27687 20890
4335 20890
2202 20890
25688 20890
2732 20890
2336 20890
25426 20890
25030 20890
25164 20890
24768 20890
14225 20890
13829 20890
13963 20890
13567 20890
13305 20890
2628 20890
2366 20890
25456 20890
2500 20890
2104 20890
25194 20890
24798 20890
23195 20890
22933 20890
13993 20890
13597 20890
13731 20890
11598 20890
11732 20890
2396 20890
2530 20890
2134 20890
135 20890
23621 20890
23225 20890
23359 20890
22963 20890
14023 20890
22701 20890
12024 20890
20702 20890
11762 20890
11366 20890
11896 20890
11500 20890
2560 20890
561 20890
165 20890
299 20890
23389 20890
22993 20890
23127 20890
20994 20890
21128 20890
20732 20890
11792 20890
11926 20890
11530 20890
9531 20890
9269 20890
329 20890
23419 20890
67 20890
21420 20890
21158 20890
20762 20890
20896 20890
11956 20890
9957 20890
9561 20890
9695 20890
9299 20890
359 20890
9037 20890
21188 20890
20926 20890
18927 20890
9987 20890
18665 20890
9725 20890
9329 20890
9463 20890
7330 20890
7860 20890
7464 20890
20956 20890
19353 20890
18957 20890
19091 20890
18695 20890
9755 20890
18433 20890
7756 20890
7890 20890
7494 20890
7232 20890
19383 20890
19121 20890
18725 20890
18859 20890
16726 20890
16860 20890
7524 20890
7658 20890
7262 20890
5263 20890
5001 20890
19151 20890
27829 20890
17152 20890
25830 20890
16890 20890
16494 20890
16628 20890
7688 20890
7292 20890
5689 20890
5293 20890
5427 20890
5031 20890
4769 20890
26122 20890
26256 20890
25860 20890
16920 20890
17054 20890
16658 20890
14659 20890
5719 20890
14397 20890
5457 20890
5061 20890
5195 20890
26548 20890
3196 20890
26286 20890
25890 20890
26024 20890
17084 20890
16688 20890
15085 20890
14689 20890
14823 20890
14427 20890
5487 20890
14165 20890
3488 20890
3622 20890
3226 20890
26316 20890
2964 20890
26054 20890
24055 20890
15115 20890
23793 20890
14853 20890
14457 20890
14591 20890
14195 20890
12458 20890
12592 20890
3652 20890
3256 20890
3390 20890
2994 20890
26084 20890
995 20890
24481 20890
24085 20890
733 20890
24219 20890
23823 20890
14883 20890
23561 20890
12884 20890
13018 20890
12622 20890
3682 20890
12360 20890
3420 20890
3024 20890
1421 20890
1025 20890
24511 20890
1159 20890
763 20890
24249 20890
23853 20890
23987 20890
23591 20890
21854 20890
21988 20890
12652 20890
12786 20890
12390 20890
3450 20890
10391 20890
1451 20890
10129 20890
1189 20890
793 20890
24279 20890
927 20890
24017 20890
22280 20890
22018 20890
21622 20890
21756 20890
12816 20890
12420 20890
10817 20890
10421 20890
10555 20890
10159 20890
1219 20890
22048 20890
21652 20890
22182 20890
21786 20890
12846 20890
19787 20890
10847 20890
19525 20890
10585 20890
10189 20890
10323 20890
9927 20890
8324 20890
22212 20890
21816 20890
20213 20890
19817 20890
19951 20890
19555 20890
10615 20890
10353 20890
8616 20890
8750 20890
8354 20890
8092 20890
20243 20890
19981 20890
19585 20890
19719 20890
19323 20890
17586 20890
17720 20890
8780 20890
8384 20890
8518 20890
8122 20890
6123 20890
5861 20890
20011 20890
19749 20890
18012 20890
18146 20890
17750 20890
8810 20890
17488 20890
8548 20890
8152 20890
6549 20890
6153 20890
6287 20890
5891 20890
27116 20890
17780 20890
17914 20890
17518 20890
8578 20890
15519 20890
6579 20890
6317 20890
5921 20890
6055 20890
27012 20890
4056 20890
27146 20890
26750 20890
26884 20890
17944 20890
17548 20890
17682 20890
15945 20890
15549 20890
15683 20890
15287 20890
6347 20890
6085 20890
4348 20890
4482 20890
4086 20890
27176 20890
26780 20890
3824 20890
27310 20890
26914 20890
17974 20890
24915 20890
15975 20890
15713 20890
15317 20890
15451 20890
15055 20890
13452 20890
4512 20890
4116 20890
4250 20890
3854 20890
27340 20890
26944 20890
27078 20890
1855 20890
25341 20890
24945 20890
25079 20890
24683 20890
15743 20890
15347 20890
15481 20890
13348 20890
13878 20890
13482 20890
4542 20890
13220 20890
4280 20890
3884 20890
4018 20890
2281 20890
1885 20890
25371 20890
2019 20890
1623 20890
25109 20890
24713 20890
24847 20890
24451 20890
22848 20890
13908 20890
13512 20890
13646 20890
13250 20890
4310 20890
11251 20890
2311 20890
2049 20890
1653 20890
25139 20890
24743 20890
1787 20890
24877 20890
22744 20890
23274 20890
22878 20890
13938 20890
13676 20890
13280 20890
13414 20890
11677 20890
11281 20890
11415 20890
11019 20890
2079 20890
1683 20890
1817 20890
80 20890
214 20890
22908 20890
23042 20890
22646 20890
13706 20890
11707 20890
11311 20890
11445 20890
11049 20890
11183 20890
506 20890
9184 20890
244 20890
23072 20890
22676 20890
22810 20890
21073 20890
20677 20890
20811 20890
20415 20890
11475 20890
11079 20890
11213 20890
9610 20890
9214 20890
274 20890
12 20890
23102 20890
21103 20890
20707 20890
20841 20890
20445 20890
20579 20890
20183 20890
9640 20890
9244 20890
9378 20890
8982 20890
42 20890
6983 20890
20871 20890
20475 20890
20609 20890
18476 20890
19006 20890
18610 20890
9670 20890
9408 20890
9012 20890
9146 20890
7409 20890
7013 20890
7147 20890
6751 20890
19036 20890
18640 20890
18774 20890
18378 20890
9438 20890
7439 20890
7043 20890
7177 20890
6781 20890
6915 20890
19066 20890
18804 20890
18408 20890
18542 20890
16409 20890
16543 20890
16147 20890
7207 20890
6811 20890
6945 20890
5342 20890
4946 20890
27774 20890
18834 20890
16835 20890
16439 20890
16573 20890
16177 20890
5372 20890
4976 20890
5110 20890
4714 20890
27804 20890
25805 20890
25939 20890
25543 20890
16603 20890
16207 20890
16341 20890
14738 20890
14342 20890
5402 20890
5006 20890
5140 20890
4744 20890
4878 20890
2745 20890
26231 20890
25835 20890
2879 20890
25969 20890
25573 20890
25311 20890
14768 20890
14372 20890
14506 20890
14110 20890
5170 20890
3171 20890
2775 20890
2909 20890
25999 20890
25603 20890
25737 20890
23604 20890
23738 20890
14798 20890
14402 20890
14536 20890
14140 20890
14274 20890
12141 20890
11879 20890
2939 20890
2543 20890
3073 20890
2677 20890
24030 20890
1074 20890
678 20890
24164 20890
23768 20890
23902 20890
23506 20890
14566 20890
12567 20890
12171 20890
12305 20890
11909 20890
3103 20890
1104 20890
708 20890
24194 20890
23798 20890
842 20890
446 20890
23932 20890
23536 20890
21537 20890
21275 20890
12335 20890
11939 20890
12073 20890
10470 20890
10074 20890
1134 20890
738 20890
872 20890
476 20890
23962 20890
23566 20890
21963 20890
21567 20890
21701 20890
21305 20890
12365 20890
10366 20890
10500 20890
10104 20890
10238 20890
9842 20890
902 20890
21731 20890
21335 20890
21469 20890
19470 20890
10530 20890
10134 20890
10268 20890
9872 20890
7873 20890
21761 20890
19762 20890
19896 20890
19500 20890
19238 20890
10298 20890
9902 20890
8299 20890
7903 20890
8037 20890
19926 20890
19530 20890
19664 20890
19268 20890
17269 20890
17007 20890
8067 20890
7671 20890
8201 20890
7805 20890
5806 20890
19694 20890
19298 20890
17695 20890
17299 20890
17433 20890
17037 20890
8097 20890
8231 20890
6098 20890
6232 20890
5836 20890
5574 20890
19724 20890
26665 20890
17725 20890
26403 20890
17463 20890
17067 20890
17201 20890
15202 20890
6262 20890
5866 20890
6000 20890
5604 20890
3605 20890
27091 20890
26695 20890
26829 20890
26433 20890
17493 20890
17231 20890
15494 20890
15628 20890
15232 20890
14970 20890
6030 20890
5634 20890
4031 20890
3635 20890
27121 20890
4165 20890
3769 20890
26859 20890
26463 20890
26597 20890
26201 20890
24598 20890
15658 20890
15262 20890
15396 20890
15000 20890
6060 20890
13001 20890
4061 20890
3799 20890
26889 20890
3933 20890
3537 20890
26627 20890
24890 20890
1538 20890
25024 20890
24628 20890
24366 20890
15426 20890
15030 20890
13427 20890
13031 20890
13165 20890
3829 20890
3963 20890
1830 20890
1964 20890
1568 20890
25054 20890
24658 20890
1306 20890
24792 20890
24396 20890
15456 20890
24134 20890
22397 20890
13457 20890
22135 20890
13195 20890
12799 20890
12933 20890
10934 20890
1994 20890
1598 20890
25084 20890
1732 20890
1336 20890
24822 20890
24426 20890
22823 20890
22427 20890
22561 20890
22165 20890
13225 20890
13359 20890
12963 20890
11226 20890
11360 20890
10964 20890
10702 20890
1762 20890
1366 20890
24852 20890
22853 20890
22591 20890
22195 20890
22329 20890
13389 20890
20330 20890
11390 20890
10994 20890
11128 20890
10732 20890
1792 20890
8733 20890
22621 20890
22359 20890
20622 20890
20756 20890
20360 20890
11420 20890
20098 20890
11158 20890
10762 20890
9159 20890
8763 20890
9293 20890
8897 20890
20786 20890
20390 20890
20524 20890
20128 20890
11188 20890
19866 20890
18129 20890
9189 20890
8927 20890
8665 20890
6666 20890
20816 20890
20554 20890
20158 20890
20292 20890
18555 20890
18159 20890
18293 20890
8957 20890
9091 20890
8695 20890
6958 20890
7092 20890
6696 20890
6434 20890
20584 20890
27525 20890
18585 20890
27263 20890
18323 20890
17927 20890
18061 20890
9121 20890
7384 20890
16062 20890
7122 20890
6726 20890
6860 20890
6464 20890
6202 20890
27555 20890
27689 20890
27293 20890
18353 20890
18487 20890
18091 20890
16488 20890
16092 20890
7152 20890
15830 20890
6890 20890
6494 20890
6628 20890
4891 20890
4629 20890
27719 20890
27323 20890
27457 20890
18517 20890
16780 20890
25458 20890
16518 20890
16122 20890
16256 20890
15860 20890
6920 20890
15598 20890
13861 20890
4921 20890
5055 20890
4659 20890
27749 20890
4397 20890
27487 20890
2398 20890
25884 20890
25488 20890
16548 20890
25226 20890
16286 20890
15890 20890
16024 20890
14287 20890
13891 20890
14025 20890
5085 20890
4689 20890
4823 20890
4427 20890
2824 20890
2428 20890
25914 20890
25518 20890
2166 20890
25652 20890
25256 20890
16316 20890
14317 20890
14055 20890
5115 20890
13793 20890
4853 20890
3116 20890
11794 20890
2854 20890
2458 20890
25944 20890
2592 20890
2196 20890
25682 20890
25286 20890
25420 20890
23683 20890
23287 20890
23421 20890
14085 20890
14219 20890
13823 20890
12220 20890
11824 20890
2884 20890
11562 20890
2622 20890
2226 20890
25712 20890
2360 20890
623 20890
23713 20890
361 20890
23451 20890
23055 20890
23189 20890
14249 20890
21190 20890
12250 20890
11854 20890
11988 20890
11592 20890
2652 20890
653 20890
787 20890
391 20890
23481 20890
23085 20890
129 20890
23615 20890
23219 20890
21616 20890
21220 20890
12280 20890
12018 20890
11622 20890
11756 20890
10019 20890
9757 20890
817 20890
421 20890
555 20890
159 20890
23645 20890
21646 20890
21250 20890
21384 20890
20988 20890
12048 20890
10049 20890
10183 20890
9787 20890
847 20890
9525 20890
585 20890
7526 20890
21676 20890
21414 20890
21018 20890
21152 20890
19019 20890
19153 20890
10213 20890
9817 20890
9951 20890
9555 20890
7952 20890
7556 20890
21444 20890
19445 20890
19049 20890
19183 20890
10243 20890
18921 20890
9981 20890
16922 20890
7982 20890
7586 20890
7720 20890
7324 20890
19213 20890
19347 20890
18951 20890
17348 20890
16952 20890
8012 20890
7750 20890
7354 20890
7488 20890
5489 20890
19377 20890
17378 20890
16982 20890
17116 20890
16720 20890
7780 20890
5781 20890
5915 20890
5519 20890
5257 20890
3258 20890
26348 20890
17408 20890
17146 20890
16750 20890
16884 20890
14885 20890
5945 20890
5549 20890
5683 20890
5287 20890
3684 20890
3288 20890
26774 20890
26378 20890
26512 20890
26116 20890
17176 20890
15177 20890
14781 20890
15311 20890
14915 20890
5975 20890
5713 20890
3714 20890
3318 20890
26804 20890
26408 20890
3452 20890
3056 20890
26542 20890
26146 20890
26280 20890
24147 20890
24281 20890
15341 20890
14945 20890
15079 20890
14683 20890
12684 20890
3744 20890
3482 20890
3086 20890
26572 20890
26176 20890
3220 20890
24573 20890
24177 20890
1221 20890
24311 20890
15371 20890
15109 20890
13110 20890
12714 20890
12848 20890
12452 20890
3512 20890
1513 20890
1647 20890
1251 20890
24341 20890
24475 20890
24079 20890
22080 20890
13140 20890
12744 20890
12878 20890
12482 20890
12616 20890
1939 20890
10617 20890
1677 20890
1281 20890
1415 20890
1019 20890
24505 20890
22506 20890
22110 20890
22244 20890
21848 20890
12908 20890
12512 20890
10909 20890
11043 20890
10647 20890
1707 20890
1445 20890
22536 20890
22140 20890
22274 20890
21878 20890
11073 20890
10677 20890
10811 20890
10415 20890
8416 20890
22304 20890
21908 20890
20305 20890
19909 20890
20439 20890
20043 20890
11103 20890
10841 20890
8708 20890
8842 20890
8446 20890
8580 20890
8184 20890
20469 20890
20073 20890
20207 20890
19811 20890
17812 20890
8872 20890
8476 20890
8610 20890
8214 20890
20499 20890
20103 20890
20237 20890
19841 20890
18104 20890
18238 20890
17842 20890
17976 20890
17580 20890
8640 20890
8244 20890
6641 20890
6775 20890
6379 20890
27208 20890
18268 20890
17872 20890
18006 20890
17610 20890
7067 20890
6805 20890
6409 20890
6543 20890
6147 20890
27500 20890
4148 20890
27634 20890
27238 20890
26976 20890
18036 20890
17640 20890
16037 20890
16171 20890
15775 20890
6835 20890
6439 20890
6573 20890
6177 20890
4440 20890
4574 20890
4178 20890
27664 20890
27268 20890
4312 20890
27402 20890
27006 20890
26744 20890
16067 20890
16201 20890
15805 20890
15939 20890
15543 20890
13544 20890
4604 20890
4208 20890
4342 20890
3946 20890
27432 20890
27036 20890
25433 20890
25037 20890
25567 20890
25171 20890
16231 20890
15835 20890
15969 20890
15573 20890
13836 20890
13970 20890
13574 20890
13312 20890
4372 20890
3976 20890
27462 20890
4506 20890
2373 20890
25463 20890
2507 20890
2111 20890
25597 20890
25201 20890
25335 20890
24939 20890
15999 20890
22940 20890
14000 20890
13604 20890
13738 20890
13342 20890
2799 20890
2403 20890
2537 20890
2141 20890
25627 20890
25231 20890
2275 20890
1879 20890
25365 20890
24969 20890
23232 20890
23366 20890
22970 20890
22708 20890
13768 20890
13372 20890
11769 20890
11903 20890
11507 20890
2567 20890
2171 20890
2305 20890
1909 20890
25395 20890
172 20890
306 20890
23396 20890
23000 20890
23134 20890
22738 20890
13798 20890
22476 20890
12195 20890
11799 20890
11933 20890
11537 20890
11671 20890
11275 20890
2335 20890
9276 20890
336 20890
470 20890
74 20890
23164 20890
22768 20890
22902 20890
21165 20890
21299 20890
20903 20890
11963 20890
11567 20890
11701 20890
11305 20890
9568 20890
9702 20890
9306 20890
104 20890
23194 20890
238 20890
21195 20890
21329 20890
20933 20890
20671 20890
11731 20890
18672 20890
9732 20890
9336 20890
9470 20890
9074 20890
134 20890
21359 20890
20963 20890
21097 20890
20701 20890
19098 20890
18702 20890
9762 20890
18440 20890
9500 20890
9104 20890
9634 20890
9238 20890
7501 20890
7635 20890
7239 20890
21127 20890
19128 20890
18732 20890
18866 20890
18470 20890
9530 20890
9664 20890
7927 20890
7531 20890
7665 20890
7269 20890
7007 20890
5008 20890
19158 20890
18896 20890
18500 20890
18634 20890
16897 20890
16635 20890
7695 20890
7299 20890
7433 20890
7037 20890
5434 20890
5038 20890
18926 20890
27604 20890
17323 20890
16927 20890
17061 20890
16665 20890
16403 20890
7463 20890
14404 20890
5464 20890
5068 20890
5598 20890
5202 20890
26031 20890
17091 20890
16695 20890
16829 20890
16433 20890
14830 20890
14434 20890
5494 20890
5232 20890
4970 20890
3233 20890
26323 20890
2971 20890
26457 20890
26061 20890
17121 20890
25799 20890
16859 20890
23800 20890
14860 20890
14464 20890
14598 20890
14202 20890
5262 20890
5396 20890
3659 20890
3263 20890
3397 20890
3001 20890
26487 20890
26091 20890
2739 20890
26225 20890
25829 20890
24226 20890
23830 20890
14890 20890
23568 20890
14628 20890
14232 20890
14366 20890
12367 20890
3427 20890
3031 20890
26517 20890
3165 20890
2769 20890
26255 20890
1166 20890
24256 20890
23860 20890
23994 20890
23598 20890
14658 20890
14792 20890
13055 20890
12659 20890
12793 20890
12397 20890
3457 20890
12135 20890
3195 20890
10136 20890
1196 20890
800 20890
24286 20890
1330 20890
934 20890
24024 20890
23628 20890
23762 20890
21763 20890
12823 20890
12427 20890
12561 20890
12165 20890
10562 20890
10166 20890
1226 20890
1360 20890
964 20890
24054 20890
702 20890
22055 20890
22189 20890
21793 20890
12853 20890
21531 20890
12591 20890
10592 20890
10196 20890
10330 20890
1390 20890
994 20890
1128 20890
22481 20890
22219 20890
21823 20890
21957 20890
21561 20890
19958 20890
19562 20890
10622 20890
10360 20890
10098 20890
8099 20890
22249 20890
21987 20890
19988 20890
19592 20890
19726 20890
19330 20890
10390 20890
10524 20890
8391 20890
8525 20890
8129 20890
7867 20890
20018 20890
19756 20890
19360 20890
19494 20890
8817 20890
17495 20890
8555 20890
8159 20890
8293 20890
7897 20890
6294 20890
19786 20890
19920 20890
17787 20890
17921 20890
17525 20890
8585 20890
17263 20890
8323 20890
6324 20890
5928 20890
6062 20890
18213 20890
26891 20890
17951 20890
17555 20890
17689 20890
17293 20890
15294 20890
6354 20890
6488 20890
6092 20890
5830 20890
27183 20890
3831 20890
27317 20890
26921 20890
17981 20890
26659 20890
17719 20890
15720 20890
15324 20890
15458 20890
6518 20890
6122 20890
6256 20890
4123 20890
27609 20890
4257 20890
3861 20890
27347 20890
26951 20890
3599 20890
27085 20890
26689 20890
24690 20890
15750 20890
15488 20890
15226 20890
4549 20890
13227 20890
4287 20890
3891 20890
27377 20890
4025 20890
3629 20890
27115 20890
25116 20890
24720 20890
24854 20890
24458 20890
15518 20890
15652 20890
13519 20890
13653 20890
13257 20890
4317 20890
12995 20890
4055 20890
2056 20890
25146 20890
1794 20890
24884 20890
24488 20890
24622 20890
13945 20890
22623 20890
13683 20890
13287 20890
13421 20890
13025 20890
2086 20890
2220 20890
1824 20890
24914 20890
24518 20890
1562 20890
25048 20890
22915 20890
23049 20890
22653 20890
13713 20890
13451 20890
11452 20890
11056 20890
11190 20890
2250 20890
1854 20890
1988 20890
23341 20890
23079 20890
22683 20890
22817 20890
22421 20890
20422 20890
11482 20890
11086 20890
11616 20890
11220 20890
2280 20890
10958 20890
281 20890
8959 20890
19 20890
23109 20890
22847 20890
22451 20890
20848 20890
20452 20890
20586 20890
11646 20890
11250 20890
11384 20890
9251 20890
9385 20890
8989 20890
49 20890
22877 20890
20878 20890
20482 20890
20616 20890
20354 20890
9677 20890
9415 20890
9019 20890
9153 20890
8757 20890
20646 20890
20780 20890
18647 20890
18781 20890
18385 20890
9445 20890
9183 20890
8787 20890
7184 20890
6922 20890
19073 20890
18811 20890
18415 20890
18549 20890
18153 20890
9213 20890
7214 20890
7348 20890
6952 20890
6690 20890
27781 20890
18841 20890
18445 20890
18579 20890
18183 20890
16446 20890
16580 20890
16184 20890
16318 20890
7378 20890
6982 20890
7116 20890
4983 20890
5117 20890
4721 20890
27811 20890
27549 20890
18609 20890
25550 20890
16610 20890
16214 20890
16744 20890
16348 20890
7408 20890
5409 20890
5147 20890
4751 20890
4885 20890
4489 20890
27579 20890
25976 20890
25580 20890
16774 20890
16378 20890
16512 20890
16116 20890
14379 20890
14513 20890
14117 20890
5177 20890
4781 20890
4915 20890
4519 20890
2782 20890
2916 20890
26006 20890
25610 20890
2654 20890
25744 20890
14805 20890
14543 20890
14147 20890
14281 20890
13885 20890
4945 20890
3342 20890
2946 20890
3080 20890
2684 20890
25774 20890
25908 20890
25512 20890
23775 20890
23909 20890
23513 20890
14573 20890
14177 20890
14311 20890
13915 20890
12178 20890
12312 20890
3372 20890
3110 20890
2714 20890
25804 20890
2848 20890
25938 20890
715 20890
24201 20890
23805 20890
849 20890
453 20890
23939 20890
23543 20890
23677 20890
23281 20890
14341 20890
12342 20890
12476 20890
12080 20890
3140 20890
1141 20890
879 20890
483 20890
23969 20890
23573 20890
617 20890
23707 20890
23311 20890
21708 20890
21312 20890
12506 20890
12110 20890
12244 20890
11848 20890
10111 20890
10245 20890
9849 20890
909 20890
513 20890
647 20890
251 20890
23737 20890
21738 20890
21342 20890
21872 20890
21476 20890
12536 20890
12140 20890
12274 20890
10537 20890
10141 20890
10275 20890
9879 20890
10013 20890
9617 20890
677 20890
21902 20890
21506 20890
21640 20890
21244 20890
19507 20890
19641 20890
19245 20890
10305 20890
9909 20890
10043 20890
9647 20890
8044 20890
21536 20890
21670 20890
19933 20890
19537 20890
19671 20890
19275 20890
19013 20890
10073 20890
8470 20890
8074 20890
8208 20890
7812 20890
19701 20890
19305 20890
19439 20890
19043 20890
17440 20890
8500 20890
8238 20890
7842 20890
7976 20890
7580 20890
5843 20890
5977 20890
5581 20890
19469 20890
17470 20890
17604 20890
17208 20890
8268 20890
7872 20890
8006 20890
6269 20890
5873 20890
6007 20890
5611 20890
26836 20890
26440 20890
17500 20890
17634 20890
17238 20890
17372 20890
16976 20890
15373 20890
14977 20890
6037 20890
5641 20890
5775 20890
5379 20890
3776 20890
26866 20890
26470 20890
27000 20890
26604 20890
17664 20890
17268 20890
17402 20890
15665 20890
15269 20890
15403 20890
15007 20890
14745 20890
5805 20890
4202 20890
3806 20890
26896 20890
3940 20890
3544 20890
27030 20890
26634 20890
26372 20890
24373 20890
15433 20890
15037 20890
15171 20890
14775 20890
13172 20890
4232 20890
3836 20890
3970 20890
3574 20890
26664 20890
3708 20890
3312 20890
26798 20890
24665 20890
1313 20890
24799 20890
24403 20890
24141 20890
15201 20890
13598 20890
13202 20890
13336 20890
12940 20890
4000 20890
3604 20890
3738 20890
2001 20890
1605 20890
1739 20890
1343 20890
24829 20890
24433 20890
24567 20890
24171 20890
22568 20890
13628 20890
13232 20890
13366 20890
12970 20890
12708 20890
10709 20890
1769 20890
1373 20890
24859 20890
1507 20890
24597 20890
22598 20890
22732 20890
22336 20890
13396 20890
13000 20890
13134 20890
11001 20890
11135 20890
10739 20890
1799 20890
1537 20890
1671 20890
22628 20890
22762 20890
22366 20890
22104 20890
20105 20890
11165 20890
10769 20890
10903 20890
10507 20890
8904 20890
22792 20890
22396 20890
22530 20890
20397 20890
20531 20890
20135 20890
11195 20890
19873 20890
10933 20890
11067 20890
9330 20890
8934 20890
9068 20890
8672 20890
20823 20890
20561 20890
20165 20890
20299 20890
19903 20890
9360 20890
8964 20890
9098 20890
8702 20890
8440 20890
6441 20890
20591 20890
20329 20890
18330 20890
18068 20890
9128 20890
8732 20890
8866 20890
6733 20890
6867 20890
6471 20890
18756 20890
18360 20890
18494 20890
18098 20890
17836 20890
7159 20890
15837 20890
6897 20890
6501 20890
6635 20890
27726 20890
27464 20890
18524 20890
18128 20890
18262 20890
16129 20890
16263 20890
15867 20890
6927 20890
6665 20890
4666 20890
27756 20890
4404 20890
27494 20890
18554 20890
27232 20890
16555 20890
25233 20890
16293 20890
15897 20890
16031 20890
15635 20890
5092 20890
4696 20890
4830 20890
4434 20890
27524 20890
4172 20890
27658 20890
25525 20890
25659 20890
25263 20890
16323 20890
25001 20890
16061 20890
14062 20890
13800 20890
4860 20890
4464 20890
4598 20890
2465 20890
25951 20890
2599 20890
25689 20890
25293 20890
25427 20890
25031 20890
14488 20890
14092 20890
14226 20890
13830 20890
4890 20890
13568 20890
2891 20890
11569 20890
2629 20890
2233 20890
25719 20890
2367 20890
25457 20890
25061 20890
23458 20890
14518 20890
23196 20890
14256 20890
13860 20890
13994 20890
11861 20890
11995 20890
11599 20890
2659 20890
2793 20890
2397 20890
25487 20890
398 20890
23884 20890
23488 20890
136 20890
23622 20890
23226 20890
14286 20890
22964 20890
12287 20890
20965 20890
12025 20890
11629 20890
11763 20890
2823 20890
824 20890
428 20890
562 20890
166 20890
23652 20890
23256 20890
23390 20890
21257 20890
21391 20890
20995 20890
12055 20890
11793 20890
9794 20890
854 20890
9532 20890
592 20890
196 20890
23682 20890
330 20890
21683 20890
21421 20890
21025 20890
21159 20890
20763 20890
11823 20890
10220 20890
9824 20890
9958 20890
9562 20890
622 20890
9300 20890
21451 20890
21189 20890
20793 20890
19190 20890
10250 20890
18928 20890
9988 20890
9592 20890
9726 20890
7593 20890
7727 20890
21219 20890
19616 20890
19220 20890
19354 20890
18958 20890
10018 20890
18696 20890
8019 20890
16697 20890
7757 20890
7361 20890
7495 20890
19646 20890
19384 20890
18988 20890
19122 20890
18726 20890
16989 20890
17123 20890
16727 20890
7787 20890
7921 20890
7525 20890
5526 20890
5264 20890
19414 20890
17415 20890
17153 20890
16757 20890
16891 20890
7951 20890
7555 20890
5952 20890
5556 20890
5690 20890
5294 20890
5032 20890
26385 20890
26519 20890
26123 20890
17183 20890
16921 20890
14922 20890
5982 20890
14660 20890
5720 20890
5324 20890
5458 20890
5062 20890
3325 20890
26811 20890
3459 20890
26549 20890
26153 20890
26287 20890
25891 20890
16951 20890
15348 20890
14952 20890
15086 20890
14690 20890
5750 20890
3751 20890
3489 20890
26579 20890
26183 20890
3227 20890
26317 20890
25921 20890
24318 20890
15378 20890
24056 20890
15116 20890
14720 20890
14854 20890
14458 20890
12721 20890
12855 20890
3519 20890
3653 20890
3257 20890
26347 20890
1258 20890
24744 20890
24348 20890
996 20890
24482 20890
24086 20890
15146 20890
14884 20890
13147 20890
12885 20890
12489 20890
12623 20890
3683 20890
3287 20890
1684 20890
1288 20890
24774 20890
1422 20890
1026 20890
24512 20890
24116 20890
24250 20890
23854 20890
22117 20890
22251 20890
21855 20890
12915 20890
12519 20890
13049 20890
12653 20890
3713 20890
10654 20890
1714 20890
10392 20890
1452 20890
1056 20890
24542 20890
1190 20890
794 20890
24280 20890
22543 20890
22147 20890
22281 20890
21885 20890
22019 20890
13079 20890
12683 20890
11080 20890
10684 20890
10818 20890
10422 20890
1482 20890
1220 20890
22311 20890
21915 20890
22049 20890
20050 20890
11110 20890
10848 20890
10452 20890
10586 20890
10190 20890
8453 20890
8587 20890
22079 20890
22213 20890
20476 20890
20080 20890
20214 20890
19818 20890
10878 20890
10616 20890
8879 20890
8483 20890
8617 20890
8355 20890
20506 20890
20244 20890
19848 20890
19982 20890
19586 20890
17983 20890
8647 20890
8781 20890
8385 20890
6386 20890
20274 20890
19878 20890
20012 20890
17879 20890
18013 20890
17617 20890
17751 20890
8811 20890
8415 20890
8549 20890
6812 20890
6416 20890
6550 20890
6154 20890
27379 20890
26983 20890
18043 20890
17647 20890
18177 20890
17781 20890
8841 20890
15782 20890
6842 20890
6580 20890
6184 20890
6318 20890
5922 20890
27275 20890
4319 20890
27409 20890
27013 20890
18207 20890
17811 20890
17945 20890
16208 20890
15812 20890
15946 20890
15550 20890
6610 20890
6214 20890
6348 20890
4215 20890
4745 20890
4349 20890
27439 20890
27043 20890
27177 20890
16238 20890
15842 20890
15976 20890
15580 20890
15714 20890
15318 20890
13715 20890
4775 20890
4379 20890
4513 20890
4117 20890
27207 20890
27341 20890
2118 20890
25604 20890
25208 20890
25342 20890
24946 20890
16006 20890
15610 20890
15744 20890
13611 20890
13745 20890
4805 20890
4543 20890
4147 20890
4281 20890
2544 20890
2148 20890
25634 20890
25238 20890
2282 20890
1886 20890
25372 20890
24976 20890
25110 20890
24714 20890
13775 20890
13909 20890
13513 20890
4573 20890
2574 20890
2178 20890
2312 20890
1916 20890
25402 20890
25006 20890
2050 20890
1654 20890
25140 20890
23007 20890
51 20890
23141 20890
22745 20890
13939 20890
13543 20890
13677 20890
11940 20890
11544 20890
11678 20890
11282 20890
2342 20890
1946 20890
2080 20890
477 20890
81 20890
23171 20890
22775 20890
23305 20890
22909 20890
13969 20890
11970 20890
11574 20890
11708 20890
11312 20890
11446 20890
11050 20890
507 20890
111 20890
23201 20890
245 20890
23335 20890
22939 20890
23073 20890
20940 20890
21074 20890
20678 20890
11738 20890
11342 20890
11476 20890
9343 20890
9873 20890
9477 20890
537 20890
275 20890
13 20890
21366 20890
20970 20890
21104 20890
20708 20890
20446 20890
9903 20890
9507 20890
9641 20890
9245 20890
305 20890
21134 20890
20738 20890
20872 20890
18739 20890
18873 20890
9933 20890
9537 20890
9671 20890
9275 20890
9409 20890
7276 20890
7410 20890
7014 20890
18903 20890
19037 20890
18641 20890
9701 20890
7702 20890
7306 20890
7440 20890
7044 20890
6782 20890
18933 20890
19067 20890
18671 20890
18805 20890
16672 20890
16410 20890
7470 20890
7074 20890
7208 20890
5605 20890
5209 20890
19097 20890
17098 20890
16702 20890
16836 20890
16440 20890
16178 20890
5635 20890
5239 20890
5373 20890
4977 20890
26068 20890
25806 20890
16866 20890
16470 20890
16604 20890
14471 20890
14605 20890
5665 20890
5269 20890
5403 20890
5007 20890
3008 20890
26494 20890
26098 20890
2746 20890
26232 20890
25836 20890
16896 20890
25574 20890
14897 20890
15031 20890
14635 20890
14769 20890
14373 20890
5433 20890
3434 20890
3038 20890
3172 20890
2776 20890
26262 20890
25866 20890
26000 20890
23867 20890
24001 20890
15061 20890
14665 20890
14799 20890
14403 20890
12404 20890
12142 20890
3202 20890
2806 20890
26292 20890
2940 20890
24293 20890
1337 20890
941 20890
24031 20890
23769 20890
14829 20890
14433 20890
12830 20890
12434 20890
12568 20890
12172 20890
3232 20890
11910 20890
1233 20890
1367 20890
971 20890
24061 20890
1105 20890
709 20890
24195 20890
23799 20890
21800 20890
21538 20890
12598 20890
12202 20890
12336 20890
10337 20890
1397 20890
1001 20890
1135 20890
739 20890
24225 20890
23829 20890
22226 20890
21830 20890
21964 20890
21568 20890
12628 20890
21306 20890
10629 20890
10763 20890
10367 20890
10105 20890
1165 20890
769 20890
24255 20890
22256 20890
21994 20890
21598 20890
21732 20890
21336 20890
19599 20890
19733 20890
10793 20890
10397 20890
10531 20890
10135 20890
8136 20890
7874 20890
22024 20890
21762 20890
20025 20890
20159 20890
19763 20890
19501 20890
10561 20890
10165 20890
8562 20890
8166 20890
8300 20890
7904 20890
20189 20890
19793 20890
19927 20890
19531 20890
10591 20890
17532 20890
8592 20890
17270 20890
8330 20890
7934 20890
8068 20890
6069 20890
19957 20890
19561 20890
17958 20890
17562 20890
17696 20890
17300 20890
8360 20890
17038 20890
8098 20890
6361 20890
6495 20890
6099 20890
5837 20890
19987 20890
26928 20890
17988 20890
26666 20890
17726 20890
17330 20890
17464 20890
17068 20890
15465 20890
6525 20890
6129 20890
6263 20890
5867 20890
3868 20890
27354 20890
26958 20890
27092 20890
26696 20890
17756 20890
26434 20890
17494 20890
15757 20890
15891 20890
15495 20890
6555 20890
15233 20890
6293 20890
5897 20890
4294 20890
3898 20890
27384 20890
4032 20890
3636 20890
27122 20890
26726 20890
26860 20890
26464 20890
24861 20890
15921 20890
15525 20890
15659 20890
15263 20890
6323 20890
15001 20890
13264 20890
4324 20890
13002 20890
4062 20890
3666 20890
27152 20890
3800 20890
26890 20890
25153 20890
1801 20890
25287 20890
24891 20890
15951 20890
24629 20890
15689 20890
15293 20890
13690 20890
13294 20890
13428 20890
13032 20890
4092 20890
4226 20890
3830 20890
2093 20890
2227 20890
1831 20890
25317 20890
24921 20890
1569 20890
25055 20890
24659 20890
15719 20890
24397 20890
22660 20890
13720 20890
22398 20890
13458 20890
13062 20890
13196 20890
11197 20890
2257 20890
1861 20890
1995 20890
1599 20890
25085 20890
24689 20890
24823 20890
23086 20890
22690 20890
22824 20890
22428 20890
13488 20890
13226 20890
11489 20890
11623 20890
11227 20890
2287 20890
10965 20890
2025 20890
1629 20890
25115 20890
26 20890
23116 20890
22854 20890
22458 20890
22592 20890
22196 20890
11915 20890
20593 20890
11653 20890
11257 20890
11391 20890
10995 20890
2055 20890
10733 20890
8996 20890
56 20890
22884 20890
22622 20890
21019 20890
20623 20890
11683 20890
20361 20890
11421 20890
11025 20890
11159 20890
9422 20890
9026 20890
9160 20890
8764 20890
21049 20890
20653 20890
20787 20890
20391 20890
11451 20890
20129 20890
18392 20890
9452 20890
9190 20890
8794 20890
8928 20890
6929 20890
21079 20890
20817 20890
20421 20890
20555 20890
18818 20890
18422 20890
18556 20890
18160 20890
9220 20890
9354 20890
8958 20890
7355 20890
6959 20890
6697 20890
20847 20890
18848 20890
18586 20890
18190 20890
18324 20890
7647 20890
16325 20890
7385 20890
6989 20890
7123 20890
6727 20890
4728 20890
27818 20890
27556 20890
18616 20890
18220 20890
18354 20890
16751 20890
16355 20890
7415 20890
16093 20890
7153 20890
6757 20890
6891 20890
5154 20890
4758 20890
4892 20890
27586 20890
27720 20890
27324 20890
25721 20890
16781 20890
16385 20890
16519 20890
16123 20890
7183 20890
5184 20890
4922 20890
27616 20890
4660 20890
27750 20890
2661 20890
26147 20890
25751 20890
16811 20890
16549 20890
16153 20890
16287 20890
14550 20890
14154 20890
14288 20890
13892 20890
4952 20890
5086 20890
4690 20890
3087 20890
2691 20890
26177 20890
25781 20890
2429 20890
25915 20890
25519 20890
16579 20890
14580 20890
14318 20890
13922 20890
14056 20890
5116 20890
12057 20890
3117 20890
2721 20890
26207 20890
2855 20890
2459 20890
25945 20890
25549 20890
25683 20890
23550 20890
23684 20890
23288 20890
14348 20890
13952 20890
14482 20890
14086 20890
12483 20890
12087 20890
3147 20890
2885 20890
2489 20890
25975 20890
2623 20890
886 20890
490 20890
23976 20890
23580 20890
624 20890
23714 20890
23318 20890
23452 20890
21453 20890
12513 20890
12117 20890
12251 20890
11855 20890
2915 20890
916 20890
520 20890
1050 20890
654 20890
23744 20890
23348 20890
392 20890
23482 20890
21879 20890
21483 20890
12543 20890
12281 20890
11885 20890
12019 20890
9886 20890
10020 20890
1080 20890
684 20890
818 20890
422 20890
21909 20890
21513 20890
21647 20890
21251 20890
12311 20890
10312 20890
9916 20890
10050 20890
9788 20890
848 20890
21939 20890
21677 20890
21281 20890
21415 20890
19282 20890
19416 20890
19020 20890
10080 20890
10214 20890
9818 20890
8215 20890
7819 20890
21707 20890
21311 20890
19708 20890
19312 20890
19446 20890
19050 20890
10244 20890
8245 20890
7849 20890
7983 20890
7587 20890
19476 20890
19080 20890
19610 20890
19214 20890
17215 20890
8275 20890
8013 20890
7617 20890
7751 20890
5618 20890
5752 20890
17641 20890
17245 20890
17379 20890
16983 20890
8043 20890
6044 20890
5648 20890
6178 20890
5782 20890
26611 20890
17671 20890
17275 20890
17409 20890
17013 20890
17147 20890
15014 20890
15148 20890
6208 20890
5812 20890
5946 20890
5550 20890
26903 20890
3551 20890
27037 20890
26641 20890
26775 20890
26379 20890
17439 20890
17043 20890
15440 20890
15044 20890
15178 20890
5976 20890
3977 20890
3581 20890
27067 20890
26671 20890
3715 20890
3319 20890
26805 20890
26409 20890
24410 20890
24148 20890
15208 20890
15342 20890
14946 20890
12947 20890
4007 20890
3611 20890
3745 20890
3349 20890
26835 20890
26439 20890
3483 20890
24836 20890
24440 20890
24574 20890
24178 20890
15372 20890
13239 20890
13373 20890
12977 20890
13111 20890
12715 20890
3775 20890
3379 20890
1776 20890
1910 20890
1514 20890
24604 20890
24208 20890
24738 20890
24342 20890
22343 20890
13403 20890
13007 20890
13141 20890
12745 20890
10746 20890
1940 20890
1544 20890
24634 20890
1678 20890
1282 20890
24372 20890
22635 20890
22769 20890
22373 20890
22507 20890
22111 20890
13171 20890
12775 20890
11172 20890
10776 20890
11306 20890
10910 20890
1970 20890
1574 20890
1708 20890
22799 20890
22403 20890
22537 20890
22141 20890
20142 20890
11336 20890
10940 20890
11074 20890
10678 20890
8679 20890
22567 20890
22171 20890
20568 20890
20172 20890
20306 20890
10970 20890
11104 20890
10708 20890
8971 20890
9105 20890
8709 20890
8447 20890
20598 20890
20336 20890
20470 20890
20074 20890
18075 20890
9135 20890
8739 20890
8873 20890
8477 20890
20366 20890
20500 20890
20104 20890
18367 20890
18501 20890
18105 20890
17843 20890
8903 20890
8507 20890
6904 20890
7038 20890
6642 20890
20530 20890
27471 20890
18531 20890
18135 20890
18269 20890
17873 20890
8933 20890
17611 20890
15874 20890
6934 20890
7068 20890
6672 20890
6806 20890
6410 20890
27763 20890
4411 20890
27501 20890
27239 20890
18299 20890
17903 20890
16300 20890
15904 20890
16434 20890
16038 20890
7098 20890
6702 20890
6836 20890
6440 20890
4703 20890
4837 20890
4441 20890
27531 20890
4179 20890
27665 20890
27269 20890
18329 20890
27007 20890
25270 20890
16330 20890
16464 20890
16068 20890
15806 20890
6866 20890
13807 20890
4867 20890
4471 20890
4605 20890
4209 20890
27695 20890
27299 20890
27433 20890
25696 20890
25300 20890
25434 20890
16098 20890
16232 20890
15836 20890
14099 20890
14233 20890
13837 20890
13575 20890
4635 20890
4239 20890
27725 20890
2636 20890
25726 20890
2770 20890
2374 20890
25464 20890
25202 20890
16262 20890
23203 20890
14263 20890
13867 20890
14001 20890
13605 20890
4665 20890
13343 20890
3062 20890
2666 20890
2800 20890
2404 20890
25494 20890
2142 20890
25628 20890
25232 20890
143 20890
23629 20890
23233 20890
14293 20890
22971 20890
14031 20890
13635 20890
13769 20890
12032 20890
12166 20890
11770 20890
2830 20890
2434 20890
2568 20890
2172 20890
25658 20890
435 20890
569 20890
173 20890
23659 20890
23263 20890
23397 20890
23001 20890
14061 20890
22739 20890
21002 20890
12062 20890
12196 20890
11800 20890
11538 20890
2598 20890
9539 20890
599 20890
203 20890
23689 20890
337 20890
23427 20890
23031 20890
23165 20890
21428 20890
21032 20890
21166 20890
12226 20890
11830 20890
11964 20890
11568 20890
9965 20890
9569 20890
629 20890
9307 20890
367 20890
23457 20890
501 20890
105 20890
21458 20890
21592 20890
21196 20890
20934 20890
11994 20890
18935 20890
9995 20890
9599 20890
9733 20890
9337 20890
397 20890
531 20890
21226 20890
21360 20890
20964 20890
19361 20890
18965 20890
10025 20890
18703 20890
9763 20890
9367 20890
9501 20890
7764 20890
7502 20890
21390 20890
19391 20890
18995 20890
19129 20890
18733 20890
9793 20890
18471 20890
8190 20890
7794 20890
7928 20890
7532 20890
7270 20890
5271 20890
19421 20890
19159 20890
18763 20890
18897 20890
16898 20890
7958 20890
7562 20890
7696 20890
7300 20890
5697 20890
5301 20890
19189 20890
17190 20890
17324 20890
16928 20890
7988 20890
16666 20890
7726 20890
14667 20890
5727 20890
5331 20890
5465 20890
5069 20890
26160 20890
26294 20890
17354 20890
16958 20890
17092 20890
16696 20890
15093 20890
14697 20890
5757 20890
14435 20890
5495 20890
5099 20890
5233 20890
3496 20890
26586 20890
3234 20890
26720 20890
26324 20890
17384 20890
26062 20890
17122 20890
15123 20890
14727 20890
14861 20890
14465 20890
5525 20890
5659 20890
3922 20890
3526 20890
3660 20890
3264 20890
26354 20890
3002 20890
26488 20890
26092 20890
1003 20890
24489 20890
24093 20890
15153 20890
23831 20890
14891 20890
14495 20890
14629 20890
3952 20890
12630 20890
3690 20890
3294 20890
3428 20890
3032 20890
26518 20890
1429 20890
1033 20890
24519 20890
24123 20890
24257 20890
23861 20890
14921 20890
12922 20890
13056 20890
12660 20890
3720 20890
12398 20890
3458 20890
1459 20890
1063 20890
24549 20890
1197 20890
24287 20890
23891 20890
24025 20890
22026 20890
13086 20890
12690 20890
12824 20890
12428 20890
10825 20890
10429 20890
1489 20890
1227 20890
24317 20890
965 20890
22318 20890
22452 20890
22056 20890
13116 20890
21794 20890
12854 20890
10855 20890
10459 20890
10593 20890
10197 20890
1257 20890
1391 20890
22482 20890
22086 20890
22220 20890
21824 20890
19825 20890
10885 20890
10623 20890
10227 20890
10361 20890
8362 20890
22512 20890
22250 20890
20251 20890
19855 20890
19989 20890
19593 20890
10653 20890
10787 20890
8654 20890
8788 20890
8392 20890
8130 20890
20281 20890
20019 20890
19623 20890
19757 20890
9080 20890
17758 20890
8818 20890
8422 20890
8556 20890
8160 20890
6161 20890
20049 20890
19653 20890
18050 20890
18184 20890
17788 20890
8848 20890
17526 20890
8586 20890
6587 20890
6191 20890
6325 20890
27154 20890
18214 20890
17818 20890
17952 20890
17556 20890
15557 20890
6617 20890
6355 20890
6093 20890
27446 20890
4094 20890
27580 20890
27184 20890
18244 20890
17982 20890
15983 20890
15587 20890
15721 20890
15325 20890
6385 20890
5989 20890
6519 20890
4386 20890
4520 20890
4124 20890
27610 20890
27214 20890
27348 20890
26952 20890
24953 20890
16013 20890
15617 20890
15751 20890
15355 20890
15489 20890
4812 20890
13490 20890
4550 20890
4154 20890
27640 20890
4288 20890
3892 20890
27378 20890
26982 20890
25379 20890
24983 20890
25117 20890
24721 20890
15781 20890
15385 20890
15915 20890
13782 20890
13916 20890
13520 20890
4580 20890
4318 20890
27408 20890
2319 20890
1923 20890
25409 20890
25013 20890
2057 20890
25147 20890
24751 20890
24885 20890
14208 20890
13946 20890
13550 20890
13684 20890
13288 20890
11289 20890
2349 20890
1953 20890
2483 20890
2087 20890
25177 20890
24781 20890
1825 20890
23178 20890
23312 20890
22916 20890
13976 20890
13714 20890
13318 20890
11715 20890
11319 20890
11453 20890
2513 20890
2117 20890
2251 20890
118 20890
252 20890
23342 20890
22946 20890
23080 20890
22684 20890
13744 20890
20685 20890
11745 20890
11349 20890
11483 20890
544 20890
282 20890
23372 20890
22976 20890
20 20890
23110 20890
22714 20890
20977 20890
21111 20890
20715 20890
20849 20890
20453 20890
11513 20890
11117 20890
11647 20890
9514 20890
9648 20890
9252 20890
312 20890
50 20890
23140 20890
21141 20890
20745 20890
20879 20890
20483 20890
9940 20890
9678 20890
9282 20890
9416 20890
9020 20890
20909 20890
20513 20890
21043 20890
20647 20890
18910 20890
19044 20890
18648 20890
9708 20890
9312 20890
9446 20890
9050 20890
7313 20890
7447 20890
7051 20890
7185 20890
19336 20890
19074 20890
18678 20890
18812 20890
18416 20890
9476 20890
16417 20890
7477 20890
7081 20890
7611 20890
7215 20890
19104 20890
18708 20890
18842 20890
18446 20890
16843 20890
16447 20890
7641 20890
7245 20890
7379 20890
5246 20890
5380 20890
4984 20890
27812 20890
18872 20890
25813 20890
16873 20890
16477 20890
16611 20890
5672 20890
5276 20890
5410 20890
5014 20890
5148 20890
4752 20890
26239 20890
25843 20890
25581 20890
16641 20890
16245 20890
16775 20890
16379 20890
14642 20890
14776 20890
14380 20890
5440 20890
5044 20890
5178 20890
4782 20890
3045 20890
3179 20890
26269 20890
25873 20890
26007 20890
25611 20890
16671 20890
16805 20890
15068 20890
14672 20890
14806 20890
14410 20890
14544 20890
14148 20890
5208 20890
3209 20890
3343 20890
2947 20890
26037 20890
25641 20890
26171 20890
25775 20890
24038 20890
24172 20890
23776 20890
14836 20890
14440 20890
14574 20890
14178 20890
12575 20890
12179 20890
3373 20890
2977 20890
26067 20890
3111 20890
2715 20890
978 20890
24464 20890
24068 20890
1112 20890
716 20890
24202 20890
23806 20890
23544 20890
14604 20890
21545 20890
12605 20890
12209 20890
12739 20890
12343 20890
3403 20890
3007 20890
3141 20890
1404 20890
1008 20890
1142 20890
746 20890
24232 20890
23836 20890
880 20890
484 20890
23970 20890
23574 20890
21971 20890
21575 20890
12769 20890
12373 20890
12507 20890
12111 20890
10374 20890
10508 20890
10112 20890
1172 20890
776 20890
910 20890
514 20890
24000 20890
22001 20890
21605 20890
21739 20890
12403 20890
12537 20890
10800 20890
10404 20890
10538 20890
10142 20890
9880 20890
940 20890
22031 20890
21769 20890
21373 20890
21903 20890
21507 20890
19904 20890
19508 20890
10568 20890
10172 20890
10306 20890
9910 20890
8307 20890
21799 20890
21933 20890
19800 20890
19934 20890
19538 20890
19276 20890
10336 20890
8337 20890
8471 20890
8075 20890
19964 20890
19568 20890
19702 20890
19306 20890
17703 20890
17307 20890
8367 20890
8501 20890
8105 20890
8239 20890
7843 20890
5844 20890
19732 20890
17733 20890
17337 20890
17867 20890
17471 20890
8531 20890
8135 20890
8269 20890
6532 20890
6136 20890
6270 20890
5874 20890
5612 20890
26703 20890
17763 20890
17897 20890
17501 20890
17239 20890
15240 20890
6300 20890
5904 20890
6038 20890
5642 20890
4039 20890
27129 20890
26733 20890
26867 20890
17531 20890
17665 20890
15532 20890
15666 20890
15270 20890
6330 20890
15008 20890
6068 20890
4465 20890
4069 20890
27159 20890
4203 20890
3807 20890
26897 20890
26501 20890
26635 20890
24636 20890
15696 20890
15300 20890
15434 20890
15038 20890
13435 20890
4495 20890
4099 20890
4233 20890
3837 20890
26927 20890
3575 20890
27061 20890
24928 20890
1576 20890
25062 20890
24666 20890
15726 20890
24404 20890
15464 20890
13465 20890
13203 20890
4263 20890
3867 20890
4001 20890
1868 20890
25354 20890
2002 20890
1606 20890
25092 20890
24696 20890
1344 20890
24830 20890
24434 20890
22435 20890
13495 20890
13629 20890
13233 20890
12971 20890
10972 20890
2032 20890
1636 20890
25122 20890
1770 20890
1374 20890
24860 20890
22861 20890
22465 20890
22599 20890
13659 20890
13263 20890
13397 20890
11264 20890
11398 20890
11002 20890
2062 20890
10740 20890
1800 20890
1934 20890
197 20890
22891 20890
23025 20890
22629 20890
13689 20890
22367 20890
11690 20890
20368 20890
11428 20890
11032 20890
11166 20890
10770 20890
227 20890
22659 20890
22793 20890
20660 20890
20794 20890
20398 20890
11458 20890
20136 20890
11196 20890
9197 20890
8935 20890
21086 20890
20824 20890
20428 20890
20562 20890
20166 20890
9623 20890
9227 20890
9361 20890
8965 20890
25 20890
8703 20890
6704 20890
20854 20890
20592 20890
20196 20890
18593 20890
18331 20890
9391 20890
8995 20890
9129 20890
6996 20890
7130 20890
6734 20890
6472 20890
27563 20890
18623 20890
18757 20890
18361 20890
9421 20890
18099 20890
7422 20890
16100 20890
7160 20890
6764 20890
6898 20890
6502 20890
27593 20890
27727 20890
18787 20890
18391 20890
18525 20890
16392 20890
16526 20890
16130 20890
7190 20890
15868 20890
6928 20890
4929 20890
4667 20890
27757 20890
18817 20890
27495 20890
16818 20890
25496 20890
16556 20890
16160 20890
16294 20890
15898 20890
5355 20890
4959 20890
5093 20890
4697 20890
27787 20890
4435 20890
25788 20890
2436 20890
25922 20890
25526 20890
16586 20890
16324 20890
15928 20890
14325 20890
5385 20890
14063 20890
5123 20890
4727 20890
4861 20890
2728 20890
26214 20890
2862 20890
2466 20890
25952 20890
25556 20890
25690 20890
25294 20890
16354 20890
14751 20890
14355 20890
14489 20890
14093 20890
5153 20890
13831 20890
3154 20890
11832 20890
2892 20890
2496 20890
25982 20890
2630 20890
25720 20890
25324 20890
23721 20890
23459 20890
14519 20890
14123 20890
14257 20890
12124 20890
12258 20890
11862 20890
2922 20890
2660 20890
25750 20890
661 20890
23751 20890
23355 20890
399 20890
23885 20890
23489 20890
14549 20890
23227 20890
12550 20890
21228 20890
12288 20890
11892 20890
12026 20890
11630 20890
2690 20890
1087 20890
691 20890
825 20890
429 20890
23915 20890
23519 20890
167 20890
23653 20890
23257 20890
21520 20890
21654 20890
21258 20890
12318 20890
12056 20890
11660 20890
10057 20890
1117 20890
9795 20890
855 20890
459 20890
23945 20890
593 20890
21946 20890
21684 20890
21288 20890
21422 20890
21026 20890
12086 20890
10483 20890
10087 20890
10221 20890
9825 20890
885 20890
9563 20890
21714 20890
21452 20890
21056 20890
19453 20890
10513 20890
19191 20890
10251 20890
9855 20890
9989 20890
9593 20890
7856 20890
7990 20890
7594 20890
21482 20890
19879 20890
19483 20890
19617 20890
19221 20890
10281 20890
8282 20890
8020 20890
7624 20890
7758 20890
19647 20890
19251 20890
19385 20890
18989 20890
17252 20890
17386 20890
16990 20890
8050 20890
7654 20890
7788 20890
5789 20890
5527 20890
19677 20890
19415 20890
17678 20890
17416 20890
17020 20890
17154 20890
16758 20890
7818 20890
6215 20890
5819 20890
5953 20890
5557 20890
26648 20890
26782 20890
26386 20890
17446 20890
17050 20890
17184 20890
16788 20890
15185 20890
6245 20890
5983 20890
5587 20890
5721 20890
5325 20890
3588 20890
27074 20890
26678 20890
3722 20890
3326 20890
26812 20890
26416 20890
26550 20890
26154 20890
17214 20890
15611 20890
15215 20890
15349 20890
14953 20890
6013 20890
5751 20890
4014 20890
3752 20890
3356 20890
26842 20890
26446 20890
3490 20890
26580 20890
26184 20890
24581 20890
15641 20890
15379 20890
14983 20890
15117 20890
14721 20890
12984 20890
13118 20890
12722 20890
3782 20890
3386 20890
3916 20890
3520 20890
26610 20890
1521 20890
25007 20890
24611 20890
24745 20890
24349 20890
15409 20890
15013 20890
15147 20890
13410 20890
13014 20890
13148 20890
12752 20890
12886 20890
3550 20890
1947 20890
1551 20890
1685 20890
1289 20890
24775 20890
24379 20890
24513 20890
24117 20890
22514 20890
22118 20890
13178 20890
12782 20890
12916 20890
10917 20890
1977 20890
1715 20890
1319 20890
24805 20890
24409 20890
1453 20890
1057 20890
24543 20890
22410 20890
22544 20890
22148 20890
22282 20890
21886 20890
12946 20890
13080 20890
11343 20890
10947 20890
11081 20890
10685 20890
1745 20890
1349 20890
1483 20890
22574 20890
22178 20890
22312 20890
21916 20890
20313 20890
11373 20890
11111 20890
10715 20890
10849 20890
10453 20890
8850 20890
8454 20890
22342 20890
20739 20890
20343 20890
20477 20890
20081 20890
11141 20890
10745 20890
10879 20890
8746 20890
8880 20890
8484 20890
20769 20890
20373 20890
20507 20890
20111 20890
20245 20890
19849 20890
18246 20890
17850 20890
8910 20890
8514 20890
9044 20890
8648 20890
6649 20890
20537 20890
20141 20890
20275 20890
18142 20890
18276 20890
17880 20890
8678 20890
8812 20890
7075 20890
6679 20890
6813 20890
6417 20890
27246 20890
18306 20890
17910 20890
18044 20890
7105 20890
6709 20890
6843 20890
6447 20890
6581 20890
6185 20890
27538 20890
4582 20890
27672 20890
27276 20890
27014 20890
18074 20890
18208 20890
16471 20890
16075 20890
16209 20890
15813 20890
6873 20890
6477 20890
6611 20890
4478 20890
4612 20890
27702 20890
27306 20890
27440 20890
27044 20890
16501 20890
16105 20890
16239 20890
15843 20890
15581 20890
13582 20890
4642 20890
27732 20890
4776 20890
4380 20890
27470 20890
2381 20890
25471 20890
25605 20890
25209 20890
16269 20890
15873 20890
16007 20890
13874 20890
14008 20890
13612 20890
4806 20890
4410 20890
4544 20890
2807 20890
2411 20890
25897 20890
25501 20890
2545 20890
2149 20890
25635 20890
25239 20890
24977 20890
22978 20890
14038 20890
13642 20890
14172 20890
13776 20890
4836 20890
2837 20890
2441 20890
2575 20890
2179 20890
25665 20890
25269 20890
1917 20890
25403 20890
23270 20890
23404 20890
23008 20890
14068 20890
13806 20890
13940 20890
11807 20890
11941 20890
11545 20890
2605 20890
2209 20890
2343 20890
210 20890
740 20890
344 20890
23434 20890
23038 20890
23172 20890
12233 20890
11837 20890
11971 20890
11575 20890
11313 20890
770 20890
374 20890
23464 20890
508 20890
112 20890
23202 20890
22806 20890
21203 20890
20941 20890
12001 20890
11605 20890
11739 20890
9606 20890
9740 20890
404 20890
538 20890
142 20890
276 20890
21629 20890
21233 20890
21367 20890
20971 20890
20709 20890
10032 20890
18710 20890
9770 20890
9904 20890
9508 20890
568 20890
21397 20890
21001 20890
21135 20890
19002 20890
19136 20890
18740 20890
9800 20890
9934 20890
9538 20890
7539 20890
7277 20890
21427 20890
19428 20890
19166 20890
18770 20890
19300 20890
18904 20890
9964 20890
7965 20890
7569 20890
7703 20890
7307 20890
7045 20890
19196 20890
18934 20890
16935 20890
16673 20890
7733 20890
7337 20890
7471 20890
5338 20890
5868 20890
5472 20890
18964 20890
17361 20890
16965 20890
17099 20890
16703 20890
7763 20890
16441 20890
5764 20890
5898 20890
5502 20890
5636 20890
5240 20890
26331 20890
17391 20890
26069 20890
17129 20890
16733 20890
16867 20890
14734 20890
14868 20890
5532 20890
5666 20890
5270 20890
3271 20890
26757 20890
26361 20890
3009 20890
26495 20890
26099 20890
17159 20890
25837 20890
15160 20890
23838 20890
14898 20890
14636 20890
5696 20890
5300 20890
3697 20890
3301 20890
26787 20890
3435 20890
3039 20890
26525 20890
26129 20890
2777 20890
26263 20890
25867 20890
24130 20890
24264 20890
23868 20890
14928 20890
15062 20890
14666 20890
12667 20890
3727 20890
12405 20890
3465 20890
3069 20890
26555 20890
3203 20890
26293 20890
24556 20890
1204 20890
24294 20890
23898 20890
24032 20890
15092 20890
14696 20890
13093 20890
12697 20890
12831 20890
12435 20890
3495 20890
12173 20890
1496 20890
1630 20890
1234 20890
24324 20890
972 20890
24062 20890
15122 20890
22063 20890
13123 20890
21801 20890
12861 20890
12465 20890
12599 20890
12203 20890
10466 20890
10600 20890
1660 20890
1264 20890
1398 20890
1002 20890
24092 20890
22489 20890
22093 20890
22227 20890
21831 20890
12891 20890
21569 20890
12629 20890
10892 20890
11026 20890
10630 20890
10368 20890
1428 20890
1032 20890
22519 20890
22257 20890
21861 20890
21995 20890
21599 20890
19862 20890
19996 20890
10660 20890
10794 20890
10398 20890
1458 20890
8399 20890
8137 20890
22287 20890
22025 20890
20288 20890
20026 20890
19764 20890
10824 20890
10428 20890
8825 20890
8429 20890
8563 20890
8167 20890
7905 20890
20056 20890
20190 20890
19794 20890
10854 20890
19532 20890
17795 20890
8855 20890
17533 20890
8593 20890
8197 20890
8331 20890
7935 20890
6332 20890
20220 20890
19824 20890
18221 20890
17825 20890
17959 20890
17563 20890
8623 20890
8361 20890
6624 20890
6758 20890
6362 20890
6100 20890
20250 20890
27191 20890
18251 20890
26929 20890
17989 20890
17593 20890
17727 20890
17331 20890
15594 20890
15728 20890
6788 20890
6392 20890
6526 20890
6130 20890
4131 20890
27617 20890
27221 20890
3869 20890
27355 20890
26959 20890
18019 20890
17757 20890
16020 20890
16154 20890
15758 20890
6818 20890
15496 20890
6556 20890
6160 20890
4557 20890
4161 20890
27647 20890
4295 20890
3899 20890
27385 20890
26989 20890
27123 20890
26727 20890
25124 20890
15788 20890
15922 20890
15526 20890
6586 20890
15264 20890
13527 20890
4587 20890
13265 20890
4325 20890
3929 20890
27415 20890
4063 20890
27153 20890
2064 20890
25154 20890
24892 20890
15952 20890
15556 20890
15690 20890
13953 20890
13557 20890
13691 20890
13295 20890
4355 20890
4093 20890
2356 20890
2490 20890
2094 20890
25184 20890
24788 20890
1832 20890
25318 20890
24922 20890
15982 20890
24660 20890
22923 20890
13983 20890
13721 20890
13325 20890
13459 20890
13063 20890
11460 20890
2520 20890
2124 20890
2258 20890
1862 20890
25348 20890
24952 20890
1600 20890
25086 20890
23349 20890
22953 20890
23087 20890
22691 20890
13751 20890
13489 20890
11886 20890
11490 20890
2550 20890
11228 20890
2288 20890
1892 20890
25378 20890
2026 20890
289 20890
23379 20890
27 20890
23117 20890
22721 20890
22855 20890
22459 20890
20856 20890
11916 20890
11520 20890
11654 20890
11258 20890
2318 20890
9259 20890
319 20890
57 20890
23147 20890
22751 20890
22885 20890
20752 20890
21282 20890
20886 20890
11946 20890
20624 20890
11684 20890
11288 20890
11422 20890
9685 20890
9289 20890
9423 20890
9027 20890
87 20890
221 20890
20916 20890
21050 20890
20654 20890
11714 20890
9715 20890
9453 20890
9057 20890
9191 20890
7192 20890
21080 20890
20684 20890
20818 20890
19081 20890
18685 20890
18819 20890
18423 20890
9483 20890
9087 20890
9221 20890
7618 20890
7222 20890
6960 20890
21110 20890
19111 20890
18849 20890
18453 20890
18587 20890
18191 20890
16588 20890
7648 20890
7252 20890
7386 20890
6990 20890
27819 20890
18879 20890
18483 20890
18617 20890
17014 20890
16618 20890
7678 20890
7416 20890
7020 20890
7154 20890
5417 20890
5021 20890
5155 20890
4759 20890
27587 20890
25984 20890
17044 20890
16648 20890
16782 20890
16386 20890
7446 20890
5447 20890
5051 20890
5185 20890
4789 20890
4923 20890
25880 20890
2924 20890
26410 20890
26014 20890
17074 20890
16812 20890
16416 20890
16550 20890
14417 20890
14551 20890
14155 20890
5215 20890
4819 20890
5349 20890
4953 20890
3350 20890
2954 20890
26044 20890
26178 20890
25782 20890
16842 20890
14843 20890
14447 20890
14581 20890
14185 20890
14319 20890
3380 20890
2984 20890
3118 20890
2722 20890
26208 20890
25812 20890
25946 20890
23813 20890
23947 20890
23551 20890
14611 20890
14215 20890
14349 20890
12746 20890
12350 20890
3410 20890
3148 20890
2752 20890
26238 20890
25842 20890
2886 20890
753 20890
24239 20890
23843 20890
887 20890
23977 20890
23581 20890
23319 20890
12776 20890
12380 20890
12514 20890
12118 20890
3178 20890
1179 20890
783 20890
917 20890
24007 20890
23611 20890
655 20890
23745 20890
21746 20890
12806 20890
12410 20890
12544 20890
12148 20890
12282 20890
10149 20890
10283 20890
9887 20890
947 20890
551 20890
1081 20890
685 20890
22172 20890
21776 20890
21910 20890
21514 20890
12574 20890
10575 20890
10179 20890
10313 20890
9917 20890
1111 20890
22202 20890
21806 20890
21940 20890
21544 20890
21678 20890
19545 20890
19283 20890
10343 20890
9947 20890
10477 20890
10081 20890
8082 20890
21970 20890
21574 20890
19971 20890
19575 20890
19709 20890
19313 20890
8508 20890
8112 20890
8246 20890
7850 20890
19739 20890
19343 20890
19477 20890
17478 20890
8538 20890
8142 20890
8276 20890
7880 20890
8014 20890
5881 20890
19769 20890
17770 20890
17904 20890
17508 20890
17642 20890
17246 20890
8306 20890
7910 20890
6307 20890
5911 20890
6045 20890
26874 20890
17934 20890
17538 20890
17672 20890
17276 20890
15277 20890
15015 20890
6075 20890
5679 20890
6209 20890
5813 20890
27166 20890
3814 20890
27300 20890
26904 20890
27038 20890
26642 20890
17702 20890
17306 20890
15703 20890
15307 20890
15441 20890
15045 20890
6105 20890
6239 20890
4106 20890
4240 20890
3844 20890
27330 20890
26934 20890
3978 20890
3582 20890
27068 20890
26672 20890
24673 20890
24411 20890
15471 20890
15075 20890
15605 20890
15209 20890
13210 20890
4270 20890
3874 20890
4008 20890
3612 20890
27098 20890
26702 20890
1613 20890
25099 20890
24703 20890
24837 20890
24441 20890
15501 20890
15239 20890
13502 20890
13636 20890
13240 20890
12978 20890
4038 20890
3642 20890
2039 20890
1643 20890
25129 20890
2173 20890
1777 20890
24867 20890
24471 20890
24605 20890
22606 20890
13666 20890
13270 20890
13404 20890
13008 20890
11009 20890
2203 20890
1807 20890
24897 20890
1941 20890
1545 20890
24635 20890
22898 20890
23032 20890
22636 20890
22374 20890
13434 20890
13038 20890
11435 20890
11039 20890
11173 20890
1837 20890
1971 20890
1575 20890
23062 20890
22666 20890
22800 20890
22404 20890
13464 20890
22142 20890
20405 20890
11465 20890
20143 20890
11203 20890
10807 20890
11337 20890
10941 20890
8942 20890
2 20890
22830 20890
22434 20890
20831 20890
20435 20890
20569 20890
20173 20890
11233 20890
11367 20890
10971 20890
9234 20890
9368 20890
8972 20890
8710 20890
22860 20890
20861 20890
20599 20890
20203 20890
20337 20890
11397 20890
18338 20890
9398 20890
9002 20890
9136 20890
8740 20890
8478 20890
6741 20890
20629 20890
20367 20890
18630 20890
18764 20890
18368 20890
18106 20890
9166 20890
8770 20890
7167 20890
6771 20890
7301 20890
6905 20890
27734 20890
18794 20890
18398 20890
18532 20890
18136 20890
9196 20890
17874 20890
16137 20890
7197 20890
7331 20890
6935 20890
6673 20890
4674 20890
27764 20890
18824 20890
27502 20890
18562 20890
18166 20890
18300 20890
16563 20890
16167 20890
16301 20890
6965 20890
7099 20890
6703 20890
4966 20890
5100 20890
4704 20890
27794 20890
4442 20890
27532 20890
18592 20890
27270 20890
25533 20890
16593 20890
25271 20890
16331 20890
15935 20890
16069 20890
7129 20890
14070 20890
5130 20890
4734 20890
4868 20890
4472 20890
27562 20890
4210 20890
27696 20890
25959 20890
25563 20890
25697 20890
25301 20890
16361 20890
16495 20890
16099 20890
14496 20890
14100 20890
5160 20890
13838 20890
4898 20890
4502 20890
4636 20890
2899 20890
25989 20890
2637 20890
25727 20890
25331 20890
25465 20890
16525 20890
23466 20890
14526 20890
14130 20890
14264 20890
13868 20890
4928 20890
13606 20890
11869 20890
2929 20890
3063 20890
2667 20890
25757 20890
2405 20890
25495 20890
406 20890
23892 20890
23496 20890
14556 20890
23234 20890
14294 20890
13898 20890
14032 20890
12295 20890
11899 20890
12033 20890
3093 20890
2697 20890
2831 20890
2435 20890
832 20890
436 20890
23922 20890
23526 20890
174 20890
23660 20890
23264 20890
14324 20890
23002 20890
12325 20890
12459 20890
12063 20890
11801 20890
2861 20890
9802 20890
862 20890
466 20890
23952 20890
600 20890
204 20890
23690 20890
23294 20890
23428 20890
21295 20890
21429 20890
12093 20890
12227 20890
11831 20890
10228 20890
9832 20890
892 20890
9570 20890
630 20890
234 20890
23720 20890
368 20890
21721 20890
21459 20890
21063 20890
21197 20890
12257 20890
19198 20890
10258 20890
9862 20890
9996 20890
9600 20890
660 20890
9338 20890
21489 20890
21623 20890
21227 20890
19624 20890
19228 20890
10288 20890
18966 20890
10026 20890
9630 20890
9764 20890
7765 20890
21653 20890
19654 20890
19258 20890
19392 20890
18996 20890
10056 20890
8057 20890
8191 20890
7795 20890
7533 20890
5534 20890
19684 20890
19422 20890
19026 20890
19160 20890
17027 20890
17161 20890
8221 20890
7825 20890
7959 20890
7563 20890
5960 20890
5564 20890
5302 20890
19452 20890
17453 20890
17587 20890
17191 20890
8251 20890
16929 20890
7989 20890
5990 20890
5594 20890
5728 20890
5332 20890
26423 20890
26557 20890
17221 20890
17355 20890
16959 20890
15356 20890
14960 20890
6020 20890
5758 20890
5362 20890
5496 20890
26849 20890
26453 20890
3497 20890
26587 20890
26191 20890
26325 20890
17385 20890
15386 20890
14990 20890
15124 20890
14728 20890
5788 20890
3789 20890
3923 20890
3527 20890
26617 20890
26221 20890
3265 20890
26751 20890
26355 20890
1266 20890
24356 20890
15416 20890
15154 20890
14758 20890
14892 20890
12893 20890
3953 20890
3557 20890
3691 20890
3295 20890
26781 20890
1692 20890
1296 20890
24782 20890
24386 20890
24520 20890
24124 20890
15184 20890
14788 20890
13185 20890
12789 20890
13319 20890
12923 20890
3983 20890
12661 20890
3721 20890
1722 20890
1326 20890
24812 20890
1460 20890
1064 20890
24550 20890
24154 20890
24288 20890
22155 20890
22289 20890
13349 20890
12953 20890
13087 20890
12691 20890
10692 20890
1752 20890
1490 20890
1094 20890
24580 20890
24184 20890
1228 20890
22581 20890
22185 20890
22715 20890
22319 20890
13379 20890
13117 20890
11118 20890
10722 20890
10856 20890
10460 20890
1520 20890
1124 20890
22349 20890
22483 20890
22087 20890
20088 20890
11148 20890
10886 20890
10490 20890
10624 20890
8625 20890
22513 20890
20514 20890
20118 20890
20252 20890
19856 20890
10916 20890
10520 20890
8917 20890
9051 20890
8655 20890
20544 20890
20148 20890
20282 20890
19886 20890
20020 20890
18021 20890
9081 20890
8685 20890
8819 20890
8423 20890
6424 20890
20312 20890
19916 20890
18313 20890
17917 20890
18447 20890
18051 20890
9111 20890
8849 20890
6850 20890
6454 20890
6588 20890
6192 20890
27283 20890
18477 20890
18081 20890
18215 20890
17819 20890
15820 20890
6880 20890
6484 20890
6618 20890
6222 20890
6356 20890
27709 20890
27313 20890
4357 20890
27447 20890
18507 20890
18245 20890
17849 20890
16112 20890
16246 20890
15850 20890
15984 20890
15588 20890
6648 20890
6252 20890
4649 20890
4783 20890
4387 20890
27477 20890
27611 20890
27215 20890
18275 20890
25216 20890
16276 20890
15880 20890
16014 20890
15618 20890
5075 20890
4813 20890
4417 20890
27507 20890
4551 20890
4155 20890
27641 20890
27245 20890
25508 20890
2156 20890
25642 20890
25246 20890
25380 20890
24984 20890
16044 20890
15648 20890
14045 20890
14179 20890
13783 20890
4843 20890
4581 20890
4185 20890
27671 20890
2448 20890
2582 20890
2186 20890
25672 20890
25276 20890
2320 20890
25410 20890
25014 20890
24752 20890
14209 20890
13813 20890
13947 20890
13551 20890
4611 20890
11552 20890
2612 20890
2216 20890
2350 20890
25440 20890
25044 20890
25178 20890
23441 20890
23045 20890
23575 20890
23179 20890
14239 20890
13843 20890
13977 20890
13581 20890
11844 20890
11978 20890
11582 20890
11716 20890
11320 20890
2380 20890
1984 20890
2514 20890
381 20890
515 20890
119 20890
23605 20890
23209 20890
23343 20890
22947 20890
14007 20890
20948 20890
12008 20890
11612 20890
11746 20890
11350 20890
807 20890
545 20890
149 20890
23635 20890
23239 20890
283 20890
23373 20890
22977 20890
21374 20890
20978 20890
20716 20890
11776 20890
11380 20890
11514 20890
9777 20890
9911 20890
9515 20890
575 20890
179 20890
313 20890
23403 20890
21404 20890
21008 20890
21142 20890
20746 20890
10203 20890
9807 20890
9941 20890
9545 20890
9679 20890
9283 20890
343 20890
7284 20890
21172 20890
20776 20890
20910 20890
19173 20890
19307 20890
18911 20890
9971 20890
9575 20890
9709 20890
9313 20890
7576 20890
7710 20890
7314 20890
21202 20890
19203 20890
19337 20890
18941 20890
19075 20890
18679 20890
9739 20890
16680 20890
7740 20890
7344 20890
7478 20890
19367 20890
18971 20890
19105 20890
18709 20890
17106 20890
16710 20890
16448 20890
7508 20890
7112 20890
7642 20890
7246 20890
5509 20890
5643 20890
5247 20890
19135 20890
26076 20890
17136 20890
16740 20890
16874 20890
16478 20890
7538 20890
7672 20890
5935 20890
5539 20890
5673 20890
5277 20890
5015 20890
3016 20890
26502 20890
26106 20890
17166 20890
25844 20890
16904 20890
16508 20890
16642 20890
14905 20890
15039 20890
14643 20890
5703 20890
5307 20890
5441 20890
5045 20890
3442 20890
3046 20890
26532 20890
26136 20890
26270 20890
25874 20890
16934 20890
15331 20890
14935 20890
15069 20890
14673 20890
14411 20890
5471 20890
12412 20890
3472 20890
3076 20890
26562 20890
3606 20890
3210 20890
26300 20890
25904 20890
26038 20890
24039 20890
15099 20890
14703 20890
14837 20890
14441 20890
12838 20890
12442 20890
3502 20890
3240 20890
26330 20890
3374 20890
2978 20890
1241 20890
24331 20890
1375 20890
979 20890
24465 20890
24069 20890
23807 20890
14867 20890
21808 20890
12868 20890
12472 20890
12606 20890
3270 20890
3404 20890
1667 20890
1271 20890
1405 20890
1009 20890
24495 20890
24099 20890
747 20890
24233 20890
23837 20890
22234 20890
21838 20890
12898 20890
21576 20890
12636 20890
12240 20890
12770 20890
12374 20890
10375 20890
1435 20890
1039 20890
24525 20890
1173 20890
777 20890
24263 20890
22264 20890
21868 20890
22002 20890
21606 20890
12666 20890
12800 20890
11063 20890
10667 20890
10801 20890
10405 20890
10143 20890
1203 20890
8144 20890
22294 20890
22032 20890
21636 20890
21770 20890
19771 20890
10831 20890
10435 20890
10569 20890
10173 20890
8570 20890
8174 20890
22062 20890
20063 20890
20197 20890
19801 20890
10861 20890
19539 20890
10599 20890
8600 20890
8204 20890
8734 20890
8338 20890
20227 20890
19831 20890
19965 20890
19569 20890
17966 20890
17570 20890
8630 20890
8368 20890
8106 20890
6107 20890
20257 20890
19995 20890
17996 20890
17600 20890
17734 20890
8398 20890
8532 20890
6399 20890
6533 20890
6137 20890
5875 20890
26966 20890
18026 20890
26704 20890
17764 20890
17368 20890
17502 20890
15503 20890
6563 20890
6167 20890
6301 20890
5905 20890
4302 20890
27392 20890
26996 20890
27130 20890
26734 20890
17794 20890
17928 20890
15795 20890
15929 20890
15533 20890
6593 20890
15271 20890
6331 20890
4332 20890
27422 20890
4070 20890
27160 20890
26764 20890
26898 20890
16221 20890
24899 20890
15959 20890
15563 20890
15697 20890
15301 20890
13302 20890
4362 20890
4496 20890
4100 20890
27190 20890
3838 20890
25191 20890
1839 20890
25325 20890
24929 20890
15989 20890
24667 20890
15727 20890
13728 20890
13332 20890
13466 20890
4526 20890
4130 20890
4264 20890
2131 20890
25617 20890
2265 20890
1869 20890
25355 20890
24959 20890
1607 20890
25093 20890
24697 20890
22698 20890
13758 20890
13496 20890
4556 20890
13234 20890
2557 20890
11235 20890
2295 20890
1899 20890
25385 20890
2033 20890
1637 20890
25123 20890
24727 20890
23124 20890
22728 20890
22862 20890
13526 20890
13660 20890
11527 20890
11661 20890
11265 20890
2325 20890
11003 20890
2063 20890
64 20890
23154 20890
22892 20890
22496 20890
22630 20890
11953 20890
20631 20890
11691 20890
11295 20890
11429 20890
11033 20890
94 20890
228 20890
22922 20890
22526 20890
23056 20890
20923 20890
21057 20890
20661 20890
11721 20890
20399 20890
11459 20890
9460 20890
9198 20890
258 20890
21349 20890
21087 20890
20691 20890
20825 20890
20429 20890
18430 20890
9490 20890
9624 20890
9228 20890
288 20890
8966 20890
6967 20890
21117 20890
20855 20890
20459 20890
18856 20890
18460 20890
18594 20890
9654 20890
9258 20890
9392 20890
7259 20890
7393 20890
6997 20890
6735 20890
20885 20890
27826 20890
18886 20890
18490 20890
18624 20890
9684 20890
18362 20890
7685 20890
16363 20890
7423 20890
7027 20890
7161 20890
6765 20890
18654 20890
18788 20890
16655 20890
16789 20890
16393 20890
7453 20890
7191 20890
6795 20890
5192 20890
4930 20890
27624 20890
27758 20890
17081 20890
16819 20890
16423 20890
16557 20890
16161 20890
7221 20890
5222 20890
5356 20890
4960 20890
27654 20890
4698 20890
27788 20890
26051 20890
2699 20890
26185 20890
25789 20890
16849 20890
16587 20890
16191 20890
14588 20890
14326 20890
5386 20890
4990 20890
5124 20890
2991 20890
26477 20890
3125 20890
2729 20890
26215 20890
25819 20890
25953 20890
25557 20890
16617 20890
23558 20890
14618 20890
14222 20890
14752 20890
14356 20890
5416 20890
14094 20890
3417 20890
3155 20890
2759 20890
26245 20890
2893 20890
2497 20890
25983 20890
25587 20890
23984 20890
23588 20890
23722 20890
14782 20890
14386 20890
14520 20890
14124 20890
12387 20890
12521 20890
12125 20890
3185 20890
2923 20890
2527 20890
26013 20890
924 20890
24014 20890
23618 20890
662 20890
23752 20890
14812 20890
12813 20890
12551 20890
12155 20890
12289 20890
11893 20890
2953 20890
1350 20890
954 20890
1088 20890
692 20890
23782 20890
23916 20890
23520 20890
21783 20890
21917 20890
21521 20890
12581 20890
12185 20890
12319 20890
11923 20890
10320 20890
1380 20890
10058 20890
1118 20890
722 20890
856 20890
460 20890
23946 20890
22209 20890
21947 20890
21551 20890
21685 20890
21289 20890
12349 20890
10350 20890
10484 20890
10088 20890
1148 20890
21977 20890
21581 20890
21715 20890
21319 20890
19716 20890
10514 20890
10118 20890
10252 20890
9856 20890
8119 20890
8253 20890
7857 20890
21745 20890
19746 20890
19350 20890
19880 20890
19484 20890
10544 20890
10282 20890
8545 20890
8283 20890
7887 20890
8021 20890
7625 20890
19910 20890
19514 20890
19648 20890
19252 20890
17515 20890
17649 20890
17253 20890
8313 20890
7917 20890
8051 20890
7655 20890
6052 20890
19940 20890
19544 20890
19678 20890
17941 20890
17545 20890
17679 20890
17283 20890
17417 20890
17021 20890
8081 20890
6478 20890
6082 20890
6216 20890
5820 20890
27045 20890
26649 20890
17709 20890
17313 20890
17447 20890
17051 20890
15448 20890
6508 20890
6246 20890
5850 20890
5984 20890
5588 20890
3851 20890
26941 20890
3985 20890
3589 20890
27075 20890
26679 20890
26417 20890
17477 20890
15478 20890
15612 20890
15216 20890
6276 20890
5880 20890
6014 20890
4277 20890
3881 20890
4015 20890
3619 20890
27105 20890
26709 20890
3753 20890
26843 20890
26447 20890
24844 20890
15642 20890
15246 20890
15380 20890
14984 20890
13381 20890
12985 20890
4045 20890
3649 20890
3783 20890
3387 20890
26873 20890
1784 20890
24874 20890
24478 20890
25008 20890
24612 20890
15672 20890
15276 20890
15410 20890
13277 20890
13411 20890
13015 20890
12753 20890
3813 20890
3947 20890
2210 20890
1814 20890
24904 20890
1948 20890
1552 20890
25038 20890
24642 20890
24776 20890
24380 20890
22777 20890
22381 20890
13441 20890
13045 20890
13179 20890
12783 20890
11180 20890
2240 20890
1978 20890
1582 20890
25068 20890
24672 20890
1716 20890
1320 20890
24806 20890
22673 20890
22807 20890
22411 20890
22149 20890
13209 20890
11606 20890
11210 20890
11344 20890
10948 20890
2008 20890
1612 20890
1746 20890
22837 20890
22441 20890
22575 20890
22179 20890
11636 20890
11240 20890
11374 20890
10978 20890
11112 20890
10716 20890
9113 20890
8717 20890
22605 20890
20606 20890
20740 20890
20344 20890
11404 20890
11008 20890
11142 20890
9009 20890
9143 20890
8747 20890
20636 20890
20770 20890
20374 20890
20112 20890
18113 20890
9173 20890
8777 20890
8911 20890
8515 20890
20800 20890
20404 20890
20538 20890
18405 20890
18539 20890
18143 20890
17881 20890
8941 20890
9075 20890
7338 20890
6942 20890
7076 20890
6680 20890
27509 20890
18569 20890
18173 20890
18307 20890
17911 20890
7368 20890
6972 20890
7106 20890
6710 20890
6448 20890
27801 20890
4449 20890
27539 20890
18599 20890
27277 20890
18337 20890
16338 20890
16472 20890
16076 20890
7136 20890
6740 20890
6874 20890
4741 20890
4875 20890
4479 20890
27569 20890
27703 20890
27307 20890
16764 20890
16368 20890
16502 20890
16106 20890
15844 20890
13845 20890
4905 20890
4509 20890
5039 20890
4643 20890
27733 20890
27337 20890
25734 20890
25472 20890
16532 20890
16136 20890
16270 20890
14137 20890
14271 20890
13875 20890
4935 20890
4673 20890
4807 20890
2674 20890
25764 20890
2412 20890
25898 20890
25502 20890
25240 20890
14563 20890
23241 20890
14301 20890
13905 20890
14039 20890
13643 20890
3100 20890
2704 20890
2838 20890
2442 20890
25928 20890
25532 20890
2180 20890
25666 20890
23533 20890
23667 20890
23271 20890
14331 20890
23009 20890
14069 20890
13673 20890
12070 20890
11808 20890
2868 20890
2472 20890
25958 20890
2606 20890
473 20890
23959 20890
607 20890
23697 20890
23301 20890
23435 20890
23039 20890
12496 20890
12100 20890
12234 20890
11838 20890
2898 20890
11576 20890
899 20890
9577 20890
637 20890
241 20890
23727 20890
771 20890
375 20890
23465 20890
23069 20890
21466 20890
21204 20890
12264 20890
11868 20890
12002 20890
9869 20890
10003 20890
9607 20890
667 20890
801 20890
405 20890
23495 20890
21892 20890
21496 20890
21630 20890
21234 20890
12294 20890
20972 20890
10295 20890
18973 20890
10033 20890
9637 20890
9771 20890
831 20890
21922 20890
21660 20890
21264 20890
21398 20890
19265 20890
19399 20890
19003 20890
10063 20890
9801 20890
7802 20890
7540 20890
21690 20890
19691 20890
19429 20890
19033 20890
19167 20890
18771 20890
9831 20890
8228 20890
7832 20890
7966 20890
7570 20890
7308 20890
19459 20890
19197 20890
18801 20890
17198 20890
8258 20890
16936 20890
7996 20890
7600 20890
7734 20890
5601 20890
5735 20890
19227 20890
17624 20890
17228 20890
17362 20890
16966 20890
8026 20890
16704 20890
6027 20890
14705 20890
5765 20890
5369 20890
5503 20890
26594 20890
17654 20890
26332 20890
17392 20890
16996 20890
17130 20890
16734 20890
14997 20890
15131 20890
14735 20890
5795 20890
5929 20890
5533 20890
3534 20890
27020 20890
26624 20890
3272 20890
26758 20890
26362 20890
17422 20890
26100 20890
17160 20890
15423 20890
24101 20890
15161 20890
14765 20890
14899 20890
5959 20890
5563 20890
3960 20890
3564 20890
27050 20890
3698 20890
3302 20890
26788 20890
26392 20890
3040 20890
26526 20890
26130 20890
24393 20890
24527 20890
24131 20890
15191 20890
14929 20890
12930 20890
3990 20890
12668 20890
3728 20890
3332 20890
26818 20890
3466 20890
3070 20890
26556 20890
1333 20890
24819 20890
1467 20890
24557 20890
24161 20890
24295 20890
23899 20890
14959 20890
13356 20890
12960 20890
13094 20890
12698 20890
3758 20890
12436 20890
1759 20890
1893 20890
1497 20890
24587 20890
1235 20890
24325 20890
23929 20890
24063 20890
22326 20890
13386 20890
22064 20890
13124 20890
12728 20890
12862 20890
12466 20890
10729 20890
10863 20890
1527 20890
1661 20890
1265 20890
24355 20890
22752 20890
22356 20890
22490 20890
22094 20890
13154 20890
12892 20890
11155 20890
10893 20890
10497 20890
10631 20890
1691 20890
1295 20890
22782 20890
22520 20890
22124 20890
22258 20890
21862 20890
20259 20890
19863 20890
10923 20890
11057 20890
10661 20890
1721 20890
10399 20890
8662 20890
8400 20890
22550 20890
22288 20890
20551 20890
20289 20890
19893 20890
20027 20890
11087 20890
10691 20890
9088 20890
8692 20890
8826 20890
8430 20890
20319 20890
19923 20890
20057 20890
19795 20890
18058 20890
9118 20890
17796 20890
8856 20890
8460 20890
8594 20890
8198 20890
6461 20890
6595 20890
20087 20890
20221 20890
18484 20890
18088 20890
18222 20890
17826 20890
8886 20890
8624 20890
6887 20890
7021 20890
6625 20890
6363 20890
27454 20890
18514 20890
18252 20890
17856 20890
17990 20890
17594 20890
15991 20890
6655 20890
6789 20890
6393 20890
6131 20890
4394 20890
27484 20890
27618 20890
27222 20890
18282 20890
18020 20890
15887 20890
16021 20890
15625 20890
15759 20890
6819 20890
6423 20890
6557 20890
4820 20890
4424 20890
4558 20890
4162 20890
27648 20890
27252 20890
27386 20890
26990 20890
25387 20890
24991 20890
16051 20890
15655 20890
16185 20890
15789 20890
6849 20890
13790 20890
4850 20890
4588 20890
4192 20890
27678 20890
27282 20890
4326 20890
3930 20890
27416 20890
25283 20890
2327 20890
25417 20890
25021 20890
25155 20890
16215 20890
15819 20890
15953 20890
14216 20890
13820 20890
13954 20890
13558 20890
4618 20890
4222 20890
4356 20890
2223 20890
2753 20890
2357 20890
25447 20890
25051 20890
2095 20890
25185 20890
14246 20890
13984 20890
13588 20890
13722 20890
13326 20890
11723 20890
2783 20890
2387 20890
2521 20890
2125 20890
25215 20890
25349 20890
126 20890
23216 20890
23350 20890
22954 20890
14014 20890
13618 20890
13752 20890
11619 20890
12149 20890
11753 20890
2813 20890
11491 20890
2551 20890
2155 20890
2289 20890
552 20890
156 20890
23642 20890
23246 20890
290 20890
23380 20890
22984 20890
23118 20890
22722 20890
21119 20890
11783 20890
11917 20890
11521 20890
2581 20890
582 20890
320 20890
23410 20890
23014 20890
58 20890
23148 20890
21015 20890
21149 20890
20753 20890
11947 20890
11551 20890
11685 20890
9948 20890
9552 20890
9686 20890
9290 20890
350 20890
88 20890
21179 20890
20783 20890
21313 20890
20917 20890
11977 20890
9978 20890
9582 20890
9716 20890
9320 20890
9454 20890
9058 20890
7455 20890
21343 20890
20947 20890
21081 20890
18948 20890
19082 20890
18686 20890
9746 20890
9350 20890
9484 20890
7351 20890
7881 20890
7485 20890
19374 20890
18978 20890
19112 20890
18716 20890
18850 20890
18454 20890
7911 20890
7515 20890
7649 20890
7253 20890
19142 20890
18746 20890
18880 20890
16747 20890
17277 20890
16881 20890
7941 20890
7679 20890
7283 20890
7417 20890
5284 20890
5418 20890
5022 20890
16911 20890
17045 20890
16649 20890
7709 20890
5710 20890
5314 20890
5448 20890
5052 20890
26143 20890
26277 20890
25881 20890
16941 20890
17075 20890
16679 20890
16813 20890
14680 20890
14814 20890
14418 20890
5478 20890
5082 20890
5216 20890
3613 20890
3217 20890
26307 20890
25911 20890
26441 20890
26045 20890
17105 20890
16709 20890
15106 20890
14710 20890
14844 20890
14448 20890
14186 20890
3643 20890
3247 20890
26337 20890
3381 20890
2985 20890
26471 20890
26075 20890
26209 20890
24076 20890
23814 20890
14874 20890
14478 20890
14612 20890
12479 20890
12613 20890
3673 20890
3277 20890
3411 20890
3015 20890
26105 20890
3149 20890
1016 20890
24502 20890
24106 20890
1150 20890
754 20890
24240 20890
23844 20890
23582 20890
13039 20890
12643 20890
12777 20890
12381 20890
3441 20890
1442 20890
1046 20890
1180 20890
784 20890
24270 20890
23874 20890
24008 20890
23612 20890
21875 20890
22009 20890
13069 20890
12673 20890
12807 20890
12411 20890
10412 20890
10150 20890
1210 20890
814 20890
24300 20890
948 20890
22301 20890
22039 20890
22173 20890
21777 20890
12837 20890
12441 20890
10838 20890
10442 20890
10576 20890
10180 20890
22069 20890
22203 20890
21807 20890
19808 20890
19546 20890
10606 20890
10210 20890
10344 20890
8345 20890
22233 20890
21837 20890
20234 20890
19838 20890
19972 20890
19576 20890
10636 20890
19314 20890
8637 20890
8771 20890
8375 20890
8509 20890
8113 20890
20002 20890
19606 20890
19740 20890
19344 20890
17607 20890
17741 20890
8801 20890
8405 20890
8539 20890
8143 20890
6144 20890
5882 20890
20032 20890
19770 20890
18033 20890
18167 20890
17771 20890
17509 20890
8569 20890
8173 20890
6570 20890
6174 20890
6308 20890
5912 20890
27003 20890
27137 20890
18197 20890
17801 20890
17935 20890
17539 20890
15540 20890
6600 20890
15278 20890
6338 20890
5942 20890
6076 20890
27429 20890
4077 20890
27167 20890
26905 20890
17965 20890
17569 20890
15966 20890
15570 20890
15704 20890
15308 20890
6368 20890
6106 20890
4369 20890
4503 20890
4107 20890
27197 20890
3845 20890
27331 20890
26935 20890
17995 20890
26673 20890
24936 20890
15996 20890
24674 20890
15734 20890
15338 20890
15472 20890
15076 20890
13473 20890
4533 20890
4137 20890
4271 20890
3875 20890
27361 20890
26965 20890
27099 20890
1876 20890
25362 20890
24966 20890
25100 20890
24704 20890
15764 20890
24442 20890
15502 20890
13765 20890
13899 20890
13503 20890
13241 20890
4301 20890
3905 20890
27391 20890
2302 20890
1906 20890
25392 20890
2040 20890
25130 20890
24734 20890
24868 20890
24472 20890
22869 20890
13929 20890
13533 20890
13667 20890
13271 20890
4331 20890
13009 20890
11272 20890
2332 20890
11010 20890
2070 20890
1674 20890
25160 20890
2204 20890
1808 20890
24898 20890
23161 20890
23295 20890
22899 20890
22637 20890
13697 20890
13301 20890
11698 20890
11302 20890
11436 20890
11040 20890
2100 20890
2234 20890
1838 20890
101 20890
235 20890
23325 20890
22929 20890
23063 20890
22667 20890
13727 20890
22405 20890
20668 20890
11728 20890
20406 20890
11466 20890
11070 20890
11204 20890
2264 20890
9205 20890
265 20890
3 20890
23093 20890
22697 20890
22831 20890
21094 20890
20698 20890
20832 20890
20436 20890
11496 20890
11234 20890
9497 20890
9631 20890
9235 20890
295 20890
8973 20890
33 20890
23123 20890
21124 20890
20862 20890
20466 20890
20600 20890
20204 20890
18601 20890
9661 20890
9265 20890
9399 20890
9003 20890
63 20890
8741 20890
7004 20890
20892 20890
20630 20890
19027 20890
18631 20890
9691 20890
18369 20890
9429 20890
9033 20890
9167 20890
7430 20890
7034 20890
7168 20890
19057 20890
18661 20890
18795 20890
18399 20890
9459 20890
18137 20890
16400 20890
7460 20890
16138 20890
7198 20890
6802 20890
6936 20890
4937 20890
19087 20890
27765 20890
18825 20890
18429 20890
18563 20890
16826 20890
16430 20890
16564 20890
16168 20890
7228 20890
7362 20890
6966 20890
5363 20890
4967 20890
4705 20890
27795 20890
18855 20890
27533 20890
16856 20890
16594 20890
16198 20890
16332 20890
7392 20890
14333 20890
5393 20890
4997 20890
5131 20890
4735 20890
27825 20890
4473 20890
2736 20890
25826 20890
25960 20890
25564 20890
16624 20890
16362 20890
14759 20890
14363 20890
5423 20890
14101 20890
5161 20890
4765 20890
4899 20890
3162 20890
2766 20890
26252 20890
2900 20890
25990 20890
25594 20890
25728 20890
25332 20890
23729 20890
14789 20890
14393 20890
14527 20890
14131 20890
5191 20890
13869 20890
3192 20890
2930 20890
26020 20890
25624 20890
2668 20890
25758 20890
669 20890
24155 20890
23759 20890
14819 20890
23497 20890
14557 20890
14161 20890
14295 20890
12162 20890
12296 20890
2960 20890
3094 20890
2698 20890
1095 20890
699 20890
24185 20890
23789 20890
437 20890
23923 20890
23527 20890
14587 20890
12588 20890
12326 20890
11930 20890
12064 20890
3124 20890
10065 20890
1125 20890
729 20890
24215 20890
863 20890
467 20890
23953 20890
23557 20890
23691 20890
21558 20890
21692 20890
21296 20890
12356 20890
11960 20890
12490 20890
12094 20890
10491 20890
10095 20890
1155 20890
9833 20890
893 20890
497 20890
23983 20890
631 20890
21984 20890
21722 20890
21326 20890
21460 20890
12520 20890
10521 20890
10125 20890
10259 20890
9863 20890
923 20890
21752 20890
21356 20890
21490 20890
19887 20890
19491 20890
10551 20890
10289 20890
9893 20890
10027 20890
7894 20890
8028 20890
19917 20890
19521 20890
19655 20890
19259 20890
10319 20890
8320 20890
8058 20890
7796 20890
5797 20890
19947 20890
19685 20890
19289 20890
19423 20890
17290 20890
17424 20890
8088 20890
8222 20890
7826 20890
6223 20890
5827 20890
19715 20890
19319 20890
17716 20890
17320 20890
17454 20890
17058 20890
17192 20890
8252 20890
6253 20890
5857 20890
5991 20890
5595 20890
26686 20890
26820 20890
26424 20890
17484 20890
17088 20890
17618 20890
17222 20890
15223 20890
6283 20890
6021 20890
5625 20890
5759 20890
27112 20890
26716 20890
3760 20890
26850 20890
26454 20890
17648 20890
15649 20890
15253 20890
15387 20890
14991 20890
6051 20890
5655 20890
4052 20890
3656 20890
4186 20890
3790 20890
26880 20890
26484 20890
3528 20890
26618 20890
24619 20890
15679 20890
15417 20890
15021 20890
15155 20890
13022 20890
13156 20890
4216 20890
3820 20890
3954 20890
3558 20890
1559 20890
25045 20890
24649 20890
24783 20890
24387 20890
15447 20890
15051 20890
13448 20890
13052 20890
13186 20890
4246 20890
3984 20890
1985 20890
1589 20890
25075 20890
24679 20890
1723 20890
1327 20890
24813 20890
24417 20890
24551 20890
22418 20890
22552 20890
13216 20890
13350 20890
12954 20890
10955 20890
2015 20890
1619 20890
1753 20890
1357 20890
24843 20890
24447 20890
1491 20890
22844 20890
22448 20890
22582 20890
22186 20890
13380 20890
11381 20890
10985 20890
11119 20890
10723 20890
1783 20890
1387 20890
22612 20890
22216 20890
22746 20890
22350 20890
20351 20890
11411 20890
11015 20890
11149 20890
10753 20890
10887 20890
22776 20890
22380 20890
20643 20890
20777 20890
20381 20890
20515 20890
20119 20890
11179 20890
10783 20890
9180 20890
8784 20890
9314 20890
8918 20890
20807 20890
20411 20890
20545 20890
20149 20890
18150 20890
9344 20890
8948 20890
9082 20890
8686 20890
6687 20890
20575 20890
20179 20890
18576 20890
18180 20890
18314 20890
9374 20890
8978 20890
9112 20890
8716 20890
6979 20890
7113 20890
6717 20890
6851 20890
6455 20890
27546 20890
18344 20890
18478 20890
18082 20890
9142 20890
16083 20890
7143 20890
6747 20890
6881 20890
6485 20890
27576 20890
27710 20890
27314 20890
18374 20890
18508 20890
18112 20890
16375 20890
16509 20890
16113 20890
16247 20890
15851 20890
6911 20890
6515 20890
4912 20890
5046 20890
4650 20890
27740 20890
27344 20890
27478 20890
18538 20890
25479 20890
16539 20890
16143 20890
16277 20890
15881 20890
15619 20890
5076 20890
4680 20890
27770 20890
4814 20890
4418 20890
27508 20890
2419 20890
25905 20890
25509 20890
25247 20890
16307 20890
15911 20890
16045 20890
14308 20890
13912 20890
14442 20890
14046 20890
5106 20890
4710 20890
4844 20890
4448 20890
2711 20890
2845 20890
2449 20890
25935 20890
25539 20890
2187 20890
25673 20890
25277 20890
25015 20890
23278 20890
14338 20890
14472 20890
14076 20890
14210 20890
13814 20890
4874 20890
11815 20890
2875 20890
2479 20890
2613 20890
2217 20890
25703 20890
25307 20890
25441 20890
23704 20890
23308 20890
23442 20890
14502 20890
14106 20890
14240 20890
13844 20890
12241 20890
11845 20890
11583 20890
2643 20890
2247 20890
25733 20890
644 20890
23734 20890
778 20890
382 20890
23472 20890
23606 20890
23210 20890
14270 20890
21211 20890
12271 20890
11875 20890
12009 20890
11613 20890
2673 20890
11351 20890
1070 20890
674 20890
808 20890
412 20890
23502 20890
546 20890
150 20890
23636 20890
23240 20890
21637 20890
21241 20890
20979 20890
12039 20890
11643 20890
11777 20890
10040 20890
10174 20890
9778 20890
838 20890
442 20890
576 20890
180 20890
23666 20890
21667 20890
21271 20890
21405 20890
21009 20890
12069 20890
20747 20890
10070 20890
10204 20890
9808 20890
9546 20890
606 20890
7547 20890
21697 20890
21435 20890
21039 20890
21173 20890
19436 20890
19040 20890
19570 20890
19174 20890
10234 20890
9838 20890
9972 20890
9576 20890
7973 20890
7577 20890
7315 20890
21465 20890
19466 20890
19600 20890
19204 20890
18942 20890
10002 20890
16943 20890
8003 20890
7607 20890
7741 20890
7345 20890
19630 20890
19234 20890
19368 20890
18972 20890
17369 20890
16973 20890
8033 20890
16711 20890
7771 20890
7375 20890
7509 20890
5772 20890
5906 20890
5510 20890
19398 20890
26339 20890
17399 20890
17003 20890
17137 20890
16741 20890
7801 20890
16479 20890
6198 20890
5802 20890
5936 20890
5540 20890
5278 20890
3279 20890
26765 20890
26369 20890
17429 20890
26107 20890
17167 20890
16771 20890
16905 20890
14906 20890
5966 20890
5570 20890
5704 20890
5308 20890
3705 20890
3309 20890
26795 20890
26399 20890
26533 20890
26137 20890
17197 20890
25875 20890
15198 20890
15332 20890
14936 20890
14674 20890
5734 20890
12675 20890
3735 20890
3339 20890
26825 20890
3473 20890
3077 20890
26563 20890
26167 20890
26301 20890
24168 20890
24302 20890
15362 20890
14966 20890
15100 20890
14704 20890
13101 20890
12705 20890
3765 20890
12443 20890
3503 20890
3107 20890
26593 20890
3241 20890
24594 20890
1242 20890
24728 20890
24332 20890
15392 20890
24070 20890
15130 20890
13131 20890
12735 20890
12869 20890
12473 20890
3533 20890
3667 20890
1930 20890
1534 20890
1668 20890
1272 20890
24758 20890
24362 20890
1010 20890
24496 20890
24100 20890
22101 20890
13161 20890
21839 20890
12899 20890
12503 20890
12637 20890
10638 20890
1698 20890
1302 20890
1436 20890
1040 20890
24526 20890
22527 20890
22131 20890
22265 20890
21869 20890
12929 20890
10930 20890
11064 20890
10668 20890
1728 20890
10406 20890
1466 20890
22557 20890
22295 20890
21899 20890
22033 20890
11356 20890
20034 20890
11094 20890
10698 20890
10832 20890
10436 20890
8833 20890
8437 20890
22325 20890
20326 20890
20460 20890
20064 20890
11124 20890
19802 20890
10862 20890
8863 20890
8467 20890
8601 20890
8205 20890
20490 20890
20094 20890
20228 20890
19832 20890
17833 20890
8893 20890
17571 20890
8631 20890
8235 20890
8369 20890
6370 20890
20520 20890
20258 20890
18259 20890
17863 20890
17997 20890
17601 20890
8661 20890
8795 20890
6662 20890
6796 20890
6400 20890
6138 20890
27229 20890
18289 20890
18027 20890
17631 20890
17765 20890
7088 20890
15766 20890
6826 20890
6430 20890
6564 20890
6168 20890
4169 20890
27655 20890
27259 20890
27393 20890
26997 20890
18057 20890
16058 20890
16192 20890
15796 20890
6856 20890
15534 20890
6594 20890
4595 20890
4199 20890
27685 20890
4333 20890
27423 20890
27027 20890
27161 20890
16484 20890
25162 20890
16222 20890
15826 20890
15960 20890
15564 20890
13565 20890
4625 20890
4363 20890
27453 20890
27057 20890
4101 20890
25454 20890
2102 20890
25588 20890
25192 20890
16252 20890
24930 20890
15990 20890
13991 20890
13595 20890
13729 20890
13333 20890
4393 20890
4527 20890
2394 20890
2528 20890
2132 20890
25618 20890
25222 20890
1870 20890
25356 20890
24960 20890
22961 20890
14021 20890
13759 20890
13363 20890
13497 20890
2820 20890
11498 20890
2558 20890
2162 20890
25648 20890
2296 20890
1900 20890
25386 20890
24990 20890
23387 20890
22991 20890
23125 20890
22729 20890
13789 20890
13393 20890
13923 20890
11790 20890
11924 20890
11528 20890
2588 20890
2326 20890
25416 20890
327 20890
23417 20890
23021 20890
65 20890
23155 20890
22759 20890
22893 20890
12216 20890
20894 20890
11954 20890
11558 20890
11692 20890
11296 20890
9297 20890
357 20890
491 20890
95 20890
23185 20890
22789 20890
21186 20890
21320 20890
20924 20890
11984 20890
11722 20890
11326 20890
9723 20890
9327 20890
9461 20890
521 20890
125 20890
259 20890
21612 20890
21350 20890
20954 20890
21088 20890
20692 20890
11752 20890
18693 20890
9753 20890
9357 20890
9491 20890
9229 20890
7230 20890
21380 20890
21118 20890
20722 20890
19119 20890
18723 20890
18857 20890
18461 20890
9521 20890
9655 20890
7522 20890
7656 20890
7260 20890
21148 20890
19149 20890
18753 20890
18887 20890
18491 20890
18625 20890
7948 20890
7686 20890
7290 20890
7424 20890
7028 20890
18917 20890
18521 20890
19051 20890
18655 20890
16918 20890
17052 20890
16656 20890
7716 20890
7454 20890
7058 20890
5321 20890
5455 20890
5059 20890
5193 20890
17344 20890
17082 20890
16686 20890
16820 20890
16424 20890
7484 20890
14425 20890
5485 20890
5089 20890
5619 20890
5223 20890
26314 20890
26448 20890
26052 20890
17112 20890
16716 20890
16850 20890
16454 20890
14851 20890
14455 20890
14589 20890
5649 20890
5253 20890
5387 20890
4991 20890
3254 20890
26740 20890
3388 20890
2992 20890
26478 20890
26082 20890
26216 20890
25820 20890
16880 20890
23821 20890
14881 20890
14485 20890
14619 20890
3680 20890
3418 20890
3022 20890
26508 20890
26112 20890
3156 20890
2760 20890
26246 20890
25850 20890
24247 20890
23851 20890
23589 20890
14649 20890
14783 20890
14387 20890
12650 20890
12784 20890
12388 20890
3448 20890
3052 20890
3186 20890
2790 20890
26276 20890
1187 20890
24277 20890
23881 20890
925 20890
24015 20890
23619 20890
14813 20890
13076 20890
12814 20890
12418 20890
12552 20890
12156 20890
3216 20890
1217 20890
1351 20890
955 20890
24045 20890
23649 20890
24179 20890
23783 20890
22046 20890
22180 20890
21784 20890
12844 20890
12448 20890
12582 20890
12186 20890
10583 20890
10187 20890
1381 20890
985 20890
24075 20890
1119 20890
723 20890
24209 20890
22472 20890
22076 20890
22210 20890
21814 20890
21948 20890
21552 20890
12612 20890
19553 20890
10613 20890
10217 20890
10747 20890
10351 20890
1411 20890
1149 20890
22240 20890
21844 20890
21978 20890
21582 20890
19979 20890
19583 20890
10777 20890
10381 20890
10515 20890
10119 20890
8382 20890
8516 20890
8120 20890
22008 20890
20009 20890
19613 20890
19747 20890
10411 20890
10545 20890
8808 20890
8412 20890
8546 20890
8150 20890
8284 20890
7888 20890
19777 20890
19911 20890
19515 20890
17912 20890
17516 20890
8576 20890
8180 20890
8314 20890
7918 20890
6315 20890
19807 20890
19941 20890
17808 20890
17942 20890
17546 20890
17284 20890
8344 20890
6345 20890
6479 20890
6083 20890
27308 20890
26912 20890
17972 20890
17576 20890
17710 20890
17314 20890
15711 20890
15315 20890
6375 20890
6509 20890
6113 20890
6247 20890
5851 20890
27204 20890
4248 20890
3852 20890
27338 20890
26942 20890
26680 20890
17740 20890
15741 20890
15345 20890
15875 20890
15479 20890
6539 20890
6143 20890
6277 20890
4144 20890
4278 20890
3882 20890
27368 20890
26972 20890
3620 20890
27106 20890
26710 20890
24711 20890
15771 20890
15905 20890
15509 20890
15643 20890
15247 20890
13248 20890
4308 20890
3912 20890
4046 20890
3650 20890
27136 20890
2047 20890
25137 20890
24741 20890
24875 20890
15539 20890
15673 20890
13540 20890
13674 20890
13278 20890
13016 20890
4076 20890
2473 20890
2077 20890
25167 20890
2211 20890
1815 20890
24905 20890
24643 20890
22644 20890
13704 20890
13308 20890
13442 20890
13046 20890
2503 20890
2107 20890
2241 20890
1845 20890
24935 20890
1979 20890
1583 20890
25069 20890
22936 20890
23070 20890
22674 20890
13734 20890
22412 20890
13472 20890
11473 20890
11607 20890
11211 20890
2271 20890
1875 20890
2009 20890
10 20890
23100 20890
22704 20890
22838 20890
22442 20890
20443 20890
11503 20890
11637 20890
11241 20890
10979 20890
8980 20890
40 20890
23130 20890
22868 20890
20869 20890
20473 20890
20607 20890
11667 20890
11271 20890
11405 20890
9272 20890
9406 20890
9010 20890
70 20890
8748 20890
20899 20890
21033 20890
20637 20890
20375 20890
18376 20890
9436 20890
9040 20890
9174 20890
8778 20890
20667 20890
20801 20890
18668 20890
18802 20890
18406 20890
9466 20890
18144 20890
9204 20890
7205 20890
6943 20890
19094 20890
27772 20890
18832 20890
18436 20890
18570 20890
18174 20890
7631 20890
7235 20890
7369 20890
6973 20890
6711 20890
4712 20890
27802 20890
18862 20890
27540 20890
18600 20890
18204 20890
16601 20890
16339 20890
7399 20890
7003 20890
7137 20890
5004 20890
5138 20890
4742 20890
27832 20890
27570 20890
25571 20890
16631 20890
16765 20890
16369 20890
7429 20890
16107 20890
5430 20890
14108 20890
5168 20890
4772 20890
4906 20890
4510 20890
27600 20890
25997 20890
25601 20890
25735 20890
16795 20890
16399 20890
16533 20890
14400 20890
14534 20890
14138 20890
5198 20890
13876 20890
4936 20890
4540 20890
2937 20890
26027 20890
2675 20890
26161 20890
25765 20890
16825 20890
25503 20890
14826 20890
23504 20890
14564 20890
14168 20890
14302 20890
13906 20890
3363 20890
2967 20890
3101 20890
2705 20890
25795 20890
2443 20890
25929 20890
23796 20890
444 20890
23930 20890
23534 20890
14594 20890
23272 20890
14332 20890
13936 20890
12333 20890
12071 20890
3131 20890
2735 20890
2869 20890
736 20890
24222 20890
870 20890
474 20890
23960 20890
23564 20890
23698 20890
23302 20890
14362 20890
12759 20890
12363 20890
12497 20890
12101 20890
3161 20890
11839 20890
1162 20890
9840 20890
900 20890
504 20890
23990 20890
638 20890
23728 20890
23332 20890
21729 20890
21467 20890
12527 20890
12131 20890
12265 20890
10132 20890
10266 20890
9870 20890
930 20890
668 20890
23758 20890
21759 20890
21893 20890
21497 20890
12557 20890
21235 20890
10558 20890
19236 20890
10296 20890
9900 20890
10034 20890
9638 20890
698 20890
21923 20890
21527 20890
21661 20890
21265 20890
19528 20890
19662 20890
19266 20890
10326 20890
10064 20890
9668 20890
8065 20890
7803 20890
21953 20890
21691 20890
19954 20890
19692 20890
19296 20890
19430 20890
19034 20890
10094 20890
8491 20890
8095 20890
8229 20890
7833 20890
7571 20890
5572 20890
19722 20890
19460 20890
19064 20890
17461 20890
8521 20890
17199 20890
8259 20890
7863 20890
7997 20890
7601 20890
5864 20890
5998 20890
5602 20890
19490 20890
17887 20890
17491 20890
17625 20890
17229 20890
8289 20890
16967 20890
8027 20890
6290 20890
6028 20890
5632 20890
5766 20890
26857 20890
26595 20890
17655 20890
17259 20890
17393 20890
16997 20890
15260 20890
15394 20890
14998 20890
6058 20890
5796 20890
3797 20890
26887 20890
3535 20890
27021 20890
26625 20890
17685 20890
17423 20890
15686 20890
15424 20890
15028 20890
15162 20890
14766 20890
5826 20890
4223 20890
3827 20890
3961 20890
3565 20890
27051 20890
26655 20890
3303 20890
26789 20890
26393 20890
24790 20890
24394 20890
15454 20890
15192 20890
14796 20890
14930 20890
13193 20890
4253 20890
12931 20890
3991 20890
3595 20890
27081 20890
3729 20890
3333 20890
26819 20890
1596 20890
25082 20890
1730 20890
24820 20890
24424 20890
24558 20890
24162 20890
15222 20890
13619 20890
13223 20890
13357 20890
12961 20890
4021 20890
3759 20890
2022 20890
1760 20890
1364 20890
24850 20890
24454 20890
1498 20890
24588 20890
24192 20890
24326 20890
22589 20890
13649 20890
22327 20890
13387 20890
12991 20890
13125 20890
12729 20890
10992 20890
11126 20890
10730 20890
1790 20890
1394 20890
1924 20890
1528 20890
24618 20890
23015 20890
22619 20890
22753 20890
22357 20890
13417 20890
13155 20890
11418 20890
11156 20890
10760 20890
10894 20890
1954 20890
1558 20890
22783 20890
22387 20890
22521 20890
22125 20890
20522 20890
20126 20890
11186 20890
10790 20890
10924 20890
10662 20890
8925 20890
22813 20890
22551 20890
20418 20890
20552 20890
20156 20890
20290 20890
19894 20890
10954 20890
11088 20890
9351 20890
8955 20890
9089 20890
8693 20890
20582 20890
20186 20890
20320 20890
19924 20890
18321 20890
9381 20890
9119 20890
8723 20890
8857 20890
8461 20890
6858 20890
20350 20890
20484 20890
18747 20890
18351 20890
18485 20890
18089 20890
9149 20890
8753 20890
8887 20890
6754 20890
6888 20890
6492 20890
6626 20890
18777 20890
18515 20890
18119 20890
18253 20890
17857 20890
16254 20890
15858 20890
6918 20890
6522 20890
7052 20890
6656 20890
4657 20890
27747 20890
27485 20890
18545 20890
18149 20890
18283 20890
16150 20890
16284 20890
15888 20890
7082 20890
6686 20890
6820 20890
5083 20890
4687 20890
27777 20890
4821 20890
4425 20890
27515 20890
27649 20890
27253 20890
25650 20890
25254 20890
16314 20890
15918 20890
16052 20890
5113 20890
4851 20890
4455 20890
27545 20890
4589 20890
4193 20890
27679 20890
25546 20890
2590 20890
25680 20890
25284 20890
25022 20890
16082 20890
16216 20890
14479 20890
14083 20890
14217 20890
13821 20890
4881 20890
4485 20890
4619 20890
2486 20890
2620 20890
25710 20890
25314 20890
25448 20890
25052 20890
14509 20890
14113 20890
14247 20890
13851 20890
13985 20890
13589 20890
11986 20890
2650 20890
2784 20890
2388 20890
25478 20890
25612 20890
23479 20890
23613 20890
23217 20890
14277 20890
13881 20890
14015 20890
11882 20890
12016 20890
11620 20890
2814 20890
2418 20890
2552 20890
815 20890
419 20890
23905 20890
23509 20890
553 20890
157 20890
23643 20890
23247 20890
22985 20890
20986 20890
12046 20890
11650 20890
12180 20890
11784 20890
2844 20890
845 20890
449 20890
583 20890
187 20890
23673 20890
23277 20890
321 20890
23411 20890
21278 20890
21412 20890
21016 20890
12210 20890
11814 20890
11948 20890
9815 20890
9949 20890
9553 20890
613 20890
217 20890
351 20890
21442 20890
21046 20890
21180 20890
10241 20890
9845 20890
9979 20890
9583 20890
9321 20890
21472 20890
21210 20890
21344 20890
19211 20890
19345 20890
18949 20890
10009 20890
9613 20890
9747 20890
7614 20890
7748 20890
21240 20890
19637 20890
19241 20890
19375 20890
18979 20890
18717 20890
7778 20890
7912 20890
7516 20890
19405 20890
19009 20890
19143 20890
17010 20890
17144 20890
16748 20890
7808 20890
7942 20890
7546 20890
7680 20890
5547 20890
5681 20890
5285 20890
26114 20890
17174 20890
16778 20890
17308 20890
16912 20890
7972 20890
5973 20890
5577 20890
5711 20890
5315 20890
5053 20890
26406 20890
26540 20890
26144 20890
17204 20890
17338 20890
16942 20890
14943 20890
14681 20890
5741 20890
5345 20890
5479 20890
3346 20890
26832 20890
3480 20890
26570 20890
26174 20890
26308 20890
16972 20890
15369 20890
14973 20890
15107 20890
14711 20890
14449 20890
3772 20890
3906 20890
3510 20890
26600 20890
3644 20890
3248 20890
26338 20890
24339 20890
24077 20890
15137 20890
14741 20890
14875 20890
12742 20890
12876 20890
3936 20890
3540 20890
3674 20890
3278 20890
26368 20890
1279 20890
24765 20890
24369 20890
1017 20890
24503 20890
24107 20890
15167 20890
23845 20890
13168 20890
12906 20890
13040 20890
12644 20890
3704 20890
3308 20890
1705 20890
1309 20890
1443 20890
1047 20890
24533 20890
24137 20890
785 20890
24271 20890
23875 20890
22138 20890
22272 20890
21876 20890
12936 20890
13070 20890
12674 20890
10675 20890
10413 20890
1473 20890
1077 20890
24563 20890
1211 20890
24301 20890
22564 20890
22302 20890
21906 20890
22040 20890
13100 20890
12704 20890
11101 20890
10705 20890
10839 20890
10443 20890
1503 20890
10181 20890
22332 20890
22466 20890
22070 20890
20071 20890
11131 20890
19809 20890
10869 20890
10473 20890
10607 20890
10211 20890
8474 20890
8608 20890
22100 20890
20497 20890
20101 20890
20235 20890
19839 20890
10899 20890
19577 20890
10637 20890
8900 20890
9034 20890
8638 20890
8376 20890
20527 20890
20265 20890
19869 20890
20003 20890
19607 20890
17870 20890
18004 20890
9064 20890
8668 20890
8802 20890
8406 20890
6407 20890
6145 20890
20295 20890
20033 20890
18296 20890
18034 20890
17772 20890
8832 20890
8436 20890
6833 20890
6437 20890
6571 20890
6175 20890
5913 20890
27400 20890
27004 20890
18064 20890
18198 20890
17802 20890
8862 20890
17540 20890
15803 20890
6863 20890
15541 20890
6601 20890
6205 20890
6339 20890
5943 20890
4340 20890
27430 20890
27034 20890
27168 20890
18228 20890
17832 20890
16229 20890
15833 20890
15967 20890
15571 20890
6631 20890
15309 20890
6369 20890
4632 20890
4766 20890
4370 20890
27460 20890
4108 20890
27594 20890
27198 20890
18258 20890
26936 20890
25199 20890
16259 20890
24937 20890
15997 20890
15601 20890
15735 20890
15339 20890
13736 20890
4796 20890
4400 20890
4534 20890
4138 20890
27228 20890
3876 20890
27362 20890
2139 20890
25625 20890
25229 20890
1877 20890
25363 20890
24967 20890
16027 20890
24705 20890
15765 20890
14028 20890
14162 20890
13766 20890
4826 20890
13504 20890
4564 20890
4168 20890
2565 20890
2169 20890
25655 20890
2303 20890
1907 20890
25393 20890
24997 20890
25131 20890
24735 20890
23132 20890
14192 20890
13796 20890
13930 20890
13534 20890
4594 20890
13272 20890
11535 20890
2595 20890
11273 20890
2333 20890
1937 20890
25423 20890
2071 20890
25161 20890
72 20890
23162 20890
22900 20890
13960 20890
13564 20890
13698 20890
11961 20890
11565 20890
11699 20890
11303 20890
2363 20890
2101 20890
364 20890
498 20890
102 20890
23192 20890
22796 20890
23326 20890
22930 20890
13990 20890
22668 20890
20931 20890
11991 20890
20669 20890
11729 20890
11333 20890
11467 20890
11071 20890
9468 20890
528 20890
132 20890
266 20890
23356 20890
22960 20890
23094 20890
21357 20890
20961 20890
21095 20890
20699 20890
11759 20890
11497 20890
9894 20890
9498 20890
558 20890
9236 20890
296 20890
23386 20890
34 20890
21387 20890
21125 20890
20729 20890
20863 20890
20467 20890
18864 20890
9924 20890
9528 20890
9662 20890
9266 20890
326 20890
9004 20890
7267 20890
7005 20890
21155 20890
20893 20890
19290 20890
18894 20890
9954 20890
18632 20890
9692 20890
9296 20890
9430 20890
7693 20890
7297 20890
7431 20890
7035 20890
19320 20890
18924 20890
19058 20890
18662 20890
9722 20890
7723 20890
7461 20890
7065 20890
7199 20890
5200 20890
19088 20890
18692 20890
18826 20890
16693 20890
16827 20890
16431 20890
7491 20890
7229 20890
5626 20890
5230 20890
4968 20890
19118 20890
17119 20890
16857 20890
16461 20890
16595 20890
16199 20890
14596 20890
5656 20890
5260 20890
5394 20890
4998 20890
26089 20890
26223 20890
25827 20890
16887 20890
16491 20890
16625 20890
15022 20890
14626 20890
5686 20890
14364 20890
5424 20890
5028 20890
5162 20890
3029 20890
26515 20890
3163 20890
2767 20890
26253 20890
25857 20890
25991 20890
25595 20890
15052 20890
14656 20890
14790 20890
14394 20890
5454 20890
3455 20890
3193 20890
2797 20890
26283 20890
25887 20890
2931 20890
26021 20890
23888 20890
932 20890
24418 20890
24022 20890
15082 20890
14820 20890
14424 20890
14558 20890
12425 20890
12559 20890
12163 20890
3223 20890
2827 20890
3357 20890
2961 20890
1358 20890
962 20890
24448 20890
24052 20890
700 20890
24186 20890
23790 20890
14850 20890
12851 20890
12455 20890
12589 20890
12193 20890
12327 20890
1388 20890
992 20890
1126 20890
730 20890
24216 20890
23820 20890
23954 20890
21821 20890
21955 20890
21559 20890
12619 20890
12223 20890
12357 20890
10754 20890
10358 20890
1418 20890
1156 20890
760 20890
24246 20890
23850 20890
894 20890
22247 20890
21851 20890
21985 20890
21589 20890
21723 20890
21327 20890
10784 20890
10388 20890
10522 20890
10126 20890
1186 20890
22015 20890
21619 20890
21753 20890
19754 20890
10814 20890
10552 20890
10156 20890
10290 20890
8157 20890
8291 20890
7895 20890
20180 20890
19784 20890
19918 20890
19522 20890
10582 20890
10186 20890
8583 20890
8187 20890
8321 20890
7925 20890
8059 20890
20210 20890
19814 20890
19948 20890
19552 20890
19686 20890
17553 20890
17687 20890
17291 20890
8351 20890
7955 20890
8485 20890
8089 20890
6090 20890
19978 20890
19582 20890
17979 20890
17583 20890
17717 20890
17321 20890
6516 20890
6120 20890
6254 20890
5858 20890
26949 20890
27083 20890
26687 20890
17747 20890
17351 20890
17485 20890
15486 20890
6546 20890
6150 20890
6284 20890
5888 20890
6022 20890
3889 20890
27375 20890
26979 20890
4023 20890
27113 20890
26717 20890
26455 20890
15912 20890
15516 20890
15650 20890
15254 20890
6314 20890
5918 20890
4315 20890
3919 20890
4053 20890
27143 20890
26747 20890
26881 20890
26485 20890
24882 20890
15942 20890
15546 20890
15680 20890
15284 20890
15418 20890
13285 20890
13023 20890
4083 20890
4217 20890
3821 20890
26911 20890
25174 20890
1822 20890
25308 20890
24912 20890
25046 20890
24650 20890
15710 20890
15314 20890
13711 20890
13315 20890
13449 20890
13053 20890
4247 20890
2248 20890
1852 20890
25338 20890
24942 20890
1986 20890
1590 20890
25076 20890
24680 20890
22681 20890
22419 20890
13479 20890
13083 20890
13613 20890
13217 20890
11218 20890
2278 20890
1882 20890
2016 20890
1620 20890
25106 20890
24710 20890
23107 20890
22711 20890
22845 20890
22449 20890
13509 20890
13247 20890
11510 20890
11644 20890
11248 20890
11382 20890
10986 20890
2046 20890
1650 20890
47 20890
181 20890
22875 20890
22479 20890
22613 20890
20614 20890
11674 20890
11278 20890
11412 20890
11016 20890
9017 20890
211 20890
22905 20890
22643 20890
20906 20890
21040 20890
20644 20890
20382 20890
11442 20890
11046 20890
9443 20890
9047 20890
9181 20890
21070 20890
20674 20890
20808 20890
20412 20890
20150 20890
18413 20890
18151 20890
9211 20890
9345 20890
8949 20890
9 20890
6950 20890
20838 20890
20442 20890
20576 20890
18839 20890
18443 20890
18577 20890
18181 20890
9241 20890
9375 20890
8979 20890
7242 20890
7376 20890
6980 20890
6718 20890
20868 20890
27809 20890
18869 20890
27547 20890
18607 20890
18211 20890
18741 20890
18345 20890
9405 20890
16346 20890
7406 20890
7010 20890
7144 20890
6748 20890
6486 20890
4749 20890
27577 20890
18637 20890
18375 20890
16772 20890
16376 20890
16114 20890
7174 20890
6778 20890
6912 20890
5175 20890
4779 20890
5309 20890
4913 20890
27607 20890
27741 20890
25742 20890
16802 20890
16406 20890
16540 20890
16144 20890
7204 20890
15882 20890
14145 20890
5205 20890
5339 20890
4943 20890
5077 20890
4681 20890
27771 20890
2682 20890
26168 20890
25772 20890
25510 20890
16570 20890
16174 20890
16308 20890
14571 20890
14175 20890
14309 20890
4973 20890
5107 20890
4711 20890
2974 20890
3108 20890
2712 20890
26198 20890
25802 20890
2450 20890
25936 20890
25540 20890
16600 20890
25278 20890
14601 20890
23279 20890
14339 20890
14077 20890
5137 20890
12078 20890
3138 20890
2742 20890
26228 20890
2876 20890
2480 20890
25966 20890
25570 20890
2218 20890
25704 20890
23967 20890
23571 20890
23705 20890
23309 20890
14369 20890
14503 20890
14107 20890
12504 20890
12108 20890
11846 20890
2906 20890
2510 20890
25996 20890
2644 20890
907 20890
23997 20890
1041 20890
645 20890
23735 20890
23339 20890
23473 20890
14533 20890
21474 20890
12534 20890
12138 20890
12272 20890
11876 20890
2936 20890
11614 20890
9877 20890
937 20890
1071 20890
675 20890
23765 20890
413 20890
23503 20890
21900 20890
21504 20890
12564 20890
21242 20890
12302 20890
11906 20890
12040 20890
10303 20890
9907 20890
10437 20890
10041 20890
1101 20890
705 20890
839 20890
443 20890
21930 20890
21534 20890
21668 20890
21272 20890
12332 20890
21010 20890
10333 20890
10467 20890
10071 20890
9809 20890
869 20890
7810 20890
21960 20890
21698 20890
21302 20890
21436 20890
19303 20890
19437 20890
10101 20890
10235 20890
9839 20890
8236 20890
7840 20890
7578 20890
21728 20890
19729 20890
19467 20890
19205 20890
10265 20890
17206 20890
8266 20890
7870 20890
8004 20890
7608 20890
7346 20890
19497 20890
19631 20890
19235 20890
17632 20890
17236 20890
8296 20890
16974 20890
8034 20890
7638 20890
7772 20890
5773 20890
19661 20890
17662 20890
17266 20890
17400 20890
17004 20890
8064 20890
16742 20890
6065 20890
6199 20890
5803 20890
5541 20890
3542 20890
26632 20890
17692 20890
26370 20890
17430 20890
17034 20890
17168 20890
15035 20890
15169 20890
6229 20890
5833 20890
5967 20890
5571 20890
3968 20890
3572 20890
27058 20890
26662 20890
3310 20890
26796 20890
26400 20890
17460 20890
15461 20890
15595 20890
15199 20890
6259 20890
14937 20890
5997 20890
3998 20890
3602 20890
27088 20890
3736 20890
3340 20890
26826 20890
26430 20890
26564 20890
24431 20890
24565 20890
15229 20890
15363 20890
14967 20890
13364 20890
12968 20890
4028 20890
12706 20890
3766 20890
3370 20890
26856 20890
3504 20890
24857 20890
1505 20890
24595 20890
24333 20890
15393 20890
13394 20890
12998 20890
13132 20890
12736 20890
3796 20890
1797 20890
1931 20890
1535 20890
24625 20890
24229 20890
1273 20890
24759 20890
24363 20890
22364 20890
13424 20890
13162 20890
12766 20890
12900 20890
10901 20890
1961 20890
1565 20890
1699 20890
1303 20890
24789 20890
22790 20890
22394 20890
22528 20890
22132 20890
13192 20890
11193 20890
11327 20890
10931 20890
1991 20890
10669 20890
1729 20890
22820 20890
22558 20890
22162 20890
22296 20890
20163 20890
20297 20890
11357 20890
10961 20890
11095 20890
10699 20890
8700 20890
22588 20890
22192 20890
20589 20890
20193 20890
20723 20890
20327 20890
11387 20890
20065 20890
11125 20890
9126 20890
8730 20890
8864 20890
8468 20890
20357 20890
20491 20890
20095 20890
18096 20890
9156 20890
8894 20890
8498 20890
8632 20890
6633 20890
20521 20890
20125 20890
18522 20890
18126 20890
18260 20890
17864 20890
8924 20890
8528 20890
6925 20890
7059 20890
6663 20890
6401 20890
27492 20890
18552 20890
18290 20890
17894 20890
18028 20890
16029 20890
7089 20890
6693 20890
6827 20890
6431 20890
4432 20890
27522 20890
27656 20890
27260 20890
18320 20890
17924 20890
16321 20890
16455 20890
16059 20890
7119 20890
6857 20890
4858 20890
4462 20890
27552 20890
4596 20890
4200 20890
27686 20890
27290 20890
27424 20890
27028 20890
25291 20890
25425 20890
16485 20890
16089 20890
16223 20890
15827 20890
13828 20890
4888 20890
4626 20890
4230 20890
27716 20890
27320 20890
4364 20890
25717 20890
25321 20890
2365 20890
25851 20890
25455 20890
16515 20890
16253 20890
15857 20890
14254 20890
13858 20890
13992 20890
13596 20890
4656 20890
4260 20890
4790 20890
2657 20890
2791 20890
2395 20890
25485 20890
25619 20890
25223 20890
16283 20890
23224 20890
14284 20890
13888 20890
14022 20890
13626 20890
13760 20890
3083 20890
11761 20890
2821 20890
2425 20890
2559 20890
2163 20890
25649 20890
25253 20890
164 20890
23650 20890
23254 20890
23388 20890
22992 20890
14052 20890
13656 20890
12053 20890
12187 20890
11791 20890
2851 20890
2589 20890
2193 20890
25679 20890
590 20890
194 20890
23680 20890
23284 20890
328 20890
23418 20890
23022 20890
22760 20890
12217 20890
11821 20890
11955 20890
11559 20890
2619 20890
9560 20890
620 20890
224 20890
358 20890
23448 20890
23052 20890
96 20890
23186 20890
21449 20890
21583 20890
21187 20890
12247 20890
11985 20890
11589 20890
9852 20890
9986 20890
9590 20890
9724 20890
9328 20890
388 20890
522 20890
21613 20890
21217 20890
21351 20890
20955 20890
12015 20890
18956 20890
10016 20890
9620 20890
9754 20890
9358 20890
21643 20890
21247 20890
21381 20890
20985 20890
19382 20890
18986 20890
19120 20890
18724 20890
9784 20890
9388 20890
9918 20890
9522 20890
7785 20890
7919 20890
7523 20890
21411 20890
19412 20890
19016 20890
19150 20890
18754 20890
8211 20890
7949 20890
7553 20890
7687 20890
7291 20890
5292 20890
19180 20890
18784 20890
18918 20890
17181 20890
17315 20890
16919 20890
7979 20890
7583 20890
7717 20890
7321 20890
5718 20890
5322 20890
5456 20890
17211 20890
17345 20890
16949 20890
17083 20890
16687 20890
7747 20890
14688 20890
5748 20890
5352 20890
5486 20890
26577 20890
26711 20890
26315 20890
17375 20890
16979 20890
17113 20890
16717 20890
15114 20890
14718 20890
14456 20890
5516 20890
5120 20890
5650 20890
5254 20890
3517 20890
26607 20890
3651 20890
3255 20890
26741 20890
26345 20890
26479 20890
26083 20890
17143 20890
24084 20890
15144 20890
14748 20890
14882 20890
14486 20890
5680 20890
3943 20890
3547 20890
3681 20890
3285 20890
26771 20890
26375 20890
3419 20890
3023 20890
26509 20890
26113 20890
24510 20890
24114 20890
23852 20890
14912 20890
14516 20890
15046 20890
14650 20890
12913 20890
13047 20890
12651 20890
3711 20890
3315 20890
3449 20890
3053 20890
26539 20890
1450 20890
1054 20890
24540 20890
24144 20890
24278 20890
23882 20890
14942 20890
13339 20890
12943 20890
13077 20890
12681 20890
12815 20890
12419 20890
3479 20890
10420 20890
1480 20890
1084 20890
24570 20890
1614 20890
1218 20890
24308 20890
23912 20890
24046 20890
22443 20890
22047 20890
13107 20890
12711 20890
12845 20890
12449 20890
10846 20890
10450 20890
1644 20890
1248 20890
24338 20890
1382 20890
986 20890
22339 20890
22473 20890
22077 20890
21815 20890
12875 20890
19816 20890
10876 20890
10480 20890
10614 20890
1278 20890
1412 20890
22503 20890
22107 20890
22241 20890
21845 20890
20242 20890
19846 20890
10906 20890
19584 20890
10644 20890
10248 20890
10778 20890
10382 20890
8779 20890
8383 20890
22271 20890
20272 20890
19876 20890
20010 20890
19614 20890
10674 20890
10808 20890
8675 20890
8809 20890
8413 20890
8151 20890
20302 20890
20040 20890
19644 20890
20174 20890
19778 20890
17779 20890
8839 20890
8443 20890
8577 20890
8181 20890
6578 20890
6182 20890
20070 20890
18071 20890
18205 20890
17809 20890
17547 20890
8607 20890
6608 20890
6212 20890
6742 20890
6346 20890
27175 20890
18235 20890
17839 20890
17973 20890
17577 20890
15578 20890
6638 20890
6772 20890
6376 20890
6114 20890
27467 20890
4115 20890
27601 20890
27205 20890
18265 20890
26943 20890
18003 20890
16004 20890
15608 20890
15742 20890
6406 20890
6540 20890
4407 20890
4541 20890
4145 20890
27631 20890
27235 20890
3883 20890
27369 20890
26973 20890
24974 20890
16034 20890
24712 20890
15772 20890
15376 20890
15510 20890
13511 20890
4571 20890
4175 20890
27661 20890
4309 20890
3913 20890
27399 20890
25400 20890
25004 20890
25138 20890
24742 20890
15802 20890
15936 20890
13803 20890
13937 20890
13541 20890
4601 20890
13279 20890
4339 20890
2340 20890
25430 20890
2474 20890
2078 20890
25168 20890
24772 20890
24906 20890
22907 20890
13967 20890
13571 20890
13705 20890
13309 20890
11310 20890
2370 20890
2504 20890
2108 20890
25198 20890
1846 20890
23199 20890
23333 20890
22937 20890
13997 20890
22675 20890
13735 20890
11736 20890
11340 20890
11474 20890
2534 20890
2138 20890
2272 20890
139 20890
23625 20890
273 20890
23363 20890
22967 20890
23101 20890
22705 20890
20706 20890
11766 20890
11900 20890
11504 20890
11242 20890
565 20890
9243 20890
303 20890
23393 20890
41 20890
23131 20890
22735 20890
21132 20890
20736 20890
20870 20890
11534 20890
11668 20890
9535 20890
9669 20890
9273 20890
333 20890
9011 20890
71 20890
21162 20890
20900 20890
20638 20890
9961 20890
18639 20890
9699 20890
9303 20890
9437 20890
9041 20890
20930 20890
21064 20890
18931 20890
19065 20890
18669 20890
9729 20890
18407 20890
9467 20890
9071 20890
7468 20890
7206 20890
19357 20890
19095 20890
18699 20890
18833 20890
18437 20890
16438 20890
7498 20890
7632 20890
7236 20890
6974 20890
4975 20890
19125 20890
27803 20890
18863 20890
18467 20890
16864 20890
16468 20890
16602 20890
7662 20890
7266 20890
7400 20890
5267 20890
5401 20890
5005 20890
4743 20890
27833 20890
18893 20890
25834 20890
16894 20890
17028 20890
16632 20890
7692 20890
16370 20890
5693 20890
14371 20890
5431 20890
5035 20890
5169 20890
4773 20890
26260 20890
25864 20890
25998 20890
16662 20890
16796 20890
14663 20890
14797 20890
14401 20890
5461 20890
14139 20890
5199 20890
4803 20890
3200 20890
26290 20890
2938 20890
26028 20890
25766 20890
15089 20890
23767 20890
14827 20890
14431 20890
14565 20890
14169 20890
5229 20890
3626 20890
3230 20890
3364 20890
2968 20890
26058 20890
25662 20890
2706 20890
26192 20890
25796 20890
24059 20890
707 20890
24193 20890
23797 20890
14857 20890
14595 20890
14199 20890
12596 20890
12334 20890
3394 20890
2998 20890
3132 20890
26222 20890
999 20890
24485 20890
1133 20890
737 20890
24223 20890
23827 20890
23961 20890
23565 20890
14625 20890
21566 20890
12626 20890
12230 20890
12760 20890
12364 20890
3424 20890
12102 20890
1425 20890
10103 20890
1163 20890
767 20890
24253 20890
901 20890
505 20890
23991 20890
23595 20890
21992 20890
21596 20890
21730 20890
12790 20890
12394 20890
12528 20890
12132 20890
10395 20890
10529 20890
10133 20890
1193 20890
931 20890
535 20890
24021 20890
22022 20890
21626 20890
22156 20890
21760 20890
12820 20890
21498 20890
12558 20890
10821 20890
10559 20890
10163 20890
10297 20890
9901 20890
961 20890
21790 20890
21924 20890
21528 20890
19791 20890
19925 20890
19529 20890
10589 20890
10327 20890
9931 20890
8328 20890
8066 20890
21954 20890
20217 20890
19955 20890
19559 20890
19693 20890
19297 20890
10357 20890
8754 20890
8358 20890
8492 20890
8096 20890
19985 20890
19589 20890
19723 20890
19327 20890
19461 20890
17724 20890
17462 20890
8522 20890
8126 20890
8260 20890
7864 20890
6127 20890
6261 20890
5865 20890
19753 20890
26694 20890
17754 20890
17358 20890
17888 20890
17492 20890
8552 20890
8290 20890
6553 20890
6291 20890
5895 20890
6029 20890
5633 20890
27120 20890
26724 20890
17918 20890
17522 20890
17656 20890
17260 20890
15657 20890
15261 20890
6321 20890
5925 20890
6059 20890
5663 20890
4060 20890
27150 20890
26754 20890
3798 20890
27284 20890
26888 20890
17948 20890
17686 20890
15949 20890
15687 20890
15291 20890
15425 20890
15029 20890
6089 20890
4486 20890
4090 20890
4224 20890
3828 20890
26918 20890
27052 20890
26656 20890
25053 20890
24657 20890
15717 20890
15321 20890
15455 20890
15059 20890
15193 20890
13456 20890
4516 20890
4254 20890
3858 20890
26948 20890
3992 20890
3596 20890
27082 20890
1859 20890
24949 20890
1993 20890
1597 20890
25083 20890
24687 20890
24821 20890
24425 20890
15485 20890
13882 20890
13486 20890
13620 20890
13224 20890
4284 20890
4022 20890
2285 20890
2023 20890
1627 20890
25113 20890
24717 20890
1761 20890
24851 20890
24455 20890
22852 20890
13650 20890
13254 20890
13388 20890
12992 20890
11389 20890
10993 20890
2053 20890
1657 20890
1791 20890
24881 20890
22882 20890
22486 20890
23016 20890
22620 20890
13680 20890
13284 20890
13418 20890
11285 20890
11419 20890
11023 20890
11157 20890
10761 20890
1821 20890
1955 20890
218 20890
23046 20890
22650 20890
22784 20890
22388 20890
20785 20890
20389 20890
11449 20890
11053 20890
11187 20890
10791 20890
9188 20890
248 20890
23076 20890
22680 20890
22814 20890
20681 20890
20815 20890
20419 20890
20157 20890
11217 20890
9614 20890
9218 20890
9352 20890
8956 20890
16 20890
20845 20890
20449 20890
20583 20890
20187 20890
9644 20890
9382 20890
8986 20890
9120 20890
8724 20890
7121 20890
6725 20890
20613 20890
18614 20890
18748 20890
18352 20890
9412 20890
9016 20890
9150 20890
7017 20890
7151 20890
6755 20890
18644 20890
18778 20890
18382 20890
18516 20890
18120 20890
16517 20890
16121 20890
7181 20890
6785 20890
6919 20890
27748 20890
18808 20890
18412 20890
18546 20890
16413 20890
16547 20890
16151 20890
15889 20890
6949 20890
7083 20890
5346 20890
4950 20890
5084 20890
4688 20890
27778 20890
27516 20890
25517 20890
16577 20890
16181 20890
16315 20890
15919 20890
5376 20890
4980 20890
5114 20890
4718 20890
27808 20890
4852 20890
4456 20890
25809 20890
2457 20890
25943 20890
25547 20890
25285 20890
16345 20890
14346 20890
14480 20890
14084 20890
5144 20890
4748 20890
4882 20890
2749 20890
2883 20890
2487 20890
25973 20890
25577 20890
25711 20890
25315 20890
14772 20890
14376 20890
14510 20890
14114 20890
13852 20890
11853 20890
2913 20890
2517 20890
26003 20890
3047 20890
2651 20890
25741 20890
25345 20890
23742 20890
23876 20890
23480 20890
14540 20890
14144 20890
14278 20890
12145 20890
12279 20890
11883 20890
2943 20890
2681 20890
25771 20890
2815 20890
682 20890
23772 20890
816 20890
420 20890
23906 20890
23510 20890
23248 20890
21249 20890
12309 20890
11913 20890
12047 20890
1108 20890
712 20890
846 20890
450 20890
23936 20890
23540 20890
188 20890
23674 20890
21541 20890
21675 20890
21279 20890
12339 20890
21017 20890
12077 20890
11681 20890
12211 20890
10078 20890
9816 20890
876 20890
480 20890
614 20890
21967 20890
21705 20890
21309 20890
21443 20890
21047 20890
12107 20890
10504 20890
10108 20890
10242 20890
9846 20890
9584 20890
7585 20890
21735 20890
21473 20890
21077 20890
19474 20890
19212 20890
10272 20890
9876 20890
10010 20890
7877 20890
8011 20890
7615 20890
21503 20890
19900 20890
19504 20890
19638 20890
19242 20890
18980 20890
8303 20890
16981 20890
8041 20890
7645 20890
8175 20890
7779 20890
19668 20890
19272 20890
19406 20890
19010 20890
17273 20890
17407 20890
17011 20890
8071 20890
7809 20890
5810 20890
5548 20890
19698 20890
17699 20890
26377 20890
17437 20890
17041 20890
17175 20890
7839 20890
6236 20890
5840 20890
5974 20890
5578 20890
5316 20890
26669 20890
26803 20890
26407 20890
17467 20890
26145 20890
17205 20890
16809 20890
15206 20890
14944 20890
6004 20890
5608 20890
5742 20890
3609 20890
27095 20890
3743 20890
26833 20890
26437 20890
26571 20890
26175 20890
17235 20890
15632 20890
15236 20890
15370 20890
14974 20890
6034 20890
14712 20890
4035 20890
12713 20890
3773 20890
26863 20890
3511 20890
26601 20890
26205 20890
24602 20890
15662 20890
24340 20890
15400 20890
15004 20890
15138 20890
14742 20890
13005 20890
13139 20890
12743 20890
3803 20890
3937 20890
3541 20890
26631 20890
1542 20890
25028 20890
24632 20890
1280 20890
24766 20890
24370 20890
15430 20890
24108 20890
15168 20890
13431 20890
22109 20890
13169 20890
12773 20890
12907 20890
3967 20890
3571 20890
1968 20890
1572 20890
25058 20890
1706 20890
1310 20890
24796 20890
24400 20890
1048 20890
24534 20890
24138 20890
22401 20890
22535 20890
22139 20890
13199 20890
12937 20890
3997 20890
10938 20890
1998 20890
10676 20890
1736 20890
1340 20890
24826 20890
1474 20890
1078 20890
24564 20890
22827 20890
22565 20890
22169 20890
22303 20890
12967 20890
11364 20890
10968 20890
11102 20890
10706 20890
1766 20890
10444 20890
1504 20890
22595 20890
22333 20890
21937 20890
22071 20890
20334 20890
11394 20890
20072 20890
11132 20890
10736 20890
10870 20890
10474 20890
8737 20890
8871 20890
22363 20890
22497 20890
20760 20890
20364 20890
20498 20890
20102 20890
11162 20890
19840 20890
10900 20890
9163 20890
17841 20890
8901 20890
8639 20890
20790 20890
20528 20890
20132 20890
20266 20890
19870 20890
18267 20890
17871 20890
8931 20890
9065 20890
8669 20890
8407 20890
6670 20890
6408 20890
20558 20890
20296 20890
18559 20890
18297 20890
17901 20890
18035 20890
9095 20890
8699 20890
7096 20890
6700 20890
6834 20890
6438 20890
6176 20890
27663 20890
27267 20890
18327 20890
18065 20890
9125 20890
17803 20890
16066 20890
7126 20890
15804 20890
6864 20890
6468 20890
6602 20890
6206 20890
4603 20890
27693 20890
27297 20890
27431 20890
18095 20890
18229 20890
16492 20890
16096 20890
16230 20890
15834 20890
6894 20890
6632 20890
4895 20890
5029 20890
4633 20890
27723 20890
27327 20890
4371 20890
27461 20890
27065 20890
27199 20890
25462 20890
16522 20890
25200 20890
16260 20890
15864 20890
15998 20890
15602 20890
13999 20890
4663 20890
4797 20890
4401 20890
27491 20890
4139 20890
27625 20890
2402 20890
25888 20890
25492 20890
2140 20890
25626 20890
25230 20890
16290 20890
16028 20890
14029 20890
13767 20890
4827 20890
4431 20890
4565 20890
2828 20890
2432 20890
25918 20890
2566 20890
2170 20890
25656 20890
25260 20890
25394 20890
24998 20890
23395 20890
22999 20890
14059 20890
13663 20890
14193 20890
13797 20890
4857 20890
13535 20890
11798 20890
2858 20890
11536 20890
2596 20890
2200 20890
25686 20890
2334 20890
1938 20890
25424 20890
23291 20890
335 20890
23425 20890
23029 20890
23163 20890
14223 20890
13827 20890
13961 20890
12224 20890
11828 20890
11962 20890
11566 20890
2626 20890
2364 20890
761 20890
365 20890
23455 20890
23059 20890
103 20890
23193 20890
14253 20890
12254 20890
11992 20890
11596 20890
11730 20890
11334 20890
9731 20890
791 20890
395 20890
529 20890
133 20890
23223 20890
23357 20890
21224 20890
21358 20890
20962 20890
12022 20890
11760 20890
9627 20890
10157 20890
9761 20890
821 20890
9499 20890
559 20890
163 20890
297 20890
21650 20890
21388 20890
20992 20890
21126 20890
20730 20890
19127 20890
9791 20890
9925 20890
9529 20890
589 20890
21418 20890
21022 20890
21156 20890
19023 20890
19157 20890
18895 20890
9955 20890
9559 20890
9693 20890
7560 20890
7694 20890
7298 20890
19187 20890
18791 20890
19321 20890
18925 20890
9985 20890
7986 20890
7724 20890
7328 20890
7462 20890
7066 20890
5463 20890
19351 20890
18955 20890
19089 20890
16956 20890
17090 20890
16694 20890
7754 20890
7358 20890
7492 20890
5889 20890
5493 20890
19381 20890
17382 20890
16986 20890
17120 20890
16724 20890
16858 20890
16462 20890
5919 20890
5523 20890
5657 20890
5261 20890
26352 20890
26486 20890
26090 20890
17150 20890
16754 20890
16888 20890
14755 20890
15285 20890
14889 20890
5949 20890
5687 20890
5291 20890
5425 20890
3292 20890
26778 20890
26382 20890
3426 20890
3030 20890
26516 20890
26120 20890
26254 20890
25858 20890
14919 20890
15053 20890
14657 20890
5717 20890
3718 20890
3322 20890
3456 20890
3060 20890
26546 20890
26150 20890
3194 20890
26284 20890
24151 20890
1195 20890
24285 20890
15083 20890
14687 20890
14821 20890
12688 20890
12822 20890
12426 20890
3486 20890
3090 20890
3224 20890
1621 20890
1225 20890
24315 20890
23919 20890
24449 20890
24053 20890
15113 20890
14717 20890
13114 20890
12718 20890
12852 20890
12456 20890
12194 20890
1651 20890
1255 20890
24345 20890
1389 20890
993 20890
24479 20890
24083 20890
24217 20890
22084 20890
22218 20890
21822 20890
12882 20890
12486 20890
12620 20890
10621 20890
1681 20890
1419 20890
1023 20890
24509 20890
24113 20890
1157 20890
22510 20890
22114 20890
22248 20890
21852 20890
21590 20890
11047 20890
10651 20890
10785 20890
10389 20890
1449 20890
1053 20890
22278 20890
21882 20890
22016 20890
21620 20890
19883 20890
20017 20890
11077 20890
10681 20890
10815 20890
10419 20890
10553 20890
8420 20890
8554 20890
8158 20890
20047 20890
20181 20890
19785 20890
10845 20890
10449 20890
8846 20890
8450 20890
8584 20890
8188 20890
20077 20890
20211 20890
19815 20890
19949 20890
17816 20890
17554 20890
8614 20890
8218 20890
8352 20890
7956 20890
6353 20890
20241 20890
19845 20890
18242 20890
17846 20890
17980 20890
17584 20890
17322 20890
6779 20890
6383 20890
6517 20890
6121 20890
27212 20890
26950 20890
18010 20890
17614 20890
17748 20890
17352 20890
15749 20890
6809 20890
6413 20890
6547 20890
6151 20890
4152 20890
27638 20890
27242 20890
3890 20890
27376 20890
26980 20890
18040 20890
26718 20890
17778 20890
16041 20890
16175 20890
15779 20890
15913 20890
15517 20890
6577 20890
6181 20890
4578 20890
4182 20890
4316 20890
3920 20890
27406 20890
27010 20890
27144 20890
26748 20890
25011 20890
25145 20890
16205 20890
15809 20890
15943 20890
15547 20890
13548 20890
13286 20890
4346 20890
3950 20890
27436 20890
4480 20890
4084 20890
27174 20890
25437 20890
2085 20890
25175 20890
24913 20890
15973 20890
15577 20890
13974 20890
13578 20890
13712 20890
13316 20890
4376 20890
4114 20890
2377 20890
2511 20890
2115 20890
25205 20890
2249 20890
1853 20890
25339 20890
24943 20890
24681 20890
22944 20890
22682 20890
13742 20890
13346 20890
13480 20890
13084 20890
11481 20890
2541 20890
2145 20890
2279 20890
1883 20890
25369 20890
24973 20890
25107 20890
23370 20890
22974 20890
23108 20890
22712 20890
13772 20890
22450 20890
13510 20890
11773 20890
11907 20890
11511 20890
11249 20890
2309 20890
1913 20890
25399 20890
310 20890
23400 20890
48 20890
23138 20890
22742 20890
22876 20890
22480 20890
20877 20890
11937 20890
11541 20890
11675 20890
11279 20890
11017 20890
9280 20890
340 20890
9018 20890
78 20890
23168 20890
212 20890
22906 20890
21303 20890
20907 20890
20645 20890
11705 20890
11309 20890
11443 20890
9706 20890
9310 20890
9444 20890
9048 20890
108 20890
242 20890
21333 20890
20937 20890
21071 20890
20675 20890
11735 20890
20413 20890
18676 20890
9736 20890
18414 20890
9474 20890
9078 20890
9608 20890
9212 20890
272 20890
7213 20890
21101 20890
20705 20890
20839 20890
19102 20890
18706 20890
18840 20890
18444 20890
9504 20890
9242 20890
7639 20890
7243 20890
6981 20890
21131 20890
19132 20890
27810 20890
18870 20890
18474 20890
18608 20890

