47404 43011
17549 44897
3316 12213
33621 35228
23918 34680
8427 10891
2393 41743
23178 32426
16518 22465
10070 35772
37014 42062
4110 28666
30436 36829
30704 40027
12416 33786
4514 7589
15378 45352
10032 42835
23842 26175
27327 31632
7987 46432
10441 31928
7270 24160
21242 35377
24549 30174
16587 43331
12714 44181
8592 27523
14658 38997
30671 41957
32042 32939
29284 29504
15097 45460
34734 36508
4775 36761
11877 21211
40097 41823
19507 38806
44656 46404
6613 33810
4621 14602
38138 38778
24119 29435
75 6284
18193 34745
14150 15936
12572 15027
1277 39336
9451 13038
17563 44148
39667 47315
31696 33591
41558 46469
30927 32097
20872 25994
13593 43345
17571 45729
23648 36616
1637 10982
24628 40050
6865 19105
8329 23110
4657 25936
29018 34242
29303 31193
19680 31163
794 41969
11911 40019
5623 12668
14679 35282
30207 43677
12503 14267
42185 44473
21861 22135
38026 41704
4762 6108
23735 34117
2590 39923
35779 46298
15198 32255
29270 30090
23716 34814
14422 16758
14856 35709
6501 28226
19391 35732
26758 39139
4048 43332
6354 26486
26596 28231
4842 45822
16598 22662
14599 40190
11444 30703
2032 33337
18519 23910
13754 35668
10409 41333
2023 3423
6811 45771
36016 46776
17290 34674
11678 16008
21974 46117
12257 17378
8208 13276
26548 41372
17837 38226
4725 15035
27394 46304
5930 32143
19103 26940
2946 38753
3945 40709
16874 22314
19101 23080
7471 36553
11422 17866
7429 45941
21524 42474
4885 23022
6731 34299
10131 17953
13165 43917
14615 41608
17889 37985
6485 34243
24792 34118
650 32501
28648 43652
29174 36528
7609 26287
9580 31786
7489 10155
26149 32749
22310 45261
18331 20021
1318 8464
7256 33716
28023 42287
20470 35492
10394 22096
9199 10402
36797 41059
20791 29656
30978 31714
7407 12193
21829 41366
21162 32043
22552 35345
40440 40686
8128 35338
37928 39936
14425 44493
24660 41115
3082 8947
2332 8449
15258 21836
28621 32006
24805 25254
16045 19183
15271 17345
1814 26953
19318 40999
27124 28992
9562 30991
23283 38425
30717 41364
39319 45506
8501 18708
34945 39924
1106 6837
21800 28893
3613 33284
22099 27240
8902 28851
42206 45564
3057 29427
10847 37855
20582 38126
19122 47072
34145 37804
4476 12721
1281 8531
36665 40135
1943 46557
12341 27924
4398 6422
20615 28625
11075 40873
32047 41740
3235 28386
38511 41209
16831 17624
8640 33927
3347 34454
8459 32603
9782 29021
18873 22774
5824 27289
23827 45412
7436 23056
17945 29137
2368 39539
31115 46082
4552 17038
5975 8210
230 5230
494 35104
13138 35007
2879 20241
38855 43843
25178 39899
26915 41784
15164 35517
20998 39478
5175 43997
1572 31876
5984 9612
15132 23901
21680 24007
19763 34020
992 20455
417 18238
21022 31177
6826 18000
1792 46145
26025 30322
24242 36363
7850 40200
13250 16350
19239 28358
4227 29147
11831 36439
29716 41509
19942 33204
34843 43164
2700 24039
18752 39759
24174 26056
11372 39308
4374 12578
36050 38653
43353 45273
17337 29230
17444 18739
32678 45878
15005 31831
10548 41490
4439 22772
11599 30804
28548 34240
11659 24439
6475 11892
10256 15425
18603 41514
8142 28307
2863 27012
9132 41289
3412 17428
19435 21076
27509 33235
6875 20120
20895 34761
5687 23338
11292 33663
720 8574
24695 36092
25634 44413
7368 42095
9122 17566
21149 36748
23258 44463
22331 24825
7270 9665
3740 32546
25166 39999
17599 31054
28655 35776
43632 44822
6339 15922
20126 25696
3156 17219
4949 5450
27005 43100
23729 41200
911 39417
34520 47344
2140 45245
29348 29704
8032 21857
23445 23886
26932 42248
1711 40409
20328 25214
7435 46484
4147 31715
21929 22320
1808 37309
12626 26432
17374 33164
548 40681
24658 45958
39353 47182
17991 28410
8265 16359
36822 46190
5912 35833
6736 30618
6837 39560
44118 45223
7277 36634
5699 35725
38713 43065
14062 45543
40347 43317
1092 33547
28497 37014
14524 39158
10953 12989
10204 28177
10495 22499
4122 15978
7636 24085
19877 43785
17157 36670
22838 37191
26919 30628
11668 22541
13457 31032
9975 34891
12787 23101
21752 44099
19385 25014
10810 25893
6194 16082
1585 41185
6320 33160
4896 11026
9408 26149
2519 26716
17554 39874
632 9776
7674 44914
15846 17981
16850 26697
7507 35352
15888 31978
21058 30297
5216 29848
19884 30969
2122 39296
17351 32348
13603 40252
29797 42092
20621 39341
22118 36878
30299 36826
16717 30490
11712 19406
6653 20137
16709 36264
3664 28847
1382 33255
10647 41713
20742 25523
7354 13768
3885 25059
30312 46860
19447 28874
23152 44655
24711 30238
24014 31064
25965 36685
2787 28924
40914 46127
16508 32194
23422 43203
9571 14785
20138 30862
914 23179
1871 8694
11930 34918
23036 43167
4420 20091
37442 40124
8557 32119
21921 28204
32410 45876
324 8037
5230 22525
26508 27636
7803 27900
21971 43193
1197 33451
33127 36253
6047 13106
2813 3326
7487 16525
2326 38671
25377 25911
7530 39792
4061 5986
1624 17461
10787 25612
1832 13438
16081 25687
14996 44898
15507 32770
15227 17669
8733 29877
29723 42627
5483 15400
4849 32790
6410 46527
1412 38866
2845 9815
33481 46930
2545 7079
5485 10750
33 34410
14904 27000
3884 12109
529 34991
4202 43909
24354 46700
13008 15609
36567 37779
20568 21131
31721 35585
24259 37953
17614 37914
32369 45605
7888 19447
10045 38722
6981 20463
346 25084
20781 28944
37795 43355
17150 21191
9391 37151
32974 40467
10973 38933
7957 23374
16368 37370
20811 24807
7830 43012
5324 17167
12938 46115
22775 36305
23164 31162
32268 46842
7994 11363
8915 24740
32787 45155
37180 37201
13554 14563
18457 18954
10154 42398
10258 21810
24041 25958
37614 39910
6272 37278
15377 43761
25991 40968
1264 12125
15348 26027
994 8100
12372 45330
18028 25607
33108 44200
10680 19998
3955 17721
41695 44866
11793 31101
36653 45012
2348 10432
7476 30217
6449 26967
10265 23139
1624 38482
14619 41086
27912 39937
21378 23699
34659 45356
17923 34831
13205 35855
12538 30696
10612 44565
23295 23485
7916 37844
12767 21134
32855 35244
1442 5607
10282 46124
10124 36116
22751 37358
12067 21662
940 22924
17037 33691
38557 47195
22134 43051
4368 18425
30549 38507
1887 7162
30428 46848
9942 25495
16366 32705
21481 40951
23258 43955
37308 42031
3073 14606
16125 18498
33681 35178
7854 22040
16073 28696
7683 34990
37008 45711
13248 41944
16273 30447
5879 31294
14674 39049
35670 41256
8934 41331
2104 22099
15291 44875
22343 46958
13495 27299
36357 45377
14214 19816
7691 27122
30001 31855
16985 36510
1096 16058
3935 11753
4226 37566
27075 42607
1755 35127
9278 10000
32346 45704
9532 15020
26446 39403
22550 41932
38945 41776
141 38129
6448 35894
22487 40829
8518 26877
2323 4443
10130 20954
13770 33896
20924 33812
836 31945
27172 40796
11204 19297
29971 42542
13209 41184
9413 12453
29487 43661
1550 46749
25879 33640
11603 46363
10395 12742
32350 38252
42611 46675
22549 26781
21908 30922
15024 31833
32816 36712
16942 38260
19475 36881
21509 21791
15197 38177
29935 44955
15223 30730
2574 9515
8945 11237
8166 34130
28592 42408
31097 45397
30842 47322
16497 21779
848 21725
27122 40278
12001 15268
1898 13847
30668 43005
40855 46783
15327 36156
32460 42153
7029 22791
19471 34079
24756 32156
22731 33968
27457 36777
21796 39352
22202 34378
17 23675
21635 44130
8513 13835
5460 27256
9687 29378
3893 38779
26303 31850
3921 39292
5488 7023
6955 16961
18956 22679
26475 45139
2614 43572
28 42873
26752 30895
7513 12566
10246 28968
22662 43007
7459 38344
18746 32641
1211 41159
23544 41180
19618 32570
8808 20899
14630 29761
34060 35600
9398 46779
7949 39110
30872 42380
9778 37386
4679 12115
43382 44003
1282 21562
7065 18418
34304 39343
29971 47348
5701 38406
11147 25289
23049 45523
22284 24523
13399 24422
19658 21207
10140 12111
5092 13223
10877 24647
679 1462
19630 20098
118 671
21016 39496
6591 29465
6630 32611
17614 29351
21430 23271
5401 36959
10618 30960
5096 8969
5109 23726
37109 45017
25927 43374
31988 44116
17123 20981
838 17333
31754 34086
11050 39635
5940 33453
27108 31980
24424 30746
11564 20608
24857 34011
3269 17340
29631 31576
26592 40731
24454 26424
3841 34535
14633 17519
1707 33179
5727 45588
44796 45554
41281 42140
10367 15634
40761 43602
25163 28052
4688 27237
3113 4934
20622 30658
23989 24752
12723 23226
14799 30239
804 25454
27667 31570
17380 17762
8640 34789
27575 27817
38491 44802
5793 16787
32794 41304
11750 31701
6998 27479
2435 35207
28137 34875
1747 29171
6939 40081
35122 42152
2618 8496
22589 36573
1017 14019
5853 23604
22758 39011
12857 43174
4037 11977
14003 42174
7377 44629
3717 37636
11477 23032
3224 37703
10419 35930
500 37070
12645 40258
6923 26150
24346 45684
31860 39719
1939 11971
1538 4457
15191 35142
41443 42602
3798 5171
3255 22679
12606 15605
8974 23657
10516 16241
13788 19897
19156 22927
586 21164
1123 14953
16242 40856
1449 22293
7256 10121
199 26353
4843 18964
6185 24477
35047 35696
9052 35217
7143 17764
12892 35947
8049 16523
744 1162
20070 28343
9708 44189
14812 21509
27628 29066
34907 40762
14985 19185
20691 47120
8904 30808
814 41501
5907 43572
20793 37948
19787 32569
3880 27561
10095 11242
12004 38494
21918 37010
3927 11542
547 16432
5771 46313
2443 3098
13564 23521
8487 12561
25638 31407
26214 39676
34288 46917
38950 42551
7622 43789
25488 42201
19377 25100
25794 35303
3666 25888
27946 37238
40478 45036
4660 26746
26609 32254
17080 38275
13038 38350
17906 21055
21521 23387
15698 32582
5059 43424
4789 39399
4036 8802
22755 26149
1361 34449
665 23634
6290 8762
26973 36853
15613 41519
35716 46138
7573 29910
20923 22879
10149 10673
5483 35242
27991 46406
1089 17896
31795 41255
1514 16382
4882 26916
35246 40712
44659 47348
4753 22564
25232 32166
21083 39726
21171 22577
2990 12261
4952 33512
3547 18036
32706 33191
39189 39318
43870 47272
5833 9583
29538 33268
28427 28627
33304 34049
8053 32590
13316 20520
19251 35675
9365 19959
30463 42630
28839 34206
35404 47313
5044 11759
2742 4403
15699 17103
7758 11889
32313 32334
19047 34340
19427 33807
29780 32959
24747 28687
19336 29747
8487 43031
14790 27091
10824 23778
517 35359
3413 38758
5910 20918
6611 36049
7993 23248
24400 28579
11343 13231
2113 17599
21718 30801
18018 44411
22127 27064
10468 35635
3024 46503
1911 45199
19160 31369
5456 12238
13026 16758
18338 31934
1182 20823
4007 21538
12871 31150
24438 36576
3622 46048
16610 19188
19452 27986
4322 45493
20350 22720
33871 39892
21144 42206
15129 18397
30706 44212
25987 29550
17823 22601
6848 46326
35174 36597
22457 38845
3148 18057
9104 17285
23277 43310
4772 7233
26001 32831
7078 12264
8917 16146
21228 47165
3395 21317
27520 42178
34398 47114
35121 41093
144 24365
7092 15545
16449 25255
5309 37801
34519 35740
34283 41125
19254 38335
24763 42536
26220 41398
23004 40303
26330 28734
7062 7947
12708 18273
8039 47297
40286 45834
10181 37402
19 4075
12718 15019
8330 20119
4288 25856
24003 45642
10258 28954
7540 15304
15425 16422
8982 40461
25298 43984
4183 31697
26060 35639
21807 28132
6714 30245
2010 18335
13750 42183
9311 42622
33786 46334
34218 37855
7497 40682
22344 39856
17859 22392
10615 25966
21253 38311
26251 28976
19017 34958
15258 22324
14419 34586
31397 47088
1706 15076
6904 9027
18658 22193
14442 34947
23594 26532
25460 36933
2687 23808
493 24653
41949 46800
9463 24303
3747 31143
17403 30046
22442 37516
12663 24141
8534 44219
8444 16218
8879 26726
9910 10470
3184 6305
14466 34001
20328 24734
15094 28874
5292 20211
12437 31907
4860 20554
29751 29806
3895 4596
20726 27224
32847 39652
13471 41963
24735 34556
1312 2855
43400 44692
41564 44491
24627 40880
15144 47246
18625 25412
5997 46953
35085 40957
11177 12217
5508 30924
25929 45274
13828 46522
19454 45646
23396 29125
10691 29478
8296 26095
13882 40342
915 9204
20002 29421
7643 32131
31563 45390
2801 27427
1363 15221
19922 35319
3375 31863
11005 42096
5853 11337
31795 41202
37558 40035
10821 34812
11782 29306
17177 40575
21924 33873
33942 35034
22944 40870
29301 46858
4516 11429
10723 30490
3408 6305
10833 26686
4094 7010
28080 45240
10818 37143
12761 22689
19907 43655
14653 19035
30875 40828
16510 18770
4233 34122
4812 14581
23482 35419
37919 38105
17780 31577
6067 11050
10686 18880
21267 30691
3957 17450
22919 25133
9941 47019
21724 34350
1598 7116
30595 36465
4820 6713
21460 31271
16651 24263
21048 42846
6403 30597
12494 17218
30680 31850
12259 45459
643 43524
22638 29028
33943 34454
3402 16824
2289 42847
30234 46258
9522 37394
6983 23709
6021 20854
8664 15671
4578 46965
10844 46419
10588 35876
22610 25667
29498 44123
38768 46509
4432 12616
30654 34951
1824 26653
6494 14069
19222 23499
26789 29246
18231 23124
7891 14408
6182 13982
19454 22344
11692 27453
16486 16625
3489 4526
4027 15721
43628 44787
987 40681
14812 25807
11719 17198
27876 28016
3904 41894
32221 40747
28119 43989
10902 20359
3836 9710
13818 18718
3722 41099
513 44181
7570 21533
17342 37901
3260 27455
2992 46888
22630 43042
36554 46863
8170 33956
34971 39194
19202 25260
3864 43784
28334 42988
18502 36368
16192 40448
15204 42788
25237 33856
12287 44958
19140 39284
16477 28539
6863 7095
7804 8881
25468 31510
2459 9218
3274 19001
11266 16798
12942 36709
38028 38323
17614 18536
8649 20169
3808 45703
2163 42818
15790 47207
22947 37972
28221 28535
22485 25109
690 25895
28246 36701
404 13231
12498 46467
3259 21702
28062 28663
23908 31715
7717 31112
13007 43311
5335 38514
1513 15732
7376 34983
23272 33194
11179 45445
1578 7267
30862 47226
23746 28354
1058 38722
37286 45576
21667 39537
15483 35921
10527 43947
5027 28720
19764 21310
27027 37199
14177 43055
28331 30369
1858 16302
1261 18298
1569 3367
24437 42393
31426 40744
29215 42174
18605 20011
4318 34797
20317 45029
35183 37275
18556 27474
8334 12563
28783 46866
16567 37584
46052 47274
6938 45845
25610 30357
23127 36761
18922 28736
864 35981
1241 39903
10409 11245
9780 22563
15193 19886
8947 29944
15344 30635
11441 43886
22530 38168
4363 27750
13679 47285
20047 36658
12455 46904
28701 34382
1334 13649
19837 46647
3849 9220
6619 35111
14955 29520
6070 23003
12437 37815
18156 38628
5065 16314
14140 27092
5849 7728
2351 6735
4044 7594
9724 34308
18346 25893
14863 33314
27594 27766
25867 45982
5958 10115
3806 41953
912 36937
21630 23924
11981 12093
17398 29537
841 25393
1154 23638
28331 43685
23438 38292
44167 45817
12906 34479
21431 31793
13924 27817
13056 34423
35470 36126
14741 21431
16127 40829
16796 37955
13510 21569
17106 17435
29703 39214
5397 30615
8951 43783
4594 38370
11802 11919
4164 42169
20118 30027
29610 30540
2579 6346
11079 38127
19293 38023
32624 46992
32154 33457
6457 43023
6458 21556
27962 40943
25720 40054
5234 22865
5476 31258
1527 37748
18872 24380
28833 47063
25666 34341
20852 26989
9975 47085
10848 25547
8635 30314
18363 23190
18150 44774
4547 41533
14430 28870
27284 36719
5766 36093
29625 31171
21231 39975
12383 23726
18836 36592
6386 32768
18287 39568
16942 26587
19192 22641
34272 41234
21132 43379
10302 10862
36737 43104
15088 43715
17308 31259
10941 26246
2778 4438
12463 34393
29632 44019
2384 43165
7401 7499
42411 45278
10302 24983
711 21458
20843 27569
30679 39226
4815 35066
22269 22422
769 8604
24462 30774
4282 42150
14231 19719
23248 30327
17488 38558
11801 42164
27907 41905
3934 44069
14011 30683
21335 44596
12385 26350
9847 26631
9212 29274
11996 19600
16368 17939
12578 43145
703 38320
5308 7591
985 24420
26702 35508
14148 39440
4574 19115
36806 43947
21851 34690
7731 11709
36812 38285
16042 46412
37601 40431
32826 45085
45670 45830
8050 30121
29679 36213
6495 14886
12676 33480
18400 28975
16708 40796
25722 41499
5566 24222
16516 46453
8985 12090
10082 28167
2519 13514
1287 10798
19197 28730
26827 41407
6815 42568
13237 15962
9467 19943
19183 20164
6106 29047
27572 31203
29918 42241
39391 43266
2513 37993
12708 22973
25947 45939
4694 44830
10814 34101
35022 36715
4042 15039
11450 28835
11701 23758
40943 47276
14380 47279
6856 35752
40894 42661
27752 40007
9247 45809
3374 14536
1566 42212
5392 26297
28973 44062
15811 25480
23630 43536
765 46098
4850 28165
26133 39282
32571 47144
25498 34570
2223 8217
1325 35360
10374 26258
26159 39914
28752 39340
9031 32571
21983 23959
18073 46619
18263 38637
17242 45001
7659 25122
14697 44303
27691 33473
16694 42163
28695 37493
18260 24753
13307 43630
25518 36326
4760 16729
20874 37299
10478 43735
8758 26935
25240 33349
1170 17113
6470 44360
36258 43471
15173 17063
23 29030
20984 29708
5094 41865
1795 13940
25083 34304
30960 36457
624 40924
2839 20742
15254 37589
36716 41289
19775 41878
91 14797
18577 29132
1666 5020
28938 33063
3445 7905
14522 42743
656 23816
17898 20149
7986 20016
37628 42687
21656 36530
22354 39312
21115 42033
32300 46411
27286 35773
20629 36663
11956 29837
43018 45661
33985 43218
530 42551
17323 36806
11000 31900
16083 29311
37512 39479
20818 39753
4526 28710
5490 15396
2425 29746
30614 43875
9078 38536
16474 46845
14117 43754
16691 38966
2359 24962
14731 28341
3961 36256
24539 31342
21862 24863
17949 18178
936 9065
41217 41862
6220 14868
13078 32923
4431 10514
14601 27709
37927 44201
34770 36331
2407 6320
27457 34850
29960 41930
297 43265
12032 14532
1679 11216
6912 32515
4288 35496
3452 22392
26660 29029
37222 44762
1816 38282
2285 22545
609 13931
9872 24006
7387 30529
28596 39445
6234 21690
4540 8363
2611 16299
3360 37328
11927 22036
27749 34850
32155 38435
2348 42492
944 35320
33526 39997
36987 46558
12758 37425
1300 10257
10572 46459
5485 31401
21540 40222
6372 29918
21007 31091
25317 28552
38520 40527
6101 28866
15287 36277
30712 33405
32224 38390
43311 46397
27492 43680
20148 43640
22781 30599
13294 15154
15683 20412
19111 35915
11852 20707
33343 39135
6144 31572
20635 24695
38939 45964
36912 38813
32654 35880
14889 31104
40950 42002
3476 43114
10764 46228
5246 8730
14061 35419
11301 36819
39907 39939
5041 36591
37706 39613
950 23218
3757 3914
24972 29614
23865 32262
27154 39497
21622 38318
6725 37337
8054 18294
30980 32415
16632 34682
22148 37610
25110 40286
19780 31886
582 14312
31360 32821
25307 26278
22529 44068
524 19969
3398 40548
4636 14971
9041 12669
13110 15171
9816 19081
10073 37204
19765 24007
8003 18305
13869 37073
29266 44985
34001 47348
5063 29159
33582 40948
30375 37687
22236 28516
14288 32711
2699 46185
3370 34312
7706 29988
20078 29957
2758 46765
11931 22423
17230 30012
13829 17086
38907 41248
532 27915
632 18697
19172 33827
12961 23692
41107 41157
4729 31326
2162 20289
17867 29320
33052 39793
31731 35342
8112 42168
24051 45179
21644 32145
1506 9812
34204 39547
22729 39537
11218 12543
27390 35535
27916 28411
6790 39909
4605 33138
10215 16453
17970 34494
1606 21131
2799 5425
17371 43210
3989 30546
30072 37231
30286 33807
35356 36618
22731 32793
37893 45534
12832 27203
3745 33569
19318 32847
3404 26860
17462 43513
291 24954
3655 13115
9125 32637
15766 39350
11476 35159
6645 27638
3847 33472
16293 42250
26360 41008
2127 8536
6315 46193
44855 46569
27373 29838
13453 37470
18188 27001
20882 26479
12869 28559
30515 31923
20949 22039
14619 16154
22039 23359
18668 31775
883 46534
2732 18859
11930 17959
18924 23070
18103 41573
1236 32285
29895 47117
10073 24990
21402 34974
703 45785
1400 32127
17280 32087
1236 13976
6610 37200
20643 40025
7027 8441
30893 45815
30128 32951
1346 29797
8940 36401
31889 32978
26701 33299
6781 43848
21494 29436
24778 42743
29517 29764
27863 34495
18632 33003
7681 30549
19590 41374
36859 39530
911 30781
36774 36948
6178 42242
42845 44070
8451 35836
3232 41762
2719 37979
33524 33990
12105 25264
5821 24450
17205 43001
3018 25214
10371 40057
25316 39012
19417 26520
40488 44362
10624 30889
4482 16387
5197 31416
649 45683
23113 31635
28548 33443
18665 34240
7913 22547
30295 31320
7252 14170
22596 38471
27460 30856
47 3362
7338 10157
6 21266
18651 36412
12192 34843
4336 28993
18103 45440
4518 29973
3777 14477
3464 44525
18847 46123
17286 21274
2870 44540
34673 34735
6997 35878
14250 21278
25882 27099
27380 43520
6448 19606
22265 32076
35719 42364
15330 42821
15770 47257
22770 45016
7318 30981
15970 40902
4314 6357
4742 9278
10388 26774
1078 20825
3511 47323
5652 34574
2334 44314
8854 18243
12585 39217
582 44006
7921 20290
16795 29092
9859 40201
8547 15090
25815 43381
15504 26735
32991 37394
1411 11027
15681 24153
12861 25502
4718 44505
4927 15043
32398 40263
7325 45492
11557 17433
22432 44216
9520 12977
20135 24372
15505 21079
9050 46047
4965 13241
19961 20809
3841 18918
16253 32084
2580 14518
4278 16475
26813 28496
26771 43546
10743 15580
3524 32982
12110 21904
13140 36005
6451 25114
16515 45266
37047 39445
3385 10192
26788 46344
35627 43848
20250 38066
44300 46510
26079 45655
20601 23771
29518 43789
41323 41459
24566 34029
23415 28269
1655 29830
15684 31001
10043 45340
43334 47296
4997 23867
30815 41423
39089 39118
28318 40015
27743 45934
2239 31729
2766 22578
35833 37658
22581 33146
7413 18678
14000 42124
846 44371
8765 19998
11975 33356
17297 24899
27912 42710
26290 28697
11599 46840
38285 44958
5767 16322
28029 30463
19963 24049
934 7974
4245 26110
11884 23789
1334 2431
25052 43879
33567 42949
1631 11285
30972 40444
788 38889
15542 30894
5415 12083
15701 41504
4056 36387
10636 13373
11681 32478
34191 44469
21904 44581
20298 20713
3302 21403
2033 2590
9779 38827
10653 20143
1452 42437
9549 41748
27233 42398
37472 40482
13728 39692
5261 35186
3369 10732
34319 39901
8199 42194
6818 45771
6141 24618
16331 47161
9412 12588
28346 31809
16504 47089
26945 35700
5311 18684
8634 44751
30547 35326
2813 37053
10831 22485
38524 39416
17532 30003
22960 29112
19085 31579
12503 39244
4158 35859
10237 37961
34006 35775
4078 42511
8879 30410
18426 43462
1188 32541
18672 36513
8660 11798
10621 23025
3803 10034
17516 40208
41776 42046
3849 7935
5085 30772
21402 33177
36660 37547
7628 40634
25705 27215
36631 42444
22206 31659
15363 39549
2588 32747
22403 43315
9661 22875
28483 41855
1796 39348
16410 18541
3651 36593
19854 23435
8391 36082
27271 33375
16961 28443
9329 14939
35434 35935
19711 44068
10100 39137
26194 39807
815 45518
43999 46611
8960 45809
4551 18541
26848 43980
22877 40323
31449 39927
23813 45929
13492 19705
28367 42030
360 26629
347 42417
9209 24821
2829 4297
22058 33989
3863 27939
24319 32676
7681 20242
25321 42285
10476 30914
12149 47336
1129 38861
27559 32098
17256 31343
30923 45896
40924 46286
32221 43947
5798 10776
15422 20076
1220 9336
8117 27346
195 35206
3647 19804
5546 25235
10662 39533
20216 35262
28635 32180
4272 12659
8703 42904
22702 40483
24776 46669
28272 43617
34457 44425
11600 24247
41745 42843
20868 21834
8977 19694
21053 37829
27345 32088
29182 41559
5153 27576
14865 43139
25782 44319
30004 39681
9235 38419
15289 37990
12501 13213
25822 42405
3937 21606
33466 37984
873 4101
28647 32540
15858 29250
5841 17023
465 15795
1421 27503
34954 40104
29684 42335
28978 43607
36079 42199
33143 39401
19834 44743
10918 45329
19986 25135
14266 39181
16470 43750
15058 22377
28043 41262
8913 11549
29457 39296
20697 46057
10017 15019
36710 36939
7317 42299
29043 37212
8632 27522
8502 9736
27452 47395
8900 26778
7091 33850
188 28103
19799 26598
21012 26820
4739 24687
9973 18103
1809 15318
11297 21539
5273 35359
5649 13015
20662 26414
21745 32979
18610 33004
271 4544
20788 32188
3031 38607
26226 46537
6485 41745
38522 46888
26392 36626
10701 11463
1117 17777
540 29285
32547 37969
38230 40071
1274 27560
10914 41557
1303 26046
495 12546
39445 46755
20987 37851
7883 35489
1379 43037
255 6643
25611 42827
1218 12352
18075 39611
9009 12145
6796 9742
7683 28261
23334 43637
16015 21962
14555 39044
7323 41689
2890 38910
6511 16147
39918 40155
8514 43815
22709 44524
29176 41258
12739 33244
3627 29754
36590 46174
498 2240
29376 43763
34842 46574
26565 46329
8277 40088
12150 40958
18633 42921
13157 21864
21936 45890
40417 43666
3371 45225
1872 13118
5589 26280
10066 26133
18691 20645
1430 16156
17728 28899
15242 18790
13190 34994
6147 46206
8730 19280
18483 31434
12743 32962
5410 21969
357 43648
14071 20864
3138 29539
25654 40564
38751 45919
20864 36050
39413 44318
10553 18650
5679 13499
2417 38824
14702 37885
29058 46059
23812 34132
32580 35368
19866 40331
16000 42352
4727 35683
18670 41244
41149 43534
41598 45612
12333 39106
28938 42732
25191 25197
8901 14035
9095 10868
9302 33038
11548 22557
40819 46813
4729 24617
27707 39837
19830 36328
21991 36097
7333 43800
40977 45120
12667 38578
13987 24145
6630 15010
8115 13476
2713 30083
9584 42708
5659 7905
5751 30125
25610 26470
13859 18483
8824 17356
8243 40988
41395 45818
11947 45055
14747 31188
30299 33561
8746 18419
13993 29036
23987 30699
10136 37936
23120 26418
27280 27318
13016 21362
7970 44212
6293 30300
6939 43472
2414 28861
11310 16511
3333 20500
30140 45932
10907 15340
3300 22272
12284 26516
17406 19691
30514 41420
19080 27478
31890 47298
38999 39335
9828 38880
5105 29172
34370 37398
10345 43536
2786 2961
39319 40444
36380 40381
29859 31518
20186 36097
1751 2479
15694 42537
24668 46093
8510 41466
15093 25543
9314 10901
12949 44410
7188 24712
14833 43147
19884 34604
18526 35913
17179 32493
5286 36696
13593 22231
40300 41605
23085 46129
8681 29805
10106 24056
11661 33841
13949 39047
4484 32221
18861 34856
5168 14194
14224 26420
7164 47107
17207 41307
23094 44148
14902 14994
1141 46068
4314 26333
882 18258
6524 9217
459 1159
29691 44900
4994 35891
45291 46001
16147 23018
12761 40925
5056 28074
24519 27637
20768 27696
6404 44736
5946 43104
8880 36407
11125 36813
16664 22197
15793 25122
27640 45649
2174 35900
15171 35167
20002 40436
9527 43573
35007 36224
8400 35955
41729 44619
10454 37547
22231 26753
34171 43307
27019 30440
12439 23504
25583 40726
21810 32358
7635 38717
17888 23867
18682 46359
20849 27661
18397 30160
39158 43612
20156 42192
10713 11770
34377 43533
10918 14619
1733 26866
22971 36712
9778 39785
10 37122
5061 38001
20144 24812
13533 30019
39206 46662
2148 11243
18205 37695
6359 27192
11256 21215
9398 11621
9786 26255
335 22545
28873 31166
6048 19571
11076 29326
27500 45214
108 10461
33491 33883
2877 26328
3421 15838
32363 33210
15989 17439
18466 24796
13969 15431
10102 21923
18241 47309
9937 46207
16904 30247
32523 40258
20974 42019
2014 25549
22841 37369
11867 32457
11896 30943
30328 43352
766 13440
10273 32543
9357 45339
19962 47156
16872 42228
41032 46868
13354 18137
26290 37130
23736 47266
21863 23808
40590 45180
10546 35526
35407 45875
8063 16266
8381 8439
31375 44194
28675 46591
21497 38919
30086 37938
31068 46895
4727 45779
16067 20489
30423 47130
4040 40153
2307 3678
37898 43654
4286 24344
14724 29431
3884 38859
4588 26372
7861 12725
41957 46377
4005 40317
6371 30130
11983 39182
7214 22713
10225 17926
18421 20434
14551 27409
22286 27078
2841 27532
20709 22607
18857 37179
24072 36961
11829 20406
23683 39660
11745 44844
25109 32793
9141 11294
3011 33578
35087 45065
30180 36768
19499 25507
15570 41509
2597 31494
12295 45661
9528 11181
870 45014
12569 21320
8466 46029
17298 38390
1144 20673
3517 15629
1669 46158
14448 24786
3917 12338
13768 28999
26491 40529
2332 37053
10389 38463
21727 46281
10447 38633
22889 24846
23234 38090
5963 31193
6730 45658
3333 6810
31604 38499
4974 14649
397 17598
8702 23274
102 38618
21546 32879
42536 43185
25096 36479
34098 37165
10903 29235
19686 37919
11154 26602
7364 18819
30608 35501
17422 32548
21393 23373
5945 29459
20551 23286
36608 43322
35221 45199
24970 35212
11245 22182
15672 16256
1061 38300
17937 21478
2983 30351
18039 44386
18204 40289
19038 46342
14136 38389
1044 42268
4700 6694
9832 15109
11173 29072
23546 30232
28457 40341
17645 34259
20153 43935
12286 16039
11176 25586
35092 45519
7148 43272
14364 33678
8570 14032
37440 44360
33362 44778
5845 18624
23653 39497
13742 45416
23680 42074
26283 35772
1186 36443
30986 41041
575 42705
24309 41464
2847 29658
12633 31372
24493 28749
673 24931
2077 28693
2501 3357
1301 2808
34678 37527
3893 22011
3286 8013
15158 26318
15779 28880
23419 46971
15436 35896
32627 34893
11696 37999
35917 36876
27392 46917
1581 12782
10964 40709
6421 13441
32884 38871
770 20676
13080 25429
11594 19413
4721 31036
17530 37422
27311 45208
1096 12740
1990 25260
27890 41128
20977 37891
8248 30488
2278 23448
13534 13706
22891 40412
42720 45960
9894 27559
12607 30285
30745 31105
1537 6417
8433 43450
22111 46084
3927 29835
2704 22509
31333 36910
4417 23054
1403 35649
8747 23611
4702 12835
19019 19391
37171 45716
27063 31119
751 41321
4072 22238
4736 26190
43419 45560
24677 30481
27846 29286
33429 33436
14045 31914
35271 43251
954 45063
2357 21997
30246 46976
4526 29763
36366 46635
6669 29892
23499 35326
16434 44527
31281 39729
21694 28776
28016 46097
7425 23230
26827 27213
21627 37353
99 576
11149 17561
1114 27386
39811 42490
15099 41282
4552 19441
6873 20623
11615 17741
11620 18085
10468 32102
19053 40047
7141 8545
10708 33252
3660 3961
4682 45528
1346 32997
3989 27814
28171 38629
1428 18285
3878 15151
223 26252
30162 38364
19001 21548
20260 33257
3685 44557
16783 19555
8657 8926
8313 9116
12615 33289
743 27981
21694 34387
22633 40264
14863 24544
15955 37079
5380 23770
18395 45308
3349 26299
2111 42262
34117 37704
12870 19636
8704 31753
23710 43227
7265 31188
18058 28360
45834 47046
16146 32301
30096 35623
24459 38592
36193 46410
7360 35397
864 5653
9353 9918
3987 19766
17115 20270
42800 47096
16973 38122
12410 32833
6953 18242
1812 18409
14729 39604
22831 29645
18182 26302
5757 8767
38795 40822
10351 31836
18489 35120
20414 36302
19220 27462
12267 22352
12117 25791
4857 43192
5920 26851
4569 20279
6608 45160
33564 47303
9495 23341
11010 38423
6491 15713
11700 30764
9074 35362
16289 20470
12941 41113
34254 35857
23822 40384
5654 40853
23977 24457
1342 9576
18394 42938
28291 35623
31358 39813
5602 16719
3816 10219
41894 44499
37486 44251
9846 15812
13991 21342
7299 27873
13136 45903
33857 43741
29612 46675
6852 42645
20391 44181
2753 14105
10146 19487
30505 34649
43854 46641
4304 19018
28678 31723
10403 42683
30583 36410
1551 45913
4828 18422
10774 23378
41889 45444
19064 36101
866 17702
12709 43183
13565 21476
7936 16392
10292 38506
889 36530
6646 38581
14700 36310
5642 41916
24093 47397
6781 29357
1133 15198
13195 33435
13895 36290
34459 38840
7732 27135
1662 21177
4158 28776
30222 44109
36359 36767
4716 30989
19362 46846
11849 28338
10324 43305
11719 38845
10320 39399
5570 44083
42142 46051
78 30437
18158 22951
35941 36604
18432 47097
16127 36060
23532 26927
7598 22008
25370 45668
7304 42472
2903 32815
13907 18156
18023 38941
3184 17027
35583 44251
24282 46114
23138 35109
1993 5452
38734 45890
6164 26698
7269 15309
6847 47107
4138 18459
6442 13810
16404 35937
18217 41816
1355 7797
5123 40896
10459 25921
14480 22525
13487 24521
42665 46334
20388 20581
8383 27953
4540 6546
29512 39357
11421 19135
14505 34074
9735 34908
1068 4707
3633 14917
23478 42101
14923 15339
2424 25394
26780 34110
6391 38731
10846 28437
30687 33810
12269 15445
16159 22146
30305 33516
18224 40112
12049 40022
12366 22925
5022 6855
7011 34625
4636 43006
1858 29305
36669 38581
8173 35821
10544 36366
9276 27015
9796 18945
19508 21676
557 25671
19789 40385
15921 41579
19656 40795
30418 41098
28770 36252
15442 30964
31613 37516
14673 23054
33321 44133
24763 31595
7724 31649
14707 44515
8018 16820
2496 37297
42070 42094
9240 22231
8108 45760
28850 31643
6219 36129
2962 27089
2595 29547
38258 43762
28860 39686
1053 8855
32753 39488
10111 23628
12927 31205
2997 42544
24991 43099
30182 35879
21571 23515
9149 43404
2717 8195
3406 28419
29921 45903
13052 21293
21784 43221
11325 23479
2456 40850
17512 21142
14834 40102
10331 45252
20173 24644
43725 45643
20203 39570
29754 37280
30604 37450
16993 23206
3152 25277
20435 25583
4225 27182
6999 7930
443 19260
14533 43530
13365 40075
38340 39384
9181 15369
3937 4269
4637 17677
7152 19664
137 20092
20949 30126
17944 34139
16911 43152
5516 34800
236 21791
10813 36112
39085 42362
13375 25837
29377 46166
11142 13922
19551 24085
8372 40463
23880 32176
3330 9310
10611 17669
18097 23242
13267 29687
54 4000
30243 42116
11798 20642
2587 25252
9256 20215
19513 43980
7231 11447
8617 37261
13526 20529
7816 36983
13589 34060
16884 26588
7730 34930
24110 32988
12573 42488
9954 11104
5643 26250
7386 19090
11022 43402
19190 32565
6705 32692
37157 42171
16420 17035
10193 12029
26057 45256
15015 25880
19546 41245
9636 31359
20573 36389
21540 29008
5345 46945
26054 38542
26807 41223
20568 33012
21443 45290
13156 20972
14919 30494
8420 38386
40 13877
9033 19927
19872 30276
17599 34238
6591 21801
27278 40966
39107 43194
22947 40184
34540 40415
640 32716
19253 32863
15081 20060
6399 18598
44340 45245
2438 12431
17496 24849
19806 36230
29374 34109
2456 21870
28811 30963
3741 21214
328 9217
3718 37260
25435 32619
8404 11623
18647 40408
6744 35033
18423 36728
6575 42394
40026 41599
24746 28610
13886 37763
1136 5162
13754 24812
12561 27686
34730 45800
13567 28369
22178 34317
36687 38569
22374 28779
42741 46276
13730 14777
22691 40729
10818 16537
3394 6180
15166 45781
16789 35321
34288 45051
21161 27244
12423 40934
21306 25124
1471 25423
27267 32832
3524 6411
801 30324
21636 30893
19387 29025
43285 46497
3779 7869
14013 41264
11109 29144
10934 47048
6626 30974
17882 28402
20178 44049
21243 35513
36664 41567
17199 38171
28186 45008
19965 37525
13246 30367
3746 6581
13251 35437
11215 41032
22184 32014
10253 42341
22894 46699
3506 20892
28422 40562
16663 34377
24870 43682
7804 13805
32148 43075
19690 24646
3045 24819
11992 42013
17159 23819
11872 46792
7579 27808
11274 42901
39101 46091
17445 18174
1491 27872
2512 15846
28329 46763
16135 27818
8998 31289
6922 35765
11733 35494
13200 45432
32058 32578
2027 43508
29596 32854
18681 23641
7297 36581
8978 28543
23637 30110
4393 45372
9634 32789
4916 7240
32510 45103
18087 34953
10640 33472
25453 38889
1753 10852
5076 24087
12439 43590
282 22083
11954 29023
11574 23140
23509 32934
11155 35988
2990 46342
22974 22976
13048 18973
14517 27294
18459 19633
33487 38036
6162 13395
17346 39994
25107 42574
3432 19333
12837 15528
20988 29597
17927 32577
20232 43614
14530 46188
17464 17769
20261 35684
44238 44781
6064 18872
29644 31531
27503 35420
24710 31210
3939 46117
13576 35465
17333 38604
1890 19959
25034 34717
13823 28926
8043 36505
7477 37814
17565 26869
22687 23454
3810 40984
888 46752
4739 30867
30822 39272
19800 40550
22964 31841
39581 40954
11517 21047
19505 25326
34370 39793
2651 37211
6960 11816
30857 45093
17800 42577
8750 29577
20241 40643
20829 40813
3731 41226
14539 36986
7089 31824
25092 41087
30188 38703
11550 15868
4717 15778
30338 45817
14216 47263
13709 35189
6619 42613
21107 29049
6481 12878
19625 41434
9822 33108
25880 38285
19635 43061
1977 45352
17887 37045
22558 40147
15481 33281
21918 28675
23544 24148
13096 34558
10726 16710
12046 44156
14839 35534
24052 43802
13727 23286
5247 42896
13844 17455
63 39017
12185 17146
1899 41847
23641 47062
15964 42675
20278 34428
34697 47088
9238 34346
910 28686
560 1512
23946 35805
18539 20769
36669 47335
29993 40813
16841 35027
23365 31329
39768 45586
24952 39871
5835 36249
21735 29506
1179 38151
25852 29016
6870 32944
9133 15462
31805 43996
5467 23930
1112 39558
2705 35837
20747 21643
19585 41388
7558 38421
12465 33886
15951 30146
21037 33490
1137 28476
30754 40537
10861 20452
6035 34186
10182 12435
11817 30817
14099 19993
18054 24645
1261 20002
27904 46531
26413 36007
29871 36635
490 38814
14579 42480
1185 24329
13177 34657
5944 15200
1813 46529
11146 30770
13064 41361
15244 40618
28171 34982
24771 24910
16840 44550
3360 27379
7100 43935
18344 32678
8858 35363
5652 14045
481 25115
1347 4850
36018 47135
7050 19682
2847 46227
669 34211
41465 41790
10849 19822
7991 21633
19843 46476
13444 42706
18295 21832
10049 40148
35804 41140
36440 44734
6910 34547
23030 36438
3771 42532
3899 32918
34812 39574
33731 46853
10507 29857
20805 32685
23009 36500
13716 41300
34459 45313
21462 38876
11793 23949
406 23786
6377 40850
5959 32231
5392 10684
18352 26099
2561 10154
15937 42251
12010 13037
19729 42001
1454 19218
6291 40517
26327 37498
16860 44397
28488 30851
4194 17351
21620 42818
17992 37083
22429 36571
26390 26708
26935 28494
28601 46189
3967 23761
25867 36732
11668 42505
33039 43835
22676 39831
30066 32110
17930 42971
18152 45824
7303 42304
14482 21339
2048 5970
27307 40501
36729 40275
15525 29259
43086 43819
14797 21350
18717 41257
7301 46580
11317 35458
2861 20753
20751 32583
7140 15895
1189 4933
8825 32142
11464 42301
21264 24473
7933 18914
26097 27371
4299 40691
10544 12503
15017 17310
9714 15429
40501 40662
15486 33064
15847 39459
17104 43171
511 20122
18374 43900
22103 26332
257 21703
7694 41155
22546 36701
1145 47240
2712 10807
2156 12804
21073 32610
14672 44043
41213 42746
11526 43687
31855 35817
431 14127
6833 15162
17142 24565
12508 41532
6283 37915
1265 9600
12113 19311
21863 25532
23413 24393
17181 17353
2865 18377
27866 29487
6627 28276
25156 27032
29459 33902
4206 34060
11529 20953
16685 22784
16920 30760
12259 32318
21371 22976
33103 36383
29684 43819
3044 35466
5602 6790
19037 22498
18159 42002
6876 23503
8433 10703
2405 30820
8398 21070
16653 24939
22803 41214
3799 4258
30619 46699
5025 19991
4075 46944
7170 41104
21204 40367
9259 17053
9339 33786
1819 16551
13620 23147
20140 37235
33003 34058
13192 30779
12609 26257
20860 41496
8913 19799
20096 41100
22021 32668
20999 29762
25202 30544
31977 45181
18902 43749
20372 33047
7725 43204
13102 45788
1851 6825
2836 15299
24382 34188
41281 46397
12513 32561
32163 40618
32688 37056
16497 38897
29527 38112
7617 34976
5932 45524
14685 37592
28709 40863
25741 35898
20192 45130
6596 43060
6746 26789
24703 44567
6018 28302
20704 44524
1439 41004
16483 42382
12750 30969
13166 41235
8728 9065
5104 6647
3227 37936
43741 46583
27050 31105
25929 39517
6180 43532
5205 14808
28550 44374
4481 35688
18927 31512
4208 12898
22094 33654
22641 36267
29558 31517
9789 19604
888 22942
4208 38912
4155 19838
14470 41329
1644 16280
15565 16420
32606 41322
6979 14666
17428 45017
1852 39614
36039 37921
25991 29791
43612 45368
19856 45315
36131 38449
2318 31658
24694 30063
3521 45687
17952 31589
8168 45951
2320 35114
8326 8630
12313 38649
2668 17138
14371 23391
234 35492
31371 38658
8190 21766
8465 13111
10506 41071
5705 46756
29811 32878
12645 27495
23195 44157
10478 26191
11332 14237
19078 44058
35659 46344
31325 31493
252 14756
12769 13386
10114 17054
1417 3418
17584 32482
5743 32903
19921 46440
17160 21574
29351 39659
21866 44110
8161 9293
33446 45045
16464 39217
1435 36427
3256 13874
5714 31569
28961 43796
20773 42869
686 32367
2949 16575
17201 32313
40034 43237
10969 31689
20342 43622
23947 41294
18663 29829
61 6651
27463 46064
14724 34001
4147 42311
25253 43932
12841 23596
10210 28604
1139 25115
33351 41401
30536 36678
1307 24699
32759 37325
12712 44127
11254 15993
87 14638
15849 20231
1314 4178
504 27758
26861 41650
31040 31458
711 43512
18617 38879
30546 39059
23534 30336
14049 21380
26424 31446
21275 46247
30414 39290
13952 15004
19465 44988
29656 37396
33282 46468
33738 46519
5996 26663
18757 32069
10087 29678
21085 21398
1649 30074
4464 28381
19064 45583
20876 31612
18644 33885
17402 21591
19079 29087
25448 44534
25226 32821
1111 6986
4681 45762
11549 14547
20627 41838
8555 12333
30995 33162
3528 28063
25151 43200
9616 44214
27083 42355
24289 26431
1705 9795
15723 33997
18481 35934
23443 24690
26732 38341
7070 24605
28265 44957
18361 40713
6859 40600
17756 19436
32878 47300
7162 14745
679 16754
36538 44679
14428 34315
2508 27273
1536 22976
24992 33879
26336 30420
7334 29000
10919 38071
4022 13645
8045 43321
561 36131
12880 36466
14988 26021
12207 31270
18241 31155
45728 45766
8211 46242
18679 41180
4591 4905
24567 29162
22647 22662
10187 18150
16091 38156
27064 44341
4707 33346
8661 29482
4394 23989
40093 40113
15055 31565
24754 36343
2279 5879
6809 11974
19256 33994
31568 43738
3022 3708
6029 7847
13566 25251
16386 27120
29324 36360
30583 40899
14884 45454
27713 40441
9513 25911
20151 39010
13023 26729
21671 23699
2450 18943
9940 13146
36815 42462
5430 33532
3885 31817
4599 31160
2994 43889
1042 16940
13470 45326
9648 15374
778 20277
15810 27310
3801 8899
18635 21609
15165 40569
10729 44689
785 14251
22689 28684
34025 46255
10418 27077
7623 45452
16779 17723
4944 31730
767 44412
27469 31921
22001 32447
17886 45061
36394 43694
16487 39953
11679 13168
7957 22293
5214 30278
28763 37208
696 42667
11731 41624
23551 35630
23788 43679
627 44001
6291 46827
3286 19349
28968 33826
2161 37633
6548 10239
2131 14601
33 15154
380 18645
9907 20687
33657 35255
1547 43597
15090 40179
19899 27939
15382 15855
25743 26202
33773 46168
17579 37912
3258 6539
34774 38371
14872 45554
18355 25301
1490 47385
9580 45525
2898 29389
4002 5532
37095 46908
23773 30323
454 27053
5023 42710
17146 38969
13303 21726
26416 41355
10187 11413
35924 38429
4120 43845
25744 43177
5722 33262
23404 39501
26215 42762
1297 16603
8774 21868
6681 44487
8592 12028
17638 23566
25155 46165
9915 30323
3362 34754
14556 39440
2692 44573
42702 46517
16930 29114
9374 16386
7714 31128
14258 18283
8857 46604
10504 35040
27038 35228
3685 24268
27502 33642
14782 26547
12677 38953
15498 42178
8719 30805
14147 38050
29472 30810
29067 45808
38514 45612
1882 31535
13385 45082
4552 26455
5688 9461
11511 38927
172 9007
20479 27951
2785 7365
20705 34121
4789 6396
2156 13987
38859 46963
30091 43283
1431 10321
8956 21484
27630 35116
30397 31662
12831 45031
1829 45241
40239 44073
4674 11145
29380 39865
2418 4696
37168 38606
13722 22729
25194 37717
16879 24183
32864 38681
32888 43239
11393 31485
29355 30359
1043 22990
18622 28542
3579 21882
12132 21244
33129 39137
9942 46374
20261 22722
10475 15346
35759 41828
9008 25565
5031 27755
6523 16812
26629 32282
3180 10472
20510 43613
19565 46589
9224 15017
27083 31698
8794 32402
35084 38656
15684 42825
13923 42209
24059 41326
28145 45495
11297 42865
5338 14292
9214 21095
9863 46616
17739 20853
38452 39741
17385 41266
16105 35126
14376 25188
10277 30391
18432 26674
9738 22943
33942 44097
29561 44706
21179 29950
6188 10648
22742 37906
13995 28879
24276 46814
5697 14760
761 39468
25828 30260
17971 42679
26636 39064
34351 37327
3580 41866
15650 28665
8473 43849
13210 34207
20013 29924
29068 36852
15444 42560
13002 18228
27892 45557
33023 37532
24420 29947
11397 25295
5411 34526
1642 16478
24366 30650
37941 39013
2073 12500
373 13880
6427 15895
21063 31064
5239 21587
6976 26690
3768 43206
15552 35835
8660 19889
19944 37270
13945 25328
30507 31536
32848 45236
10664 43995
6676 40923
20420 28339
22393 38637
33542 44112
4591 16074
30455 34729
460 41741
12370 24875
10494 45277
27275 34045
42739 47151
4541 32926
31417 43219
20303 22277
32236 41824
27121 31134
18834 40559
8559 36402
635 14388
20725 33297
5836 12020
10713 12746
1097 3307
12860 16027
20704 46191
20388 43676
777 7274
518 11709
24656 47327
19551 47151
12460 20230
10845 38687
6556 25299
1613 44140
4980 7497
29693 30218
8097 20664
8327 17154
10006 12453
11536 47091
12615 36733
39643 44414
1514 30548
3296 40312
6884 27235
27823 32880
364 32560
39237 47109
20266 34422
25632 47205
5786 28656
23862 33294
21359 27934
4942 39820
2816 20612
4811 32921
15696 16850
9670 31378
9931 35849
2474 32926
4055 40522
34717 41143
34801 45752
16794 19751
24618 36431
28197 28718
8263 21841
9016 26774
9683 27237
28199 46699
20988 36635
24815 26772
42622 47235
12202 36513
781 30912
25531 38239
14095 27634
8318 41146
9438 21929
8997 28602
45728 45876
27405 44744
464 6480
2837 7852
29706 29998
8251 15199
10652 32360
9367 20184
27073 33425
28018 30449
22367 27104
18387 34473
19055 22329
1708 18066
34620 36241
17862 33339
9574 27078
14178 16126
13119 36750
5558 9126
4886 30196
618 4853
4116 38091
12247 46620
5797 37435
36614 37967
25910 37080
11586 44659
13140 34594
15608 47315
18367 20615
11464 14868
13303 21002
17713 37538
19841 37359
2035 36746
1604 8452
44419 45922
32984 47031
7322 35650
5307 45128
8595 30261
29544 43010
19024 44684
12871 46605
3877 18453
33310 45511
7276 38688
4286 21132
25828 47227
4340 42306
39069 46854
24615 31167
7607 27124
421 40502
2031 5671
17283 17366
22427 31268
9239 28269
44341 46389
18438 34387
15794 41597
12105 34620
26602 39801
11076 33953
36695 40534
1338 8309
2946 13756
7344 44807
15587 43189
44893 47252
5869 33473
5645 29793
11734 36555
31326 38972
32845 34548
4233 13146
11834 14505
1726 7078
13810 25074
22803 34534
18682 40732
13187 16989
16359 27611
16872 17808
457 33527
21709 39861
31591 45255
5332 35870
8788 14760
9636 16547
32589 41159
27784 30887
14601 22570
12718 31413
21075 22727
36819 44518
11461 43162
7580 24681
6490 39576
26450 42389
38167 44376
1006 8078
30082 44890
343 14150
6519 31646
23630 35632
37781 40176
33290 44589
25374 37742
13149 37234
27937 40901
10817 12508
8002 14201
14966 30023
37978 42410
2227 26096
8090 35713
21376 39055
5237 36922
4467 44817
5598 18619
35091 42510
366 44497
26199 36512
10891 34307
307 39194
37216 45443
35243 36865
17949 33926
15650 27807
11019 46735
23310 27117
4184 16771
12089 44959
27946 31164
460 25823
4384 38524
7887 40615
44480 46658
23545 25479
37197 37472
8327 44859
19823 21772
7565 31704
15060 25497
2783 41603
32819 40816
78 33076
6742 20525
838 36736
17878 26704
5545 30635
28314 39854
28861 42467
19358 37069
10719 27383
10975 25094
39904 43951
17854 43464
10273 41037
8280 12559
6974 9140
28437 32690
365 19146
4413 23023
27984 36128
13783 29023
24992 41157
18358 19585
1028 38149
3569 34941
31755 38973
31698 36187
11205 24243
35247 42595
1443 37610
4418 26750
7655 38521
10418 44020
6611 19826
1082 31188
22570 33103
23979 24377
8522 9998
5636 15423
2782 5864
8935 34488
18811 36684
18207 27121
8547 43239
31047 39236
18659 32880
34770 39381
8849 13776
10021 45488
13135 14815
21960 43912
19137 24776
42842 44297
5560 26166
18006 26084
13957 35568
13731 37477
20194 21260
41060 46806
18559 21537
20983 23406
10520 11816
9103 31978
23144 41080
5190 38125
6995 19011
928 27314
11379 22837
26533 30991
11531 38884
9813 20999
18291 39435
713 16580
8593 17354
42659 44970
10891 20804
8537 23838
14675 41604
22349 27226
28032 44789
3667 37273
34749 38288
30549 34771
16674 43674
9873 29536
22226 46259
25015 32011
18399 30458
17816 25936
36590 39018
11344 37903
7522 46612
19456 35802
9504 28888
18817 34354
8667 34807
8980 33052
19758 27472
16045 17435
35108 45926
2906 29604
8922 45879
16853 19823
17577 30242
9202 10241
35537 45285
15799 25515
21269 45037
3687 31108
20794 39294
25959 43685
6190 31018
8469 43840
11792 32000
17328 46884
13290 34835
37348 47304
44657 44879
6756 45924
3965 40097
17363 34046
218 26534
7568 30526
17117 17775
2318 17891
21462 37888
31756 35871
5299 24781
6384 32173
13098 26155
14357 23312
5070 6235
13688 16572
21498 36764
34406 35050
22286 42472
28788 44677
5875 29263
4576 31741
1911 17917
18924 20614
12294 21607
4277 43193
22455 32832
13257 27316
22458 42929
2532 43110
3158 46016
468 18172
8780 18603
5301 17098
13477 20674
13327 24113
38080 41345
2766 12954
11806 35035
17257 31152
157 4135
3559 35221
6256 47048
28906 36388
14088 40426
8274 26729
2681 11311
9183 13516
3150 27065
40921 41223
2229 21767
13487 35483
34524 43915
27565 29191
23956 44609
30875 30887
32917 33408
4842 34088
13818 34307
20836 37560
32307 36108
20635 29168
9908 37719
2676 46780
1699 25335
10613 35256
4331 37521
1894 11281
16323 35017
31664 44525
13335 24889
39643 44524
1031 19170
22876 42822
20711 46317
15718 39000
15111 23504
4267 5641
19895 39315
20691 46604
22983 35714
1379 8741
2929 8356
6088 37210
3671 23488
21129 43797
33703 35791
31325 34075
5007 34663
16838 20722
9932 11486
13056 23380
23052 28876
25936 26034
16726 22201
19957 44515
6912 20102
22999 30181
14468 15302
11702 39333
13830 35956
9078 31734
16553 41090
15844 39647
36195 42870
5642 11617
29815 35178
18679 41050
6612 16807
1250 24145
6942 8051
14560 25629
24319 27240
3115 11498
16697 17834
11199 34733
14326 43892
15897 40412
23376 40088
2221 8777
22136 26931
5481 21498
20657 46215
29091 41913
16161 26872
4454 33709
8790 13143
2947 3404
13672 16657
9229 26022
8798 46969
21921 46375
3104 21323
13494 26184
43703 47047
10567 18776
16531 45249
20724 39681
2566 13511
7796 11881
12404 12971
10833 13041
19435 22845
46442 47207
40783 46445
5993 22181
2769 13089
31312 36606
28863 46758
26153 40331
40509 46061
14574 20558
4154 13768
14113 42794
21270 46391
8890 12569
3978 41835
16872 44387
5381 19523
15427 34208
6979 30698
27682 45670
7172 46554
14721 20204
9275 20489
4923 18830
9565 25166
4948 33412
513 12093
5644 26699
4452 8106
12813 23705
26410 28629
7868 46415
3965 25923
1657 36280
10249 45396
20679 25520
4103 13964
44672 47393
33104 47192
6943 38342
20589 40529
1949 6479
12004 41629
21103 21502
16309 25914
4815 32078
2191 35059
25747 35990
9733 14146
12277 17063
10309 46736
16805 22331
989 28021
14746 37364
2176 16442
23089 26528
27366 34429
2590 29291
1529 3799
10598 41362
27536 28424
3909 4807
29754 37772
32515 45642
25272 31159
4347 37463
18993 24273
18618 26870
21168 45817
4202 30134
22072 30008
13402 26863
36371 41620
12930 27807
3847 25247
5424 37797
6363 7457
16044 24461
18011 45302
5075 24811
15162 35333
23994 27694
20508 25772
45352 45566
1819 45228
8426 38559
6261 10563
297 11417
4528 12749
28175 32854
11364 45567
15452 39983
17403 44106
27196 43793
42013 46700
35153 44787
9192 24479
3326 40420
27077 29549
5387 6774
9180 33544
37726 43746
20388 28457
34997 38797
4145 44660
19222 46740
29454 43845
10534 21324
13699 40389
14095 33973
12059 35404
40407 42238
14725 46420
22743 38268
17690 28456
15969 26515
25631 36299
921 17259
25481 30878
8894 43107
12400 17388
27795 30889
12669 30610
1943 23548
29346 31106
5222 26685
1997 39060
34882 35410
12198 34408
17991 31952
5097 31120
11086 30296
7961 37425
10084 36148
30588 35449
34156 45105
487 25261
1639 40291
19147 42378
16524 19166
36846 45780
7022 30208
27973 40586
10741 45695
34096 35790
19430 33052
10658 45660
27890 29971
39954 42619
26611 35545
1158 43751
29845 33247
13932 22035
35011 46908
35613 42812
2077 45189
21174 34603
6225 43820
19244 22689
14655 19397
3752 5091
15642 15866
3839 16579
10497 25713
30190 34598
3228 43752
40652 44997
4960 22847
3447 36885
4648 21040
7529 40346
2123 40996
1441 46826
15910 29802
9181 28372
8709 35732
12522 25971
11911 32233
22222 23215
20841 46040
4308 6827
11422 12040
17940 33437
2364 17646
11352 14684
858 17579
5597 42507
14835 35556
13749 41525
12632 41011
12153 22317
19193 27581
23284 43428
33179 40948
4481 7694
19185 42215
21432 41004
29125 37256
18753 37862
17299 42681
4350 34006
10322 33013
3966 36295
14515 33107
8482 42492
7743 20461
10848 32305
23234 31418
5026 33242
11777 44819
8757 12337
1798 26660
26778 41619
25284 45319
1225 7550
6387 33335
12722 23534
42521 46189
2783 33821
9081 17537
8275 32191
32674 40789
4134 14537
17047 44658
18073 36194
15378 30829
27826 37236
8967 21572
171 44891
8785 23029
6412 19405
17841 43391
16332 31507
4276 17222
6582 44699
1495 18499
19597 19662
34740 41987
21905 27964
21870 44747
19191 40851
40691 40871
19552 47246
36749 42116
22653 30109
31345 33013
19306 30975
4149 41963
4978 5601
28734 41117
10551 34138
17221 35927
5877 17152
9990 36730
2275 27133
20808 42038
7655 18846
8462 22352
27586 43360
25449 44739
12456 22960
11866 23683
22049 34667
4374 28094
35095 46069
9914 14612
18116 46928
7206 43721
15676 16253
8473 23800
15582 20755
35801 44016
388 42973
30739 38814
46683 46895
11017 21240
32212 41592
15082 33422
17100 30631
17367 21361
1401 29736
10032 20875
13879 16360
3489 42990
921 16267
17644 32192
4363 33166
16002 24882
5105 30770
42673 47043
30244 31264
4618 9714
4494 23419
6219 9294
4298 24261
3446 27428
6219 40785
969 44200
7875 9305
2201 34084
26676 31380
2891 24173
18252 25258
23757 34413
8157 22200
36179 44325
17558 27321
30840 36371
8169 12411
8225 40801
1390 10837
15035 28075
13225 17017
1024 20313
15253 16634
27220 43679
21515 32184
22746 41091
13076 43689
25888 28681
9828 20425
15298 19036
30018 39538
19483 29792
12965 37442
11130 26354
14228 32863
14254 25416
11504 34674
24955 34111
2156 19765
33509 43497
12249 14082
3805 25021
11400 14322
6664 18904
35230 36955
31933 43600
29872 45755
21689 41008
4517 43916
17273 42562
3657 14950
11187 26457
5494 18005
13759 22562
1861 22449
30590 31604
30397 38379
6460 45862
4357 8356
1103 16391
3426 33861
40425 41346
4608 28354
12369 38104
3676 19514
26997 44522
31894 39299
4691 5199
14332 17886
8169 12895
3536 37412
6782 39847
22169 34239
11182 12126
2858 45835
17846 35792
36846 39795
26230 33625
30230 42938
13291 37746
1248 13897
11498 36683
25192 35878
7154 23396
38558 43121
15893 29529
8954 20153
7550 21117
15293 33671
11430 35209
1423 18974
21808 26689
13698 39948
22483 47015
26475 35499
5497 46895
6747 21143
8196 8810
18816 33381
28153 43405
19320 32914
31271 32853
6741 26990
10582 40188
28426 38841
3289 23898
4801 28883
24333 26331
17593 29438
9955 37057
14595 45010
4386 17529
1804 32787
3537 13797
132 16967
10363 39511
1712 33198
22983 42992
11499 23271
889 28435
37492 39138
32987 43653
3125 28755
20468 42698
19680 36990
19733 46450
17758 33073
14549 36155
15654 17596
14829 32008
17472 20409
19292 23295
603 27290
38174 46490
17757 39237
22501 26602
34431 36052
25657 47079
17118 24203
42212 42482
3906 24782
12771 13119
8692 35004
23022 41765
29400 42214
14510 46376
12198 27752
17210 24731
18997 34839
24960 44872
5794 42297
15282 23443
15008 30788
25424 40842
174 29405
17971 38792
3922 44324
34211 39287
2350 25510
1087 14813
24254 45770
16497 24650
21014 40117
7792 25456
3997 9193
29516 44617
10882 43593
8207 35497
35882 36573
12675 27128
888 13822
13826 22308
5534 35553
3195 44153
4554 8737
19329 26694
5536 42015
27764 38078
2299 44769
35621 41120
1397 46129
23494 43399
32288 39440
35314 44575
26975 30455
13936 35658
1114 42808
17757 36338
8513 20089
26962 37575
31559 34312
39389 39695
17015 37421
25382 29423
32049 38111
31101 35154
8688 11984
29208 45753
18809 22090
4846 39474
26384 39032
16532 35732
10844 14038
3890 35121
537 23929
19988 24421
352 41145
13822 43076
14440 29125
2637 22668
13905 19167
39281 40542
5382 33977
27407 29681
28322 31000
32680 37577
9138 18986
2525 29782
13549 16499
24572 31661
6743 40486
4864 33987
9423 37814
4882 36256
2029 35967
22539 23971
22339 32019
15030 23864
25993 43324
36767 42698
2533 31713
22605 24941
9366 41602
19888 25479
27389 36056
3631 3877
1371 19378
9689 32429
21963 45853
4625 5489
35259 38771
10215 22861
10024 10461
17186 21572
20516 42202
16535 26715
22481 25255
722 38338
3560 18347
22841 44257
2209 20635
26172 46830
24996 36287
3593 40337
27041 40045
35518 42795
20980 47382
239 41752
1968 45274
11748 30204
17144 21696
8771 27405
10235 27246
9518 15554
21855 42132
1979 33540
15425 39049
11805 29957
13203 42010
12400 28854
24875 42534
21775 28782
20138 41064
8295 47074
9618 45744
8025 43049
19650 45447
3282 40044
96 20102
40049 43234
20024 34519
2825 37324
6171 47345
9239 43846
12748 17644
23803 42143
18634 46678
30852 40545
15632 34215
8897 40884
14203 36620
5443 5666
23122 33299
12724 43072
19825 37692
30475 45698
10962 37158
11542 16499
21574 32040
23125 46779
5331 35411
26203 32664
24277 47287
1608 40901
8212 32271
31787 34006
41101 42326
6089 41627
12449 19805
16860 38286
32500 39540
30861 47023
183 41173
1810 15371
5685 41951
18039 32481
2382 13318
9709 32410
16123 38932
5331 43116
12677 24543
7611 30711
2958 43464
46810 46965
10804 21242
47 26201
7053 26219
24853 43259
2001 29841
16474 34436
8798 42517
16218 17477
13841 36365
13809 14196
40870 46900
31844 45628
26753 34770
4835 14023
15431 31592
111 34480
20159 26560
30298 31610
19035 25629
2063 26905
9176 18152
1566 42314
1634 26233
3935 8289
11260 33916
17713 39612
9336 32370
12235 16038
754 41123
8759 15770
687 27069
1872 31659
35232 35472
4132 10496
34638 34733
9730 31893
2668 47027
10716 28726
41469 41543
20531 43478
25746 43260
27105 41587
19533 38714
16598 16893
2090 14741
4932 42198
2149 21737
7862 38011
14823 40730
8234 20621
8469 28597
5702 35434
1779 26341
14938 28410
21370 22706
14254 35325
2571 23308
2668 20208
5660 17653
16860 27227
3759 37968
8049 22911
8069 37149
3996 37157
880 33260
2272 21147
2108 39240
10113 16331
38299 42994
18627 25564
13707 40417
12559 44754
6711 34479
32927 36812
3728 47141
29492 41271
940 5368
19223 46728
16887 23546
990 29806
20971 37468
3121 3537
2595 14044
16670 32364
18056 41374
27147 46269
8627 35733
22902 42787
6867 17814
8640 38412
1926 42178
7722 7748
16479 25599
19062 20365
22196 26531
38835 39567
30654 33203
3278 30474
25380 36224
17931 46748
15724 40972
23310 33163
32874 35242
11206 14700
29472 35677
18607 24107
23264 25059
30744 45147
9357 45758
11887 27866
34377 46530
26427 32185
34821 43568
3588 27108
11973 22133
26508 36496
26316 42153
10003 46283
3024 11467
22753 30397
1806 39386
9809 26038
6621 16603
41666 42325
33178 44112
11836 45432
22989 28395
15975 17936
9132 15438
23706 25003
305 14561
7264 27033
9566 21557
9561 46288
12674 24058
19517 20140
4177 45007
2122 4317
1398 35777
41848 44409
11363 38954
17742 22100
8638 22635
27274 44643
4395 20734
29516 45532
526 1324
35739 41906
1026 43718
22357 22826
19916 42453
4055 16879
733 10662
16987 44798
3520 42384
5201 44926
29781 43736
9641 47341
24103 35562
35572 40453
37681 43442
16557 17106
13973 42117
7791 36884
3886 12347
14986 28695
18045 25642
28600 36232
24837 38940
18424 29610
3422 37503
14244 31441
20104 34179
4155 6506
15800 38418
8532 40652
13054 35552
7587 9885
39798 40256
45448 45628
23536 24726
31347 34031
15819 32052
36278 40470
25553 41712
2132 18752
5885 8940
21160 46468
8780 29642
18351 31202
21883 27615
24337 44602
2931 8754
20390 26255
14014 45100
45175 46408
926 30439
6528 28415
9662 40997
1065 18705
458 25086
24592 34921
5411 32038
29160 30166
12417 33022
16509 22676
8639 16174
7043 42043
16496 26386
27371 27532
4705 6168
18002 37218
1560 42446
21476 27991
40615 46678
22442 40387
819 13172
6638 45148
3219 43694
31392 41105
22534 43359
30726 37080
25116 25657
5527 20505
25767 39173
4050 30790
14723 22942
12661 35984
1275 20770
15723 47000
13418 29547
3357 44567
10341 42574
7458 10363
16046 29159
11159 39042
9552 34951
4164 43320
12767 42237
19140 42342
451 22171
10595 33981
33120 47004
4000 22917
8268 39400
22940 24425
27750 35041
3709 19735
27421 44399
4176 36914
7877 35048
7800 11416
9054 18617
6781 16163
1535 8400
9259 37708
26166 43362
4877 8853
13180 16900
25878 46867
13409 36385
19822 27221
9402 37235
21808 45860
33183 34120
18451 39622
31763 33797
5209 8279
16396 44975
20923 40973
7758 9096
2788 22142
14864 40277
11267 44186
7567 18361
14946 27255
18267 25168
32540 37811
6612 18397
10917 43807
17670 43379
20681 39346
1045 23825
20421 33565
7285 20368
16511 45837
26474 27276
14138 17138
15648 22050
25578 45420
4026 26716
17519 27907
1019 8991
24536 46211
23183 26761
1571 7252
27127 38394
6395 11350
36612 38490
12058 25817
16436 40186
11430 22084
39010 43302
3154 25474
33231 35076
17977 44411
2792 28276
34076 42981
11695 20288
37449 42747
15443 36705
29552 29726
3154 13581
12674 30637
11292 30606
21436 42416
2458 10845
19379 26785
29899 43016
35603 39579
25386 30674
4650 25388
31289 38212
3820 33040
27804 45560
23853 44999
8159 22571
19347 30630
22244 39327
18262 39453
13915 20233
12580 45123
8886 46470
5449 23499
1870 30458
21149 34630
5667 37722
18785 19980
23697 26177
4338 40735
2939 35627
3799 4994
4928 31906
16832 45797
16454 17329
2048 43003
27146 38770
30625 40275
187 20114
28426 30388
19511 46660
20513 27222
14413 38795
9165 43037
19769 23506
21661 31930
13674 32979
5181 27252
5845 31204
17401 46829
7210 43309
20801 40871
27117 44606
190 36977
13531 34364
13987 28191
8336 37678
33890 34442
14100 38456
8477 33187
32052 35888
6953 13855
22079 39209
25465 43933
29563 39259
21961 29539
4103 39124
26558 40828
12295 20013
9170 23732
8164 45680
39977 40727
31102 38870
11620 36813
33937 40273
36726 41331
23220 29355
10975 43464
12942 26398
21393 21511
26540 45510
9830 23374
6513 18255
10729 45128
19701 43885
20718 35867
16203 26862
628 37337
9687 13647
19390 23240
17168 32617
24415 33478
12215 13587
11891 39504
21185 44728
14662 36758
10714 10831
22559 36947
10119 32121
14563 47332
18140 32376
30366 36684
4792 20986
6713 43926
6267 39675
6303 39332
7571 22265
7761 45774
27254 31216
24521 39889
37438 45054
19300 33122
38802 39029
25443 36148
18178 36401
528 42717
22977 23473
29746 35821
6543 10280
6924 23743
12066 37010
8030 15208
4799 47016
5012 12600
12140 43348
32130 35258
8356 9716
16178 32951
21339 42296
10001 28062
24398 47379
1099 22130
1281 30280
18829 32547
31318 37265
17256 23122
16571 22265
2011 41645
91 24003
13837 23388
16376 25961
14202 36318
409 14486
21737 24814
17700 22789
9284 27862
10790 44144
7385 46560
10015 42081
32179 45299
1071 9128
17195 31140
3765 9360
21089 40966
29875 46915
20485 26707
17433 30150
1045 5813
5678 44086
23698 30133
14129 45615
6442 29960
32123 34413
14225 43633
19614 23566
30038 44061
28242 39317
27084 38994
895 41682
15608 20854
1056 40095
12125 19415
13020 41959
26669 43855
14157 34989
25320 29220
9737 29254
3123 23610
13554 39614
38030 45426
37063 42227
14970 16029
21204 40111
14938 36493
4746 17287
26909 45944
9966 14969
16945 32789
12 8918
714 2020
14681 35524
2718 47067
18246 41876
8433 12675
16057 43065
6776 15445
15652 45231
754 38952
30324 34982
6379 21636
27958 32337
9561 40116
12687 41503
21724 26914
1083 12066
40926 47081
3950 18642
18412 38354
25546 26506
34864 36288
13297 20494
1827 28964
19685 23351
7978 23772
27790 30659
13807 20973
26582 28529
27189 31193
35757 40477
4601 30653
3022 13304
3972 41971
1929 17348
5014 35895
7672 35716
548 9813
39464 41028
28609 38282
4784 29956
8320 25579
12089 36457
2188 43064
3499 17965
4678 6525
21688 30616
18465 37210
23431 23456
11488 27542
11686 27557
1543 25017
38591 38780
25823 30705
660 16793
23558 45108
17338 45807
29728 35994
9829 30616
17196 44411
2824 8377
10056 27397
39694 44499
3556 16405
12480 20598
19517 19929
19078 23265
91 26849
42308 46465
26546 37866
11098 18877
22274 34281
7243 30856
2272 16882
10040 16691
31233 32052
10005 13472
6435 10159
10521 14520
315 5804
29900 40773
9434 28932
16718 45136
31375 46630
4013 17381
6901 28998
18656 31277
18597 27664
17081 31605
20294 44480
1991 33235
429 6441
34295 34935
16334 33253
28412 41635
9088 33748
29234 33341
7532 36570
40954 41261
25283 32780
23297 36018
24928 43169
13946 34232
7975 38079
22999 38081
5961 12696
34566 37091
18361 36590
10355 33425
9919 15367
16917 35681
26771 27730
24955 44211
6774 33895
8085 36904
14919 42322
6647 38284
15713 44812
2754 29033
13030 15133
8334 23086
10790 47124
9361 26336
1773 30100
7441 13420
8843 16547
11974 22442
7493 25853
22385 37979
11098 41992
17285 32293
13154 26661
15108 43133
21129 21845
3191 35608
13575 23685
16690 47359
3194 26457
19829 24098
8141 27013
32185 36366
43564 45713
32841 45338
16357 26955
15091 36898
12151 31537
20529 42387
18779 45158
14121 18906
15801 25919
3051 39361
7855 33193
18653 30709
14103 33761
1442 21611
34882 41403
12849 18454
29233 43049
18875 39389
25998 44156
4643 20139
7755 32962
19180 20777
35125 44544
25686 36687
24253 31995
11487 13413
8094 10928
8013 9808
2770 12142
23674 29844
22633 30860
13461 13733
23443 33883
11210 28596
15010 38787
32159 44728
17937 36746
18009 42284
11710 32302
17224 34595
11078 31271
14624 25138
23286 42163
20305 24161
7883 36880
3012 32966
14649 45547
18793 28221
27690 34563
22320 31460
14261 22053
1477 26277
9894 28222
8601 27482
38173 45250
36843 38993
560 18654
986 29608
5395 6137
10567 46408
10202 41557
45892 46106
9313 22965
5037 33224
21143 28801
14030 25688
12521 17968
9865 43857
9560 18146
4946 36489
22290 24239
16022 19986
13221 17413
5802 17980
27975 44881
8958 27877
13423 26407
30675 33816
3375 25447
20427 36178
11156 15662
10684 12634
34862 38791
7060 16440
4883 20864
14715 39727
9919 22401
23619 31210
1493 46943
31235 35321
6845 11533
77 28834
5058 21804
4032 44039
537 8820
509 38263
36322 46595
2288 28316
14428 31160
36105 42396
8710 30003
4871 32881
8650 14676
32363 38976
12252 16746
36745 41975
7407 25542
12059 32566
19225 34751
14955 14997
24224 45266
4162 44620
35 43833
22196 36200
33815 41816
9443 43709
16728 43142
1468 46081
24417 33768
10029 36636
27360 44338
8825 29552
14122 22728
5868 36265
13776 15675
29467 36142
18232 25793
34329 36560
5108 18083
13882 24961
13414 18477
16439 18314
3654 30981
1871 37022
841 20669
11463 33043
34420 45723
13213 20638
37199 44373
17899 32908
13360 40313
2308 44378
816 42489
1651 33491
22929 34630
8049 43452
12538 39158
11224 25298
7535 30399
33361 37458
16095 30151
31210 36687
21855 39855
31975 47107
510 22942
2550 35216
24292 40431
29387 32749
26479 31999
2628 42454
34911 46872
13795 18145
6827 7839
5273 27703
7049 10103
20200 26052
922 4577
41863 42308
3145 30299
9126 28860
1189 27552
10431 43166
36396 44934
23681 38183
5530 17910
20765 26992
3151 28801
2251 26824
4241 30875
19653 37375
21729 46108
8005 15745
14988 35027
17957 45290
13199 25038
39850 43349
43607 46488
22823 39441
11467 36679
17262 32606
12893 31532
41373 44901
16328 35182
17668 36677
20165 29979
6313 23028
4708 15600
28089 44823
32026 32654
19833 45455
14915 34525
30109 39634
13736 30881
36046 40340
31390 35826
16210 20035
13934 45391
8143 41477
25211 39909
14623 31091
21391 26999
28832 33361
1389 32820
13735 37984
16538 34214
7151 22383
1014 14449
2139 25404
30178 40528
10244 22132
21107 37039
6766 45203
22719 43948
22445 32045
7049 34157
21090 41007
6134 14344
12482 35330
4985 44874
27024 44448
31757 42012
7108 41153
31822 42407
29159 35826
23271 35012
17931 42109
27573 46353
5630 23886
33373 36208
3790 10145
29561 43161
10515 20501
25638 37478
8006 20022
37274 38345
13392 42317
15184 25250
5261 31344
37155 38653
33274 45247
33830 36834
22339 26522
7110 20638
7111 36324
17080 34547
201 39020
16579 33033
3872 15812
29758 44614
11655 18905
8780 18103
19964 44702
22006 37609
23807 36281
20870 41017
31252 35437
25798 30943
23303 30362
36129 42579
21659 36747
648 23874
5167 39414
9310 40899
283 11853
13875 30019
269 20845
5402 40974
22203 45478
2235 19584
9362 33892
8069 14685
20659 34539
8664 11862
3170 19081
13768 31061
26755 29640
19812 34108
31052 34221
31795 44882
24481 34131
15926 33942
18686 22928
11502 24301
19808 33585
7223 38958
301 26553
3362 14713
7121 18679
3486 33438
5084 31027
14123 31760
11382 33402
5080 27875
19457 30510
13212 41702
20876 28888
36326 42288
9301 42260
14750 35076
23313 46460
31898 35157
16873 17025
39907 42757
7974 10610
5437 13745
11497 15605
9634 40376
5924 7447
12813 15016
28166 37151
44600 46557
2284 10720
29506 32230
1458 3030
11222 12367
27872 36115
25198 35569
24019 42313
2550 27808
10024 37528
22286 41301
18764 32744
8839 45181
33125 41070
19515 27990
12073 24409
2717 5475
1768 27957
19691 40489
44642 45628
6266 11883
7402 31106
40671 44600
6571 32117
10461 35408
30048 36727
4474 46858
9049 30250
15780 30063
19526 25496
10463 38864
31390 45438
21347 44822
27588 38584
15301 32280
734 17470
2831 18944
14394 33296
13602 37268
31939 45653
5924 26240
6174 11893
7394 44585
17115 45150
16728 44512
19620 40033
3124 5583
26932 41289
32227 46470
237 15509
5368 7484
29069 32713
27527 41849
17747 24839
25901 46561
22784 22814
9112 21688
25391 34189
31858 46953
22356 32166
598 16804
22983 44342
8802 43339
17914 33997
26162 46309
6710 20517
8855 27889
10944 14950
8681 17156
9919 34404
13184 43305
12984 17610
11326 27295
21362 28460
13520 17590
3359 16164
28095 34735
4044 45314
22511 43192
577 41190
10348 32982
20136 25909
39891 46814
32989 47119
6933 40537
39011 46243
5802 7136
44745 45836
28223 31887
4568 35084
9825 16618
7500 20390
16907 42487
7126 35455
5519 32862
16448 29141
5671 13254
3124 25315
21004 36457
5359 9949
33506 39128
672 44029
2035 6288
8633 8955
22287 42494
35716 41418
10814 34451
30000 31262
23115 37398
22578 43609
19278 44321
7621 43139
2828 31938
2615 15615
6020 10755
11243 20978
22413 32403
5690 38355
32254 35544
266 2936
20475 26263
29419 43940
13089 38267
8319 43073
4452 12412
642 19438
1033 2290
15784 32493
30407 32151
5831 38186
28406 42436
41675 44111
25586 30953
1796 35453
15492 29059
12215 32384
18698 38511
3350 45767
8639 34918
15840 27298
13561 39551
25080 39833
27436 31210
12419 16349
33440 38800
33699 47362
4420 5495
14956 22259
1863 6288
12086 18391
15374 16356
39474 42822
26136 43262
2049 5889
15038 36594
6563 44470
2624 40536
3789 22782
2155 5534
23432 32112
20380 23504
21210 41489
17250 20463
11735 27559
12277 22658
15349 36082
14862 30302
14341 22494
8154 29749
44261 44944
3563 23378
8880 33236
25616 33181
5044 10556
7009 9659
37881 47051
19179 29119
8279 24910
39646 42124
6752 33388
1581 5797
27101 35030
14963 16017
25229 33674
11020 33067
3026 39361
1778 4621
12547 44776
4998 16223
31465 32727
19782 23154
9093 32189
41618 45000
3060 41574
8528 45774
33958 46444
11769 14122
8210 20767
20477 29048
31129 37881
13304 22474
11528 27242
26756 31181
31666 47131
37253 42355
19819 27358
10476 23181
3049 20632
4662 47391
9767 41151
3219 12183
45120 45526
7160 17883
26493 32649
4127 34400
18535 39354
37287 46261
4620 9423
15376 24241
362 30619
32049 46495
21432 22195
31954 43225
30232 34458
11122 21427
32461 44719
9796 37543
15626 18939
12483 40014
11079 30398
33035 33879
25526 31520
11266 30224
40505 42891
35767 46646
795 34234
7972 18858
1311 23948
21410 44663
33153 35039
20300 37214
16391 33681
17332 36413
6499 8351
13913 38931
1320 41969
45041 46707
18712 22031
6285 41576
9014 41829
2478 27208
3736 18313
10385 39227
29000 33031
1981 7154
25032 39471
19897 43590
11702 41492
18419 41407
6812 39026
4447 10188
18357 33359
7057 46936
7619 27980
40125 44713
898 26411
8930 11741
39855 46515
23963 29764
35058 40830
5383 40842
2273 26402
16613 44431
25808 32680
33870 45768
19601 42666
5367 33169
20823 25446
908 4094
10776 27340
22170 46579
7340 20055
29371 47095
2579 14027
8521 27909
20532 34315
6157 12505
27956 31840
2321 31704
33277 43160
1726 8863
21279 25847
41345 44170
2602 5501
1174 5125
33777 42170
14470 42366
25401 33056
27027 29283
9700 40948
11617 42077
1005 15115
30324 45269
2718 29246
3246 22195
433 12445
6923 47070
9729 12080
31859 44761
13485 36494
20361 22136
44035 47262
11149 17476
8909 14970
16628 29382
2505 3474
8011 42867
6030 34371
34825 43614
9255 35205
3474 26906
5297 46305
12867 35519
30083 41019
5343 38544
17277 19066
8092 31313
34733 44964
31496 39582
3814 23941
12762 34944
660 13898
352 13745
1784 37460
19342 37971
9968 40897
11743 14027
13652 29036
730 28600
22473 29344
19654 40717
31139 34999
40624 43955
27200 33509
700 14613
12435 32455
3045 14691
15308 27734
10668 42412
32144 45256
33759 45266
18268 19225
36061 43954
16340 39437
12219 38465
12465 37932
811 5934
32019 36859
16684 30579
11199 13940
17385 39294
651 20736
18245 27320
3252 24187
6136 22099
14756 22683
21135 28430
15883 46516
15625 37590
18069 18234
27620 34603
7298 41200
15905 30999
12975 15938
5890 9211
7824 9001
859 41037
5742 28746
33873 41207
31660 42002
12723 16656
13376 19665
9162 33054
30805 35072
127 36392
7829 12728
22718 34759
1963 25259
23456 27518
15261 25420
12197 14331
1932 14834
26661 31672
20745 38424
9288 22024
2808 34884
5179 31457
285 2454
4060 31836
320 11308
838 44482
1545 6437
6242 8508
4955 35132
35166 41516
3109 34997
32759 36618
2302 13963
29152 35867
22401 28262
5933 27351
5864 23050
644 16508
26952 36143
27559 42971
7113 16321
6834 16906
23141 31455
28505 33023
28075 30995
12792 14517
38914 42098
19223 26870
30465 41581
21000 25895
24650 33109
4978 43760
2877 2917
36545 41784
17051 44628
8083 11281
8107 47330
3559 17274
13171 21087
14689 47020
12776 44909
6712 17266
12742 33247
3530 27833
26945 27593
5590 45455
4303 43032
5250 23887
18798 20813
26324 41246
21603 32173
4425 24713
5792 37453
6711 29092
4068 34275
37508 46153
15209 38546
7845 38820
16804 39624
17284 33845
7666 34913
11542 41716
5557 18338
20693 21779
9954 33703
28885 42073
14655 23650
15645 23800
8925 11344
16813 18395
3207 15637
4518 12230
20912 29407
25347 38648
11523 14497
36279 42580
11592 41429
25441 31113
11776 18326
20923 32390
30136 33488
11386 20800
22046 40074
4564 8791
2619 23172
13961 18866
18680 27866
25121 42627
30706 37024
1470 32010
1765 45891
31998 35849
15845 37982
4044 17800
37007 47052
19036 38266
30489 46596
40778 44235
22241 27868
12292 43883
1127 32021
18472 26789
1861 34460
18459 40325
11701 23413
32679 45228
5362 33280
3881 14776
30163 39606
7997 35561
17979 17996
21808 33089
22217 27632
36251 46143
9098 13850
21153 41496
22363 27457
28427 40016
2865 9591
34825 43561
38887 43172
13963 31720
8732 42547
3078 41375
17519 39861
29790 32046
333 15544
6386 15671
14637 21084
8966 43128
11969 27900
32543 45690
17129 25531
11343 20298
19587 37564
4972 45903
1854 16269
6988 18341
17866 39006
17610 30715
7755 10148
28543 47115
41714 41839
3931 22194
19581 23382
41292 44590
12354 28091
7726 15045
4474 14485
11366 27987
45823 47123
10706 44156
4768 12488
7839 8506
16244 46843
13318 17968
11244 29687
28146 41413
6511 44174
3440 41740
14134 17965
32626 36841
14198 44553
1492 30940
8341 43806
2308 14530
15280 22600
14296 17734
29092 30152
5758 20932
6360 12864
17260 43676
26642 42331
44181 46764
13250 45918
11396 24200
465 24842
23660 45015
10877 20602
25031 39969
13946 46560
7661 35722
20585 24153
21883 37288
33027 41857
3591 40165
4304 23068
26495 40941
7656 9714
9608 21387
23613 34996
35333 43670
22307 29887
12835 32470
23705 37968
39541 40100
26246 38143
34954 35164
17146 20892
1172 21270
21551 46698
4378 37138
20962 43859
1675 9998
13163 14377
5091 25676
16502 28145
520 11666
18380 35173
11985 18313
24453 41402
1090 45939
25103 36788
2170 17524
37210 42902
16250 41106
24691 40227
18109 25261
43462 44932
36574 47387
12706 37671
9038 12323
5101 20328
22901 46036
1411 41042
8132 16193
17336 39459
19786 32915
15663 41696
23146 36418
43524 43716
13574 35387
16389 26524
26261 33674
3708 12187
17597 44869
13208 34283
3035 11155
19216 27285
9836 20597
7986 19000
5803 27551
2145 28555
27148 27468
13549 16267
4247 21513
371 8294
27588 29460
18764 45096
5558 6028
25897 44889
19820 33034
21578 35042
38343 44807
4027 20426
37078 45361
10874 32465
30863 40180
8058 12056
7231 29805
24411 24506
13346 20984
41175 45158
2352 4308
5993 22356
11154 25285
15275 19841
9906 32424
3265 20261
8294 23825
6210 30692
11129 31644
10192 46781
17315 45132
20089 26634
2236 17315
15559 36754
10520 41335
41094 43075
33150 40596
23332 36126
36033 40727
21801 27893
13937 17264
6181 46327
12213 30301
10661 24197
7246 17789
1185 4215
36219 43334
12346 46106
16776 23512
18814 36649
6208 22486
17773 27085
4106 5392
8382 28344
4471 31154
2864 22145
29618 42089
16886 35169
36259 45392
18856 28954
14255 26591
44273 46166
27705 39389
19151 24149
15323 37951
5057 8216
12957 28890
22991 26010
596 25111
23998 44823
15588 40851
12560 39807
38473 41385
1368 21426
8817 42393
22783 39078
11429 37143
30011 35725
17275 44901
27564 42540
21731 24629
6309 38352
3286 17650
13540 29820
22161 46090
38654 47031
9961 28673
4859 34430
30154 37881
20815 31194
1388 28844
34911 40757
19580 34596
18437 39277
30751 43240
5065 27301
17523 39122
88 45592
5268 37459
5663 42684
39250 40272
22865 33202
20495 41927
19085 21943
15888 27506
6002 11790
16093 42433
30389 39976
22684 46373
19168 33497
21927 44704
23639 35225
25394 33552
11552 32207
4401 42196
9748 46069
2546 27423
13189 40112
40828 42285
29312 42274
9942 30070
4937 18232
26014 46442
4945 12431
37282 42941
15268 19288
15873 32459
2337 28188
30564 42609
5820 7181
16083 45478
12777 18826
402 38561
22910 41589
20095 36866
18383 32759
4932 14074
18907 42558
8606 32262
17823 35576
16242 27980
9934 39412
25314 35077
9599 15744
23767 30283
4586 31372
12178 44511
3801 30099
23197 24276
9532 23567
5670 6082
2885 18729
22747 31395
10807 46332
24646 41744
12631 44264
11135 28670
12045 18503
5134 40976
13671 46221
169 15705
19163 42147
26493 29457
19 16700
4688 29555
20928 38910
3064 15469
14925 24560
16227 32933
9201 26786
39298 46654
35428 43049
22924 47098
2583 47037
4118 36730
10870 19862
8765 30578
21648 39357
2658 37008
1595 20515
2981 40667
7917 41034
12066 17636
41791 42062
22600 34327
7511 17900
4512 17786
12501 27363
3026 30237
34797 46750
3446 17991
27079 29530
9302 19267
31899 32166
25127 25936
5198 22436
23958 46200
23487 25115
13326 38773
23262 41212
2762 17709
22214 28225
2802 37295
18132 43231
11486 26752
11145 32875
4388 36567
15644 26825
10517 20474
3413 19921
11570 19283
36507 41520
1398 11841
8917 10946
10806 43208
11552 26059
9978 45271
34188 38132
38897 45690
10046 46903
36593 38261
18691 20190
16137 41660
20380 26757
17754 36081
218 22497
33510 46555
13648 37861
10363 37161
19392 36452
13842 25834
24257 44523
12145 12401
7845 19600
16330 33545
16854 34454
44226 46109
28922 34978
14857 18874
33319 47145
36965 41408
9162 42776
33999 34072
466 7673
27136 47137
27291 31210
28452 41630
24462 29063
5744 18542
8906 20340
660 40908
1218 19736
3999 5627
6036 7050
3085 7916
19766 41365
20403 39707
19033 39501
16321 46799
26185 42754
13164 32513
8015 47314
1885 34135
21374 34919
3777 30481
378 43265
30677 45332
17091 39254
1845 33955
18980 27193
6427 22490
10725 25044
18190 35964
3499 43719
36089 43184
27569 30938
9579 39815
11783 31552
23233 26779
6183 37032
16192 25986
3306 38601
20721 40524
20895 32009
2769 27816
18780 33147
3410 27812
11169 34483
806 23309
1519 44119
7799 16706
2630 10853
8798 25078
8906 30273
5051 7543
19710 38157
2765 8045
470 41295
23545 25711
4697 37001
18049 25879
20316 40596
7287 13498
8661 27409
2508 20662
31745 39672
22915 32862
4403 27105
23072 36229
11844 28771
7585 35971
4559 18758
29303 30966
3674 19533
23498 25491
15125 33644
12877 16725
26866 27357
1903 40860
15699 29220
6391 11266
20459 31613
9644 13182
19996 27385
3316 39423
39496 45297
9561 15399
29420 42289
2241 12747
5561 28717
22113 30265
3829 40173
11799 28597
1148 29788
35282 42821
11798 41204
39349 46940
10816 16005
16321 33296
2846 16469
16952 30130
5136 33799
11320 24583
7530 8664
8112 37127
6854 8115
3606 29174
1429 40014
27420 35621
8510 14542
23605 42303
22365 29146
10093 38426
20011 25572
18630 46145
16215 21916
9661 27657
33320 36445
37690 44537
22907 34044
10056 20050
31886 37944
18066 42582
7413 12401
7731 25542
25160 30369
8831 25106
14410 41380
2513 25462
21609 36343
22906 46624
10658 21057
43619 45510
6790 43162
19269 42466
27301 30802
15455 25961
27567 37337
19905 44370
29781 33734
39157 42932
26310 27394
18203 41890
22564 23855
349 29717
17009 29078
12381 20196
13550 41811
21273 37683
6669 30161
12359 30236
8964 40510
6025 34031
5343 12534
5569 17950
11276 24610
9852 46799
21273 38622
16502 31906
33635 42067
6123 29089
9954 35183
9588 24280
29487 41901
17096 23196
4771 37568
10834 43109
15416 34842
5076 12540
33760 44398
10014 45033
3358 17286
17537 21626
2738 28158
23692 45415
6817 37764
1101 34024
34918 40934
19966 40808
28694 47341
6535 31635
1966 36165
8240 10627
1375 39107
3652 23775
3610 32409
1274 2811
8980 9848
8008 35352
7564 34372
738 16013
19447 22284
34403 42531
14205 33888
24755 40724
7725 35414
16462 24505
8621 34239
15889 20671
4445 24700
27219 47095
4641 12746
15663 41269
19194 32576
30074 42734
4014 41860
44041 45471
15255 20506
3449 35443
6675 42918
1525 6570
23315 26351
11075 15921
6179 39304
24945 46109
33412 33619
7686 11865
9250 44367
19619 27248
563 4654
36117 39113
4570 7968
29825 39936
18169 45772
27758 33386
8891 13697
26519 33663
34844 41469
31926 42283
3745 32179
2253 36706
33457 41848
19075 25283
20179 42339
28097 43405
19224 41621
7149 39926
8829 26782
15526 35090
22266 30293
8968 30509
10785 23298
9266 10726
23367 31213
2030 28713
24707 32708
17695 43987
5098 18044
1506 33631
299 15696
20124 37340
6932 40049
3025 30927
2699 46218
5175 7152
10869 19212
7432 31704
2046 6965
1452 8670
35804 36680
1638 41105
6935 15622
31507 41144
2005 18453
23110 35879
19864 20612
9970 31608
655 21343
378 27481
23001 30459
644 27600
11185 44708
38296 44510
4983 29963
10830 17190
19580 30652
4422 21036
3446 26611
29739 45214
23934 35767
9385 23226
2191 32579
1786 37189
7592 40630
29875 45260
18946 36149
27146 40311
8253 12231
17763 42185
10897 23488
8615 27896
12672 31327
36696 38550
1461 15148
6726 14293
7003 12881
5383 27022
2881 30932
28123 45891
40900 42940
41540 45744
41903 42386
26366 40321
20322 26162
35951 37615
13945 35737
414 34062
2316 23017
4959 11418
4034 23906
7633 32875
43527 44579
33947 35551
21619 39826
7112 12235
9136 33610
31121 42747
21678 26820
5177 45239
9553 27482
18402 25674
821 28185
6577 41123
37800 43309
18220 27885
1124 33821
20172 43722
18758 28692
4942 25370
21044 37235
9585 31342
26496 38458
470 35660
39088 39891
32908 35485
941 39217
38256 44464
16158 30165
28671 37721
18349 44106
41807 44502
5061 39937
5916 40451
33278 36866
16819 33065
12426 37821
6350 33738
2462 24666
14531 37658
7355 24397
30088 46791
8279 20352
22304 33647
4370 42648
3317 41395
16306 23805
5305 15572
5347 31259
5749 41627
10911 35921
12306 37877
9597 47136
14432 40281
22749 45782
11997 39751
16562 24899
25983 46702
19761 46766
79 14096
7500 7940
40425 41818
14763 30437
19219 39801
16698 40251
19165 30116
11904 31831
18330 37424
314 29619
27922 29473
36747 45738
678 17249
5433 21742
6327 38234
15803 18057
25223 44331
7535 12448
7473 11570
3230 9669
13480 32263
10121 29362
5322 39846
1198 28777
29587 35612
17208 21640
20253 22853
35768 47036
26833 32296
13322 44859
7285 31871
35063 44968
13984 38562
30663 42137
17709 30674
32292 42045
21081 25112
3650 20212
10443 43534
28384 29288
10961 44628
16542 39283
5471 14813
37209 42520
14581 44271
31207 42358
39320 47275
13160 16958
22698 28958
729 39013
23389 33013
14933 18308
25379 36310
16448 20558
5029 31999
14535 35416
26018 33035
42648 46517
45132 46939
8526 17279
20020 31272
8516 40912
1109 23554
34506 37048
6447 31845
4780 22785
26914 46540
6535 10724
9956 30718
26303 39970
23838 24514
16118 46818
14620 31151
3456 14064
11650 29523
7398 35450
29975 45253
39918 41501
29182 32785
34482 42474
2149 4758
21039 38956
1688 37382
23706 31915
4279 19177
17735 22930
11236 21962
6536 25255
18261 38437
409 22927
15621 15810
10299 11435
5034 9846
11458 17810
9771 40363
4085 33082
9529 21582
1052 32603
9263 9570
30082 45850
2565 45360
14782 16179
31325 36832
26819 36049
16576 46891
9942 32489
16174 20281
15175 34540
11221 36714
11042 28081
3123 14547
23391 45062
34010 42613
1256 45965
16609 40773
22290 35632
28638 37370
18137 28706
7776 23085
11403 43147
3832 46326
29558 39218
9400 28476
14968 43837
2815 6042
343 34492
2314 8500
16936 23209
42171 43413
19556 27464
378 34678
16538 17686
14276 38776
13158 32964
6263 40856
17930 34620
37207 44381
21304 34611
28052 40255
2774 29803
16105 22530
24919 26363
19836 33116
15635 21827
8369 41103
4163 17392
11293 27302
33317 38619
4411 43535
7869 44163
6437 11588
3894 5109
8903 23482
15714 39274
13888 45433
12860 28961
166 12699
9188 21399
31308 45256
19695 26845
19357 43819
18698 44183
730 37358
39104 45393
21291 30777
21748 43296
38341 45599
15655 46214
26968 43422
10932 39724
35944 45361
8974 32932
24770 44525
16856 32089
9529 43542
10576 25567
765 22268
5617 17080
3761 43776
4405 11798
894 27559
4692 6378
35717 42322
19009 27429
14871 27042
2182 12090
13536 45516
2542 31092
23482 42035
15762 40984
43712 43985
2064 31467
15104 32124
34265 44154
2870 33782
28561 43649
27616 40209
11259 23853
34081 44976
3725 39931
9521 9665
6613 15331
34795 35459
9530 30130
22164 33509
3708 36729
23488 32781
13811 46286
3382 46358
6910 26814
1991 20200
5339 24632
37838 40194
32504 43164
10702 13732
11928 23049
24999 29435
707 28059
9925 43087
7915 19166
19523 20429
16671 35826
14805 16757
40503 45508
14125 46045
517 37734
32879 47363
32335 44267
20375 42522
7902 16837
11279 16345
13242 17819
23844 24091
2388 30759
32 32966
3174 25252
8455 14542
20828 47193
7685 26409
34073 35450
31796 33786
16309 40698
17522 36756
11598 30061
32692 39027
20063 31296
14184 21146
1672 10782
5674 39389
1547 15217
21148 27519
15212 32141
23237 29132
7273 34170
45383 45542
11732 47215
9149 27539
29976 32189
5019 31177
24619 28759
30338 36742
5716 8659
35310 36766
15986 37547
9824 17505
5960 40510
23236 37925
7984 26984
23850 46486
7527 8049
25631 36612
14325 34159
20247 37775
10000 18670
12243 28829
33997 42729
18042 46567
9893 16329
26800 32563
17999 26491
633 32566
6752 8403
5161 37834
20345 31867
12872 39553
20004 20462
12279 39224
13269 16743
598 30478
10059 38848
6367 33852
4935 39184
24257 30406
2241 6872
21582 43221
26680 35248
3707 36587
35948 43223
4023 36069
6865 21647
4582 24921
29896 37282
6370 6392
12580 36304
12023 12035
41932 45438
25318 46422
7562 28930
31635 37735
31731 44613
38011 39801
27275 32805
40987 47101
35199 43485
38349 46212
8046 11192
446 25519
43082 45496
8228 46137
20937 36077
18370 25040
3328 38230
15057 39288
23158 26475
17633 36266
12833 19730
3964 9774
8891 20975
13357 35191
12165 19042
10520 16911
3085 30551
9606 33752
19844 46887
27689 29947
4923 13829
16815 39202
24964 28123
19356 38438
12982 20203
37038 43179
7425 27073
859 33743
3619 22729
1981 12155
4946 38514
477 11195
1794 34960
8427 23850
764 15197
1381 16297
35382 38600
27529 32267
13380 46263
12405 36033
15506 17930
26665 31667
4682 14497
21976 37593
1073 25751
6875 22849
31972 36673
1948 42193
17786 34572
21207 24021
4284 42717
3659 15338
8260 37858
15808 44309
8352 27998
4187 21092
1493 8028
33864 35648
11445 38327
7496 40845
27517 39238
17670 41944
12002 39184
14267 28945
8986 26823
5232 14533
3349 16960
31046 39517
18259 26474
18867 39162
21845 42371
14697 18326
5528 14302
20945 31726
18031 46245
39944 44926
14667 42246
11619 18858
23314 41243
3233 9056
29102 32027
35065 42814
30383 43495
27374 31359
21199 27297
24345 46120
11832 16118
743 8038
7599 12461
7146 26479
12700 40222
16974 35020
28519 34271
13442 15195
18003 45486
40923 42823
39777 41379
22287 45698
31143 38645
19467 47047
21745 37013
29835 38563
13149 34571
7292 24934
20280 43363
1687 11411
13393 24351
26802 45254
4805 10658
19427 27619
10543 36788
1523 13639
8992 12627
15481 27402
12040 19773
28590 31828
26850 38505
24223 27417
11635 21939
36770 40219
15962 26951
7939 13791
8973 15768
17435 28009
24080 36938
32433 33206
17180 33152
1226 5889
9595 44569
15174 22182
11272 14158
42093 46889
17274 31474
16867 41673
13983 14744
25513 39536
14420 35656
32092 37235
25139 36851
7971 14803
7791 25947
5974 24298
23598 45808
13266 41117
771 4339
8116 40232
9966 28997
24449 36000
14044 47046
24813 46076
26565 38470
7377 34416
11245 30778
33665 41533
18918 37675
2400 39121
33852 38915
1402 31913
26573 28158
20392 31229
5159 13360
7136 42059
17449 44256
23650 47287
18702 35017
10723 42343
21031 36060
6534 24463
35616 39398
8150 8860
7164 9583
25838 36047
15959 17338
31773 38370
33698 36354
20170 45530
30394 45992
38489 44476
20991 33628
22257 46316
29640 33452
7707 11673
9212 21903
2870 19421
33025 38705
17657 36449
34222 38956
14968 18067
31570 46305
6731 20439
11581 29168
9317 14722
2681 15735
18100 31542
4096 23231
12238 21561
7494 37579
5650 26937
14335 26418
24315 45933
6128 12417
868 11172
20239 37564
17648 21969
10633 24117
23185 31601
23095 45671
14200 39964
40025 40197
22350 25323
43524 44798
19302 32672
726 35790
32560 38884
598 40708
7999 18624
39799 47209
32967 38484
1810 43711
36643 40503
16564 33272
4231 17955
7982 38807
12988 38223
17296 44683
5489 6027
39114 45012
28154 43004
11679 13595
1278 2883
12647 20402
30970 31333
6547 21395
34085 35005
4770 39524
14017 17575
9871 22962
1613 9962
733 11081
8043 25096
30482 47235
33536 36668
41519 42293
3262 27461
1717 26500
14516 32198
1929 4691
1337 46658
9329 40291
9660 32726
23470 44147
286 29990
25483 29900
8026 26031
14359 28427
33764 47233
2240 43429
23574 24498
8325 35897
12445 41340
19190 41051
33241 41981
40061 43529
16400 38078
2985 43933
19238 30138
23334 39913
13012 46298
24425 27872
70 36350
3870 15050
7182 38484
12333 15650
30034 43042
17168 23290
9936 40487
11863 31916
2994 37229
13182 21230
11469 39344
1360 4897
10611 36088
30191 33018
11245 43773
31932 35611
3149 40900
7135 45619
6272 15416
31922 46385
16806 29855
3704 17740
9356 11107
7924 15685
8014 33106
25891 27735
720 7546
2459 15728
28781 28845
16335 20821
13908 24316
23513 24706
20868 29816
3988 21821
7265 29985
26193 33176
26724 45644
2107 18659
22396 32301
23634 42379
3940 4222
30420 41899
3171 45361
6696 47211
9436 22713
32293 34031
17883 39584
35253 47214
8694 13216
13463 16853
2296 31548
30651 33137
6882 18327
9057 42315
10707 38374
35944 46573
33440 45684
16077 20539
11976 22663
13596 33597
8982 20449
12665 36471
22525 35690
21675 43656
7766 36925
5188 40251
32707 34960
12832 46972
10273 46376
34979 37189
31837 39241
25161 26303
21547 34961
9760 44286
7012 34369
22652 43759
10246 46623
43582 46844
13508 43175
32701 41157
9490 12345
19499 30346
31147 35946
22115 45217
11217 24839
30480 38866
44471 46161
31162 32255
31793 43641
1864 36189
43 45910
10280 11868
39972 42762
299 43621
19668 40139
13485 39377
2717 16628
3902 27634
3745 29902
2104 9231
12661 45531
6089 32007
37033 37222
9892 10416
4870 44240
11150 44154
1957 32566
17951 42454
27956 33918
16007 17810
16209 39636
6985 39877
5937 33306
14684 20833
19482 29372
13302 14386
22793 36928
15746 26521
40153 46314
1659 34979
25358 32054
1040 45295
23540 35630
7512 18052
12977 47056
12061 13055
21121 24491
12033 12727
21335 22730
13024 35733
5227 19910
7172 40992
5592 14181
15942 38891
4907 45569
19050 43836
15279 25715
22364 27746
1910 21392
11496 37570
12157 30671
34983 42868
5660 24114
27629 34970
9878 21232
4184 30083
29106 32794
29597 41891
23568 45568
13386 38192
12247 27531
27823 36906
19915 34084
7433 8845
2758 14669
14735 15829
24644 45492
21158 36400
11463 20252
10800 40876
19188 27339
12930 38326
15946 33883
14022 42725
12969 31838
993 8457
19213 22673
344 5567
21531 42051
1077 32479
14831 42305
9636 45619
17350 21780
4941 29099
7821 27801
32036 38756
2291 20279
18056 32559
1770 37546
9244 41604
26935 32845
20063 23193
35196 43110
32022 33381
21523 25544
4228 21471
10953 31827
966 9643
5465 47162
26229 39220
14545 20377
8998 13440
5643 7275
32305 42714
1797 15398
20201 37837
3441 26726
2397 10475
26162 34965
5253 6339
10559 36976
6538 37174
45510 46067
14713 25064
30949 39181
24443 41930
40747 43376
12017 37002
24214 33210
37613 42845
13004 30273
11512 34800
13545 16856
25960 27287
5598 39181
18452 40614
2461 45549
8101 29265
624 10414
17309 37189
5941 33104
21080 36062
28203 40829
34856 45647
22665 25310
7545 22402
12683 28353
9635 46282
23579 32820
1607 25608
7268 21535
2650 23729
40018 47296
19336 22059
3020 22508
15212 17406
23347 41330
6273 15534
34749 44245
38889 39043
16116 21754
28555 33525
17660 36076
730 22302
10711 26012
7228 40603
6412 40983
22245 29046
29134 35861
8195 22110
30295 34203
13245 31624
866 24822
7288 35369
9063 11717
5306 20821
35761 40397
26725 27103
10604 32157
6997 44238
28933 38961
16351 47261
22626 36443
19190 37294
23875 36130
22605 33122
7368 24933
3791 16477
8654 36745
23056 45072
2850 5077
6270 40876
16328 47250
9462 22137
33415 39508
10090 23426
4445 11982
34504 41946
11925 32070
20324 39825
12254 14044
25106 27482
32344 35205
3311 41100
5176 45449
9539 39538
22071 43172
30166 45820
10426 38809
9578 26634
41751 44655
13321 14599
3736 46352
19820 42170
10558 27035
9826 31058
1485 9887
35040 36799
19544 44157
9963 21907
28372 36294
7391 10526
12242 36449
17918 32654
16507 31693
40968 46087
11828 30393
23720 35387
31335 40616
28909 37166
18880 25868
23282 41577
337 31378
19217 24699
26625 39249
8089 45738
34037 42429
8435 24683
34678 43923
26215 28239
4793 9416
15628 35107
1181 14737
23912 30080
40589 43408
3725 15210
4680 41969
46758 46901
8099 36253
8667 29355
1023 3948
13833 36600
9826 26870
3978 16033
9944 36917
174 8352
3700 42857
41040 43465
436 5319
367 9686
15805 24015
4883 20047
3821 15268
884 20004
17526 38973
9804 33123
31932 40848
538 22750
35050 37621
9069 34596
30434 44025
4660 36375
3642 22099
4163 23491
10455 19470
17973 35878
13051 22577
5977 25808
27320 38484
154 13311
40396 45591
4894 32233
34790 43709
23607 27134
19500 19644
11430 27606
8307 26702
12280 14944
19247 31249
30745 45206
14929 35590
7256 25495
3092 46518
2326 45295
25654 27151
2931 9417
6568 18678
39256 43753
6233 45749
8800 30368
30327 40879
19040 20948
6988 46217
32263 46572
10331 36507
29988 43291
2973 43951
3475 45101
22610 34999
28121 29447
33571 42867
3699 29533
19130 36275
23306 30538
21311 45556
1397 2929
44628 45747
22222 46379
40887 42552
1578 10854
12272 28958
27844 41597
7072 17406
10977 18723
36776 40955
24145 41257
20694 26524
11305 20282
24850 29934
37499 44733
6387 14270
7089 42835
19458 42533
3230 29031
23665 27973
1681 30580
33249 38628
32440 36015
3155 13581
5072 45447
750 5346
18140 22488
14252 44907
21388 23306
781 10294
29152 36737
17031 22057
28604 43513
12918 35498
27410 41089
20920 37201
8481 19768
9237 15550
41498 45284
7695 18270
12019 46174
19834 40137
10494 13600
9643 32453
11729 23969
6901 23135
11438 19067
6506 32405
7912 23408
6233 16031
26805 38656
10208 39809
12409 27111
13842 25387
8800 42529
26018 31860
5017 12505
5743 17335
38916 39227
22393 44301
17062 41126
18255 24666
12801 20926
2351 30509
14767 21917
1248 29893
35007 37387
11575 21408
21007 21870
16990 42189
5894 42764
10811 30057
7268 29321
2772 22056
28946 30579
21298 22958
23159 30571
15013 39477
20103 21063
12451 32948
9270 24492
28388 41548
17031 44822
30977 37822
12513 41181
23514 39780
6722 27468
4243 43605
20769 44686
32834 35113
29714 36170
12349 16614
7661 25586
26069 26267
587 39959
21120 40190
18762 22911
21975 47120
19936 25622
29686 41477
9658 11368
15972 19938
14941 25614
84 44219
1646 45349
6691 40024
30639 40055
29245 40953
34931 46736
3142 36999
9265 45035
27698 30497
12498 36685
30337 34240
38944 42698
1201 45083
17572 41897
15548 44843
20321 44280
5564 39172
2623 44698
15773 44961
8175 34451
3905 21867
8175 28035
309 41654
6599 10233
7060 36457
20132 45697
14420 32277
9375 32906
4435 31077
14467 44366
21255 30161
17662 46112
16073 23911
32354 37239
3276 35255
1834 26313
2556 25517
27352 44331
3925 39084
46982 47040
7113 33435
31877 41222
20217 33353
5775 37648
8578 30468
21814 42583
918 16636
28363 39881
6198 14561
12436 28771
19810 38075
33010 40145
26529 32401
10011 46679
25333 35758
6926 12267
29540 30997
7029 46919
21017 43363
5482 33989
9417 32327
13474 35758
22042 44288
6110 25452
16959 40461
16889 26890
22482 31728
1735 36641
8911 37070
9575 28190
30419 46807
16769 32608
3638 19755
40756 42393
13458 24271
39735 46313
9067 20994
14244 16320
19187 21830
27894 33902
38683 44696
13493 24265
2175 25959
38404 47001
35057 45423
26884 39112
9803 23479
17652 22496
491 14451
12745 39274
6614 13627
1928 26432
4921 10516
25391 31144
35725 46461
1428 22884
11443 27868
35668 43483
1327 27905
31535 32328
12318 29788
23446 31380
31725 38087
9407 41572
2987 11850
15063 44480
19402 46843
24006 39301
17669 39415
15456 37766
14452 16218
14757 28343
13400 13847
20433 35690
4041 33111
11808 14760
802 2019
1486 14729
4833 45354
40433 45257
1207 22484
43236 45459
11957 18266
4114 29425
18216 23719
19598 39211
19307 38473
14582 41524
30725 31533
15503 24376
19897 29644
44626 46482
15337 31254
5330 30295
543 35686
27750 28780
9960 43195
5391 25094
2306 21264
26228 39322
17246 36814
12377 29563
5112 41894
4365 45077
20955 25949
13251 42370
9309 42861
14161 38619
14418 18273
28455 37055
3493 35699
29054 33442
11628 28132
14671 41350
3524 30848
17629 45627
7408 39986
481 40261
14229 29139
17207 22714
23240 40656
39403 47347
10653 24291
10962 37878
22455 30523
11672 29343
6562 28823
34956 47144
20195 42826
1105 45723
8788 33151
12263 43582
12533 41191
2100 25868
10775 26351
28362 31764
25029 36500
5116 37640
32449 43705
15708 30392
4818 39703
4694 37947
28333 40633
8816 44217
9437 40363
9799 28701
33743 46518
20870 36175
20524 35538
14070 29617
1717 44947
20623 37237
12526 31510
10240 41626
9380 34352
11584 38921
5633 27205
972 18375
23329 23708
2293 20382
11280 41139
13646 41340
16502 39648
33429 43325
6294 34269
31770 42262
12296 37814
15592 40366
6769 36979
29826 38751
3793 9707
22911 27517
30233 35877
1139 29226
4320 22406
35164 36839
29221 42734
22638 32993
9322 43772
7767 20401
24160 40386
2327 15805
28553 29214
18518 39039
3846 9691
10445 38624
29173 40973
27981 39376
962 19915
12221 21024
4231 11222
21356 44685
27290 36984
26141 29607
2072 25085
9013 11122
35727 46751
16923 30794
22981 27855
4462 31507
5763 16832
30374 40030
11425 40688
9066 43186
9451 42997
20857 45122
787 29309
18699 45624
4022 11206
8782 37011
10791 42802
22347 31100
23795 40796
7912 40538
10532 47237
6681 18799
30635 32608
10501 36812
14624 20861
11213 30602
16106 34305
14931 25707
14009 17555
14097 44729
23555 39996
9789 24683
23524 34267
6669 36882
17741 26299
866 19402
35522 41377
8239 38839
16478 24270
30589 39029
3939 31708
22313 29395
26103 34926
672 4984
16357 35994
22746 25490
641 45298
960 46741
22836 25383
25261 39720
6923 42252
8874 29379
3312 6104
19654 46503
32780 42208
1658 44046
32584 38132
20447 39723
30808 45344
17987 24611
9943 20962
10544 45503
4503 9950
4971 43761
18257 47103
28905 29399
20129 29211
36601 43827
15165 29270
17486 30452
12100 37204
24112 46464
19720 29945
42226 42726
9062 36381
12249 27878
4256 13614
35629 47050
28835 33891
10501 21081
9932 11539
22699 33729
24193 45490
11363 27647
19654 44759
38458 45440
3456 45429
16734 38330
5107 13605
13017 42137
15379 47292
26978 29810
19925 29946
11323 13726
29451 42875
14998 41184
26608 27998
16388 17132
9674 16734
22627 41558
2563 46501
2438 28305
6052 14951
23368 44976
8790 33949
8452 37337
16860 29370
12219 37030
7566 36197
3045 23994
22564 42148
3475 8272
32357 32975
9372 22411
3660 40482
5443 28025
1227 30199
18800 46294
23575 24112
4313 26525
43295 44242
1493 8626
16707 34389
23472 29060
5376 46401
3042 27264
25391 44757
2175 14847
17051 21367
22759 37297
4156 4849
24602 31499
19922 19983
43609 47034
2931 43648
8030 14208
9695 26605
1437 41686
44478 46665
15807 34482
5359 38476
55 17711
9510 40788
8882 37055
4580 44373
37047 41930
4759 33004
13016 20704
19226 44200
26644 32111
43591 45300
17692 26624
29083 43902
27455 41186
18977 38211
14893 21845
2500 45882
11031 39069
13974 17374
9182 12033
42811 45310
12047 40440
6929 23063
4573 28276
25871 45343
8361 32980
5823 15733
11617 36133
13119 34014
27963 37024
5008 19721
31053 37256
8729 23203
28229 41115
6624 33919
28304 44672
5728 38477
27149 41422
7554 26656
21330 30579
31932 32879
2695 17841
17966 26580
1630 42592
13633 38557
32781 35076
39054 40427
19737 44099
11098 36857
1469 47370
10138 27659
20901 41204
24354 41488
24786 41899
34125 35754
25813 32317
3135 12636
5240 24551
5120 7453
8875 37149
22477 36755
8410 15852
374 33224
34623 42797
16990 17037
10248 28177
22901 27634
16817 25188
20179 26108
10585 24564
966 44655
2154 13299
3971 6842
1836 37341
15951 40730
36088 37763
20440 26822
32120 44203
321 31304
18230 41686
13363 32788
1803 31916
41725 42149
13950 33487
6854 36959
11148 44275
11664 41159
30735 35014
9229 46291
20463 37544
2250 15639
34871 39492
22333 35821
23713 45605
22156 38403
12329 38543
7013 25877
12357 17179
13842 15645
12662 40446
43353 45969
19816 25278
40424 44150
14563 25958
553 33882
5546 30619
28729 30810
29960 46887
34882 40940
36432 40555
33194 35729
16123 20030
9191 15797
3140 45544
11831 25592
7223 33392
26170 31907
40722 41713
825 45308
11942 32778
7767 9878
14752 19599
28433 38746
20861 30211
138 31546
36459 39345
18911 37078
13941 18633
20886 37623
26257 44334
9422 20998
23485 33831
10345 36730
14523 17268
683 9388
11297 17929
7174 45177
15618 16488
1160 16897
5445 35239
22102 32639
520 5425
11968 44148
11008 39676
30421 33460
30761 35780
32523 32834
32337 34364
2830 33960
22265 37891
1268 13582
22628 23421
12812 21276
27694 41574
3513 40783
28210 42622
12219 30561
14 8074
1599 24649
3338 5504
9676 11250
29534 33034
17159 44633
20272 26567
4591 31139
19662 45482
30785 38594
9488 9859
22963 38929
3051 34844
26972 30800
7308 19647
15841 45152
39873 45820
10630 39827
396 41895
712 38159
8289 38932
15968 41702
16925 23245
8939 46396
20811 38872
18039 41955
5563 39916
3155 24994
21089 28236
3590 5674
9015 39975
6345 38639
5938 42422
19772 37490
2600 8907
10766 34396
989 12022
6524 14438
10695 38128
16263 30858
5966 9946
10790 43091
11205 36917
6444 20309
20250 38404
6264 22593
15599 35954
7610 38620
1167 14364
12785 41255
13450 19014
13704 26478
7216 13591
24759 30975
30906 44323
4368 35523
15510 39265
30023 43481
23341 27345
6419 13432
33383 36404
42245 46135
27934 33008
40273 46827
19585 39303
5230 6656
20326 46885
3676 41796
17677 18288
24572 35471
797 35368
31996 40166
5308 34805
38124 43850
17644 38527
25860 26418
26463 45178
7970 37219
4474 29883
25888 29405
31558 47295
17448 25756
34754 45671
2347 45721
6617 21152
38825 40672
6740 28133
15089 19586
9490 25291
8835 32944
25457 35985
7683 40545
7353 16467
16140 45272
33081 42431
14071 30570
9934 26621
9876 14373
9570 45592
2882 22444
32629 44377
4261 32003
10131 35429
8557 29566
11630 19241
1640 30529
23095 43638
14105 37105
5735 21420
32596 33125
17892 30095
15464 39404
13529 45805
15689 29134
18110 25070
11170 41887
1074 28805
7473 23715
12324 34332
5346 23530
19792 21606
10051 26216
554 27988
14568 17739
3065 32485
3274 13411
8084 8943
13811 25115
45513 46749
20039 21833
865 19929
2092 38516
19946 42021
18331 28987
33327 36555
2099 24411
2973 21003
5960 19794
13441 20859
26277 44344
29792 41342
16380 43553
18680 39694
900 33886
23424 27059
6918 44380
16792 41777
19005 24178
7325 16596
12149 30520
11160 21146
8221 21083
33344 33876
10808 24636
18511 21576
13697 16476
22781 26054
30955 31247
25222 34508
17011 38293
4496 17078
17762 46563
32706 32838
923 35159
153 11563
17397 39268
12391 24576
9714 39008
4038 23555
26937 30403
29436 31857
15076 28637
37909 43533
25387 27755
4295 13008
17140 32637
26145 37004
6249 23064
20856 35021
10185 26700
31773 43371
11430 32095
13371 26640
8450 36195
30306 40758
9921 28347
26285 33042
2667 24063
11206 21275
6275 14836
45274 45554
16351 40475
18230 22064
18077 37283
758 26208
4879 20764
9422 37644
8701 44300
20776 41831
2557 3896
6199 37822
26540 37883
10293 21695
24401 25603
23166 23370
2826 45411
13121 24371
18387 39202
16278 19409
36829 45129
42789 43567
560 14300
2223 5713
31964 46857
38690 39910
10866 38711
2154 2321
13067 19597
8758 36324
43649 45364
18438 30472
20237 28317
21219 30858
2624 29038
43473 43603
2586 26302
5872 19276
21759 37403
14973 35439
6850 34907
4916 39089
34864 36203
31104 45036
33444 46268
21046 35252
60 35453
12828 37866
1042 44410
38653 43761
25889 29978
10225 24920
146 14259
3518 23249
31255 36345
9525 43942
15177 44479
14450 21519
7001 32043
10981 18258
3284 35096
26231 43678
1294 10107
3678 28607
23333 41172
18175 36262
26043 30795
22360 46264
34674 42091
62 23606
18157 22070
59 7093
1402 25855
40157 42627
4371 33674
2714 26056
1698 47316
29206 43556
1942 37096
900 15256
16772 23461
22313 26419
575 34155
13892 36810
35776 37759
12371 36435
18462 27028
12423 19629
15876 26329
1797 39566
14803 27807
25829 46650
1859 12336
7743 11496
11458 43271
7225 38860
13953 32740
15821 37360
7079 24513
13317 42887
7061 44121
1037 46644
28422 34183
4617 12738
1993 9303
31905 44667
2358 42235
6391 33938
17538 45194
18027 41221
34852 47065
36817 42196
567 17833
41335 42612
14838 28151
5543 41950
39653 44763
25775 32427
13489 15236
28820 41776
17414 43623
5287 14411
1035 21092
34926 37565
16747 19216
25459 31632
8331 12955
8349 39390
31249 47372
26562 42047
22311 22535
37272 47098
5866 8052
24643 31231
30398 38871
31115 41895
21891 30994
9628 31722
9264 15230
7627 23540
16496 34250
20648 28119
10613 25112
18385 46540
23010 32493
8787 46540
7925 23355
10775 46758
10463 13460
30054 33934
36967 46061
33348 46239
29064 37167
21468 23320
10348 12921
28728 34966
11161 32457
10181 45238
18589 21056
34137 35553
4515 9562
9368 31394
31769 42661
26130 40831
7702 25942
11478 31575
13609 45465
2844 22233
9444 18557
12981 26648
18580 20943
14912 41416
29382 40078
8643 24695
22988 43822
27370 46821
8941 38847
22049 22669
20555 23336
336 41954
13013 41805
10232 15755
29007 38861
19173 19363
34399 39471
10495 33104
5608 26213
8689 36717
8274 34223
27540 41351
11402 21915
5410 31301
15085 25105
19458 32714
36484 46950
1042 44223
5660 46001
18446 28052
1779 8272
35029 40964
26596 46622
12900 46600
1062 19211
12874 45379
6708 30291
2986 36006
12143 38515
31050 40075
24353 46262
24723 45041
5540 16256
25678 32173
18618 40028
40504 46685
20156 20570
23052 32048
22864 38413
7482 40423
4302 9938
24098 26680
21979 46358
34503 42961
3125 25588
24814 38901
329 28085
26685 40032
8447 24486
23164 26223
27835 43877
39940 45946
7211 17864
12214 20207
77 21044
13054 39846
14387 43368
3794 34206
38167 45535
24442 40611
26161 33057
23971 28948
9765 11111
20323 34050
3972 34478
1135 14720
42534 46913
2018 4450
478 41740
242 42961
12266 27163
8026 28751
21265 29995
16532 26015
471 43952
19136 30703
20510 38198
32084 38187
26857 37082
8971 9910
44034 44317
6568 7383
9352 38834
2153 31039
37543 37548
542 44542
38112 41640
18838 31396
3577 25065
13018 20917
11727 33836
27492 46116
39844 44679
22176 27034
6661 23008
19622 26782
5173 16165
22325 22404
11317 18662
11571 26126
12937 29596
22446 43110
7988 37103
16099 24978
19797 34892
12849 37296
4341 36953
835 17595
505 45010
8196 42879
1749 40381
84 21568
6895 38114
1341 13202
6876 16372
20674 43274
18047 25016
32912 36073
40030 40496
13951 38626
39084 43247
22242 25910
12981 45709
15852 17530
5015 13081
1645 37183
3623 6700
4937 17362
10734 28611
37113 38098
41710 45415
29816 33178
30463 31299
100 26773
8003 16419
38146 47020
16938 47374
950 14111
30418 46051
18707 19935
14218 18567
6066 13133
9520 35519
5198 26909
32288 35468
5669 25740
721 11026
29565 40133
18004 29991
10714 26050
27155 37381
1695 38000
24785 37246
25931 36246
6747 20822
14675 22576
582 21420
41704 44445
8984 30412
870 14882
14770 16397
13263 15728
11079 21425
21710 28627
11425 19618
3628 35286
6695 19319
20786 23812
12219 22108
36905 38310
37218 37309
33664 39602
2198 41630
9652 25034
10080 36623
24176 45624
4712 27177
11221 20727
19075 29914
5000 40641
12914 24969
20088 28735
23023 33560
3889 24107
5633 28661
30510 41987
32101 41603
12332 23274
1057 25604
12202 46613
10093 26066
35078 45341
16567 30949
1940 25133
33046 33150
2585 46748
22412 31312
17149 24134
32434 35777
6799 31669
25183 35174
4657 23282
6219 30828
10538 16509
38649 40369
9628 38919
1622 4263
7890 37563
5176 8571
28686 40648
25661 45537
26227 41976
6463 30407
1287 2472
3870 28537
5763 17938
23619 40737
7435 9814
2483 44377
12079 37888
2774 36447
31247 44673
12874 14185
39946 43106
16536 34056
22560 33253
31943 45874
34214 38833
4987 26203
32462 36081
20205 30208
1577 8061
27216 28318
37628 43326
8863 14512
30097 36290
21149 25287
14961 41739
6689 18453
15644 28183
14596 31438
42967 44083
8402 10138
19292 25902
23008 35456
19291 45679
29298 40222
18076 39934
17648 46812
28416 29402
21459 46804
3631 35852
3210 18826
15580 30992
6598 46042
5387 33061
22049 37221
10806 13425
24031 30077
10416 31929
38937 40381
9297 21920
1592 21901
13116 32915
12980 35498
3306 38886
6104 30608
16114 26388
25611 27999
5675 19356
8326 24614
3095 16193
5509 21538
31323 38386
5068 13659
26720 43332
2960 13524
25927 30864
3353 28502
3508 18991
2868 20351
12563 23667
4620 6329
27674 37409
20663 32883
3031 19591
5374 20532
21253 27464
6795 23709
28184 46556
35992 45764
11468 14806
20665 43509
10122 25574
12040 24831
36736 46447
8619 21052
6364 47285
5457 12838
6301 29967
40930 46177
9928 12876
14839 27708
30841 45593
17708 38329
15274 25192
23060 38382
24648 37727
2221 15413
1618 32116
19276 33797
5757 42527
14066 26445
8141 9534
3264 25023
44868 45348
11512 30165
5047 12566
2056 33281
8512 24753
39825 44360
33634 45989
12825 15315
1344 40400
20712 46307
14271 32512
39337 44771
6781 26231
46252 47145
3518 4379
32434 46194
33129 46985
11653 39445
9027 31211
11234 28881
31416 34547
32130 33136
21026 29097
35236 39728
10099 24785
31173 44588
26929 30219
14551 32687
7092 32135
30791 35626
701 41812
4004 6874
3615 12017
1039 3900
2066 7150
12698 30792
37556 44068
12754 36551
30963 40055
23549 29632
72 7494
3907 15050
26151 34247
25548 44534
7116 30435
34240 41022
30222 45655
13817 25875
3987 21580
3333 16626
21477 47062
23735 30926
21797 44034
27653 45310
13645 25768
4953 12284
43021 45876
5015 6746
35099 47320
35881 37907
10269 22671
20675 20895
28030 29203
25194 37189
15440 38396
29496 46086
12150 24520
35419 44642
14339 35382
12733 45257
16784 27740
16999 29614
14793 35552
35090 43420
2072 43508
14235 30306
4561 19199
1819 32482
1106 36747
23570 33087
7561 9335
6474 40743
39211 41359
9099 9879
845 19444
6028 38936
25925 33853
8462 43967
7179 14868
35832 44407
8842 24186
42565 44266
26223 43494
2566 16093
17463 42149
23733 23817
16738 28095
27056 30636
23034 44195
25465 27987
17081 17322
42871 45662
9509 35360
8393 23959
13236 27545
6523 12096
20751 33856
36492 45742
16824 40297
16787 17784
2694 12464
17164 43371
8737 31316
11584 34042
11482 46597
11361 13059
12735 26970
27545 41538
21252 45334
6420 28563
22593 31778
4986 34758
13442 47019
26176 44186
2655 20056
18289 36017
33896 46957
2486 21001
16615 25786
3128 45351
13487 16402
7752 23000
29336 34045
42951 44436
26888 34219
17738 24021
10298 29935
31326 47141
11779 39771
1707 8589
16174 28645
20575 31886
4545 24061
20697 26399
31370 41182
4322 11157
12386 17710
9840 43205
13478 26273
34514 44094
16927 36237
17387 46021
34703 38139
6730 30428
2638 41528
17169 25382
32397 46125
389 33052
7293 43373
3027 8277
32482 39258
5211 21239
15887 28214
29141 47294
7481 39637
498 24327
10210 30064
12073 23198
14108 34374
23358 33664
6465 25407
16010 41796
10020 14102
43525 45623
24678 29030
23584 23804
15873 41498
25076 44352
2428 11516
7106 9373
26174 38208
11537 33956
20492 39714
26487 27593
8480 45915
19317 24700
9704 18942
15018 39671
2631 7122
13607 34738
13930 44059
12983 14909
20018 24747
16668 26281
20305 29126
1694 12810
77 9529
19325 33047
26866 38327
2211 45759
5780 13946
21170 24851
30806 39638
35290 38972
1363 47355
22661 27269
8904 39803
7653 43261
17161 40335
18213 23458
25064 29200
21358 22054
18040 38964
30495 40126
16022 18535
24161 43921
2556 31807
8382 27047
25528 37413
38969 42578
28294 47347
3 30467
5857 10759
11657 38521
28355 38174
27147 46432
31502 31770
17456 43235
533 21772
5954 23874
2904 47392
4363 46889
13974 43152
7070 42630
20523 40450
24241 40251
31402 34922
2070 25474
6927 29520
26749 27673
27172 32502
932 16943
4398 24602
2992 21733
31279 43375
11631 27285
37171 45062
23611 46621
7406 21237
1901 5666
7366 24090
4294 31045
12026 35139
8384 13456
21814 28820
10849 25714
1453 18493
23020 27871
26127 33934
35784 39210
15686 43071
31006 33767
15830 43759
27757 39140
17573 36599
17344 43909
37605 45704
11926 28492
9856 31093
5235 16966
8734 34399
40173 46763
40082 40983
25223 37850
11367 36607
5171 42056
7789 20601
34763 44261
33202 46739
17545 40408
30025 45572
18410 32750
14867 23124
11768 25058
2219 21759
1143 25972
13328 23109
39846 44274
4499 31985
21684 25340
7772 39249
12161 43419
22686 30977
1413 47151
21866 26485
27934 32370
3696 34263
10983 21691
17294 25082
7492 12255
14685 26651
38144 42733
6229 43437
25911 31784
24163 28020
12110 36664
43812 47186
33824 42305
25035 44164
19080 38156
7982 42068
6968 11696
5610 23393
9144 20633
18823 33804
13258 39093
31895 43044
19622 43054
9901 36073
13133 18453
8832 41457
16682 24861
1635 18459
27301 41101
26604 34757
5256 11911
17914 40759
29888 31822
8627 10850
2130 12961
1718 20564
1144 32343
10643 37999
14678 27119
21178 39077
11586 28534
3851 45080
23070 35423
38410 42801
24173 29623
33709 43240
2910 17438
3255 30682
885 44133
2312 25625
1790 2131
4634 23245
6500 44034
16022 37596
13771 41317
38788 46544
16072 32987
13502 19989
14246 23116
4691 34332
7488 34497
19146 39287
29039 34482
8714 24566
20266 24042
10474 16821
29448 30745
16808 35657
32291 42589
2748 19897
19456 21958
19503 40463
5845 37515
31432 36479
4724 18600
6128 11974
16953 29595
26770 40256
12065 40007
22456 33227
19422 42726
9979 18720
6449 28769
19265 36326
16421 37089
15058 20304
2557 6157
7295 14453
4935 39172
1158 42174
30392 44671
35189 37524
4701 21972
41496 41705
15315 16927
3226 19498
18736 36921
110 44648
10457 35849
43194 44601
6242 19966
7866 21974
2350 10186
3356 10869
36957 44542
7220 12185
22420 38242
18609 31834
8902 23997
22121 35731
737 1362
3746 34409
17531 39384
10895 33981
10535 24778
16783 44594
24543 37904
15995 47022
21948 41815
617 28772
28651 46750
32075 41378
5776 6553
18223 35181
12590 22808
11310 18358
13182 17270
17856 31223
8321 16488
22676 37831
6082 17590
23761 41251
10930 22274
24551 30036
30502 45724
12717 35600
2836 22480
29270 36592
12149 23250
4480 12308
40251 42860
30657 37344
19640 34802
17871 38297
32802 34136
16280 25849
1116 31694
1960 10916
2099 12014
18618 43415
19983 26281
36281 45440
910 28593
6596 44764
10267 17392
11692 35964
1762 6178
28958 36855
43494 45936
13217 37212
17965 19623
38454 44657
19526 39776
36932 47063
1526 43993
1888 15335
17052 23453
5035 28344
29477 35326
37033 41638
15553 20393
19738 37565
20507 36615
3335 8032
4747 11847
3824 22718
97 32253
491 27454
12057 39071
3805 38691
10293 45916
17852 30834
10534 35425
1650 5721
2540 37747
690 4659
14793 15393
43625 45429
832 34513
22379 45676
3350 37737
16702 20953
6737 42097
36788 44816
15637 45704
3660 44544
7806 18219
34064 42463
11297 18795
17810 37374
14435 15281
24802 35242
13256 22779
20514 27182
254 30493
21891 47026
30319 39526
15928 30577
18860 27217
19952 31616
5472 25096
7743 20307
23212 37921
16826 20615
8927 15627
6610 40982
20578 25662
10396 11116
1414 6918
219 25961
545 4254
527 17446
874 28107
38170 45382
34954 47293
13635 22933
8579 37925
22020 38926
24071 36083
22637 40026
12408 47356
34404 41376
21718 39527
14761 46541
44904 46405
10389 45758
6295 24732
2487 22005
36827 43774
6691 36975
33888 38049
10368 29605
28466 35722
4860 22596
8549 16741
9507 29276
30102 30385
28770 36887
9130 27074
17731 23444
12483 25434
16724 27262
7536 45819
42164 45589
18570 37196
4524 21334
24635 26568
12111 22795
15044 42291
5506 8599
1470 24704
17799 43176
28595 46281
8759 38808
6606 39654
135 36762
5722 35958
24387 30788
14363 21554
361 11626
24881 44128
6687 16049
21463 25371
21430 29395
18257 31380
1613 15748
19652 35780
34786 38394
15569 32848
30372 35857
21424 28826
15747 37092
7002 18312
12056 38148
41247 46425
3544 4852
11668 14654
43029 46575
35092 43015
16270 38530
5058 11603
6008 28192
23583 38698
33665 42460
25676 45126
11874 38292
27943 29106
6823 8339
2440 28335
6890 16916
2747 9769
1715 36912
10523 24715
33360 37101
7620 34697
13673 31414
6299 19858
29840 45394
3329 15786
29324 31514
10649 24073
9548 17868
9126 33451
26918 31914
3078 20082
12462 29952
11449 22436
23363 44185
8324 29565
10225 23745
22878 23202
25990 29609
26475 31344
26008 45464
12764 19902
31581 38538
15112 25159
7560 38968
16203 20288
5414 32125
5879 17178
31315 34632
4930 33244
18498 40436
25110 31667
16526 28296
38220 46117
1270 7757
17762 38301
23311 33041
26884 46451
793 8357
8244 25987
19976 34698
4279 33664
40035 43906
3871 24979
13030 21899
21008 42429
7353 10917
21615 45093
29848 36371
21193 35012
2417 20349
19441 31506
11748 36974
25798 35050
23683 40352
30305 45857
21654 42954
12158 38535
842 30476
33971 40772
19642 30449
25789 43043
18257 20321
10355 44863
2325 3205
15135 29441
14126 28460
21134 26861
31119 46720
16885 43639
13145 23111
25645 44203
35477 39711
22213 31964
3914 6343
30488 33267
2249 16577
16071 37649
1459 44007
38970 46160
8451 35459
8865 9435
6973 33276
20540 24028
17525 33769
26599 34523
5877 12139
30108 31706
30140 46705
12396 43560
15309 31068
3353 25123
30074 44365
23616 46404
33595 47035
6754 14105
30025 37306
9645 26929
35537 45188
33188 39706
19854 34438
22480 44335
35009 46200
32619 42969
10589 36533
20536 27827
14477 29575
1179 11886
15249 25890
25658 30801
9649 13465
1143 28444
24193 37151
3387 12410
28666 46684
14848 39317
14072 26264
36449 43361
573 42062
870 8283
11868 36220
3095 21808
7621 43245
11563 29168
1765 2719
27973 29320
7782 26574
6754 16683
615 12086
27596 30501
4275 36792
4271 35330
14863 19946
7847 46567
7520 46172
21576 32951
9041 33715
2458 3063
17000 19506
12593 22866
12022 13251
1646 22783
5021 42624
1450 12483
1364 11019
32997 36458
16852 18295
17554 46860
19392 30138
32797 35646
23740 27891
42113 44793
35136 46267
36018 44440
7384 35522
12345 16506
16293 33765
28980 38468
17968 40434
30764 42451
4571 5770
23447 45924
17013 23474
27087 27375
22625 26110
10505 33532
5672 19522
18778 40424
34241 37844
22501 40569
15722 43748
10915 32649
1364 28523
22933 27394
34849 43362
5932 27740
18108 30241
36003 47141
1394 37033
1501 26542
8947 27798
44882 46673
30333 34886
37456 39653
8413 34280
19576 28511
25460 31835
33324 42464
13543 31480
6500 8949
27700 31897
6166 13799
24114 42603
14116 26646
14160 30136
13182 41300
32162 36545
21405 36586
1325 45160
21380 45389
15088 39796
6784 16063
5635 11130
48 15906
8782 32807
961 9982
24139 34904
3298 23186
30250 41425
1715 15517
31327 33650
1078 22810
35592 36064
7681 33957
31966 45651
3931 6325
35202 47398
3088 40345
4044 5448
12955 40735
36363 45740
8982 31525
21873 23980
17562 27048
26580 34094
19893 36273
31980 32875
33726 35812
5476 40655
258 24360
17852 30944
6850 35318
4413 46793
26540 38078
13348 47203
28379 37796
14521 46306
22159 38687
2791 36163
31714 34826
6568 26745
5251 38443
6274 9494
28817 42344
15164 43150
19703 34055
19185 29928
3929 23941
10899 22050
23997 32703
16194 31395
27818 37355
493 45703
28609 36164
39437 41436
3189 11484
4446 24810
21099 37552
22326 27092
31461 46781
3585 30897
13450 43292
32760 35443
728 38780
16719 28183
32888 44488
3276 23911
2856 23325
17958 33009
8433 29350
21762 34082
2673 11540
14950 30897
12380 20343
25724 30271
8497 36690
15458 43381
26732 28583
10897 36475
23454 29054
12226 17432
18082 28507
20873 30392
129 37266
29850 42325
17808 44742
2889 27006
12142 29223
27974 30647
30101 47047
42071 46474
11318 31405
17907 40934
9101 9635
12373 20461
947 42035
23392 42297
31236 36998
14724 22983
8765 39487
1606 25641
5697 40734
4883 38531
4675 35384
22765 26334
8032 22374
15136 22927
17338 45328
13046 25815
1828 19045
3345 24374
12127 21344
17155 43931
13177 38541
5560 34205
35107 41363
5513 32669
609 40885
10721 34690
26237 33434
2395 32109
8201 8947
14241 36950
4361 5773
32014 34417
29927 35351
2464 46209
22275 37410
8510 45919
19584 31999
1718 20755
16040 19519
4062 38136
22495 23598
5043 21793
20403 45099
31912 43939
2454 36072
4282 18662
36787 47036
8538 29658
21371 36630
4089 11851
29149 45795
36181 44782
12962 36266
8754 21554
26707 44286
5857 44348
39023 44912
7331 17550
32560 41881
18644 44559
20668 36887
5071 37023
7799 36085
27921 27922
7006 8341
17294 32173
5455 15671
2818 41610
14138 20741
16534 31896
31222 44781
6812 8475
38599 47186
26564 33024
1690 14519
24495 36981
32893 39438
4932 33050
8705 36722
216 22069
9440 26554
22669 39942
15912 17216
24086 26381
24151 38110
21362 28192
9455 34941
13200 36565
7033 36336
30417 32087
3993 14721
38403 44399
7629 34869
13075 19308
3227 41791
4484 10794
3311 36766
34071 37730
32785 44577
33336 35820
31013 37975
2040 37505
26056 30315
9038 24830
12535 37464
15506 42700
8910 25584
14887 18519
24392 36987
30862 32329
13054 16337
13897 15336
29592 41372
26902 35597
30964 39372
40076 40418
8246 42169
8378 46260
3178 41848
18481 34849
39862 47255
21226 39742
1949 33953
8565 9842
6643 35726
10530 32330
15776 27261
17547 46470
25 10715
36215 39908
12279 26116
39303 43477
16572 46793
23334 41755
30634 43940
467 37074
22951 43680
31980 40527
30994 37278
625 16722
18826 25970
31915 43515
13248 37655
5030 5560
12189 28451
6919 22546
20612 40764
37257 39093
14756 20240
15108 31245
19088 23876
29338 44972
37024 38333
30681 37878
7212 37293
4818 18105
40682 47128
17484 39489
3811 11535
34443 34945
16275 28274
23390 45955
2896 5493
27836 31411
16047 21442
3782 43035
6429 15340
14057 27944
29965 35806
20562 33830
34851 38338
12796 42203
12753 41567
12948 33929
20411 35354
17218 20657
30926 42381
13965 22878
17352 33654
14221 28725
11104 42885
8977 11209
13647 40504
32121 33137
21521 24494
2702 30860
25054 28679
87 16399
3920 16150
23165 41649
11569 33041
7318 20699
23160 28473
18127 34589
12580 34068
12472 22457
8936 24390
37077 37539
15676 43914
5112 31518
5161 11223
14750 40716
1718 6931
20291 22763
6967 9515
4760 31066
18216 37263
33386 39534
23283 31697
12980 38324
19368 39461
13622 20795
26257 34198
8249 9315
11758 21020
10216 23740
15096 46429
21922 36680
2875 40213
3959 33417
9075 9808
7348 29744
34320 44663
18539 35822
42730 46191
4914 32822
2392 23248
6134 17219
10782 39585
15373 23702
1411 42974
10367 37091
2107 24018
5794 21500
9062 37280
14783 38920
11290 39991
6601 41945
17844 27834
9538 34765
1235 26718
27256 41415
23242 29952
872 45325
2826 13502
13470 42631
18015 47314
3217 35789
29872 38758
17988 21547
2532 22854
16548 47175
16993 19710
23011 36620
13925 17547
32971 33037
13100 31959
29158 37136
27232 40425
18435 36007
6178 26162
7712 42048
9260 15953
15873 26068
28531 29841
13622 27345
28470 35981
26154 28727
7773 37039
10901 20005
10544 30321
7841 32255
21376 45915
12610 30230
2521 11711
7627 25321
22250 27231
8565 10594
31745 38595
28952 47217
8668 34858
14325 32541
31718 41121
2284 36092
23289 27273
40867 43712
12396 21791
19444 24664
18590 38338
7721 35694
14710 27629
12893 31642
18183 33261
15905 30463
4922 5840
10796 46383
29488 33991
2312 10382
4481 20592
6407 45596
18764 46223
1299 31159
32573 38760
7647 44231
24765 38054
269 284
19907 47177
4947 40020
9883 40387
23606 43730
8714 12356
23092 24261
21120 28151
8992 47009
1281 26796
37 12177
2961 31365
7413 27189
5766 34057
5177 40832
26983 45308
7111 21374
25102 44398
20477 45613
10247 25923
2777 35570
23238 31791
8133 28417
16443 28021
25570 37269
1094 44474
9881 28956
8409 36579
30873 33673
14889 32609
7112 22888
15856 18812
4308 7966
28935 29223
12692 14689
6400 40587
17695 20250
112 19652
12370 45937
24533 43315
18789 19060
31973 37401
22664 37504
2306 23533
9423 26011
17931 30326
32237 43863
5916 33600
270 5716
19398 34602
815 5250
34932 46195
18138 34002
2694 30216
1047 31422
4950 40802
39602 40966
25550 46227
11295 32443
9620 12942
1172 40169
2496 20782
15407 45380
19246 26452
37502 43543
14913 24843
12282 29097
2401 20895
3688 16902
2811 28872
26513 46432
23198 30806
1639 27927
2311 42320
31814 32402
1566 30832
15716 23854
15722 18946
18281 43863
4102 5780
5785 26862
22335 24365
26952 41002
4716 26769
21245 33783
13483 33230
31726 33844
28243 41265
4104 25424
1417 4671
2502 45806
31912 39861
37306 41860
18560 44567
6536 16042
25527 32579
12302 38558
23851 32101
15355 22693
5977 41153
14014 14557
35274 35304
27829 29732
11344 37542
16248 29326
7726 22669
40521 43669
11762 31639
9802 33846
18735 33429
12742 35073
21069 40508
1699 30556
19116 34060
4436 29172
9233 17861
1020 36125
5650 8836
12447 29648
7461 21058
12453 40016
1132 25197
32783 45580
13023 17915
18748 39676
24686 33437
9240 36186
1040 25608
41292 47087
18849 38038
7121 12507
285 11180
23012 42619
21440 23805
3715 13732
11972 46509
7589 18210
14842 30937
25897 46768
37208 43149
672 31978
11596 25469
20879 45056
38862 44807
23350 23551
22549 36105
8534 11420
28791 39891
23648 35259
16313 40435
25286 30557
30167 31217
608 22544
18608 33788
21395 40627
746 42665
18062 34783
2431 12115
10023 16394
17361 29451
2761 8085
10948 32199
4431 14410
29597 44835
3737 29305
29693 42099
8801 9670
28035 47088
547 44118
18999 27378
7774 19437
30161 41386
11572 29555
2857 27391
251 4348
16696 45434
2231 13373
4287 4458
15797 19738
18488 19699
10678 19664
2975 14056
11973 20450
13735 42579
30196 38347
12491 27960
27733 42185
1022 39284
8038 17389
35380 42199
15477 22362
22431 32046
944 40155
18679 35078
3776 15623
25841 43745
5089 45096
7487 45744
6860 19982
5145 5778
30668 45108
16321 30072
17571 41473
11619 46316
40669 46252
18006 34985
22412 38570
31255 45807
14581 46548
35396 39295
30289 45462
16062 30720
2807 26499
29836 46648
27367 46534
20589 24274
38083 40076
31759 44559
9356 36629
19462 41731
8772 43748
9257 38313
6233 21927
31795 35356
36896 40486
6817 43855
26662 40302
15224 31314
3600 12522
14435 38213
36907 45748
14371 40672
5801 31315
31601 41906
35436 38320
21831 44832
14395 28988
2574 7430
16264 17995
25301 44531
4986 41719
13736 20684
44071 45793
4907 42365
6045 19782
33902 40342
1042 21576
9943 34453
1661 33110
3518 20602
30084 37085
16462 33040
10826 18706
14988 47006
15176 31027
22003 37718
43504 44756
12156 21176
17584 28421
5554 15357
8712 36661
2286 24652
5571 8356
16873 18237
18154 36121
7305 7526
29241 29576
4235 4536
13547 36195
23817 37756
9089 33386
13482 22214
29381 41664
27149 41463
36796 43799
18485 46434
24334 24662
28230 39287
5083 46889
23235 28891
24142 44090
608 9175
31403 33515
6442 17108
29771 46141
28808 42152
1970 4767
15303 45862
6809 24449
3880 35462
40395 46510
1398 14175
16719 31891
27386 28170
26878 40037
2556 33157
10978 29784
6647 35418
2355 11933
8427 12864
44272 45809
38472 43122
14427 38994
27426 39088
15608 17801
4687 44795
26145 43835
109 43355
26024 45760
25570 39928
11377 43264
1674 10259
19610 26406
25891 39754
5023 11883
15422 46843
3222 28672
11013 22049
18633 19486
16411 28863
29446 32586
3101 17765
2344 22512
10723 20001
15013 39441
22917 44773
22933 25304
16713 22031
28607 35988
13958 22277
5251 45668
33198 41016
23264 26572
17266 30316
35935 41884
24522 46724
42020 47184
4741 39904
31176 40655
5869 6053
15245 28083
3804 8998
33078 37689
25789 40766
6510 37348
30706 47307
5761 9903
23803 31926
26721 28668
15769 30685
14282 39528
21861 41128
14080 15450
10616 12533
16586 22047
3112 29042
20009 36452
18413 23660
14204 27005
7011 10165
28121 34351
31128 44906
39172 46865
2472 44897
21156 27726
4853 33298
26873 28658
16453 31502
3126 21743
20828 40692
29242 32540
8720 43021
22726 30437
4696 39730
13386 43527
41832 46732
1290 44927
1776 24633
24987 45339
36545 44041
4939 26841
7888 21176
1103 35652
3940 37128
30745 37412
21884 40334
1357 2176
9412 20509
19870 39834
11622 28276
5952 41877
27513 30307
8981 21454
14864 19480
25861 27005
28077 29891
306 21348
19733 21254
7160 38530
17923 41687
6350 13815
2997 39776
43387 45913
13527 21262
2318 43625
23505 39950
13145 46043
8753 22916
13441 23181
17629 18959
16468 44002
27201 36205
10526 21260
3639 5658
13441 39396
8309 22121
6799 32458
10657 20962
1094 46812
40235 46092
3114 35988
10995 14541
8552 37505
21776 44133
19814 21192
3308 23961
4023 42400
3919 15447
10815 41900
1984 21656
26507 29758
7223 19580
5868 40620
29259 39794
31901 46252
8668 10511
266 46027
445 37856
6152 37346
16470 42893
27062 38089
3621 26528
12230 35813
7608 42961
16213 32125
38855 40071
9341 22281
530 5133
5294 43889
27826 42807
18920 44081
12063 14358
14443 41784
29460 43059
11057 29890
35798 46553
40808 42705
6285 19539
12961 35106
11028 13095
21462 42414
14072 43719
11814 43051
28057 28568
35451 36050
5238 29031
205 31737
15596 45496
23078 24532
34450 41568
22048 39478
240 22309
9616 45093
19782 21199
26768 44916
37079 46286
5774 28260
39083 45317
5745 10526
11605 44755
10516 41593
7651 33343
21349 31748
4414 13466
3867 42344
8874 38979
29499 32383
2241 8210
3273 35189
8528 25510
4876 8801
3638 27208
13373 27479
12109 46917
33861 39079
30878 41161
24645 30513
22793 40921
37889 43243
25896 45522
5015 44019
3504 16813
8832 10056
21377 39027
14145 36976
19561 40986
6722 42305
17711 45805
31887 40048
21711 41532
36530 45266
6234 11225
4548 39830
10932 28982
14109 47118
1164 26319
19991 43199
24664 34296
30118 42762
19005 24674
8777 41274
21988 25975
4227 33214
20964 38457
22927 27099
39664 46894
6381 36885
14996 30709
11677 35343
31983 38601
13767 38090
38753 44758
9189 38185
1433 2923
29186 33868
638 39054
12370 46799
2119 5321
27240 30119
31536 31846
19512 38976
15646 30417
31174 34648
20945 30836
17097 37378
20686 45659
28430 44852
19915 39366
20912 26000
5279 9675
16555 24751
8499 25441
4315 14321
18246 24783
7146 31066
12765 37125
11223 46261
14363 41884
16061 39677
1218 29133
5837 46597
7189 12454
17106 25039
33667 38916
33942 47257
11825 46302
2695 20541
13135 31181
14569 45143
6734 22612
20577 44561
11882 21172
18196 29742
11532 35877
5478 12894
1795 15531
5611 26255
21514 23193
14201 35298
13647 27542
23396 27711
28934 32842
11494 36524
9771 42616
15471 31301
57 11142
25324 38209
39546 43185
11180 18806
10940 16875
22360 39055
2459 10219
39945 42143
33250 37823
9818 25816
21851 36899
24881 32162
44123 45312
41019 46902
26024 45386
2513 33086
1367 31834
17967 35116
4428 26410
20610 36349
17461 36476
2028 12103
32548 39244
31519 38577
23104 31043
2831 16399
29684 46902
13844 43116
20092 29189
7313 37729
10550 19699
24675 36608
1382 31361
4326 25352
14444 42357
28675 45921
341 6713
31341 34491
1711 29550
15961 26748
17984 32437
28909 37642
10577 15079
2073 34103
14127 30757
1982 21907
1515 36027
375 12898
20796 23276
36067 39185
14625 26311
31524 38520
16607 20857
38390 43631
26430 29808
20757 37284
6369 6941
23415 43521
7854 43314
2585 46679
6141 17105
3679 43045
12745 29386
15618 31081
5576 8436
23759 38046
30347 35861
4290 12839
3213 7028
694 39796
11376 16758
2923 43641
27453 47060
6581 40193
7137 25364
24722 41284
25479 38257
17465 24651
40580 40923
3 44759
12938 43148
28941 46174
37241 40926
5175 28629
33142 44631
4461 45501
10094 10141
8297 26864
16810 29271
8108 11127
33561 39138
33060 34426
12675 23705
11990 25854
1946 41043
6022 33382
16882 38946
8606 31002
11539 46334
7777 14181
26841 39110
10980 14290
19301 37438
18447 37526
7489 29929
14492 24014
19312 43454
6817 44583
8031 15202
31107 41345
2978 27267
28705 43207
12538 14897
22187 38025
21237 44821
32381 45226
14911 33982
35380 46094
26569 32356
17958 43377
23470 47095
583 5575
6890 16172
17323 32249
854 19624
10069 10969
30205 34949
1322 24573
12483 38945
13020 26318
15033 23183
6077 37202
19427 31669
15712 36303
6570 11471
14167 21756
28246 31904
2901 45305
41607 45411
24202 34562
10961 44734
12121 38714
940 43877
19783 41480
16468 30580
228 10837
21882 33955
9782 19398
10074 33570
14456 26181
14747 47298
6201 42499
24069 41738
7243 13792
28478 40144
14323 29974
25400 33321
3042 16274
34885 39833
3248 5762
21942 42492
11904 42220
40749 42690
39976 40488
32571 34345
17109 39779
10989 42594
20874 29038
597 13686
6326 17661
9341 26579
24645 35266
8358 30983
32998 36260
10811 24922
22849 40321
35235 39434
36470 42421
24536 46061
25388 36478
22874 37345
17927 41515
5199 10393
19859 31810
1194 32227
15683 35103
8606 34653
27279 39015
10583 23193
22052 27330
9293 13891
26202 33958
5144 18041
10219 18752
31231 46567
14996 31140
583 26596
10765 28310
10611 47091
46050 47103
10654 45475
23918 36226
17935 34586
31644 36533
20708 35111
2323 45933
21029 41353
16716 34549
37015 40800
6639 8685
3926 34040
6287 16339
18444 28986
33844 40579
12245 17922
1021 21695
9444 40424
2181 16429
3945 28805
7441 36141
25447 26454
3807 30561
23791 34522
28803 33221
7554 13572
22894 25114
24514 38300
9821 17901
42684 43539
14517 33333
12626 38151
4670 27933
4269 7587
22672 41667
9343 28829
159 8467
17990 20656
16229 35346
16161 45011
35170 45158
28178 40874
14059 27917
7910 45987
3695 36520
39231 39848
41916 44690
31142 38900
7191 40823
37951 44231
14939 26394
4600 26948
30270 35938
18060 37990
30467 34008
37859 45581
12762 39836
7107 27704
11199 14160
10735 38377
17643 35608
3299 16117
471 32100
19530 21222
13353 22749
15412 34319
16117 38272
6346 24758
12236 44866
39189 45048
33093 37115
2848 45642
4543 37502
640 17010
12691 32614
18857 30174
1725 30037
5134 13999
1223 38686
15291 21318
10206 33660
11561 32245
46183 47284
2398 4092
8121 34640
13185 31809
6489 47266
20912 22727
12470 15999
14386 16903
315 21922
17327 29090
1717 8053
5373 10386
6654 28270
3762 7085
23838 43092
29404 43663
16704 39664
4485 30865
18027 36082
12774 33564
18742 44695
4015 6218
9017 37972
14512 31887
208 17487
24863 34376
3932 37482
13432 17699
1517 33632
7067 7097
33419 41556
21822 43835
6106 29727
5518 24861
10740 37111
28919 40938
12604 12942
7703 21429
24634 38811
35573 37498
930 13284
10638 27385
22888 29643
30508 38414
9330 25613
21943 30367
636 11494
11948 24315
6466 29107
26720 29923
1987 15595
8036 25402
26488 44849
14956 27366
27531 36554
29457 47006
11332 20784
4740 22069
1836 3533
24644 42508
19571 22430
3142 42415
35853 45028
2269 6798
10927 39165
21843 31075
8790 34128
10179 22498
1939 18937
12626 38314
6977 10721
5667 13010
27612 31416
36931 44244
8909 26091
17193 33896
40417 44476
14776 17168
6911 22152
5035 19334
32210 44970
26147 34733
35122 35481
6558 8643
20701 40653
4527 10418
22494 37020
22034 33063
25229 41225
22896 28140
20106 46859
29144 41540
2521 47154
16212 36252
19837 43436
4197 38772
10665 22899
3985 42299
7399 22441
19403 38256
1199 39068
11550 37585
18868 20162
3579 31031
8933 31911
29019 30699
10732 46752
7407 36854
19014 39235
7606 29335
8650 32754
14472 41616
4435 6291
22534 31292
20827 42081
26855 46847
24514 29737
17265 36377
11573 39639
62 14897
14245 35194
28841 30777
5473 41386
7962 42152
11748 18702
21802 40418
6929 12504
16253 35098
7886 29510
8137 14045
23986 38104
20813 33673
16816 35211
4828 12759
21929 32242
6380 38276
24272 39629
36682 41580
22728 43966
6134 25977
25397 33588
3256 46569
6073 25701
13603 34764
31562 42789
8877 25347
7287 18951
2430 12461
8618 36198
22821 34516
21501 29701
29583 41721
4538 7119
23093 29727
21756 31159
15901 19905
2635 21911
19319 26584
20964 22299
7991 21174
10468 29285
19076 24382
32141 45475
2412 23559
29476 38067
20400 30070
23987 32798
11195 30553
13649 16049
7823 12141
12662 21243
22465 43340
8365 39293
17744 34267
29000 35105
15920 37301
22556 36288
7446 28406
17014 29695
11143 41882
10663 34075
16327 28765
11789 43720
721 33511
9297 17773
21560 44402
33952 39388
4520 28016
21639 38279
2566 44563
9236 17305
38225 39411
17050 33297
23391 25196
33333 39501
31969 34414
27855 32169
26610 42023
7746 25261
1117 25755
11332 22691
17600 21282
1814 12097
18256 39114
6356 43836
35592 40744
7359 38586
21620 45742
39323 46634
2190 37459
14905 31378
63 33110
8183 20539
25059 37460
34489 43511
18118 37837
16098 46971
3784 21316
15437 25762
10638 18688
7828 31867
26141 44554
11122 15125
30724 47277
17236 43986
12618 46180
16337 19788
1877 23534
14382 16677
9221 46178
20686 22280
17136 34895
13689 44979
1663 17539
13188 33851
32423 45830
2492 41715
10618 45928
35007 43450
28584 45510
18835 40645
3389 43394
845 21229
41101 41107
21838 28800
8290 27710
2623 9337
1257 10593
4379 21852
18079 41241
29574 40183
28811 36225
28112 46804
14616 39488
33472 36387
5783 35413
26021 46084
5381 5797
19912 27366
1233 36213
7807 43956
34207 41680
32832 36966
22617 39276
15171 18018
41261 45152
17457 24117
730 8982
31208 38341
20451 42546
10959 22785
31610 40041
22441 42433
13128 24135
14275 25989
12462 33319
27799 34572
17687 31345
7739 21167
2070 47044
10418 46940
7426 32721
21319 26649
11094 17883
5353 41440
30871 38547
19978 31345
3330 11807
22608 26866
15691 26139
12828 16272
14328 15770
31896 38691
27108 31806
14757 47209
6902 15166
39896 43731
7581 28286
22691 25588
15436 18450
22344 47172
30096 38901
31097 32070
9567 32373
17525 28142
12466 41705
15537 41887
8438 41678
518 39785
15617 20713
34420 42861
27944 29045
4243 18311
10893 17196
30587 46493
4619 21042
2789 41789
33785 41532
2285 31898
2914 40737
36615 38427
6154 37530
18566 32202
27246 37001
10085 31962
13139 31975
2178 7865
2923 39510
1364 42815
19831 40693
7243 7888
3127 7260
20204 38989
16830 33336
10655 26830
23524 33267
34769 45058
21165 29541
6197 38516
9614 36891
7913 18421
27917 38310
19773 47289
58 37302
19141 37398
24654 26257
5100 21880
28683 40472
23786 39279
10485 24325
19445 41007
39936 43264
6262 23076
18618 45924
26226 41846
27613 43187
383 29895
14932 28850
36733 38432
10137 17576
16878 18077
2867 23147
10474 34874
35 6931
3526 45414
1289 44869
27251 42956
23791 38283
9537 19274
11961 18891
10621 41717
3277 16602
2243 42918
1752 18737
13597 38437
24915 33737
26904 36432
18538 32732
21560 21718
16494 34302
20930 23766
22999 33772
455 14091
7628 46494
28654 31382
28915 33409
8884 38492
8721 13588
7801 43978
5291 33475
16500 32023
124 19589
9180 47121
1358 45763
20331 35865
34696 43401
18397 32877
16237 38968
19071 35073
25497 40666
4710 9751
16578 23985
2125 24738
25650 34492
26303 44671
6854 42562
755 18116
3930 34671
20343 23043
4034 45574
11820 37853
25557 37684
25006 40779
9783 23598
16118 27383
12991 36883
10110 46624
10236 36937
4424 26511
19712 45053
21517 39525
25922 26670
20061 39545
2180 18379
1757 5444
15927 20618
44604 47333
10507 15708
28897 38441
17064 17812
20320 25661
713 15796
34218 36929
5875 27995
10274 28911
1902 14843
4370 37952
4876 23760
351 21981
30159 44190
19354 36835
7116 16652
11023 29938
36898 41612
18082 33000
32440 35393
14211 17681
18286 32241
3651 28816
6989 29150
13812 27209
153 12547
20023 25266
27170 41007
8252 36814
31799 47081
20433 37215
20219 42359
6049 31157
11597 40948
13599 21439
8510 42707
11470 20427
390 15119
14757 39667
17538 26312
10783 13081
15431 35447
34073 38244
19985 33268
19955 40973
4758 25767
19772 35604
33936 34748
25480 38702
26625 46145
8730 29999
12524 26412
67 17445
30362 33356
696 28758
15797 31424
14846 15172
29829 42692
6608 43929
11844 25340
10482 17825
23699 30452
28371 46988
2867 43363
5948 16714
32301 38566
14073 32568
94 17928
4532 5021
1864 25423
2473 22498
6173 41907
35211 42772
27967 46346
17264 23992
4504 26358
18171 18280
26640 43770
14826 17529
10293 19996
35184 39636
1597 26018
1711 44025
17341 43837
15159 37337
39480 46998
5686 40449
7391 29799
8610 8898
24378 31275
10377 31371
4335 13875
4189 43851
9075 10166
24177 39852
13553 30623
1600 25885
39706 46937
7583 44494
7557 36857
13401 13987
10779 45122
2162 45775
2765 21902
1880 40427
21992 30048
15770 34084
21519 26603
26896 29187
469 970
9787 42243
35093 45129
3271 35444
29847 30950
24325 43291
15664 25148
8742 36909
23423 44651
18144 47328
14870 32457
5315 12182
4433 36640
31110 39368
18722 30006
5807 37719
3188 5581
5347 7933
4058 4683
5334 22223
115 38537
15837 23763
15198 35147
5976 24881
11237 35396
20526 44440
8952 28209
22325 43039
30687 36417
20979 33805
7582 11973
14841 45648
11096 24776
6460 42606
3258 34993
29722 31012
33046 34858
8679 24263
1944 2639
8785 35801
6562 28738
3994 43894
11254 13469
1840 33026
33420 46561
25304 44756
22644 44108
17173 33783
17364 26935
31904 44086
4389 21011
7396 32320
4309 39741
5892 41748
13573 32513
14440 17546
12265 17879
42224 46673
18779 19909
22650 26368
34585 42578
19549 32393
9638 39810
19060 25032
5404 26883
18975 43418
2130 46721
35876 39458
16817 31088
8915 17723
29917 35960
17321 24205
18303 26746
3893 25883
4726 15304
865 44996
16474 41487
43578 44282
501 6812
25176 33967
23477 45371
3856 35800
12626 14451
37955 46368
16709 46430
329 7459
6839 20105
27788 32854
12688 44376
25634 38982
34718 37980
10445 18941
2017 27195
25862 32201
14965 44505
32159 35694
21589 35561
9497 32199
16517 24945
4039 26243
3983 42149
25010 38751
18350 28790
12089 23264
4817 32926
17813 20479
159 34001
1739 22905
3126 10448
21653 46284
16770 29713
3652 38787
40365 40960
46474 46846
18490 29739
7070 29436
3940 29805
8723 17098
13919 16638
1924 35086
16675 23410
30876 38651
34220 46347
11654 47256
6561 11250
22685 43842
26106 28373
5555 37362
2476 26150
16505 44317
23226 28890
18635 29689
17449 24874
22579 32462
19279 33174
6622 32255
17203 44066
16002 42915
4918 7098
24739 34450
9245 33021
17579 31521
16470 42202
2285 18826
2040 24657
9554 12838
13071 42154
13213 21858
18815 26250
38444 46262
8105 30244
2146 45994
25754 42951
18055 32389
3010 35482
40483 41315
4395 42577
38452 45564
37268 41576
10932 46466
13297 26817
29827 47265
23776 34379
4482 9927
1160 31791
17783 23191
13427 46488
11893 17578
38528 42526
8707 40269
18604 32954
28403 28514
13314 18503
11828 46230
13886 38142
27528 40365
19236 24563
27998 30680
11648 19467
400 22654
25177 41226
10780 42288
22308 37206
11375 33803
22452 29980
32350 38351
9709 27597
12870 24097
17832 19269
9327 18635
23014 23075
6786 46726
24218 27907
2947 17359
32386 45363
8897 32822
30345 34372
1070 19042
19794 36733
2671 36150
2039 16460
19355 46485
13589 36212
269 31596
1353 14412
17461 25368
28496 33185
23592 35739
25028 44112
7360 30409
25360 32019
19287 42005
12936 46385
6293 35839
21820 46261
30531 46963
40796 44016
8102 34402
13003 13083
6385 29951
9897 17044
26176 42377
30634 46152
28688 44093
24657 46047
42297 44870
14844 26645
28716 36692
7914 24902
15861 38040
35064 44846
21577 26504
28097 34176
1572 9588
8672 25483
16179 25517
13549 45457
4745 35896
20127 32196
26200 38425
31644 35061
34926 35463
18837 28721
4054 25398
8382 10633
7823 40440
7781 11167
14697 25255
5686 28987
33679 39040
1414 18986
9153 46882
3367 38431
12711 36602
35061 36038
10463 12513
8529 16695
8408 25036
12666 28723
29198 45080
21877 40328
4606 32677
23217 41823
10590 37171
8426 20889
6610 38124
21931 23595
16302 37759
14487 21631
20474 36976
18004 21176
6662 19066
31473 42884
16265 37877
4717 19861
19226 31283
17070 17336
18726 23763
31816 34363
17680 24435
4868 42661
28712 31981
195 32316
27159 39238
10617 45760
19341 26510
36075 36208
25068 44934
34620 46252
36122 37717
3195 39421
4213 41619
2698 19367
1612 18920
30702 44296
30086 37382
6924 18820
16771 45161
16892 30404
12431 42573
14845 40536
28673 46147
4923 24409
6447 16387
13912 18639
27600 28377
2023 6746
4795 39126
25919 27555
16860 23137
12492 44919
45356 46808
20606 34785
15369 18440
20897 41350
6962 36616
15844 24368
5300 28654
3732 5078
23288 25743
16269 29435
35778 46901
31545 42490
24666 38083
16042 40009
21002 44934
35878 45038
3348 45624
14572 29019
4463 38895
32257 42137
1977 33704
7635 36685
4827 40111
39947 46759
10685 42214
24906 27340
8050 20685
3177 24050
28565 44496
17667 32978
3464 25046
9444 41664
1384 10155
230 36177
25076 41522
12268 19496
13551 20457
18756 19551
17841 47279
25850 37883
17700 26860
15815 41292
12587 28294
16564 46483
19662 25665
19969 41623
2133 13814
36603 43735
10060 34591
4414 7461
34600 42862
41406 44512
30852 40940
38293 44296
38833 45738
20267 29387
6284 19509
5868 6991
14301 37550
29791 41489
27820 29574
302 37719
19240 41598
36819 42986
12982 42005
6351 36946
20535 46356
1744 12137
12277 41435
21763 32334
28025 41468
15254 22542
19512 27949
18481 29653
26010 35108
7361 23226
12235 29131
6546 42490
2501 22854
13333 38448
22328 38909
5538 44363
41880 46623
2993 16900
1762 25898
24473 46281
3224 29076
6020 18473
7664 40381
30988 37579
953 5757
32980 37539
23697 36611
8148 37727
14636 37782
30934 44109
1277 34901
7884 28986
3802 6277
775 20919
20 4771
8607 10133
22901 27817
27543 30181
24063 30703
10243 33843
6963 41623
13718 25026
15890 45333
12579 22501
29861 33694
19556 46664
28627 30151
10678 33956
3292 24083
18659 39508
33299 41025
37325 45143
21728 38863
25187 27850
14798 29041
33247 40111
6138 17724
13692 40959
45037 47272
41511 45197
86 34414
23750 45266
16028 37696
24836 40051
36377 45754
2100 32443
3491 45769
9283 26873
5526 6206
11667 23681
40997 42882
13117 14956
6218 35746
23207 38049
4512 46171
8320 36066
6468 46474
28025 39858
22473 38993
18067 22576
28304 30413
4226 26337
15153 37095
211 41067
16129 22852
1697 6924
36358 44549
5922 12191
9381 39839
25616 37516
32656 40528
20574 41826
18964 23474
19982 24918
27407 45299
2412 41551
15684 18422
1542 33589
30798 35845
8905 40260
23852 29462
15336 46197
13740 33405
14006 42192
29121 38340
37204 41725
26417 45499
32422 38792
1213 22918
12303 30442
7136 36558
5757 9471
9158 44274
31393 41508
2635 38748
5716 43590
8380 20036
16216 41449
14517 44185
17098 38124
33748 36043
38455 45972
15171 25727
2565 13284
33950 41627
6092 40844
21462 41483
3914 35244
20483 26381
7890 31139
2668 42429
29108 34856
163 17748
637 33846
5441 27678
7529 40932
19265 43161
15328 43996
1761 46828
2625 42732
6934 37339
27578 35866
12500 16410
10479 39841
14745 16062
7989 41856
21282 31285
25874 27678
16258 26375
10480 24201
45596 46191
7790 31258
18449 23512
8712 36966
6616 44762
17151 35260
10164 24904
33040 43634
430 3166
6423 34541
20132 42904
10860 37439
7810 19078
7911 46487
12369 35710
15348 24060
17242 29901
28158 39716
166 23657
1667 37343
4871 24091
4253 29182
855 11801
1802 40951
4026 8989
16969 32371
28147 38776
23694 37065
13543 24084
24034 43549
28356 46497
23162 30788
16700 19122
6107 40697
26422 28957
25184 45674
6703 9991
26772 40855
16632 24091
8201 12826
94 38656
14114 44437
944 8998
8458 44912
28269 35359
7935 25889
12534 31589
22743 24546
6015 8277
11506 28114
2566 43575
16851 24744
2960 33114
202 28925
15406 38694
19751 42757
23471 33771
1403 20435
11874 23972
16600 17147
7211 7899
17754 30560
32982 34499
17477 37607
14828 19590
725 25825
16428 37227
11822 34520
16683 19252
39182 41442
2237 17978
5129 26331
43626 45319
11354 20122
816 5941
31267 41613
28655 29113
17252 45975
21504 36850
10948 28479
9293 24906
13285 17362
15748 31991
5282 20130
29283 44897
2564 37971
26015 39670
29589 31613
6034 23148
17664 32306
3954 5059
12616 22084
17119 21660
17793 25546
17316 28590
18169 34693
5654 19894
22257 33273
35698 38438
29756 34355
27491 45348
9306 12659
15073 25786
22686 32632
6656 16671
465 22464
5314 5681
17278 26793
3575 28044
4318 19457
21214 21569
21827 38011
42217 46824
37771 46092
17423 47304
2667 3925
39681 47151
11393 13795
23439 41887
32224 44982
9765 37682
22396 22828
25893 43598
3836 26479
801 19538
6003 39272
16151 35740
27142 30453
1655 26997
2723 26838
10467 27751
10570 29192
2765 33665
15223 43234
27616 40108
35176 44876
20354 24629
14026 20325
20100 43960
8056 30998
19167 39591
19308 41516
43492 45988
17165 44770
40408 47264
19664 21149
28543 36711
2222 32864
24577 27948
29203 30341
16057 43029
23442 34964
16042 35581
8037 10195
9029 19840
8220 27807
7807 32364
2382 29554
10672 19646
4365 38096
38755 44868
9110 30759
25213 26819
12178 31232
7417 26702
15406 29863
13123 21059
21484 38910
40121 42861
27124 29042
5958 21728
3615 3983
22922 28670
31266 47106
230 12501
35753 45395
20034 31016
32661 36230
23341 29785
14290 25228
8388 35096
6023 15148
3439 4696
18280 37236
3468 42028
10409 35235
26807 45176
12382 30981
19495 35060
4723 10204
14552 23134
20068 26062
1369 14063
38154 39524
15953 21872
12039 18749
13357 14069
32285 38171
23595 35313
14800 21142
19913 26309
7144 35537
12076 38414
5083 5612
8954 39398
2310 23554
43178 43279
37044 45442
21392 39455
13538 23098
27663 34557
30849 43919
21403 44717
16949 29572
27202 27554
29964 42442
1083 22313
7591 34886
731 30529
20734 33978
42284 43187
18277 29717
6298 34146
11665 38671
486 6000
31052 37458
11621 46478
14923 40931
5917 35393
4520 23942
10572 46098
728 21748
1704 41248
22169 28543
32054 46478
12998 15024
10385 31161
1977 21600
26329 32072
32136 33486
21327 26921
21247 46405
5901 32766
16530 18984
9779 38706
34082 45344
6986 40158
25885 32031
17239 25308
19443 29877
23613 45263
32163 34528
26936 29259
9188 10157
21142 32244
6221 17845
21982 46221
6931 32530
17736 27053
9751 24765
33679 43769
26533 45434
25649 37574
5876 30615
3712 14333
20669 29930
25547 30881
731 27630
6919 40225
16109 32294
10225 22554
9283 35627
23909 45382
2285 37944
2398 37067
4502 4811
4000 22320
6320 11034
8244 40661
13466 25584
6754 30739
21482 23775
8189 18508
514 42275
45712 47281
22265 25352
11451 19197
4960 28670
32019 35664
38030 41015
25473 35604
30970 34318
38184 44865
1335 29033
9868 43204
15663 45547
4303 21166
2428 2543
22858 43774
14049 33115
31987 40263
24506 43170
9096 34996
9242 34821
22666 34155
28484 41555
37080 45717
7812 20978
35891 37221
35798 41194
31248 44246
27649 28861
11016 30357
18502 33486
12354 27083
11761 22782
31519 36788
29817 40539
6457 27846
19681 30310
8783 26928
22037 46762
4217 8344
10486 18649
12784 39095
8422 26922
34736 36014
2936 38920
12950 31436
17382 41160
27707 34292
946 17341
7490 29571
14935 35143
15910 31787
6458 13145
28471 45241
8775 16837
3420 18738
7781 31440
36110 38032
14312 39301
3783 41421
16031 17969
9653 11104
25142 41236
17855 40976
7521 22626
40894 46114
8502 9481
6088 46981
17267 31357
25861 41862
6675 37881
1829 17028
9646 43117
19192 30095
29868 29900
6531 42074
13146 37740
7382 39436
5167 11323
33226 43129
5871 30889
14715 18349
4183 24924
26307 37603
28131 35535
35086 42381
10943 29050
858 43484
7529 26250
1720 32145
7231 30757
27886 39087
4265 24175
16645 34585
25993 27240
8103 15410
2370 8283
12335 17876
28916 46957
9657 21560
186 39829
23056 27223
9443 14626
3710 4301
766 41801
13560 32603
15873 23344
30776 38103
9890 29840
20818 47394
16728 46489
9538 26914
37712 40011
922 7790
8343 24265
6499 18541
30668 45336
12530 39820
12467 23256
40076 45212
22025 47020
18892 43708
36724 43290
580 5582
19758 21191
18058 22571
7249 23176
1078 2826
34381 45732
29543 33068
1898 42192
9722 20965
18254 23422
44731 44778
16927 34432
12893 37778
18241 24126
5124 7007
9532 46882
26420 41936
3007 13175
681 35970
8031 40716
15714 20974
18695 35034
16457 35018
23403 38957
5950 16740
17409 20189
24977 25572
3676 34063
14865 29515
30786 42308
4301 46166
18084 22987
8826 38331
18688 40629
4775 46988
30219 35286
3992 19932
36283 37265
19963 29836
434 31905
36211 43024
3016 45694
14450 28899
4233 32826
38809 40542
8932 12312
21833 40918
40649 43114
26398 40618
17955 37452
8981 25036
7663 9714
23321 30233
32925 34185
13368 15547
19721 34625
15123 43113
11573 17821
11972 14120
440 34544
2657 11991
2636 15086
26964 27416
20721 26603
11170 26449
31 19972
13566 24772
39817 45593
4453 33889
11086 22779
5665 45752
16316 21149
4185 38770
20291 38511
2677 46736
26155 32323
20438 41190
9517 11029
6054 22300
15999 25764
22782 25767
14813 33781
11977 32907
28723 31288
5358 20503
3831 45223
7106 15407
3968 43242
10352 18596
10346 37275
591 13906
10206 45374
30273 44112
20768 46555
37922 44761
3772 7840
28313 34049
25667 26883
27218 37458
18523 24457
7715 44912
33856 41244
4051 12136
6625 9068
7353 22050
7192 8361
482 44888
7521 15218
24007 31984
44298 46453
2424 4545
29535 46226
1727 9343
20795 31762
3243 34449
10163 37167
21470 43420
9734 41191
6691 27973
761 42209
23187 39011
33680 38143
9721 26619
4773 45840
1264 21303
5580 7467
340 22904
31889 41290
9789 18617
7887 37798
29640 45646
39399 40087
32140 42629
7433 24796
6741 34102
6829 19397
15784 29127
10136 10996
38519 39516
2488 45254
5407 26356
12751 17536
19165 24058
650 8204
10485 29058
39022 42207
11448 34767
37165 39439
29465 39764
25512 31960
12970 42133
21678 38400
9394 22036
16697 40734
21125 44832
26237 36565
12960 22197
17398 43033
8231 39836
32482 37616
2381 26674
18295 47156
19254 33498
791 24250
5636 24499
24456 44372
29871 32696
11478 34767
14853 44028
1532 2004
599 14631
12168 13522
6467 27810
8678 16554
5508 35991
1037 19179
1724 44992
13587 42078
35901 41857
22783 44515
13241 28609
9854 42908
22193 32406
34661 44915
16541 19791
16836 24812
4044 5009
3202 20006
17401 36864
19252 34899
32008 46377
13691 32228
14300 22887
35715 41293
4466 41858
39087 46873
15493 38480
7976 31342
24288 46235
16890 41263
21592 43678
13634 41493
42049 43133
8279 9651
26428 40431
1158 34758
20198 30054
34856 46672
23086 36945
14774 30098
6487 43687
20197 29829
26215 36351
24787 29559
1127 19580
22790 39054
27626 44667
37323 44646
21751 23147
1172 43674
19553 37082
180 10617
7384 17258
18226 37512
3729 10609
17290 20794
26008 41134
3649 39892
27014 43507
26909 45965
1639 27460
22595 38936
13319 29565
122 3068
12238 43233
1070 35826
572 39491
14049 41869
9264 31283
5361 38118
13542 29206
32821 33378
23466 36546
34925 39995
11859 30755
24987 31259
8608 45881
15231 34083
886 8540
18826 34228
5795 16883
26033 33970
9120 17167
23016 44604
18971 40998
13887 31311
4725 32430
4584 40304
14446 42794
6621 16063
25137 29109
16556 34115
1788 2053
40595 46342
21325 35308
30609 39844
6830 13958
14850 37932
34700 35689
16760 24496
21195 40153
17500 18644
369 31941
3475 13428
7835 20832
16896 44544
19087 43401
20040 27454
38909 39110
21449 22892
16026 45038
17250 30897
34601 42449
12247 45523
2557 33883
31502 31551
29079 36508
20306 28512
19531 38315
36127 46551
8607 29548
894 24750
1018 14428
8319 38715
37335 37569
14054 34591
16161 36753
11847 36140
7747 25657
24104 35597
6467 21207
40165 46707
24971 35182
35819 44893
15090 30198
15045 35151
21799 47191
3748 20918
28506 35276
36863 41896
11050 13350
7076 40913
20521 30544
22267 33481
11089 14998
29610 34050
23429 38841
1148 18042
19262 19966
5073 46429
15749 17187
13205 28765
25872 28120
8411 39593
2317 26071
25255 45679
4540 20302
4433 28541
12488 46120
5483 16499
2222 16385
26717 36025
9678 40051
45863 46269
5785 20247
1146 28734
10621 25860
8298 17435
8913 26598
5649 22803
8939 21403
10185 38512
13430 35649
12006 19931
24552 27627
3639 10371
31599 31618
30886 35883
4832 19548
8687 40780
16718 40969
9962 24884
16805 41877
24769 27103
27959 44690
14409 19610
19751 21419
16410 40035
1716 41665
17885 23261
8895 14284
433 15040
10294 42777
2412 3461
13028 32986
35002 44216
6870 8899
1431 7911
7375 18456
10121 11708
24149 35100
12098 18715
12182 12936
43225 46268
1592 42918
26655 32248
42532 44769
38055 44916
33630 34673
26538 28465
61 34658
20991 44159
41080 43218
253 25968
4019 30913
1346 43801
7225 32229
4752 6332
658 20769
6237 36289
10437 31138
2176 4631
10998 29485
2213 19974
12413 41707
18705 35966
35682 43170
14020 34686
30824 41905
5716 31864
25917 33608
9407 18730
16264 42037
23231 29295
3834 37899
8423 12329
615 40670
24465 43576
11439 32991
9850 10790
2574 6747
12550 44048
3445 17563
29805 38142
12676 45850
19331 38471
1390 14810
20947 22868
27266 32536
10230 20995
8320 25763
31802 46932
27433 41694
2048 2328
5510 22323
2818 42139
30687 35352
8846 35793
8949 26092
1227 26658
28998 45000
11015 26755
11405 30882
20502 26924
981 14359
4213 28230
821 42185
37149 37377
31412 45592
2344 15279
10403 38427
4590 12123
20188 29393
9780 17510
6598 31275
1610 32438
10375 18851
5883 36433
29085 32702
16181 16630
27171 39980
40192 43805
6594 43584
5496 47284
28681 37722
27162 35730
10980 32961
25998 45950
27035 41782
39203 40258
19511 40643
7111 32210
7526 26036
24399 32860
1414 28712
44727 44767
25037 29175
21793 45280
19579 33607
3405 42033
4899 14167
17631 25059
10994 35461
38235 44189
35315 44368
19990 38776
5421 10307
16176 23991
12101 33752
28230 30444
27469 32975
23464 24072
36068 43824
9519 21094
21584 43012
214 17209
19281 44099
15559 16071
10932 18903
9435 16670
22069 23055
16265 16462
27008 31075
35305 44969
29218 32426
22919 32270
216 20638
1453 39913
3872 8449
16167 39689
7048 28612
5561 27067
3271 18782
17043 46715
18371 42723
4605 41962
8438 42467
14427 47305
30532 37776
7449 32339
7283 10170
9837 15495
19054 25225
13810 30340
35459 45944
334 32536
4997 29361
2722 26080
25667 40443
11041 17856
5786 31507
17566 37226
25014 31927
10569 34261
17861 26005
9173 43222
12143 25602
972 3372
26318 29042
1400 6293
22850 45631
2342 14131
19887 45174
25549 46207
8859 12672
1613 29971
14529 24146
9958 47289
21853 24473
151 30176
27769 37134
19447 29599
26845 38735
6499 44746
13454 26517
7125 34820
31564 31705
35395 44215
7775 19626
36451 40289
32440 41175
7690 38012
14364 30121
9401 29062
21095 42177
899 45503
6690 37494
86 9937
39047 40363
14663 36769
13868 36306
6668 22459
20472 27676
19670 26988
3915 19368
10472 10892
1042 33888
6906 14868
20441 31746
10225 18370
549 2464
11830 13720
11470 23765
35431 45161
47093 47249
23113 34848
7073 15166
34394 36655
7831 22163
27192 39731
36369 37200
33411 34643
14507 34320
9432 13607
8802 13211
5913 8539
19561 38880
5345 9775
18638 39363
8404 39179
6675 22825
7789 42289
7500 20464
27795 38839
2738 47045
2306 13645
16717 17362
28009 36324
28953 42545
17446 42088
30434 45965
18546 44096
10031 32194
2874 16731
39858 45785
7155 9290
20347 42798
7467 16732
7388 9269
6413 37700
383 25691
3196 26581
8819 17298
35824 41025
27921 44963
28756 35965
14015 45885
30838 42234
12788 32401
13689 36266
5221 39671
4047 45793
16432 29220
16225 39507
2040 11967
8138 28806
28169 31859
6123 35278
11371 20456
34465 46239
25318 46138
30594 30920
6478 34688
24738 34717
30005 30525
6166 39297
17209 33234
10258 22535
22002 22181
14432 41046
12671 24245
28608 32845
28069 41427
22367 28695
2720 28291
31228 33128
24775 45337
12604 12820
23103 45732
28072 37911
26655 27336
9003 35269
14956 44614
7815 17576
9427 24485
11270 43570
30193 38281
16431 21424
1606 33151
14898 15562
11016 16858
7787 45329
16395 34010
2609 16567
28303 37285
13671 26961
8590 23961
18134 31080
8087 35418
16715 47197
18318 43440
1815 14427
39388 41432
11832 17794
17081 33964
7052 17940
2642 23281
19548 32497
8492 14943
20108 37789
3894 17015
572 38125
29558 31660
22146 45449
27802 33862
3788 24883
889 19523
13155 14370
1684 13570
4795 39000
24659 31525
31524 34536
25512 31212
10313 19343
20113 31343
13382 25114
10074 46122
39033 40278
29004 33144
35564 41181
16513 22903
3188 27712
19597 33678
16487 42593
8122 20836
35054 45024
4198 32486
15592 20988
16043 16723
21020 21817
7195 15723
8877 27535
30482 30789
14694 16805
9970 42924
26248 46155
16455 32882
410 43408
15569 24387
30477 35326
380 46949
36172 36499
16162 32071
38685 44267
4645 44667
13693 40036
33753 44773
19211 43791
10942 41744
4222 14736
13628 24365
5727 22714
31564 34096
13497 45759
14929 34765
27485 27873
21359 32371
11257 40974
15868 36855
4055 22328
27044 40181
26960 33128
4108 6124
8958 42934
4811 9250
9539 46097
3013 36890
9153 44341
18209 29994
14112 33580
40520 42307
21899 25303
12809 32152
12770 27471
7232 11952
12682 29344
24500 32137
1919 38430
6842 28012
38689 41891
10813 25253
8693 26047
10316 11615
22364 34118
32864 44809
6270 20616
13218 22349
9796 10798
20094 39290
13680 26352
24879 26656
10431 18893
26326 43297
1186 11841
18977 46323
3400 18064
5679 30886
2650 13402
5836 15786
33550 40010
31349 46292
16420 27868
22832 44143
35965 44991
22687 38312
14762 36829
11928 36028
37256 45843
19068 36800
38849 41368
24577 37995
24510 36773
13561 19840
8166 38372
18778 32500
849 45817
19593 42283
27 32419
26224 40926
23170 37907
42930 44604
4155 4734
15164 19466
21693 22528
21386 33897
12127 37527
5632 34049
11184 38886
2452 45443
4257 32745
7935 37843
5047 15868
5271 12378
41950 47212
7750 42227
21477 41370
1987 46777
18063 22732
13760 44909
20564 28985
25907 46480
482 5241
571 23191
12853 43646
35167 43425
35721 37595
28942 34358
12252 41736
12681 31296
10280 38456
7456 43069
6635 34969
9192 28322
17079 34239
12189 27801
16923 43525
348 6530
15089 19241
12501 24131
15341 32294
9791 15260
27737 43237
13848 46018
19360 22409
4531 43062
7221 16757
19548 31505
32164 47110
3641 30661
1921 16113
6065 24616
29634 45030
3617 35902
3079 26427
4527 36123
9990 33755
12422 15328
16128 46795
10876 29418
17046 33136
2098 37293
1808 10170
7583 34492
10970 13777
22034 37076
9889 10476
8808 20953
10950 19726
11243 41670
6507 45498
34523 43457
4762 13924
3606 3848
15645 34933
3166 22797
29774 40472
36479 39064
2189 34563
8269 41771
1157 19635
42470 43948
6238 33188
23872 34475
12723 29562
4135 24729
5131 15834
1776 14395
1380 14395
22203 34387
13635 23413
30052 37568
43623 46721
20171 28612
23889 28413
6373 33763
11634 44278
14332 32386
15152 42705
17365 42664
2994 36811
4695 17374
34323 46563
23178 28028
18084 44980
393 43159
3409 46852
36346 43392
28433 36254
3810 22286
26097 46283
18150 44287
3783 35924
25649 34789
1571 26017
4065 39959
2409 16536
3932 4906
33225 36091
25666 44003
1595 38654
5594 29837
43762 47041
9074 30224
3784 12363
11736 22839
898 17788
2184 39988
37474 40631
2903 20427
28355 31998
16216 32008
19576 36265
3313 30124
2838 22661
23109 40450
292 41548
27388 29176
36391 44050
16097 35699
34254 35041
21692 34948
3581 36705
30391 36579
9284 16828
10397 15688
22003 26704
3789 30992
32675 37879
2163 21741
11279 13861
16989 17786
37029 39584
9075 25507
10720 21976
6661 15466
35242 35303
11629 25170
35936 44759
3979 12026
1597 23400
28537 35398
18556 35660
14020 45026
19188 23859
9257 13096
42239 42590
10611 11079
17093 35263
12834 47381
31258 33289
3131 13622
27163 37702
5864 40412
1481 3977
17216 37548
18689 36943
9367 31923
20466 35029
34605 44666
1134 16701
3488 11415
27282 39087
15948 44220
14664 45478
12306 22537
7689 34193
26636 33462
39815 40879
37198 38615
497 14545
26812 37071
2482 17498
14345 16836
2144 31274
30471 30815
2218 10255
32714 40974
3096 41520
2922 40401
10524 25955
1790 38855
8938 22741
17139 34453
4097 33723
17572 44134
10107 24354
5175 24860
7917 32488
4055 7833
1119 17867
9738 44644
38669 47332
18271 25826
21096 24821
383 4243
4725 19147
5028 6124
76 528
7661 11742
20134 39901
26352 35931
29591 39639
21825 34271
39717 46147
4075 8835
19767 39326
16470 39555
6508 33643
29381 41522
10976 31690
12078 32081
28497 38735
1217 47048
9754 14386
46544 46607
19240 34332
5740 38386
1608 16876
2935 39077
22952 31844
3073 10903
3586 43733
9125 20981
8888 10680
3018 31383
8103 12625
20792 43038
26281 35475
8812 25365
11857 21882
10215 25684
4988 28551
21945 23180
8799 43038
6407 11845
4869 30522
42671 43993
9507 41812
417 44497
22503 29365
21900 39652
6104 15227
5320 36056
15791 46009
6858 43982
3984 9605
9772 13221
24430 33811
23021 28015
33388 36834
37311 44237
7896 11342
20595 21532
7568 36386
23936 31963
2711 17818
27751 45660
18835 39076
5764 33444
10062 24664
17094 23651
3674 41994
8178 46868
2216 46105
11905 34889
2861 42645
39886 40209
10874 27733
39161 47123
5082 33797
38476 47020
13784 19861
3 2762
171 15178
26192 35537
5051 10540
38181 38212
23975 26010
18969 41119
26120 40737
44829 47008
3992 26596
14634 17183
32998 39257
22102 26122
15441 28768
26124 26334
24884 43914
4033 15458
12941 33478
32016 41038
13967 43673
11783 46926
16322 37269
29885 44117
10825 23279
20301 30429
7335 26311
13392 42395
10394 20060
5771 11522
6323 15233
15026 42647
38405 44470
9696 27831
24417 30276
11191 26985
6532 29370
32090 41337
24532 34198
15779 36468
35964 41651
10813 30974
3130 34686
25631 27875
35744 44536
22914 26693
2015 14061
19130 35694
6962 30802
29782 30941
1921 16089
16624 45312
25484 26135
2124 22864
27512 41590
29502 32055
23671 27803
32352 44878
20687 30249
9845 45458
26767 31233
6961 38686
513 20502
13248 30349
4804 46206
18947 40309
9269 27740
11442 26580
33003 44057
4723 16978
35582 43777
4692 15413
22495 38386
3077 27454
8008 33893
31046 31451
17926 45360
14444 27342
18214 33749
12465 23645
15563 40734
21521 37591
1621 38993
21538 34562
15690 20315
33167 34450
21918 28367
3798 44368
27853 41078
10621 40737
33167 41805
43385 45428
5714 26024
3732 14674
8413 26600
1405 25755
5653 22338
32290 40943
9931 35537
13073 15957
14270 22624
7577 20851
9448 41984
1429 27280
23672 30791
155 22618
4526 5271
8939 13999
2037 27136
21980 34506
29784 47336
22050 23167
2594 19325
19284 40028
1001 35851
24951 35955
25854 44619
32106 41923
12992 44234
2027 46046
10813 26920
17879 31907
40010 44811
25531 44343
3494 5245
16822 35608
8595 12095
17195 28242
16667 44338
16718 21672
30271 37601
32482 40897
8753 41701
1643 5116
34938 39271
28955 44047
797 24313
8916 27355
11012 13143
5839 33966
41609 46358
28268 30285
3570 9562
2272 17338
26122 37994
27345 34740
38031 42403
22526 22880
14885 17396
18895 27397
24 3802
21927 34040
21942 43208
35104 44794
36909 42676
5819 28776
22559 44116
13632 21158
18984 27627
15257 17914
7500 23367
29541 44679
25287 25650
35721 46833
993 1570
37629 46156
26403 28191
7479 14384
6654 38622
799 27368
4702 41444
11320 22132
10018 46004
31880 33608
12896 41627
3800 21112
12476 38035
2793 27374
4573 4820
14486 22359
23074 43599
39679 47225
24738 28976
857 22061
1501 47238
19075 43556
6493 43750
4698 35444
4839 24537
16866 21088
12645 29334
1061 43152
11095 14443
11906 36350
992 7360
25497 27688
2015 16318
10289 45312
38644 40485
3582 37225
8440 46569
9205 23246
6628 38848
20277 40744
43389 46919
5061 25296
9851 16978
10576 24027
3082 37060
21393 21593
27032 44334
25666 34448
18211 28942
12244 27081
18358 40481
4762 45793
17677 28254
4777 45135
12228 18442
7931 33486
10046 21768
21181 27537
18072 28783
36275 38858
35423 42779
22204 34051
851 39154
3585 21257
8989 20746
26311 33812
17391 39352
30930 40888
9817 38096
767 29068
2377 45730
7611 47252
9728 10697
5787 27628
1033 20327
11636 39067
24554 31625
13790 21827
16716 32016
79 6221
12934 34674
27577 42124
8679 24088
3413 38304
1155 41608
23872 36142
16454 41815
27762 32263
22171 42747
16693 41831
19898 40293
13496 26426
38352 45291
12310 28027
1053 46966
43095 46017
11890 29161
9609 46037
31483 39128
13700 23223
24439 29958
12989 15483
6462 31715
2588 8743
18547 38824
18160 27044
1885 15416
22961 33602
14427 34290
1028 5407
23239 42214
337 6987
2909 11952
23293 41696
95 23669
8681 12591
25455 29235
36783 42000
941 20872
10166 30655
3092 46718
19061 33918
11773 24388
46467 46655
3504 7035
9757 41747
15762 31068
34152 47193
41153 44615
24035 37960
33787 37646
6328 37326
12333 32309
20598 37620
10126 46690
6075 26300
4768 42658
24341 38417
25500 39342
13478 36719
30547 38759
30347 46807
25038 28142
15346 19647
4340 41807
8097 10045
24446 40281
10176 24711
15453 25371
16523 23595
4057 30380
28334 31633
7868 13376
14947 43700
11366 40198
32322 38088
31766 44811
19254 40109
38355 45672
31865 41784
38081 44157
31692 41075
2327 8324
3868 18965
33982 38248
22616 31580
38782 44204
39234 43547
8786 9112
37509 46560
31152 34156
1322 43679
20078 41660
28994 34658
1048 6701
5435 8546
4884 14859
19525 32062
6291 18330
6466 31917
4265 42171
3909 12708
1188 31786
18969 19537
15153 44276
30781 43261
5877 9830
28341 44831
25934 32763
36255 41991
2514 5275
15560 19710
3044 31104
6655 45560
2996 39923
2662 44773
11792 19795
2715 33265
9665 19610
6744 34648
39507 44621
20667 31451
20822 28356
2782 24129
7336 17032
10524 38710
4356 29211
11402 21680
5785 46993
34202 38880
7128 17268
6890 18608
25528 45415
6766 24988
14706 32229
21258 23409
36857 42567
33075 45225
8217 25533
10396 38151
22426 40635
8036 24963
26230 35484
23219 33855
5160 35802
2413 42325
3292 47397
10105 11557
28106 39433
5457 24654
32469 42190
29179 41338
14637 30530
6985 42415
25457 34221
24655 43167
21925 22532
14965 22667
2525 20285
6118 8306
24785 29627
9415 24292
1887 34523
5849 40346
431 36263
11332 43326
5671 41737
4005 17626
62 33922
1274 14294
38675 41973
44363 47048
12910 29124
35301 38949
32300 44424
6466 23891
13206 44169
26449 44431
24981 38964
12328 33091
2243 28277
15505 35197
3083 14927
15704 34094
9450 25575
13941 18910
30165 44536
7032 26904
14471 47183
33752 44820
4332 20441
5466 9790
17650 33120
10601 28302
32909 46760
9487 35441
23876 33175
34262 44518
11350 14053
9051 16794
33408 41196
7338 45296
9619 42915
18825 46040
464 17821
29914 35626
4586 16951
31969 45734
30400 31355
271 43440
33838 37932
15543 17880
9974 11184
2361 35829
11593 46591
31001 44003
11930 30146
17786 44254
1915 17992
17255 22926
18831 23200
13112 47270
18514 21803
4074 37313
775 5416
8872 40190
43018 44158
2896 12202
6752 47400
3451 18840
22058 39918
11715 18099
8107 14494
20443 20660
10564 43830
5746 43684
21144 31095
8876 31449
9867 29380
3966 13055
15436 37796
25119 37877
16244 38464
9213 11594
11833 44334
9332 29221
22539 30018
17118 42411
12027 38723
2889 40428
4067 37431
11373 25101
36174 41815
14566 19604
32352 36746
6184 29923
8083 40272
2240 40921
30643 37074
29564 34600
709 47183
2857 22581
10262 31198
4088 32242
2505 30989
27806 29559
11389 16370
14255 19338
6034 15053
4760 33803
47 1428
2513 26154
11200 28714
18410 44969
21996 35983
13393 30650
32506 47362
23831 31041
26711 33907
10777 24824
858 25964
11247 24773
15595 18554
17530 21952
14168 21786
14555 19980
192 44570
4757 33690
13713 22145
15180 25667
18719 27415
4600 27290
3066 46867
20940 24983
3682 39259
21909 41060
15010 19971
34489 47394
5655 13313
22239 29860
14113 19985
23682 33550
38392 43942
3364 11219
15545 24452
16804 31997
21817 42410
10339 38719
3365 5967
18573 40021
16482 41745
11279 34618
22750 33166
46406 46409
3051 36544
3461 15474
18835 42650
23042 28090
31839 34228
12539 27489
7405 22411
7241 19536
35538 46030
5959 15013
30221 45971
13075 18609
2537 43089
2723 23065
207 37657
18899 44513
29129 44955
43151 47399
9373 41383
21293 35593
4398 43505
2083 24610
4916 42936
2215 24729
5283 45359
23491 26761
17314 24124
22162 35224
22503 29101
29772 36137
1688 17106
10357 22278
4573 38783
9926 23223
54 3241
875 39634
25407 29328
5916 23021
24347 40867
18335 27909
22858 39249
3540 3823
23864 26346
18596 46151
14014 42340
9267 38462
19992 30804
33465 42832
29082 41860
38843 41854
17491 27934
30267 44760
2178 8581
5690 40771
38859 41044
4499 6565
14491 17015
36945 44158
2377 7478
5769 28986
24420 38470
19945 22448
2619 19062
20506 28931
44507 47282
9327 27751
30627 39037
10861 37221
18003 31650
15129 42562
17284 19131
21242 43494
35643 36889
20771 25415
18356 34397
9172 24615
7830 15877
5208 47012
21115 30328
3264 17672
7366 8014
27869 32754
30809 38869
3178 41283
3011 38137
1371 44486
25057 26050
25074 25465
20303 21001
492 30554
10252 34265
32378 32495
29829 43729
40698 43929
33451 40816
6265 12547
8825 15997
4140 44488
20744 22814
21736 32459
22173 30016
2960 5718
9379 39187
2590 24120
3430 46957
19731 34142
7098 13460
24571 34801
9980 38064
21878 31761
13023 45832
22160 32413
24040 38548
32242 32957
4815 11981
23546 32563
26372 40828
20531 35888
4794 44123
15551 44082
21401 35744
18248 47241
23974 43563
11106 43952
17651 29989
12490 14228
28021 29310
529 3213
3514 43810
8336 10864
44988 45595
3801 9343
10532 36483
19037 27695
521 2571
35622 46884
2739 27195
13565 26759
18953 45717
8704 23533
10197 28276
25291 46767
8618 22069
43503 45816
16173 47404
4566 7870
19155 35271
19603 45984
7672 18404
28521 44535
21241 45446
10590 15146
2702 35422
38804 39885
2509 31055
7208 23373
13681 20676
10657 38999
15991 27361
25039 29900
19230 29379
2076 44944
39058 41872
31791 33219
31899 39168
1835 2444
1585 45838
29995 47134
42610 43855
1402 44441
1049 11334
24204 43220
12594 30742
26868 32498
5236 9893
7219 27295
8733 37079
22821 25059
18426 35596
39482 44270
31001 44784
27075 35420
2362 43436
7520 40240
27486 28346
37258 37544
15952 41527
43861 46971
16415 29917
26267 27555
39117 46774
2308 24891
14290 26395
16901 41676
27677 34707
22677 30383
4710 37554
19962 46051
5792 23707
24079 45561
6973 44393
18152 39157
29643 40801
12477 29002
6788 46333
19544 27983
16411 24671
10061 13438
27028 31975
18076 30652
1961 29105
5117 43166
3786 23475
1264 46146
29716 31638
18906 19967
10516 32677
7008 26078
260 18182
39956 43910
3914 19688
25773 32658
20395 31357
3411 37534
15455 39916
16862 30555
18472 47217
29181 34862
28780 32074
17895 41729
14197 14287
17346 30375
25704 37375
22371 42111
1746 6828
1314 11335
8699 30597
10782 29921
36702 43812
22238 23273
9068 35567
6525 36258
10684 24690
860 1716
15435 38109
10611 21179
19126 42880
17975 41284
18134 26819
41106 45257
3564 24543
20850 26810
3497 41226
3772 43905
20500 22267
22227 29126
13824 43294
43163 43333
5824 47299
33054 37179
21067 29669
3514 23086
3618 43623
9129 31655
18726 30464
2373 42365
7641 21779
1265 5161
10288 43133
15237 29210
1024 3786
9644 47003
19446 38108
45048 46240
16676 45990
9835 32985
27780 43024
22882 23701
20799 39838
14313 21362
4422 45461
23257 41291
13883 37993
1984 28418
14639 22286
18595 45822
43823 47297
45707 46034
3831 13879
9259 14708
16941 24165
8722 16755
19655 20323
37570 46735
22892 38510
233 11901
2400 31864
983 46364
23499 28342
22305 36498
20602 21365
17325 44692
7516 30886
3312 44963
6731 46417
6404 8115
12643 32541
4565 16476
1071 42986
3208 35191
31088 39705
23537 27321
18513 39350
26583 31388
16722 43086
662 28414
31067 46937
4908 21918
21459 35107
22369 41744
2080 33737
24778 25777
9583 32309
38213 42239
23372 32330
15085 33087
23290 33429
14097 32983
41123 44001
13309 14443
7346 39119
15638 23622
1346 4321
13107 23384
697 41590
27292 38092
56 20848
2166 33107
7179 46526
13336 30037
43626 43884
24270 27414
20230 31534
31742 33089
9108 26724
3191 27424
11247 23728
5313 14625
12626 38737
15060 45458
18910 33135
24800 46827
8634 31005
10258 33013
8251 40100
38942 40705
14925 32209
488 23107
23176 35370
3440 18679
10691 41913
24266 43106
650 28538
5884 24398
19476 42564
38082 44950
210 9772
17383 41209
1287 43876
4545 8229
8902 32109
17583 18639
22592 36258
13673 26747
1858 8387
6385 46264
41564 42939
29945 35825
34334 39995
5508 25989
5768 22910
23857 42305
1206 1816
27350 37292
11968 31166
2723 30530
2844 15773
3993 31286
6158 8543
26179 38235
29200 42272
4681 11658
5292 7116
10011 16116
22699 37259
29851 42764
28161 43334
6270 41214
31631 34173
15208 28309
4803 39355
8231 29029
14117 26764
26662 27442
699 45934
11023 33768
16604 39535
12776 37876
24456 46397
30549 37817
6167 24470
7637 44505
15192 41547
335 39241
10727 44737
4020 7603
11803 27692
24468 38271
3465 29423
32119 43911
2088 40878
15061 43723
13901 36157
3183 8799
20834 40800
19857 20109
17110 41184
2587 29864
6071 31713
14547 43852
36403 45971
37960 46757
8840 28332
9568 21157
22008 31618
14967 41213
533 4301
12919 28489
37629 45839
19178 35662
9722 24226
5272 32612
684 14269
17135 27254
24199 31414
4944 21412
1049 22503
28496 42411
34984 36050
1986 45458
31148 36001
30693 36360
11406 19495
9759 22199
22836 23115
1369 9245
12238 40936
40739 41596
40318 40785
7986 19509
22923 35542
36061 47122
13503 27735
2119 40675
42872 44420
13627 41542
9301 39606
778 22925
26197 34548
33960 34545
24877 31985
888 12705
9687 40581
30511 43270
23047 37456
15940 16418
16841 21249
40951 41078
10549 16410
17488 18616
6460 24021
18679 33574
23208 27201
5274 32792
6493 11137
4941 44660
23361 42692
27630 43562
17155 43289
29920 39015
12889 18773
9171 43855
35267 38724
9323 21995
16573 22373
3698 24035
809 20117
15444 24508
5593 32922
35190 35471
15177 43577
15155 26068
3124 39197
9316 40422
34159 38114
17947 17975
16171 29159
23849 43570
17725 42479
9610 45972
447 27241
23259 43704
6766 34657
7032 43444
27557 33234
9701 22678
10281 25239
18686 21697
31732 42548
7983 43666
20578 33319
16025 34410
15839 31022
2539 27782
12899 15273
5488 23837
8394 23760
4220 21464
15149 24159
20817 45386
7150 9141
7677 41115
23181 34372
20612 33088
343 41763
24366 32546
785 4201
9134 37533
34100 46178
24269 32613
2428 39470
12364 37745
15492 40713
14206 16069
31354 40094
13747 27798
8784 14496
12226 31395
9792 13532
1003 10695
9755 14404
9396 40135
6041 31526
26085 46118
7736 16970
19388 45889
5785 8151
15846 24622
33369 45326
6171 17986
123 26339
16456 31721
8057 11134
25991 32870
12647 23696
1624 35861
11720 39521
35443 41154
15458 42418
4950 37501
598 10767
30984 31492
10397 40824
15944 38901
16534 46314
12686 42468
313 957
11127 43329
5913 42429
1944 30739
29736 39570
12343 23820
20097 39007
4269 38456
20778 35958
22786 31725
8627 30481
3941 9351
13114 20664
22692 23203
20109 26185
21045 23655
12249 22845
13565 23754
18616 33493
15016 44301
22425 32658
5046 16806
31172 39433
33811 43176
11175 39182
12108 30719
12743 16183
18666 32267
2347 16203
15374 40976
9822 25559
3093 17713
4795 7546
26975 36372
2904 37439
23389 30082
29868 41163
4623 16861
12256 33219
12976 14849
29007 43086
8890 35563
34662 46550
36555 43121
4275 35776
22265 29528
11799 15977
28281 30527
30120 36661
6433 19409
13287 32619
7663 8466
29897 38309
40158 46732
1825 38506
2304 24211
1691 25674
33538 43525
3470 22143
20186 41815
93 17158
14607 16092
11519 43290
6972 25702
26832 37733
10562 38527
5257 42235
2380 12313
21871 45415
6494 43605
13403 18807
7988 20657
43470 46380
16520 23114
38666 41968
22951 29051
5935 24393
2602 20993
38044 45597
24144 35976
10604 11584
12013 47181
11356 42710
9902 30533
11330 15633
2752 46951
17256 20122
11781 21167
35118 38040
28163 32103
3529 41166
7236 13451
5526 14143
8994 9043
14704 21636
14449 33195
26604 45207
7641 18640
13198 27985
20443 30463
33959 41437
21927 38126
34146 41263
25784 42435
32005 41180
27569 38884
8329 29190
755 32660
3538 6546
12384 32548
10928 32568
3881 32549
3346 22591
14603 28535
8385 19673
36648 40921
4982 18752
20626 32957
24267 26876
12876 29223
15451 40121
11811 29653
5348 33038
10673 41094
1905 35162
25119 32754
7379 42560
10767 42449
23224 33858
36575 42513
21952 40411
4641 29389
656 32250
25529 29619
14413 45757
7673 23789
11430 35596
34201 45642
13567 21385
21070 32789
9857 36751
3169 31158
22413 40971
7816 40282
11944 22985
6231 35758
14413 40280
20000 29088
14142 14153
37661 41620
19002 24324
25057 43745
5237 15837
17188 40851
11881 16405
29550 32962
13117 26410
26988 30405
16950 30133
4762 13477
15244 40558
21244 31033
142 43117
12721 44345
635 40017
14408 39505
16153 37144
3688 17736
3890 45978
16347 38141
15916 30226
6871 15126
3515 30990
15001 34542
17104 31889
13679 14405
9952 44851
27187 43423
15726 39901
4810 16500
21390 41007
2010 28115
10015 39915
17053 24195
18751 21988
162 16011
575 22596
15184 22356
12003 18064
10656 46135
758 31348
705 19444
33832 34767
10017 43933
19687 33421
37859 41739
1112 20734
23687 25738
20812 31352
5336 12759
2509 12937
23451 28679
20771 43594
11467 15960
7035 21542
36438 45917
633 39166
14776 37433
906 46680
12202 38811
825 7845
11170 21631
33557 37164
17222 24539
26913 46395
25218 41703
12131 45926
11371 33406
3013 19236
1378 28181
5248 18954
16280 20084
5868 34123
16236 28645
24780 32617
15705 38808
6119 41289
24116 32802
8081 16497
19384 38092
23109 30204
13956 15571
2730 4776
11042 32534
31396 47352
2524 25087
39787 46386
43030 45140
11066 24260
8277 44143
5065 33368
40236 45431
25814 45497
21584 26862
3998 24303
15669 42130
27658 42361
10022 44411
9532 31944
15029 34630
596 10186
6067 17313
27310 32229
22390 44638
29291 43142
10101 10934
25206 39383
1342 38299
6392 25182
10586 21714
13582 47386
10618 31051
22391 45213
29310 31491
25145 46462
17514 44672
13230 36354
30071 31589
4867 15424
4315 43958
18780 38112
15955 28729
12631 28855
12245 44095
40944 45494
13062 33737
25913 31489
8950 23459
19149 31004
35253 42750
18493 35803
16681 36942
31214 46506
12232 12527
8141 30645
16450 16815
10293 35024
26511 37450
28338 41315
27502 28211
15564 37367
4673 30992
13692 42427
1947 29724
17109 23052
3031 23682
29856 32724
571 2154
7054 8281
18537 46059
38649 40406
8171 27262
23919 33711
9460 33895
22034 33059
26098 27081
14424 19314
19357 20164
11198 13559
18732 20112
2993 34128
3405 11441
6125 12140
28092 33503
22122 25709
398 16347
14629 31208
7851 8948
24665 39543
19434 39228
6616 41424
39296 45478
16304 40351
20672 30620
20381 33854
10557 10880
13123 41694
21786 36498
5772 8430
16812 23007
33613 33927
7543 38781
161 12620
36565 45529
1517 33307
5934 22529
8684 44762
45253 46247
7186 22679
22727 39415
18145 27468
16205 37497
26509 40140
13301 21213
1604 28738
17487 26744
11179 21372
12396 45687
14339 24063
11851 19735
17941 36713
7875 47225
6127 41209
8139 17470
30201 33243
26837 36414
1333 26373
32381 35883
8474 25303
3780 26913
2641 20224
9461 14602
28269 41820
1154 3403
19020 46138
14533 41433
24286 29643
23640 32686
3563 13450
23656 39046
24179 27487
9442 15649
34059 36972
7775 36390
27530 37293
37151 47076
32182 37901
16385 46085
21901 45041
9975 10635
2381 33078
11958 26347
14773 17484
5765 31313
30503 33153
8020 36571
14436 43728
21876 31398
18597 20155
43227 45847
179 20449
12403 30346
6974 35708
8350 28754
16352 37627
14922 47004
12676 13916
1361 9465
14911 31539
7081 11634
17847 31304
19682 39948
4353 41030
9047 33004
19108 42305
31357 35293
21367 33749
15217 42549
42882 42937
4709 43294
13567 30460
8778 41632
24246 39396
12267 26297
15821 33803
27730 42376
13747 38914
16477 45219
35589 37385
27218 39003
25632 27653
9699 32004
29032 40354
23597 36856
21171 33406
1783 37400
4703 34969
28089 33045
6370 34415
36335 38114
428 43918
16166 34373
22339 33858
5406 9233
488 5473
27318 44660
7579 11456
4369 37725
16225 33640
7995 37183
3835 17789
14164 37458
31289 36424
8256 20716
4329 31129
13531 14133
6064 44265
16282 43192
25434 34969
9234 21071
25998 43413
32634 46372
15427 27594
1311 33402
19293 30299
2591 4109
21133 42697
19817 20096
6910 37496
3352 26838
13404 16428
30013 46591
13238 29722
5899 9115
41506 44898
22313 40500
21592 44150
32148 39689
21389 38314
5214 40688
4713 17482
27220 45949
17233 23765
27517 37275
34337 38069
4300 11836
23835 24107
6379 40088
18716 24787
24312 46892
5121 36151
18569 25491
12898 16798
4445 41237
15819 35688
37904 42023
24061 24800
746 2990
27281 29986
8134 32349
4179 11667
16970 44831
2718 9653
28169 36275
16978 39996
34120 39131
20770 26914
768 28763
14559 16779
9770 27951
16227 28693
13166 25257
25994 38301
14581 39169
28449 39483
1493 26952
152 12989
29677 45463
16836 41983
187 21843
7461 22807
15401 23632
25040 46826
6009 34088
17298 22042
35260 40164
21413 21479
2606 38994
4631 45318
11451 40450
18501 20795
44346 45624
38921 42814
32342 37945
19186 45973
30650 36934
10253 31868
13606 26064
1857 6826
21722 23173
8904 14981
8223 37251
25709 46022
19765 25651
4853 19474
23885 45646
21674 40660
7948 24214
5757 35156
9919 40101
15922 30285
21370 21967
39968 44437
9142 45105
37088 41571
12007 39769
16264 25326
26858 42260
27515 40315
11418 27296
17844 22309
29968 45588
1231 37289
24789 26023
1619 39091
17600 27052
14442 44621
26226 44420
21519 21659
508 1616
10884 21131
22598 44512
4241 46802
2056 36059
5053 35346
6432 23028
15149 33344
18116 43534
20611 39419
3691 30305
13982 18191
16488 35368
3130 28925
22417 39374
43545 45672
16691 28530
18823 20391
726 10712
13490 32631
5957 42518
4058 19337
10738 45980
16251 31641
11660 41108
3174 36552
39545 43714
15333 37194
10688 21727
43646 46663
14523 18895
1670 13900
2800 22755
41228 46302
4776 32570
24836 30891
26057 41362
25652 45972
7097 37135
13415 28673
4060 19009
194 10450
5090 22530
3034 18613
7663 30349
1525 10893
2500 11509
14311 25963
13246 15251
13244 23314
7030 40235
21141 23503
10340 44937
16251 27453
673 21415
4086 39828
23022 42880
15064 42415
41015 41067
4756 21314
11537 16518
43103 44707
30307 37028
6258 6363
20849 32147
15988 31365
35332 35932
14468 24984
32227 33887
25168 28381
26226 27534
31098 36776
26094 43822
11833 19670
6285 30790
13154 21677
13984 43072
18740 35924
4842 11824
8414 34431
7109 42756
31598 35786
31886 42080
19849 34261
13910 18398
12008 37579
36237 37098
34017 36722
6193 41939
22504 37948
33560 46834
6554 42884
10396 38025
1890 17541
548 9769
31537 44528
12219 28350
15035 46507
19730 41335
7160 20413
31011 46175
1721 21677
8444 41786
3962 41589
17644 28127
13115 36220
25340 31066
6985 23041
14401 45588
34036 35809
17199 18062
2420 34860
24603 35122
12979 23500
18333 30042
8511 47330
15152 19334
9654 32261
22157 39129
26692 44814
6430 20725
5198 43084
39300 41118
33293 35886
31118 36973
19620 31906
1269 33422
15984 19083
27344 31386
21513 27134
10279 36635
9998 42809
28666 46827
6609 28954
3105 42668
16513 39025
28566 30381
21226 27077
1209 14308
31627 34756
31914 38196
3765 8190
6800 7961
28703 37445
13948 19174
10723 29105
14963 45984
36940 40708
11108 14394
2370 32248
6128 19582
16178 46252
12050 23952
30890 45201
34331 39998
14712 23892
35279 36539
18980 36403
20725 30070
778 33346
3617 21659
29747 32354
34877 39942
16946 17723
14084 27706
30938 44868
40432 42044
30264 46617
15013 21726
27163 39056
6352 7555
3088 36971
1348 43648
813 27274
1146 42201
32576 34100
5372 31855
17838 18654
30282 41157
2406 30908
25410 28882
42414 42605
36044 42771
8005 18787
7802 13732
45228 47103
15701 46047
889 30652
24054 47041
12606 23779
10353 33843
26309 43439
25758 36920
16602 45401
1352 14319
28667 31856
19041 37944
25618 46150
24906 34610
31640 31688
1241 28451
2910 6066
16969 40849
7187 35844
248 18554
998 12636
2431 10912
23187 41016
18801 42779
35957 41058
6585 43323
15579 24900
1979 27784
10942 21382
890 21212
3192 26316
27245 30305
7593 29557
13954 17005
11966 30750
391 33542
3828 8218
13784 27147
5011 12735
21348 43900
11027 20150
27211 42213
15726 41515
20217 34850
16707 27616
15130 42393
37637 43533
37179 42655
8936 35645
294 21716
31416 40789
14310 39621
31798 32223
19504 36082
39856 43657
22980 45395
26526 35290
31731 34384
336 19848
7419 23496
7923 23029
16004 32195
1229 32897
21313 30858
14755 17232
15034 34360
12990 25542
15596 46895
32155 32618
592 5666
38618 45448
42735 44958
17185 26436
6311 26858
3846 26651
9827 18796
26992 46208
18811 35872
24535 41947
1774 17313
25768 34685
3833 18495
20744 29775
28988 47041
2913 40217
5460 28156
16196 31210
13068 21826
20559 23579
18024 41127
18415 23979
32189 39153
20209 36032
13153 19655
10175 14002
7006 11033
33041 45785
174 45288
35833 44108
39544 46902
8231 34620
36916 37841
7412 18487
7706 27070
15134 32446
27294 44802
15489 39962
3632 12331
6454 47272
9669 23067
19047 29682
27670 40363
3403 38108
15732 15776
281 18181
30080 34420
6154 18872
42872 43111
20515 31362
41543 45158
23968 31646
7069 13775
19148 32393
10195 35541
35654 37703
27996 29394
44439 44770
25264 27180
19202 30909
50 26512
5574 39881
4163 46090
6526 25052
23171 23381
12332 44523
8960 26111
33701 45026
27416 27772
13908 29521
1499 22288
24620 28017
14570 21504
32360 42552
2712 45141
16482 21700
25470 26652
2055 17258
12028 32596
19381 47247
16642 39136
2133 28468
16734 44552
25747 32787
28410 33706
5131 21941
1061 32800
20266 29853
28872 41873
26847 33105
4869 16279
3319 45711
281 33591
30733 43070
1101 43718
11556 21647
22246 46957
5580 25150
44059 46942
413 45007
8570 39673
21471 32816
34616 39151
21412 42035
27909 33316
18691 43363
16515 26320
8449 26322
5309 24283
3063 26658
576 38770
38311 44603
9642 16251
10657 14014
5723 37105
3057 9847
10233 13686
21877 32164
10137 43025
5235 35072
6823 31007
2594 44465
624 41820
331 11962
24304 32237
3575 33757
11347 31056
2827 17090
30608 40284
15655 23718
385 21997
8025 45750
3556 12015
4070 18652
1973 46225
6049 45734
34383 44002
14516 26828
3598 13180
11034 16946
38302 38609
6574 20480
19599 40454
1452 35384
31658 41424
9633 45720
10388 13573
29366 38728
16247 31362
11638 19312
25409 28553
7296 28729
44683 46122
21800 31139
8470 10529
34291 38936
25328 43648
4398 20561
9524 12192
32685 39951
23602 30975
5772 23360
24255 25878
35892 46595
14723 18796
10358 19184
10197 26406
16429 24586
5863 21943
4399 15686
7198 23848
128 22125
19049 26589
27043 42926
1343 41641
3373 31505
31684 47317
354 12265
17139 29822
8414 26970
14711 24047
14517 43429
18362 44503
337 45280
20523 35604
8526 12100
7817 42148
31625 31811
29810 30989
5236 46519
11024 42965
13185 40482
19964 28443
29110 30763
14974 18391
2714 33912
2932 22471
41102 44474
3887 17739
8131 23248
2565 16261
33685 42643
8129 42800
17963 18167
26967 45509
35093 46524
19 3068
25933 27502
11447 25863
23891 35534
28603 46773
26353 35443
9643 26139
2630 8146
15768 19726
10710 43505
27310 33201
21422 38803
14684 36321
17492 32703
9355 43607
44093 45235
16191 23966
12295 33692
8158 29743
10224 43238
33823 44805
37915 38431
10554 34482
12386 32275
4490 46274
2608 35340
32724 44870
1770 14993
32462 43372
13243 40971
12168 25407
9082 38880
22728 37095
299 17364
9509 21951
28312 44099
17013 42625
7107 17397
9398 26284
12310 39985
22387 44157
6825 21094
10016 34964
2592 23853
32361 34056
17747 23372
1920 39261
17966 38197
9884 40672
3785 24362
41215 42391
2485 31311
28006 38515
16513 27376
6109 12229
24953 45520
9015 9900
28730 29686
7444 43181
4807 20071
7472 25981
15092 20974
18092 28106
8081 32663
40317 45563
26037 46244
5868 21592
42074 43936
7017 14447
16328 25502
5150 12681
8049 47088
6274 32833
34160 46961
20904 23082
1985 46048
20260 20536
31672 38691
11094 26609
23022 37676
26243 44807
8158 36643
31570 36694
21094 24145
9989 18750
6735 23779
1387 34021
1425 38477
3297 27001
313 38307
1532 17406
12108 28873
10219 41843
9399 29272
21216 22041
20855 41283
20974 36279
18683 46051
28162 42195
6787 43567
5060 30292
4195 16258
11612 22226
13864 20605
1688 16606
35692 38426
24494 34752
22064 47398
14000 44817
26997 37668
6754 7405
292 20060
3754 9318
320 6832
25234 32283
4962 38243
18986 28682
10196 14855
292 27415
8124 20793
13067 22139
18402 32603
10252 11000
36801 37894
19773 23585
10392 31948
3193 15293
4256 14790
115 2054
8900 38168
8270 33800
11212 33380
3712 32073
15525 40938
8887 34708
11781 33308
25275 43961
28136 40169
571 34535
5445 34024
16135 19175
43627 44518
6516 45682
4175 28572
16726 30196
21063 38148
41090 46155
25649 46804
10841 16067
7380 44969
23801 33202
15946 20592
3028 4622
138 32559
43570 46054
5512 11460
5131 20628
5068 45943
31398 38010
10379 45433
15310 34876
11824 36364
30516 40776
18607 44446
24158 33597
10457 39647
22415 27925
35974 36529
5983 28199
36393 46312
12424 28408
31161 34283
4120 40138
33736 36513
4060 18395
38315 47196
25996 40445
2114 16336
13261 21176
5181 21280
6188 9356
7381 24387
22497 38473
12891 32196
19171 35520
13263 14806
13127 14945
21054 42892
42649 47121
9180 19229
8083 35397
24126 24236
30455 41008
30387 45977
24747 38849
9574 17813
7411 24387
2948 36483
8137 44678
13392 34999
1931 3396
9045 11807
25640 36622
18504 26143
15953 40714
16039 46904
7214 8947
43217 44730
5533 37896
3405 32413
16975 29098
849 41914
6877 21605
5300 37136
14626 17200
4823 30566
2002 16229
15515 16544
28678 45150
16886 20358
23209 31488
17403 35402
11604 41985
263 7266
26530 31064
12988 13015
15872 41664
24370 38875
14406 34580
7703 27955
7883 29054
15728 43605
15833 33041
19811 24845
9924 28906
743 25811
15204 35499
670 39296
28643 39837
26078 36043
33 2266
15279 39056
7133 18915
314 25139
22639 45456
12360 42089
10925 43740
32222 41923
33054 40733
6520 31897
7159 8435
30686 42179
7660 35024
2687 5728
25855 32214
11737 37387
25114 34431
24053 34980
20442 21278
14715 38317
18635 24481
16780 28956
34575 43932
4873 13259
19184 31112
10913 21260
10368 37941
12603 37659
834 1739
34943 36407
1376 4008
18824 44540
23331 41761
361 15290
5596 27590
15312 27811
28269 40511
31679 35995
9223 12189
2222 8351
3934 28673
5171 27037
1088 19941
11136 25627
13134 41617
23380 38620
8867 43294
4065 26123
22246 29831
30466 44259
26678 26723
681 37495
22027 28969
1964 5467
15145 29926
7266 35204
18474 34870
10121 27460
11346 22589
27927 29793
6135 42928
8515 41307
4380 31769
18824 40352
17861 21057
2268 5851
688 13941
14252 36475
16418 27920
3503 28463
1179 14932
6728 9672
2222 39626
4385 26636
14158 28145
12141 40206
4934 14800
13597 41849
19792 21680
21673 43501
16856 26052
24806 31537
20884 35878
18727 25493
8731 47324
3750 39078
14196 19927
3029 24234
25038 29793
3637 43338
32360 42125
4429 20118
17044 29671
8220 45307
20436 31931
620 41140
16965 45593
22726 27384
14154 23084
780 12725
27248 44915
14207 17992
369 11693
9858 46432
4912 38961
37590 39936
9538 14936
31942 46688
24776 34115
17453 39116
1801 25959
2183 26815
10417 36223
14542 15437
27722 42704
95 36192
12863 42769
25048 29326
23456 43071
1010 46556
18598 37110
5246 26540
19567 44327
109 19444
23602 43246
15372 46789
13174 25261
1161 18028
9404 22826
26628 38767
40798 41863
27720 30334
36266 39859
15432 39111
19603 24894
25262 30574
4160 45876
17494 46980
21416 37943
2868 19697
7714 40550
24467 27078
7558 7765
23721 39531
2542 44787
3924 31986
3197 9026
35339 47174
857 43257
7248 16584
29916 32167
16239 32387
4229 35251
3228 13974
8991 32055
22014 30291
18562 33615
37579 44203
5976 26520
38735 41447
24661 36369
8487 44041
34368 37036
23476 44022
32039 44072
9877 39237
16511 43813
6234 9782
11413 34982
4018 35189
29085 30145
26463 29789
1999 3046
17522 38424
26038 46764
2086 12090
12585 44248
33569 47384
6057 40822
2961 17952
21501 38000
27385 41324
27466 31864
6812 44138
17287 34585
29663 37706
19205 33842
28873 32891
4673 31858
3902 27285
1646 23280
15859 37592
39626 45159
8978 32358
5371 44439
22338 25261
15669 30298
12316 29686
27604 40092
5547 14305
2967 30390
8915 24839
29076 40016
10135 13208
8022 15173
5123 9813
11841 25606
15559 25407
9955 24352
37755 43624
1530 8960
28719 30330
38622 43209
32841 34910
9744 37903
14914 42638
34530 45449
7594 10939
43666 47081
25597 33034
43131 43539
25693 33496
11743 44669
4056 38840
10151 20507
16102 25053
5855 5948
13815 23455
522 11772
26928 47248
24121 43140
2143 30478
22218 39465
3209 37628
39605 46510
11606 17229
10689 47328
26155 28989
10219 28905
12363 27007
10840 42020
14272 16352
13755 23939
40555 45756
1850 23594
722 6706
8109 26795
4907 23878
14717 40538
23222 27778
31007 35670
15384 41001
1713 24262
3280 25736
34143 43602
21786 23727
9923 10803
10815 23250
10442 41169
1605 42048
9035 24866
1800 16660
1813 31417
11777 12492
18622 38448
7765 37319
3553 40955
28546 35208
36429 46079
27178 31665
26426 36002
10403 14796
13420 34929
17194 35039
4576 8973
44288 45225
10216 29872
12513 30468
123 23477
31760 37546
2847 6390
28169 37328
6855 13312
6769 43339
30468 46830
11608 25114
6142 15133
23749 24396
7139 14010
3939 40967
2711 20465
9309 14242
9050 41897
14019 31824
5057 14507
599 18868
2192 14393
776 16286
28139 42939
20126 25771
30444 31318
21318 31340
14410 28447
40259 45316
13051 17288
34387 34647
2006 29694
12161 15999
33335 39446
32430 37125
1095 20388
6226 46860
26712 30306
7096 18635
37695 46069
6862 7851
193 31547
20551 25361
38461 46511
34228 47018
4387 28833
11303 36505
23593 29494
26719 29383
15980 45279
16558 17377
11299 35982
22416 29868
30007 30539
9318 10547
8513 28055
6786 8364
14185 33940
9359 16183
9145 19637
15537 19984
4533 38807
5343 12783
2510 13870
3274 11822
249 10487
26144 38843
29170 43786
23382 40170
27471 45768
9411 14279
4631 8009
1291 43065
28433 35010
5104 31052
10072 23006
8075 38917
24599 45587
4769 41312
30885 40031
5748 25088
9823 30788
26037 38730
21657 23534
28435 39378
40002 44804
11726 12771
11117 47187
10170 26173
36547 38997
11406 36178
36748 40973
20292 39133
39884 41550
13589 26092
22126 36255
12425 38786
5145 16285
22872 24741
6290 35062
1057 2429
23308 25271
16852 27383
23987 27057
10132 14927
40256 41314
6776 30791
31417 41366
6295 29929
29405 39441
4707 10582
11423 34438
2820 33269
5394 21311
3858 15740
26 16591
37156 47160
12462 17511
37409 38746
19557 23236
34033 42846
25986 38926
11917 21360
25693 31699
2236 27741
28218 31930
13002 38551
7449 42911
22587 29429
24806 32586
5319 30185
19897 37240
37577 46816
40187 41685
8758 15487
34679 45064
1144 17084
26127 42140
20329 27256
23432 44689
11662 31929
36016 43228
23862 34824
5453 46750
2184 4704
21901 25317
11191 35727
3715 32562
2604 21505
5741 38522
7657 16795
388 3343
16502 19941
11644 39644
18943 28395
7278 9794
18922 27518
12854 19189
10964 46301
19223 21996
1150 4043
26423 30366
5611 24304
19692 21693
6607 15409
19444 23843
33001 38982
26103 34333
34490 40573
13826 30437
8424 14055
32063 44068
23569 29071
38783 41248
17013 27569
5345 40750
16787 37614
23666 29943
4643 34062
25240 29390
12756 14658
5442 35206
6954 44355
42409 46563
34561 38130
21935 42940
24917 37223
39211 44519
43875 44198
26781 31521
17917 19465
127 36324
28966 33596
21610 33731
1704 3797
9647 21889
27391 32204
3494 27974
1242 28841
21730 31581
15352 25470
24231 44250
9621 11808
9833 40738
46426 46781
31928 46071
8251 40649
12622 22548
3212 15429
8505 10206
24278 32927
15552 32856
9031 19297
32899 46918
10735 37284
28088 45499
31985 44511
9767 41030
24222 28272
25287 31814
7734 46142
13626 22754
36373 38630
44619 47109
13580 33898
7527 41907
9451 22485
3393 19008
17006 21247
3227 25886
14135 38846
22888 23744
15104 29848
4866 34618
10990 21187
11218 27430
13828 26271
1981 5744
8829 31971
17898 21801
413 25710
16886 20549
2178 14367
13093 25300
21814 33106
20129 29102
17500 38909
23625 34940
22620 34667
32382 46375
15104 43969
12530 38369
34278 39457
11636 19433
17740 27227
8118 42883
623 37978
8608 33850
21484 42212
32308 47365
17529 21530
2706 26722
40584 41723
11232 15593
10753 17810
25485 41547
14663 34777
2006 44246
21219 41914
17672 26719
16273 27273
3993 43862
22763 31161
25818 34028
15866 33530
3040 41470
12168 32661
20535 27137
5968 37210
7046 12132
28999 32843
10245 29273
8204 43946
29290 31329
27727 37144
31889 32455
2807 45813
11413 47253
5821 45269
18067 27598
492 10676
12446 27128
2344 35731
423 12791
15066 20241
11655 40370
16907 24004
19265 34867
24059 28011
98 30936
19089 42555
23090 24177
28321 31817
21046 37798
8934 11338
2074 38472
21035 26305
186 46217
4375 10140
16889 44716
4019 40306
39473 46076
608 9696
24054 40068
34792 43195
16735 35389
2880 43416
33673 46772
13669 14051
29740 29821
31534 38656
12723 30388
9214 40560
2032 7105
1384 28761
22918 40443
7561 20818
5154 24780
8115 22158
12784 35013
2423 25420
23849 28709
31856 42090
28647 31586
19197 31484
39 16719
6903 34589
6595 34436
6482 16065
11491 44072
11595 17068
21653 23442
26957 34593
6005 36822
13476 37199
8284 8731
20627 24766
18962 43860
13323 14703
2857 9066
22807 40238
22153 28868
5739 22558
19536 22440
34328 43976
4225 39377
6562 23534
35128 44591
9175 29062
30858 45216
3727 19852
16770 29852
12177 42656
29095 44527
33849 47132
22345 39776
14016 18430
17597 42089
15591 34317
8215 28350
25573 43325
13128 44571
19685 42511
26662 45763
21026 22539
32114 43014
13045 40372
10587 19671
25462 38798
35145 38879
4768 45789
22306 40952
26250 27510
38449 45456
17402 25756
5532 25247
9208 27266
7249 39497
10527 31856
27407 33435
16402 40544
19382 44580
2963 27346
23465 28264
12450 33931
7312 30397
9201 46474
32759 41624
43077 44165
164 3908
649 5643
15747 35365
24615 33799
2799 26191
832 1563
3865 45584
10460 30984
13665 43998
18545 28780
14929 32639
43707 44719
9047 21282
9965 38360
9833 21437
13024 22475
7016 10225
34420 44049
9274 35968
17945 41967
11645 30851
32181 37015
15194 21983
36841 39204
23732 37252
5716 28693
16500 39143
9359 25876
6917 37199
42682 42831
11613 19420
8261 28078
8973 21868
29777 40120
10938 46800
5610 26203
7986 23120
11140 13723
28854 31743
34032 44475
8063 45217
6576 12181
9579 32416
39592 41259
27603 38584
12061 34455
3480 5718
40297 42014
4070 25182
8646 42010
18342 30275
5682 6427
31016 38688
36790 46570
3652 39194
5318 25398
15317 34575
16065 39164
25485 44527
36409 40462
26875 42167
12511 41457
240 33434
38639 44909
16679 43938
8880 37868
34537 42489
10001 47169
5848 35362
7701 30060
26522 43742
6483 27242
33078 42211
15668 31018
37806 39431
5855 39724
4070 24027
16298 41213
21886 45707
916 5316
31857 38341
933 4731
16777 42379
585 34758
4719 40099
21919 42622
40936 46794
16200 26533
18843 21350
12238 36171
550 39086
9254 41061
1517 33425
17329 24583
22008 38880
10192 17666
40246 40870
26703 31456
1150 41710
17639 22530
4128 10210
44978 45379
36115 47289
26810 39432
16347 42394
23589 31577
37633 45114
40057 46983
10062 41355
22603 44543
41345 44346
3986 9753
8175 14801
648 3757
2408 44307
27494 41003
5706 34100
7355 14473
22526 41852
12791 34411
24422 34934
28093 47189
30194 39737
11763 30936
209 41021
40515 42549
2000 39005
38319 45977
14962 46387
16478 40002
18699 40014
8913 31884
24990 28975
10961 14972
14185 46695
4215 30342
30758 36288
17588 45172
8188 15386
3578 24803
27154 39218
12051 36479
6583 32279
5912 21494
30417 45794
30692 41303
7942 37961
6548 39613
36818 44914
25108 35238
8287 36683
24479 33724
5419 20056
3124 3291
8067 46708
20124 21968
7206 22994
30949 43561
6616 23717
8168 9607
18617 46374
2914 34972
5349 42857
2765 25989
6034 30882
1691 24613
2791 12126
29251 33875
2989 4005
854 41674
12994 37348
33697 46658
21026 24930
1208 37476
14634 19887
10123 42115
5606 17788
31549 40708
39489 41533
19278 22297
953 4123
11801 34745
4718 18265
1406 13490
8574 47047
40355 41647
12072 42378
4649 13964
7797 22280
4673 33017
4517 19672
11314 46900
6883 19873
12402 18346
1296 43308
11850 44436
20097 27476
5509 9345
559 2664
34289 43163
6883 16840
1818 39448
28948 32130
32891 40909
17694 18533
17938 21337
22645 28822
29518 46246
19408 20434
5445 33654
17753 41744
9580 40159
43475 44508
8016 31978
12034 25655
9823 30495
9735 24232
12881 46465
35965 39295
7532 27435
3457 6459
14859 40111
14712 15740
4698 16054
24360 34516
38480 43911
8369 17729
29802 30325
6845 11229
14340 36513
24519 36266
848 11411
1500 13286
3283 34572
22116 42599
14244 46604
21868 43251
39399 42905
14620 24260
26794 31596
6410 37315
21294 41444
16055 45240
27362 47329
31622 47147
39144 45769
11386 42184
12497 46825
22700 43000
5139 19560
5424 28589
8099 38405
16473 36304
8221 40088
3982 19647
10054 10190
25772 30760
6678 44835
21920 40566
22314 33515
15616 27234
17752 22220
7876 17580
1713 19005
26600 40189
16506 21326
19614 39103
17195 35134
2423 14442
6706 38373
6535 9444
43032 46516
3057 17963
1884 40737
19082 19994
7159 45488
32539 40187
9073 16518
29011 40483
32476 45500
1915 43433
11620 23116
14916 38500
2637 21726
15815 42504
21271 38965
29423 30813
7039 9327
17367 22944
15720 30566
35833 40599
9998 24537
28292 45118
12169 26714
28564 36946
2216 3360
6476 42583
393 18670
71 18619
36343 46713
16097 43506
32258 38982
542 22176
19486 42085
33923 42519
26744 27240
6495 28488
3350 19689
12194 40892
22471 43432
21497 30394
12345 28229
8143 36717
4822 9033
22434 37888
22296 46060
23279 26572
25558 36950
16448 27117
14952 43768
26236 33630
4359 23272
7264 34304
25002 42330
14260 14386
11652 44665
5453 25465
1215 21464
38418 46684
11309 37883
19519 42733
1581 35585
12816 36108
14212 22451
22921 24770
22265 29569
23354 34451
19341 33012
40765 46054
15032 45575
6153 23597
6566 16596
2413 42504
25505 36161
18919 26903
7474 35403
11004 41569
6943 44812
2036 43685
24144 34728
20079 45177
22355 44896
25172 41586
27970 33308
14020 17154
2849 37557
26999 36783
8858 13034
10669 26946
20938 44120
21948 41539
32951 44937
29078 37651
1500 43301
2514 21214
36004 41315
29495 44355
20911 47400
37029 44492
9263 30466
15885 44107
14209 39657
9284 45306
15553 16950
7594 9467
5300 9142
5101 37040
3089 36613
3199 39225
1986 29581
12076 19463
5558 27867
17793 20395
4735 16688
43085 44516
9556 43900
16206 31451
18865 20385
12648 27209
8527 32653
11320 17615
7424 32037
5835 43801
25109 36295
674 21624
10359 45163
1412 39266
12704 40323
22764 33938
6551 33576
12828 16415
303 38835
32273 38592
6021 23962
14401 42055
14057 31665
300 15906
10044 43058
17568 35337
1439 7319
2601 23037
30558 38351
7604 28598
42400 47200
28083 43118
25404 46392
3281 32595
11855 16030
22059 32055
12018 21686
19330 29358
28548 37970
1412 11508
9239 43977
3675 16657
16691 20138
20777 47130
8869 41411
922 26583
9848 31603
3255 14004
5619 47313
22748 34909
19750 37649
38899 44192
14562 29864
18480 19365
34078 35669
16783 21016
20371 40184
35935 37656
18191 27341
16303 42256
9194 18139
36572 46578
8217 44989
9406 44625
2718 4323
8531 21767
5117 22377
8401 13026
4120 14051
18156 22809
21582 46345
4604 41979
18252 23271
943 44375
9681 24269
36 13900
23670 25075
18804 27167
11238 37106
12787 20281
18409 40601
13111 43036
6201 45732
30416 37439
13876 34208
14455 21083
11727 31820
11684 20604
3966 46953
2009 7552
15269 24979
22276 38431
6855 13129
29844 30982
18732 29334
24157 25728
10828 21558
14639 27966
27997 30622
1275 26431
6655 24560
14498 44700
27 20738
18520 44912
9912 36983
26950 43120
21816 34632
13463 20806
33975 36964
31638 46391
7682 9501
20151 42614
29423 34493
19925 33411
1736 31313
14738 32644
26255 32099
1719 41697
13148 17388
14833 42303
35332 40506
591 8779
9736 44462
28303 33122
29032 43131
23177 31877
18707 30751
2204 43617
9355 38354
24330 37683
16151 25730
1738 21186
14909 30405
2565 6820
27265 43639
2005 7163
15104 44644
14418 21685
5610 34636
16759 22553
14809 33584
12230 21786
20777 35855
9386 12161
18220 30232
24186 37530
25927 33707
4447 39789
12026 41389
785 7840
2854 31432
18829 37106
29562 35725
543 30938
35076 38018
1650 45259
25321 25791
37798 45179
4892 45508
25233 32737
11189 13538
20914 34032
15405 23415
4540 11845
16148 27660
9574 12747
5178 13822
11378 39074
12937 22937
26830 33861
8152 16323
22548 41831
28497 45550
10856 40840
3618 20285
1771 38207
28239 31901
8578 31599
1498 24462
20964 37128
36191 39933
19758 33381
3148 12415
1123 3647
17138 41931
33843 46727
36558 47274
44847 46563
10756 35132
6445 9153
14337 42741
34834 45035
33284 37314
4552 25387
1986 40616
12645 27208
6780 8096
8631 13301
3542 38733
40706 43811
4779 27271
8112 16119
37271 40134
4621 44590
11152 45281
15763 41916
5654 13885
7852 33161
4595 34509
28258 31927
35100 38896
705 2144
12844 36843
2335 17738
16699 27493
22607 42545
34473 46318
30421 44951
15084 26702
3586 8803
887 33302
9333 36739
6249 13132
23557 32716
10682 40794
12065 37263
2930 42649
10014 27274
28645 44242
26052 38400
4294 10960
767 8283
5416 43117
18788 35091
13269 17370
16385 43898
3968 33606
12937 28682
6896 24620
18435 40830
27148 38195
43188 45984
5313 8091
5683 40613
13205 41679
7413 41327
34987 35935
8193 23008
4675 9497
21763 23857
31189 42032
21872 39076
638 6718
34208 45996
39349 42631
30185 45367
14211 39329
20373 30354
20698 27670
13195 41341
2202 16030
26710 42291
16740 19522
41004 47143
22690 43845
22147 25890
23993 46212
23164 34087
11430 13437
30610 32125
8148 29250
9696 41062
22970 43081
34806 42316
19498 29723
29633 43699
31493 37316
35804 44801
4716 24558
22611 34288
22941 39118
13885 47049
6243 22469
28925 30780
9423 43532
12369 31742
33845 34586
3540 5909
1924 43389
5909 37118
13086 44565
43034 45651
14872 26929
11475 25988
4580 31436
11829 21790
18814 35483
3676 42549
7495 10911
5234 14698
15976 33782
11180 22283
8699 19688
6200 30477
16119 22167
19644 35159
10291 32738
16705 32844
10627 44738
14924 20272
27478 31801
35196 40915
9385 46407
16229 17050
33905 41002
1544 39145
9146 24699
30828 37033
6207 29554
2838 21047
7690 14361
4078 26098
38170 43793
8879 39072
8856 12293
3563 25652
40577 40585
29666 40159
4568 37976
22335 29993
40073 41991
19850 34072
8285 12477
2334 32252
19833 21825
4904 40554
37639 44315
36675 42545
18577 21152
4290 40102
35697 43129
41721 43080
6256 16018
14533 45475
8783 46315
26715 47067
27052 41734
32021 38077
30249 37891
673 25831
1597 28202
2698 11187
26802 28727
19270 20557
6180 9957
12544 14672
14109 36287
1610 18049
19539 26609
15304 45537
6222 17538
43989 44786
34951 37273
25041 33803
6607 21321
29982 34514
1439 34382
13093 19051
9810 21430
14254 16639
22971 39787
14528 30205
3619 37022
1556 31934
10932 41132
29117 33662
24458 25467
7762 9645
23478 42220
31062 37748
24912 41852
9845 38770
2121 44171
543 11771
43867 45146
9088 17099
22256 39633
605 45079
21085 39822
29865 42573
39130 42895
10817 30420
25006 36010
9090 39776
2230 30693
34324 37124
12498 38597
45211 46009
37504 41191
18544 24721
3119 28347
31747 41614
14611 14940
7396 29832
4382 17544
2529 12266
44158 47173
8195 36830
1152 10135
10277 29136
32789 37790
26718 37269
9634 42276
11340 23937
17246 33436
25534 34035
7171 15569
15633 43860
16706 39349
22772 25159
1177 25067
3297 28245
8325 44416
9404 26888
22557 44418
8923 45274
9211 27247
14336 36935
2833 13966
7191 12407
6181 8572
20235 36595
11858 15767
39749 45545
33253 46538
28458 35264
7747 42840
39736 47003
9263 36455
847 6065
27193 30156
9 34013
7144 37851
376 16279
9030 26273
10578 33921
10385 34280
1074 16055
23604 40564
16042 38379
28010 44149
38087 41151
4425 11898
16709 29016
3582 41946
12321 31864
12357 27357
1727 40005
18059 27257
34622 45179
3676 11221
6668 10164
12087 28435
274 13908
22232 45543
16831 44847
9890 45978
37964 40155
35634 44337
17852 33730
5858 37127
23048 33270
7882 17377
10044 32832
4630 6237
25651 28688
2923 37937
16569 35398
26832 42958
29237 34197
4578 15122
19177 43965
21614 29292
6784 34259
37587 38303
20179 24527
17846 22022
36935 38148
39292 41239
25476 41115
35159 42916
6198 6808
13418 17143
16739 46547
19613 22803
25024 29879
18583 37749
15391 37240
31843 37618
34323 45246
7551 11921
14257 18063
3253 28026
36829 45427
7047 28603
24358 45452
34526 42572
14458 14562
18046 37894
5598 24317
32545 42212
444 23498
25550 36876
9334 18281
7840 19729
14599 42501
1410 23062
28899 38500
44514 45359
16602 18676
12045 37553
4197 6489
11666 47356
17315 43458
18161 45172
17097 18655
20376 32372
13456 23238
34539 42403
11386 19423
22330 36012
9774 10824
2507 26492
11976 45303
9527 19992
20130 45148
5433 36681
2381 34489
24041 29314
1469 5333
20017 35822
43818 46945
1592 43081
12796 33149
11210 36351
27789 38756
19420 34785
11716 44036
5928 38730
18634 39511
2106 46685
1379 30141
848 45000
3863 22427
19558 26798
33 13525
7101 22557
19894 41242
28478 39917
4413 26277
14168 30398
16695 33900
4648 20667
2057 35839
10509 11929
5146 36600
14164 17043
35045 41177
32118 40185
25055 39633
18090 36206
6997 8971
30557 33995
34340 40607
2664 46023
16631 21433
18116 47226
27488 44439
289 36876
9899 12535
27052 34460
36248 36897
36542 45480
41903 43367
15906 21150
985 19583
6809 26828
24761 33120
23553 26826
14902 35065
16356 30246
15583 31262
15912 19652
20419 21599
36512 41292
32515 38666
11958 25209
17116 23703
987 37564
18809 27568
3712 38607
2789 14015
15856 25355
4253 31606
24608 43616
5799 29005
28380 29128
20895 22467
23840 25728
29206 38511
28767 37121
1800 8024
6315 8361
26893 41354
29085 34020
23104 43595
13119 29563
18297 42295
24185 40665
7534 9310
1823 16494
12630 33721
11669 19979
25543 25935
3820 30569
1192 44920
12765 15637
21258 46439
14366 22357
5568 44132
2236 22675
40956 41146
2661 43792
32888 33905
40052 41679
8854 19578
13951 27218
851 19902
36612 37658
3231 5449
5898 7268
4513 39019
5671 35370
9726 46834
3175 11933
15544 18801
34118 39931
6375 14777
31800 42430
22805 35553
11630 29419
22434 41275
16467 43578
20617 35654
19977 29844
23579 46466
22777 38608
22827 38725
28693 47105
3012 40400
10922 30271
1216 22070
7471 36449
5200 34822
9911 26211
17417 43548
34508 37268
9421 14306
325 18866
4349 32737
3384 30365
6332 43723
6925 7084
19831 42450
18036 40560
6716 41619
15275 19858
15241 46103
5200 39144
25022 44275
2498 45440
15204 46221
28640 38210
15030 36242
29710 30018
29270 44241
6052 11252
17007 40243
639 3349
11258 34111
18960 19337
33401 44588
39213 42182
23657 35903
634 35435
8086 9344
5538 36264
27470 33497
26833 44954
1611 40261
17990 18469
22676 37909
2353 15234
14663 31321
5439 26836
23095 45440
4451 33148
11721 14745
17482 42579
3706 26578
15638 19105
20795 44546
3263 26008
5849 19537
1426 45584
25134 34077
11574 29220
30924 36985
41557 42570
2903 22440
9518 34348
8258 11679
8452 45665
23412 23805
10264 38110
1431 34035
14671 20228
36554 44364
34739 35406
1388 11707
30786 34018
39748 44919
5579 7002
3038 33595
16409 20271
7439 30420
7203 38057
1178 19976
37065 37871
31786 46964
3357 3547
15348 33652
758 10722
27011 28206
8409 34075
18057 35855
12499 39117
21840 33799
18767 30538
3359 37743
20549 37858
28384 37169
5769 25384
1133 36798
28239 32092
39369 40927
30470 47344
4214 37476
6255 27529
7152 12993
16243 19578
15239 31773
31496 44515
172 26439
35534 37316
9636 37736
20629 29866
12260 25895
8675 11162
9507 22804
30564 40748
33501 44148
4179 39360
27501 43093
35106 39498
8858 47241
14500 39920
29435 30805
41433 44331
18405 39547
28644 37631
3423 37512
3701 8409
29983 37211
45237 46535
25320 33970
4473 6222
7363 10530
1357 3079
37005 41337
1837 45760
12038 38102
23071 43594
35335 39334
6822 19601
19237 24370
4246 46947
28436 34460
10808 42787
32983 35806
1229 40777
43826 43830
11942 26851
2804 28556
23235 43594
27108 44464
12178 16770
10328 16671
7107 18430
6798 33136
31719 32239
11884 30064
30087 40893
39282 39722
13280 44488
328 33098
24260 25271
11177 46417
32377 43701
36978 38894
5596 42313
41938 43819
12648 19321
25344 44489
18567 25083
2527 39925
3019 40387
23962 36352
25856 39187
14576 31539
10213 47249
16915 42160
2037 41229
25301 31960
8513 33353
3618 20155
6808 17585
12492 35373
5515 23261
34153 43632
8788 9614
16015 34706
25672 44146
45795 46007
8673 19463
18835 46566
20865 46818
1542 26324
28357 30514
18307 18339
4723 15340
4677 46486
5479 36786
14456 18948
8391 17498
30274 37470
5078 33998
37058 38607
31897 35089
8904 17494
14279 19251
28727 39065
32377 46279
3952 24703
10449 15984
31461 43045
21749 42943
9460 26235
10583 29947
2638 7810
13977 35286
40200 42762
6353 29971
13347 47133
3434 31314
1501 2887
7969 30583
31568 36876
21742 28381
7079 21188
20411 40181
23720 28443
15273 37613
27840 29190
1996 35296
13461 17060
20208 34345
28040 28662
32237 42461
9678 39653
15797 21906
5734 42515
5879 25900
2332 7487
10855 43601
17417 41885
35598 44095
2864 39024
8481 13711
3452 45610
18492 34037
14569 35524
7722 41952
5886 8762
1771 24574
3318 23918
11021 23110
5902 27954
17594 46658
11667 29866
4834 42608
22999 24872
1351 12122
10169 42492
18431 41870
30812 47055
36648 45235
21123 34105
14263 40328
14563 17400
11149 26678
5295 34308
655 25601
11145 25216
6059 25844
7618 20287
2273 40626
3583 14925
3476 23164
23816 31668
26164 41089
40339 44529
10741 15714
16338 19762
1133 24852
17991 28924
43797 45157
2061 5465
12300 45620
25569 43131
17878 34874
16226 42152
10323 31416
39044 40710
878 5085
15328 24972
16231 33636
12392 35760
27182 36090
29570 36804
26895 27954
7700 25173
15770 46258
9187 38961
5950 34545
14407 17395
20624 45280
29030 46100
4463 17724
7205 23100
14970 16754
10235 43438
2668 3002
34029 41339
20065 27731
4472 16497
7277 44853
12280 15705
3109 23878
13000 31078
78 37058
2304 9895
7793 35321
8034 34444
38558 43045
22404 29492
29726 39572
20435 34619
21993 43921
831 13883
34711 44527
4149 33190
376 20658
16530 25543
9709 39608
20908 39912
2728 18709
22161 24257
26156 26810
29756 45049
4165 17104
19642 41749
12007 15142
10431 46359
40359 42097
8471 46122
16650 45997
29253 43647
4079 12607
2478 30962
10966 15377
25664 37086
1964 34124
8143 16428
3665 4107
3379 6719
30743 45840
10832 15562
609 38922
22739 29724
1981 43338
1525 9352
13738 29448
10302 22163
6164 19332
9351 42320
25321 45206
22727 22924
15984 21596
3923 13383
17664 39751
13151 33071
29515 37766
21017 44527
9063 25823
26206 47060
2031 24392
33115 47145
37408 38775
11194 24437
896 24992
13886 34422
14639 39355
33971 44851
25311 46366
21344 26613
6832 43001
34325 47069
12813 42316
21825 35776
18103 40737
31539 41586
25555 27478
3966 37000
11693 41504
37204 39884
17605 40460
8972 9089
38041 47174
13012 27600
1969 37635
7151 41441
2249 39904
13614 17088
2792 10318
11527 47069
25813 43170
1826 43184
11903 42630
3485 28217
2153 24331
19039 39496
11217 38892
3688 36655
8660 43095
34520 43349
9012 45240
39614 40892
15041 38365
3865 45592
28683 32674
5565 37796
6531 13975
2659 20877
1848 34433
19827 45554
39075 43997
43383 44041
38302 45013
37033 44859
34089 38036
15276 46691
14287 40727
21366 25008
6102 32901
25539 40665
10074 46582
1458 30464
33027 33287
29962 43665
4696 26622
38093 39362
14088 23521
2616 43996
27438 44783
38361 43499
28000 33906
10080 42613
29135 36689
15553 31319
1761 5925
31670 35356
31193 42372
32910 33991
2874 34024
17695 31977
4873 22131
36343 40224
10806 47039
41597 43152
3092 7307
4702 9417
22765 42143
34162 40742
9290 25316
25238 30887
32025 35705
7333 34210
32613 35875
23466 42190
19258 27451
12575 36754
15046 23917
41824 44447
5038 45179
5807 37813
10572 12469
6000 15762
11566 45572
12568 32550
20372 36712
13051 31206
1178 47173
15831 32710
29232 36756
18478 34062
4093 14570
29388 35017
29081 46386
30212 36218
27786 32768
6434 25264
17129 24345
23198 39500
28752 38748
18267 41197
4282 37854
9621 28812
30216 33893
12747 22285
19140 31902
25205 27690
15301 29862
33014 42584
28322 34441
727 23680
10279 41994
21243 28468
3543 29005
17693 28251
14821 16578
557 34788
32860 45500
21389 39782
5793 18643
18797 18889
12812 33418
1119 29573
12376 40435
6950 12325
1621 6779
14510 36314
3621 7354
41436 46162
1667 40897
35567 41426
21615 34059
10378 33463
38612 40195
18925 45088
12830 22296
8761 10934
8223 35202
24928 31330
3123 26510
4616 42587
4734 11317
32876 40152
12886 34656
8430 16432
9551 32149
16891 29037
17271 29258
2722 16717
11775 33398
28951 44195
14543 39995
4794 33410
16493 17098
26519 47346
4718 34354
13223 32736
32585 42016
13557 44101
3515 10876
24622 30627
16513 30747
4463 42880
12965 20777
11850 18646
21801 32505
14953 29663
14592 24022
21174 42960
11627 33126
21695 31328
4943 28406
12035 27444
12292 14268
8669 29788
2636 5430
17455 42907
24420 33502
17833 43267
9585 31709
6886 14137
5059 7828
42994 43520
12488 34744
8538 21576
33950 38444
30516 35958
4258 32625
28946 43046
38113 46243
33730 46025
7309 42728
13036 35488
1923 30232
22219 22414
7767 32437
16435 32503
5165 35931
12240 35554
5901 34279
10805 27783
24211 25757
19164 38391
4817 19383
20886 44906
1061 44173
30985 42421
8242 8759
19822 35358
7264 19923
17447 37323
7156 43021
22287 31566
34546 35068
344 39836
3517 31435
3840 34340
7752 10063
40312 40588
4432 25584
28633 36641
23898 38250
8921 24508
12519 26459
14425 21949
25517 26328
3948 14625
16486 42425
5973 46024
28700 38802
13605 33672
18807 21915
12472 16440
2787 5144
1362 42192
6221 39895
12487 33687
5245 22058
5718 32858
16309 46111
26538 36337
18071 30333
15516 18367
18701 46944
7985 42822
5247 17408
24561 43266
4162 32647
6757 15904
27360 37842
16866 41491
35756 37220
23120 30762
4337 47173
10495 35016
3417 33432
3941 40757
18679 42617
24404 26471
26611 28305
19277 41785
7828 9253
25564 33448
23919 41705
7056 29153
4180 46408
2945 37005
5109 46871
6593 25487
15756 33638
3928 10909
32738 34770
2126 17462
1806 11068
7362 42442
9321 17379
1813 37122
19487 39528
8761 29056
20266 32850
10668 11939
17668 30636
26329 31975
42051 43619
5763 26319
1501 28340
31260 32937
9849 28236
5661 32458
25120 44145
34648 40151
2851 22417
12387 12679
1332 9091
14710 35599
19113 29087
13239 34587
11379 23412
3546 43395
11456 25352
2839 5037
8560 42140
33148 38559
1958 23489
12881 32031
32142 41259
2338 39171
19076 20695
18117 42489
22834 24998
38227 41836
10602 28981
16596 34917
2376 23598
556 14296
29213 32465
25458 32782
16208 38218
1535 23921
17697 42253
2120 20410
36150 37981
17216 45363
30695 39678
1495 39017
3774 10926
20645 33919
6366 36545
26863 30703
501 9297
32525 41562
4936 18538
5033 38850
3435 25231
7479 9741
13164 40963
18978 26552
17440 19592
28148 33430
20060 35336
25903 32243
13527 29122
5676 22862
9964 16400
13142 37390
12716 20020
14195 29029
14369 20514
41708 42609
725 14266
16500 27234
2635 40989
34330 36569
8261 8814
5541 38660
14583 24415
9407 35141
22073 36523
27995 40893
8683 13418
8494 18592
3364 40051
30023 38066
18675 46499
11730 20339
31027 46782
27258 44949
41988 42784
17857 33220
5499 16907
6530 40278
27576 41848
13352 33039
9736 12577
15738 28954
6423 16245
26412 27932
8735 19593
3793 27517
874 44136
13536 32567
16385 29704
4434 14489
13926 22172
22399 36292
11223 13718
22739 32196
5336 22928
1120 35682
5632 44389
9606 14574
2416 32906
39941 45345
15432 29971
21464 32227
31123 35886
13542 33671
25940 39025
18240 45766
2141 31920
4398 18565
6248 7330
19421 38344
37987 46027
31237 39556
867 3314
36591 40436
26171 43280
45823 46502
26541 36397
42492 44895
8 27941
4337 25644
10089 16771
20203 29870
24273 44086
24672 44357
8501 24219
21986 27212
7133 43307
33208 46933
7701 33211
8459 11161
19614 30414
9206 35527
25949 30227
3296 24566
8618 9693
166 7939
17145 43297
26205 28877
13928 41977
25791 42069
8364 21073
2655 24920
23450 29123
32023 37997
30243 44309
5253 47321
52 34605
12669 27989
2506 9521
31737 43238
17121 36645
7588 22545
1126 43336
11141 11167
21161 24631
24214 40257
21537 33778
6429 19553
9755 20816
17541 31754
21889 29507
28707 40054
14727 28195
15449 31563
40453 42190
28323 42508
27552 47357
30145 35641
13956 31701
13418 18062
1199 33584
30514 30785
11509 12852
29230 36015
17946 43709
7348 18897
1731 3085
24430 44554
39879 46240
5068 16026
7760 25257
10812 21033
4408 23335
27917 35562
23173 41781
20465 32983
9842 33778
17774 21910
10236 16901
10506 24898
17878 28649
6035 28243
9921 44624
7676 33638
26938 31225
32366 38470
8508 43028
17346 20682
4486 21124
24874 35526
33717 44261
35785 41587
9034 33460
27198 27365
10868 19248
5187 39638
10002 16855
40543 41867
22854 34457
5906 40291
16794 30153
8396 22034
13273 38036
6114 20026
21251 32737
13206 15122
1231 46088
10624 25654
25033 44042
40065 44659
27213 34439
15882 42287
19915 38716
31300 31828
7864 31191
7759 40065
2042 22329
5990 39588
26599 40403
5049 31194
19937 25643
14383 41701
10824 12883
41457 43311
4716 36646
25609 26832
999 4990
14525 26478
23098 38358
3895 28546
1099 22375
17696 39881
1610 37574
1422 31107
15046 47276
15794 45449
6371 31709
29409 42099
7007 39275
4890 44504
11241 33708
2110 46383
5435 24790
15884 17234
41232 42977
25241 31108
20566 32768
30656 41309
40401 46432
15227 25945
38631 46292
12245 29218
17572 21105
28844 43387
7397 11702
4312 47277
1617 19281
41311 41930
2715 18018
33015 34273
5182 44100
15748 40327
12072 19060
17579 33014
25679 38258
16421 36663
23086 34136
26616 46718
6563 31074
760 15846
7668 16487
3298 43858
943 24598
9114 23858
4529 5224
22836 43006
27523 40225
9862 15615
5926 32890
18675 39225
29365 30792
9801 11175
27800 44640
1913 31451
17430 43629
1260 39931
31640 47090
680 41342
15734 27223
25441 27890
15379 31196
11715 15416
31511 32158
5292 7088
4400 26694
9375 39067
17633 18324
5500 6071
23508 36646
4006 17907
1052 24891
12077 21632
9392 35449
2242 24163
43132 46865
20003 24279
8476 39385
43929 44930
5179 22086
2371 14370
10071 43092
38734 42582
13234 18697
3868 43398
45786 46917
3855 22033
5441 26967
9417 12474
2652 36462
23182 40394
19727 33621
12651 15114
24692 38890
5624 10055
8825 19917
17017 47381
31002 44308
14696 39783
928 38387
27904 43434
24079 34876
26586 33030
159 42528
5044 38234
12047 18733
7719 35218
19231 39991
25251 44896
27345 32301
3227 3751
13816 26757
17302 18853
19982 29013
37459 38984
25891 46919
23476 27608
13724 24724
10010 40880
14465 40385
26286 28200
40258 45833
5044 23308
3858 37741
3238 35781
18771 27524
42144 46306
26454 43999
4916 6534
9571 13075
7219 10328
786 7728
9472 25339
26694 46869
14489 20218
5159 27580
24016 30339
42250 43699
7238 36584
7916 29100
30804 40485
29262 34315
13801 36032
3890 9706
25100 31090
11772 42606
2191 46185
7924 40480
13421 32778
16119 23330
15249 46859
11284 21325
22052 32962
11997 26859
1115 9458
6400 20559
36626 47253
9265 11813
10069 21407
2863 14161
1955 32480
14218 21394
25013 44276
23253 38435
1518 14951
39319 41783
8182 31447
33195 44634
9266 21433
5689 21113
29774 40855
16149 24269
20533 21679
36604 41613
27357 29762
3151 5529
24205 42423
11255 15618
8079 11670
7888 45845
18260 32407
31579 32479
4336 5396
29140 40875
139 5368
16235 30994
23251 27758
17290 46845
21062 25941
10938 34785
19396 33321
917 33928
17448 37605
7069 41204
8344 31724
28552 38611
14448 43682
707 21286
27212 27694
7499 43417
7963 12784
8483 8878
8952 26884
45231 45569
17595 34999
17271 40537
3250 40947
6902 13333
1481 27446
14743 31148
41105 41220
20295 35985
21785 34795
12655 46941
27466 35316
37025 44221
8278 41842
8284 9577
24892 29716
35932 46767
5289 33556
36400 41917
9047 21644
3754 20451
1934 45858
3929 31594
28404 34552
19532 41072
4879 16130
15047 32498
9438 16547
8517 21829
13939 46033
33053 37306
13976 24223
3725 16488
10005 19812
13882 27971
27567 29332
19322 23707
3156 10329
26257 31621
2125 9589
16136 33566
36835 43134
18672 20592
1630 10549
16581 23070
25892 34125
28493 43992
9033 45666
17103 24872
10798 39985
32095 41366
30770 41869
26878 44921
46189 47096
509 16682
3318 29696
34331 37522
1810 6171
21999 37891
32243 34067
1603 31707
5804 35826
7407 47345
34666 47045
18663 42329
18303 45958
1084 28109
24736 46306
10956 45647
35531 39387
26059 44222
22792 28078
21694 40638
4003 40537
23370 40392
34916 40777
36062 39023
22631 43436
5647 7734
12553 33185
9335 44287
11754 36178
5094 23773
8791 29113
31994 45232
1707 38072
7644 21809
38260 42242
417 11966
17176 38690
30247 37906
17646 19391
6091 45281
27517 46318
30428 44333
16135 33475
9073 36531
1412 17371
38231 41662
4821 36042
27828 40703
5228 46754
32081 41602
26384 43766
25737 39983
11572 29125
14746 36410
8559 30833
4781 43032
21472 41706
31100 43046
6733 14546
1384 43057
1984 9841
25541 42673
23654 36313
20629 41202
37275 44829
2984 35030
15050 37171
6497 35365
4815 10721
23317 27279
25354 35872
10501 14060
3253 32222
10918 20764
7619 37162
20527 25060
9713 24567
3049 23532
9230 39874
32812 45998
17120 45308
10636 14635
5563 32464
4781 9797
2624 36565
25719 43325
31966 40285
5231 12477
3278 47154
39833 40073
9569 14615
8576 45658
6435 45575
679 19805
25017 47375
7992 43163
10780 30225
17999 37706
10625 20488
25595 32305
25600 34369
28945 29458
15314 33029
6998 45688
39181 45930
36497 44696
8147 44205
10301 42241
12122 23660
9831 33432
3875 8540
16149 27599
25546 42592
9154 31877
39126 39965
25531 42469
567 40286
17036 47249
23937 42555
5172 30690
1180 35790
20315 21524
2250 34014
6190 36106
1674 13667
15508 39472
26822 40288
18066 31707
18608 33976
28549 40731
13097 27450
31902 43817
14735 15578
32846 39650
4253 43373
41517 43205
3915 46761
26111 33487
21415 40686
29693 35871
25135 34898
2027 17353
19204 39864
16074 44929
18662 24763
8852 21874
7564 14153
34846 35714
11156 21197
7422 32005
4245 45360
21262 26299
3015 26475
8275 21304
4283 32820
1977 41560
12469 37084
5327 29823
4504 45062
12649 38183
2257 37413
2434 28415
19421 36307
16145 26271
28658 44407
3252 41879
3915 29391
41958 41985
25317 25870
1383 44204
4590 36885
15010 35007
29703 36158
1105 3320
20201 21371
5054 33047
1826 39297
38033 46028
32243 41585
615 11794
15919 43836
15768 28391
8638 26617
20580 33418
6828 21975
32397 36575
3821 4250
7468 18363
959 21403
29901 40465
22882 29662
6492 13358
27397 42050
5864 42836
6111 13666
28026 45227
34852 35478
11972 32844
9144 42411
27258 44335
19884 29369
16914 38129
37817 39391
10623 38588
22390 35966
4947 35967
17555 40377
31586 44819
18608 28044
13795 36378
16885 43026
6807 28803
15427 24691
28681 44525
12517 30284
2444 39817
6635 41528
15495 23105
24161 28760
18727 40948
7573 18133
9067 11989
15893 23151
1115 13756
14459 38236
35429 40720
12946 37722
29586 34953
17884 42888
10046 19894
18571 20406
3561 46151
12552 13659
11210 15501
19433 42278
11175 14726
18779 43740
18258 25544
119 3588
24034 24639
8534 40923
15690 27114
8547 14555
12304 30526
21015 31228
38328 43986
5023 9143
5150 43627
40552 45235
14499 44586
6075 7727
19365 37798
7342 25713
25862 29079
23129 41916
15235 45408
24156 45920
9757 29940
15495 25333
10079 46206
9972 43865
12040 34021
8430 33753
11844 28447
21699 24848
14408 36712
419 21384
14884 34197
28731 40050
24820 47024
2143 40777
19894 28097
31542 44250
24584 38796
14540 22494
2363 22966
6381 15889
21106 38455
9625 22415
13686 13722
11052 45786
46091 47342
17599 43038
4597 28875
34073 41485
40736 46991
13455 34700
6760 7025
12364 33155
8290 27865
16153 22808
8154 24786
6605 32751
12159 31999
32045 34109
11776 40340
3935 27628
28621 40420
30976 46848
23085 37779
8672 19649
9971 21897
5328 28168
655 46870
13770 26201
3909 29009
39684 44219
1778 42476
16409 46159
21796 42261
15370 30252
40257 45020
7959 28236
10709 12562
5172 11039
16060 19560
6300 44142
14385 37212
18651 21569
3164 24317
7784 47079
3633 35907
14085 35230
23973 29327
2098 24522
42740 46156
5203 6538
1285 43078
37656 42104
11152 11977
9013 16693
10920 33319
17680 34816
14665 44557
8883 25480
406 11618
1946 33900
19302 19967
29468 35700
612 36569
32461 40695
14074 19391
1348 29255
15341 37377
13295 44536
13060 24482
5512 11615
20 6829
17782 32999
22045 44412
27894 33220
24743 33274
5223 34143
8265 18089
30413 35326
5956 20896
19747 22653
23031 32550
17292 19027
30011 39483
24271 36847
28731 30869
4233 5296
21188 36096
7667 7782
16779 46735
26478 38681
16936 22775
12307 31950
38466 43383
7361 11647
3534 19258
13743 31463
25129 42735
8333 28961
26254 29524
23046 46040
21749 31595
2916 21316
3000 16291
10900 32801
1635 26063
16143 21799
41814 46475
36635 43906
23192 36416
10091 12660
574 13780
43081 46933
15815 46062
9385 11680
12677 38434
23767 43706
21436 27284
8082 41743
11265 44418
10199 28408
4959 43845
17634 43061
35153 37982
29317 33386
6284 16924
11705 16582
24130 39035
9251 22418
2330 28897
20630 23629
6353 19912
14426 18637
1610 42571
1750 23892
331 19098
7073 28869
25436 40919
10501 12881
6212 41372
31855 38925
18189 28946
9567 27535
16057 24253
9082 12968
12838 17225
19362 19943
41303 45747
7592 40172
28683 36789
3803 29581
29057 38693
29425 43061
25201 32542
1317 4388
10018 38145
1284 43875
20001 29096
18641 35994
1968 9044
4983 41182
27839 32842
21342 34953
18788 41117
15822 34535
23153 42449
37771 44015
24836 39210
3520 27199
3916 16811
24469 44112
20304 34732
5948 46937
17308 23023
10243 28814
21502 33141
24538 42936
2110 8346
219 43901
3139 30890
3574 30818
3830 34945
15169 24706
11394 29097
24563 31854
13748 46412
11478 16902
17081 37734
4930 25841
13209 33302
15591 23648
16819 28874
15629 42599
7138 41671
9490 31586
24300 35766
5248 38955
32082 43387
16530 28182
23584 37316
30079 34378
16339 18034
7627 21833
13192 31793
15635 27488
8649 39988
2771 12535
4861 21698
9937 30181
21403 28385
19670 34543
18141 41440
26847 31410
14115 24490
45683 47090
8434 15109
9810 41898
9325 33747
4467 11571
23602 28796
31939 46061
12237 38780
10513 36356
6740 30240
12533 31194
21830 22194
21843 30535
9595 34739
23908 35669
6416 43325
27283 40234
2399 19321
6653 19102
10782 24099
24517 33683
33699 46802
2806 46248
43716 43753
33441 35432
2293 36049
42805 45559
17396 43514
33884 45801
13702 20887
17100 25436
19500 20495
10275 35787
36593 39925
6278 41297
2343 32379
15289 20569
18834 39101
24734 42958
4724 31360
12400 20061
3129 28592
4599 7502
3202 40182
12015 28329
20784 38835
7703 25345
7226 28389
5353 44336
24756 39684
22729 27837
5658 23280
25106 32334
2032 20035
10376 32055
15267 30959
144 15702
5743 41488
17921 43870
24160 36805
13683 46285
13382 34279
40346 46863
5142 33162
7861 18175
12556 28279
11282 40613
4826 11988
33302 33529
23973 27530
910 32359
6298 6994
5648 39157
8825 14660
4998 24523
4525 21859
27082 46471
8046 33389
28815 32207
29625 37674
2880 42359
24900 37719
12474 41459
15936 19575
16837 37992
36713 36970
11630 39791
8811 9285
6796 15757
2147 24465
4108 35692
23056 46675
16995 33101
19299 28452
34720 36758
3048 30050
8674 24448
34052 36070
22345 42907
403 25738
7160 7524
23442 42954
228 34782
26045 36652
30685 44605
20761 32569
8256 19212
36635 47236
16241 31299
6986 35637
1400 6306
36042 43689
2532 47287
10020 42353
9735 9912
30056 33672
33581 35522
34575 43550
2030 41384
1466 32940
28450 34687
17958 25577
3650 43458
7665 20060
7561 34232
9021 10010
11589 15765
12168 33377
4909 29503
18198 42942
13514 37134
1590 45434
13204 36154
12748 39321
27232 27301
40196 41926
3413 21264
12194 29121
9895 39032
34390 41676
3702 37582
20200 44529
24390 45860
18273 41022
12261 40896
12446 44059
10325 21997
33037 43514
19111 39088
7303 24151
18348 22298
9040 10760
27387 39081
8966 45520
22448 26365
21410 26144
2735 32289
35413 38926
4973 29272
10851 15812
23911 32397
122 36560
34657 36139
31708 35388
3800 39214
15964 42644
5114 8751
27495 41243
518 1070
16126 19028
12277 16300
3000 11245
20233 42733
29395 39924
33560 42134
9434 24054
12137 23086
12196 45358
8390 39294
19856 37498
657 16316
15531 22009
138 30246
5886 47295
4348 41089
9434 21021
22681 22937
11730 36668
36016 37475
21823 37401
18151 35501
9226 44669
13885 35868
15210 37085
1417 39574
348 635
12551 20043
14374 36032
19799 32426
360 35169
19374 35660
38205 42860
1566 13252
24402 45415
2967 42572
3072 37670
11548 24734
12699 19914
20282 47297
6946 42148
21419 46743
22077 27495
27594 42137
34471 44219
36678 41889
9101 27762
12846 38808
9631 22100
41424 45542
17213 23217
4357 12289
27289 42440
33548 45641
14729 26932
19795 45085
3495 36433
28835 40593
4051 14434
37147 39334
4715 11970
9134 40892
28196 42363
7260 41153
15187 31193
28870 38335
14592 14768
10556 37289
27784 41106
15797 23016
24695 31650
2355 30458
36635 39344
9726 16079
1295 18400
10403 30816
419 25145
10604 36956
35041 35458
36599 45514
29207 43740
8579 12912
15292 24197
30503 32885
33016 42905
30532 32125
10599 16583
21187 27121
30925 31827
9973 23476
23527 34180
22812 23123
24496 31598
853 38030
35531 43579
12056 22800
10081 15839
4430 35906
11148 20962
10946 21013
943 8684
561 44045
6001 42225
4781 44996
4536 23500
31018 41036
13294 47403
4149 35105
6398 19415
13288 36254
14576 46449
5942 45967
7899 30657
5140 42081
6247 7353
9306 12436
16191 20795
7260 13179
8531 15823
1645 22323
2380 12155
8724 31679
474 33846
10443 44312
18270 39598
2229 38000
4783 31082
21398 22564
24298 46084
3093 18628
1720 10015
5831 32930
30359 37966
7941 45943
12111 15286
4412 42631
3048 26964
832 25044
35015 45109
27436 44263
10830 11365
33435 45093
2882 14594
16620 27859
5409 26232
1435 43215
7875 44542
5972 36703
14536 19450
10750 31788
4538 38956
31484 40411
2540 2964
17231 22536
3648 39387
16554 32874
16788 21966
5666 21320
2886 38283
11298 40638
31038 45205
14910 22485
29107 44932
19417 43680
7588 9961
12712 45088
8636 45579
1770 43097
33726 36732
4381 16499
35357 43883
12412 20852
27579 46769
12879 38785
25143 36215
2256 36574
37792 45352
24250 26549
5308 32350
7617 28045
21790 21990
8275 25012
18085 31284
30110 37588
7588 24082
15399 32633
3356 4812
31769 32420
15055 25626
1173 33550
16901 30487
18518 34734
40262 41530
13230 32195
9539 34217
7057 15182
9057 39169
214 16848
3717 14775
31101 32671
11709 16544
19434 19659
3483 3991
4379 44695
10776 45386
1592 29188
17863 33692
7301 18925
5197 9864
15811 44978
4159 16813
15140 44773
15500 25868
15089 24836
860 36594
22902 38129
25903 30210
1097 31811
34756 44551
9043 22093
3142 6522
9703 34971
17498 37135
879 31359
23404 44382
2322 36739
24941 28486
14731 24724
31343 33493
23311 31359
34756 45490
10979 31728
28062 46498
35407 43730
4600 6733
4900 25684
28967 29571
16727 23113
33923 43422
22818 38781
10241 33684
4133 4988
4289 18333
96 15041
12719 35789
20570 25245
25721 33148
26362 39368
10674 33724
7941 46561
22735 29105
41180 45129
42274 43939
20663 22211
4547 40441
22317 25559
46953 47124
26186 36109
34601 44397
5337 45441
5231 25797
2754 42761
8137 16298
6600 26532
11636 28069
43777 46367
11548 25970
33894 40748
23386 40527
3648 20757
20045 21236
15559 23549
5157 6785
5378 25443
9462 28977
10208 30487
27 31627
11541 31565
8959 14770
25811 31105
24092 32997
29761 38611
179 28988
22275 37175
1944 4059
19689 21200
20721 24794
39674 44257
14052 20197
6941 7331
27807 39293
7496 31527
25684 34154
5643 23243
27148 33995
1068 22855
4105 19289
19446 37657
18034 21010
27544 37378
23356 28768
12212 28363
11387 38803
19754 45357
42288 47354
3255 46853
11937 42653
3493 27019
19647 27740
23815 39081
9346 11782
429 31391
29028 35592
7573 13815
14866 27661
2795 8372
17596 21134
1991 10829
31194 42498
22648 41863
15783 39606
14593 46161
7915 18655
20844 22891
10475 40764
322 26956
12787 39948
8364 16946
29996 33135
9316 40024
43913 44645
30434 43160
7673 29860
2682 3368
923 16973
8027 8666
30787 39491
15546 45678
25197 27754
24758 47305
37693 45694
21807 41755
28201 32349
15612 24983
14278 20270
11541 42787
10760 35806
4665 6406
19032 32674
32636 41775
32180 38526
4378 18619
16037 46265
15728 29480
4882 13988
6221 41676
216 46693
37325 45648
557 34154
19121 35348
31545 37197
3446 6746
2242 26989
1339 15881
33831 44050
6156 14836
28683 32658
5792 33807
4427 40361
17660 31991
5646 19460
13185 30521
5593 42457
12076 44420
16828 36564
13724 38154
2971 10021
17834 30831
806 2936
37834 46814
21969 46381
32962 38511
3788 29649
11689 18468
3614 30250
6918 18168
4972 22525
4644 24911
3570 22781
15786 22237
5043 15760
22082 47197
156 24145
18252 38295
37751 40521
10928 22692
20250 23548
3098 42384
13078 23992
2660 23499
4253 23942
74 16384
15415 37196
14870 41045
9224 10717
1240 17699
201 8962
1206 41500
24498 27863
9010 45662
28513 35764
15063 35963
15910 25282
37389 45393
9673 20342
30885 35945
1491 18449
32726 33292
4272 46973
29021 42586
7264 39692
23863 26534
999 36676
330 15384
6817 35216
9584 43840
5335 16295
7577 42259
23666 38421
31028 41484
1338 46880
35087 35162
10560 39396
10402 25978
7380 45128
14170 29306
5223 23409
29711 37906
15682 27875
38959 40533
5832 7652
14776 38161
20001 32215
12219 13290
9294 13125
23393 32785
4453 32243
7007 42264
30787 44431
9787 41516
12975 44535
29417 37809
26137 37453
11164 37416
14535 27310
6650 19776
9910 24361
27858 33917
15644 22264
10792 42913
8842 15071
9168 28827
4472 36026
11349 31692
16479 40970
38213 47078
31856 34674
5726 16809
3246 25396
26423 43300
28183 35555
12484 12783
5217 35621
35201 38808
26084 26838
8369 21425
14171 18523
10251 32359
16132 25586
2238 28023
34 17038
11838 40901
13204 44371
26 46224
1184 42575
5030 32762
9903 15811
24358 47184
27615 33004
1647 22105
5038 27927
8516 38067
8692 23771
4367 42217
5881 10122
1186 27345
29501 41613
5750 38686
33109 33140
28520 29848
5515 31649
31562 37179
19155 33991
24958 46775
3390 15295
13534 27105
33229 39069
3788 41005
14487 17574
8093 25290
7444 31260
24634 37791
26509 36412
15190 22420
19052 34243
25986 31941
33196 44032
5188 44436
16863 26572
21345 24517
3245 42648
5864 41043
36149 47376
15513 29462
7022 28534
28295 28575
4674 9691
6478 36018
17285 20788
36791 46062
19584 31256
32266 42785
2950 45359
19690 23546
31699 39705
15638 15763
14414 30658
19951 23321
4677 29560
20136 35152
7130 34079
13184 46482
776 28362
22617 25477
24684 44270
25240 44902
1532 8868
22113 24631
7949 29459
11280 19924
16099 30094
379 35492
17659 32117
1134 3345
13032 34949
12484 45697
6314 41787
2355 32475
5811 36440
11179 39470
25558 32352
4696 41479
3303 13740
35481 43439
5692 29551
6837 16837
7756 46383
31149 35050
3530 5236
35478 36725
32644 34204
20070 35794
24196 34666
21128 35913
7826 25430
6832 33617
20609 28151
23157 36694
3105 43152
26670 33057
27533 37404
33643 38819
8676 22567
7201 24065
21899 31976
31788 38541
3080 45724
13918 29807
27264 38118
6347 36958
3807 5113
3482 43260
1529 30396
12651 21620
33256 34559
7355 24882
22184 39692
2102 22364
4146 14378
12106 31885
438 13575
42136 44115
40331 43981
45439 47084
3134 36511
20636 32017
8162 23635
7759 22464
9571 21325
8017 24974
8832 37201
15768 22894
12613 13407
3643 23556
37029 47249
19653 42056
12554 38841
10323 17173
13428 29017
24761 36491
8393 37504
11694 25151
8621 22644
7442 14836
9744 19940
15630 16894
226 45718
23521 42932
17644 27001
11964 35750
4306 27441
1540 2423
28479 47030
5175 15021
18318 20529
30674 43377
23823 29684
11403 47202
23241 34432
1897 38123
3832 43965
12845 28036
16086 30881
22808 35304
27968 32181
7110 15386
29244 39141
32453 36813
15884 19820
29713 37899
6755 45373
15838 41517
4241 9087
11943 27302
18593 26187
2862 23125
4242 11941
10621 38656
30252 44219
34051 40976
27265 39012
12074 25506
23878 34063
4321 19589
27083 47077
7769 13113
18864 27589
3550 7634
6199 26617
11362 26209
9615 42295
38288 42473
27332 29095
3980 22679
17813 33552
19570 25536
8119 24422
11655 15881
17984 30401
703 22062
17058 37591
10613 29504
26357 40907
34082 42332
20467 32850
12663 20020
25891 42605
27552 29219
12368 18382
200 658
8316 46062
17239 36067
19792 38538
23539 43241
7757 25130
13 46094
32095 34206
37941 41210
13326 39181
8177 18519
17249 36196
27240 27762
3048 5679
9427 25978
39569 40893
10622 35982
28571 32177
32592 35197
3312 40434
4255 36631
58 39047
34211 46660
8750 43671
32303 34505
21070 22539
8572 45062
20224 36074
5066 26458
31652 37958
14737 29188
32446 46864
21342 26610
7786 16045
15102 46282
1929 6408
16938 35149
2951 45531
28372 47401
14131 32761
20965 37425
15458 17055
4611 14924
6445 11292
13562 33772
7754 7812
9069 30942
5905 28317
15186 20504
17170 47176
10086 14256
15171 26797
7759 47002
10836 31723
7082 19433
32124 41686
17792 38070
31093 47362
40150 41531
12830 17234
24324 38397
9045 43538
17592 26116
24554 45275
1702 25441
19114 23683
3761 26623
12491 23403
37912 39825
17556 36258
15854 41729
17516 32887
24771 46441
8645 17940
7753 28124
5165 33768
1453 43581
2466 20360
10257 40310
33130 46691
12091 37432
7566 25265
3581 32290
5847 27157
19020 47029
30724 38231
16607 21183
5428 27173
19091 30465
11992 23840
7943 35576
43228 43981
14841 27393
17880 47285
3667 30529
10839 37632
20737 46003
6642 8557
24659 26386
18901 40140
6393 30484
33347 42380
3799 8956
13646 47375
16525 30391
14577 38085
8768 40762
2069 18041
10495 37041
7300 32851
12212 43212
7731 45869
13334 20658
1785 35251
8633 16401
16698 35422
36549 41483
28363 30803
27791 42655
7311 26974
3099 19468
16693 32045
13289 46929
32742 37668
1569 34091
13831 31448
36205 42612
2307 25160
11853 12138
8992 44977
5386 31619
30872 35604
9042 13014
329 5069
3260 12596
13216 25109
31827 34255
2384 37808
1341 44413
26644 30978
7358 26389
14474 26013
16397 40920
12151 28168
9523 43273
11915 27891
12312 37161
7593 22499
19849 43231
7917 37872
40059 44529
41798 42323
36306 37537
6664 44667
33700 33742
1085 34220
15149 32194
18267 27304
2211 45585
10615 22947
13432 18883
15054 26480
8499 9365
343 5475
29595 33653
13083 26808
30680 41045
23312 46273
3218 30628
22871 35950
2283 27152
6715 15154
36442 37963
6260 21929
3237 21229
259 46313
15385 32070
38447 46264
30087 38437
35104 35760
34152 41729
44767 46708
38270 46567
118 5922
15459 22570
3549 26604
33053 33126
7532 23670
5125 21216
8179 8205
18438 27135
13001 28472
4709 24721
35645 35710
26952 38031
2518 39046
6160 6772
23184 30007
27946 39643
1344 4255
2021 18992
10675 40128
19751 31129
23677 33323
18882 28465
13573 16970
9963 11784
693 39199
11043 25248
5781 30538
15473 36589
16137 33371
7269 15689
13256 31034
9663 38849
1274 18950
37653 42969
14893 28551
4159 13300
25243 42681
42531 43331
2501 11873
3918 30584
14609 38591
13114 33021
22408 44661
36267 43169
10669 16497
181 40340
3080 43256
1855 35295
29399 46276
725 11164
19356 26412
26129 36250
1588 13259
15863 20313
1612 10435
3842 34130
39623 44459
6216 44772
36033 43123
7134 7893
5076 9565
3038 27919
11655 18406
29322 44716
779 1951
20055 37151
10262 24632
38542 45295
6810 27202
20165 26931
31226 40133
30751 32670
1200 3701
11144 12417
10516 19264
30685 40718
6578 46292
7738 26474
23066 42917
14526 26821
25325 46439
17589 18060
17736 42431
3935 32227
21639 45395
40833 46985
34803 34976
13888 21811
39463 46025
35938 37759
4246 8707
7056 24575
25313 29059
4158 34901
6020 29907
4340 27967
27334 46164
171 9019
15539 16001
42628 46781
5195 46948
3739 7563
1674 45971
5701 21644
17211 36924
10478 29868
41776 44471
3601 19118
212 45422
12573 28263
21089 43773
17236 18672
28954 29929
30877 36700
9457 12288
24181 24830
11108 24787
23362 23973
1088 8317
20134 24561
24906 34131
8495 13597
11444 24736
11386 30393
28381 45316
7765 46740
603 29967
18559 31305
20973 28514
13146 16232
15229 35558
38511 41390
33287 46972
27473 46107
73 5077
10495 20773
2545 43581
20024 43799
5132 32612
22825 24680
17128 20428
4272 43997
10202 42778
17831 39769
16379 34835
12405 30907
15086 15628
18589 46766
18184 19885
1158 3959
2015 26211
12448 35680
4919 23055
9488 34740
22031 42727
15667 25180
16099 45748
11110 31225
21963 34864
9461 24434
27451 31772
2592 37519
25795 37396
17629 29812
21912 47327
22260 39931
2013 10458
10540 15015
15960 42556
11023 13671
16652 28554
808 3149
8272 35536
11688 20477
14532 16516
2739 11501
44 25384
30824 44528
23376 30579
7988 46330
36725 45015
13258 45819
10437 24312
19656 24289
24058 26412
20350 32025
16885 27974
21042 47070
13930 18518
23757 30621
4044 38265
673 42709
2032 38592
35760 42801
19035 19633
11738 21129
29032 44225
24323 40831
7580 35551
18471 29094
9284 14133
38097 41483
15117 36925
7612 29612
15465 45744
42708 47163
5644 37593
14571 20392
18467 33297
13255 30780
37045 40051
8344 41023
916 5849
1132 15273
18548 44216
8678 20897
15486 30756
1765 4074
23686 24338
23107 42381
24521 46831
4152 32671
1871 38243
31767 43303
13439 46523
20154 36943
29744 36301
8590 16704
31185 45018
3104 36084
279 16875
8700 45357
20600 29301
489 655
43512 45244
2920 35216
21176 47369
38506 38631
6529 38457
23163 46231
32972 47205
28053 39837
24362 40893
6409 18161
12786 37633
11552 40698
13905 21978
9112 35660
17379 41044
13927 44368
25071 42521
2960 32521
42672 45388
9497 18697
15225 46391
28680 34458
36037 37177
18111 46039
3672 8783
6125 41383
43286 43746
30867 35825
14400 17611
9028 16125
32537 35734
9364 31535
4573 7171
22605 40584
30189 36112
5076 25727
16152 39961
3897 22083
22769 40426
20503 34979
24600 28949
2606 18006
3830 41772
12986 22179
5256 11550
9712 10526
13918 28575
18020 22889
2613 3901
32541 37546
5409 44037
27971 30332
22529 32079
8999 37422
13023 44877
15090 25763
13249 25972
9320 38002
9704 26099
19866 40178
5035 29459
1149 35709
12697 13566
5463 31626
21223 26566
13385 18289
6359 23254
33261 45348
11498 25670
33827 41787
126 6190
12096 37670
13028 40094
13166 35894
3813 25337
11112 21470
11518 45543
20987 24195
28256 31231
32395 40888
7156 36780
6010 35528
14057 22452
1382 9650
14985 42692
27593 40686
1461 33328
20704 30673
9350 23076
10125 42320
26766 45603
16 45780
4033 23017
13950 25214
6197 19297
45724 45970
32293 43213
21233 44199
16867 23983
12180 30736
14879 37728
28286 30477
8567 13955
13928 15252
14832 39602
28289 30748
15173 27063
31057 36591
9152 41935
2679 38216
32417 36274
4470 33756
22987 27025
26494 42821
13488 37584
31406 42602
6174 33249
17993 20237
741 10384
20406 30053
27052 33700
16457 19739
12902 32010
572 31486
21384 35104
31545 46329
7129 27736
13313 18520
8132 28148
17576 30687
22035 39760
7626 38341
3321 36528
19540 44814
29442 41253
39607 41108
6213 21469
18793 40827
15059 41055
10475 11534
19455 43952
14402 23752
28941 31818
27997 41812
12424 38370
5175 7857
38692 44865
16043 18944
16387 19508
8366 14557
751 6884
20338 46864
3883 29219
8627 16584
12514 16571
13082 13645
13443 20040
25323 29373
11131 43487
35162 40547
3145 14179
7650 38711
3240 33664
23138 33155
19328 46597
21100 44339
22432 36147
5324 36596
8524 11359
14997 40153
16824 46462
21098 37850
7601 7678
16001 40009
2248 37201
7016 24960
33190 46315
9393 33621
29600 44979
669 27207
15158 22701
5909 24575
29886 46504
36023 43858
39247 46534
28437 45251
38361 42011
9553 12561
4704 17266
15892 38911
25709 43156
29950 41012
3160 6327
11560 45074
12506 40788
32234 35896
493 33555
21905 45274
38558 43464
1429 13497
3629 43931
2910 7091
11115 11597
4472 36514
14505 30026
2970 33937
19731 37322
18021 27626
6046 21439
17663 21502
15974 46426
14815 34389
5809 32049
36999 44675
42176 44165
6603 7212
30989 36516
2458 43561
11034 31795
35352 39465
3001 35852
1785 23281
408 33982
40691 46638
312 21442
29168 43204
6341 8151
20415 42276
15984 46740
7739 23587
13662 33255
7539 18803
23737 30184
6505 32287
27625 36058
22138 36534
10142 35132
28765 46355
32060 32467
22616 24266
528 4828
5097 14069
9770 47045
14106 35339
2078 26320
2376 8981
10755 15360
8572 36743
17016 43517
38762 39806
14041 41545
25044 40779
20369 36215
16575 35638
1597 41673
4407 39636
41113 43082
20770 21283
3684 36043
31607 37975
40039 45678
4022 40734
16996 18140
5056 43465
9107 9144
13004 41899
26750 34868
15953 33790
4578 8377
18575 31702
4547 34139
20967 22736
5709 11950
22756 31227
29992 40567
18910 41040
19912 46485
7497 26632
37214 47033
30588 42318
8084 13368
8674 23033
11507 40605
22336 46102
26276 38368
4696 24813
14970 39133
9442 24302
24100 45646
1015 43546
17242 35700
4028 37896
7020 32867
8614 11089
6868 39643
17228 27134
17736 22622
13109 17348
8764 33664
30367 38535
5850 6304
22598 47391
18067 19194
18223 19707
6497 19886
8031 25384
24524 36151
8664 27017
16710 37128
8984 46620
5111 39334
2809 31978
40702 44813
10980 15962
37463 42768
6778 32529
15997 29500
8034 26971
12396 18206
7180 31031
15847 17663
6057 14487
356 28775
38275 43585
36540 44190
35652 36588
24101 46382
4591 17202
20300 45388
16021 34408
33340 36623
126 39051
12861 45488
22378 31536
16712 23187
14420 26907
37271 40854
442 3043
10941 35201
10029 35873
2532 7510
9767 43043
11474 39636
27936 39012
18111 41477
1770 6406
4666 28464
12381 20311
3657 27483
15434 29521
16185 44207
15614 21760
6595 18461
34620 36885
12476 36763
5267 34696
40818 43028
11765 26579
28295 36447
11559 29894
16255 16279
3618 41676
16085 44915
16555 41646
38475 39054
5273 38833
22168 24505
24451 37446
23945 33144
16591 25246
7274 24734
33061 40725
7649 17441
4475 7712
26109 45639
5539 21397
7394 10506
8148 28681
39346 42114
16091 38105
17061 38377
23865 30532
30418 44568
16601 25560
23971 29238
1627 43580
9345 14033
10297 33139
31085 32199
10281 37332
25668 37386
23789 41275
17710 32757
13268 27263
626 31348
36359 36533
28851 43444
27855 38753
12625 27571
14202 40121
4605 24508
8614 16379
10415 12607
18642 34430
15946 31119
8828 20280
6306 10706
10925 28924
30386 38240
15613 22773
5683 34112
2453 2574
6011 42279
36372 38808
31807 47244
2715 13871
32487 34171
21442 46577
3493 37550
11945 19302
33324 37297
29838 41791
39918 44918
3860 13400
3622 24374
25140 39495
33867 36758
13122 36082
2607 13779
17089 45255
9946 27970
7573 30762
28825 41068
840 34848
10060 43533
8987 15964
3362 24420
36749 39670
17737 31146
24268 38253
288 37718
3107 23901
43313 46136
37 12243
25634 45106
1331 32052
4592 19334
27755 34334
7898 24294
6911 42320
40269 45498
25543 35539
4147 11521
11728 42995
8709 19783
4645 19345
36266 44023
13090 32171
16722 33918
2421 21479
3884 41097
10074 10196
6728 37890
1632 22716
8132 34674
36753 45050
11972 36158
25628 27891
12195 42057
38148 40590
4306 35313
17581 22281
19134 27267
12200 27125
5710 17575
1276 11942
23804 30898
3962 7395
12923 33347
18845 24131
2124 40332
22284 24517
26432 34482
37207 43126
17576 28703
3387 35164
36482 39460
37760 40077
15367 33589
20103 42004
22677 38182
20798 38099
11751 41420
34079 34681
207 12034
17154 43882
1203 26524
17378 21898
4343 47222
2907 25263
28605 40273
5693 20388
6672 43569
19455 23659
23794 26022
15396 46196
32227 36579
17734 46793
31287 37647
21576 41934
6069 19332
8370 8558
16276 22796
21925 22870
18706 45613
12984 18673
40732 41727
25632 42669
6989 9102
30313 35347
12711 43397
14329 22205
4698 38307
3335 7781
23252 41257
15705 17503
16466 26461
11635 43823
13188 18072
16013 18787
22328 39825
25332 40283
29298 35490
1974 8977
14700 26440
20441 38346
26737 31815
1496 31798
2904 13048
3291 7078
41794 47014
1719 31089
16115 29802
10107 21716
17725 33632
25548 33118
6748 14651
5656 39299
5939 7342
9718 19662
4856 6412
28447 33001
6999 19373
27870 38847
2925 30490
8165 44100
24634 46899
17499 44027
12358 40976
10178 34549
15519 30306
24766 43820
12826 27266
3142 32410
24666 33790
25796 34509
1869 16107
13916 15754
5844 33469
21341 36135
12745 35945
12224 28329
18650 23342
26996 33745
2948 13104
5551 17382
15473 17479
15853 16946
16283 18782
38653 40562
11503 23092
1170 43840
16130 44581
35175 40221
11603 42921
9751 11450
6204 27746
25565 38898
12628 39682
35543 35921
17716 31021
2760 45483
978 34221
23999 33862
13777 31783
17039 32499
34875 38616
1245 27368
30360 38279
1298 32856
13334 24797
3434 19763
17054 47302
27646 34362
22368 26152
11705 28272
14700 43728
624 31599
24101 36209
6901 25580
27499 32622
33163 41864
8635 23030
22028 22297
21504 40047
19533 21716
10804 17210
40861 47293
6422 43258
15402 36271
9511 21388
4226 41024
36034 42897
5010 42826
29662 43202
6797 8611
3866 22961
4782 35994
24615 40752
10462 35381
967 36260
31691 43983
42152 45112
3803 22612
11320 38795
10659 43250
6391 24323
8793 16045
19123 31243
853 44267
5316 33834
7925 23405
9498 17554
18958 40975
13243 21622
650 22216
21551 27569
35427 38324
671 3845
38198 44438
6380 25827
22482 40910
1 78
2228 27262
18936 31767
8730 26434
14578 23685
36075 46065
29394 39199
7198 8150
21587 45319
830 34992
30817 40170
11502 27673
24511 33181
4915 29302
4783 20515
24523 25836
1002 35449
24120 31081
26568 27120
8156 16117
30184 33060
3599 34994
36632 44828
32969 39072
9001 44990
8450 10178
15881 46589
275 9456
22512 38816
18371 21162
35199 37103
25689 43366
24232 38088
7753 20049
2272 32391
15792 44265
17388 19150
13854 15494
17372 22589
22522 34027
30696 43384
24622 32766
27433 39999
17183 46452
12047 46963
4525 20233
21980 30445
37824 43018
3387 36400
30491 32025
43295 44483
21725 22756
16883 28440
12251 30928
4821 35278
19828 31701
31607 35320
13377 39075
17550 29657
1886 17429
22103 44781
8237 42850
7867 36901
8424 24017
403 39977
4717 21342
1010 42641
32992 41661
35726 38848
10702 35860
9336 26728
10550 42636
6167 23759
11834 28546
27799 33532
13002 40137
10477 45541
16775 29257
4974 20217
37666 40338
1566 44027
13000 20816
1610 10556
17170 29786
18852 41598
6715 19777
4655 24786
11440 40111
25629 39285
10493 40008
14910 33394
4094 29822
23660 37242
37942 39051
502 42965
3263 12928
2784 20807
21257 39633
15551 42997
866 2302
32710 40793
36973 46544
4814 20470
13305 18954
23642 45122
727 3806
28187 47361
21613 32448
844 20606
7244 31394
4452 12133
18396 40550
10712 31020
20134 30794
6055 19865
6648 33965
26018 43917
14499 33055
34271 42987
9689 41660
40497 41352
18464 24819
1793 29241
9648 12989
18713 27775
32852 41384
16872 24978
26274 42567
46647 47047
1165 6260
3535 28272
3104 35633
26956 42372
22632 42761
16973 45971
25353 47068
24154 40328
8447 37852
20018 38324
19369 40130
38520 40330
18462 28314
23140 26171
7876 46896
27769 39627
27661 37815
2594 44579
15060 24962
32064 46764
3225 20475
33222 38419
16706 40500
2808 17154
8067 33258
6747 15611
4065 8034
21512 32126
15307 45191
2946 9167
30912 46636
25016 37825
39222 42830
15246 38307
1258 15445
30111 39942
44018 46600
29572 32494
10112 36612
18708 37364
22638 24216
16760 38642
3140 19182
8436 13476
18356 23326
6315 24625
7573 15730
16065 26682
4242 39760
13698 30228
430 46713
19176 24004
22663 23118
23473 28585
16131 35788
7703 9545
6718 21982
13261 41746
34578 39615
33573 40288
8204 46687
4133 9615
5962 39382
6106 9333
6296 32088
33580 44650
10214 17425
37682 42374
13365 40756
9092 21485
24543 46407
10547 25936
10940 11867
7485 21336
2327 38303
1525 41587
13446 16020
20444 34082
16943 30374
6533 21828
2283 25172
23008 44821
35281 38395
3027 28299
8074 42268
8637 28610
2078 29089
17358 33972
1110 3788
31602 38707
2868 43703
17682 42175
18783 46128
10889 36788
6302 30913
11806 34016
20707 22764
2958 12105
655 26024
11852 26255
623 2357
13367 46063
5075 11013
1221 38678
12248 36054
2644 25686
14011 31990
16438 17383
20947 24853
27529 43791
15298 32915
23147 38348
21966 46709
3910 39505
14066 31138
35658 46208
41556 45266
1681 38262
34910 45002
696 12792
41653 43886
11083 42265
796 32621
8243 21270
27970 40127
30850 42993
12789 40141
6259 10813
25442 30738
4661 9437
6858 9829
34323 39176
13332 39787
22736 44617
7186 30047
17501 22491
12376 44294
747 31574
38986 45800
14795 39403
29571 38337
42397 45858
6892 32983
17411 31084
10864 27416
3298 40573
10334 17802
7552 13027
10980 34946
23364 35676
26996 38177
4107 20905
12031 38001
6322 41848
33782 43524
17093 22265
3292 24893
6889 39451
12891 24337
15635 25622
22670 32262
22953 45382
33775 45736
19619 23098
1790 34367
8113 27939
23131 39238
884 18989
23555 44669
19099 39277
25089 25092
40668 44564
1237 5521
13412 36467
33704 43991
17758 36803
8759 35634
10324 12926
29405 46130
15370 31366
28830 32609
13595 17111
5337 25022
28358 29581
3949 8961
14801 34821
2133 19780
1557 46974
6996 8557
7643 43831
7827 8485
23754 35056
18607 46520
12536 24122
1040 2132
9774 36029
15189 21347
24522 25745
2288 4792
29287 43034
22997 25436
17316 18499
12215 47112
30052 38370
34201 40609
21555 33463
13875 36884
7553 46166
28179 36008
11000 44161
2621 40256
27325 40822
7154 7207
1028 18313
14744 21239
10318 19631
32437 35938
7237 37420
10031 38822
23875 28162
15524 44210
11237 25041
25522 47335
11569 17112
6527 30844
12324 22680
24002 37736
30392 43672
2204 31643
33048 33998
8938 29475
32877 46948
6115 7895
28424 45237
31634 41599
14435 43650
19233 21452
5864 45402
12079 31335
10048 39526
16843 28212
8563 36364
20186 22474
33421 45476
25536 31526
38703 44790
7328 46182
2057 14977
14836 42654
7476 20416
19002 25841
23095 31181
34171 45415
34333 41047
18897 44484
25625 38364
10553 23604
23102 31571
15863 42871
7444 37847
31349 43658
18208 25199
30892 47354
3848 34252
5869 26282
4247 46012
27654 39303
4290 6489
12434 20141
26783 33560
811 21199
11638 26623
38855 41373
4562 26775
11970 41325
39351 44206
10755 44440
13614 46237
12448 22641
17150 29028
25769 45417
994 14648
14788 46504
14098 41331
25793 37143
21775 41022
11473 22210
1257 36161
10422 11204
9634 34543
39112 46260
3420 7895
10803 30494
4708 11674
5828 11705
7216 21350
16935 35640
13487 22868
13330 31552
1127 28359
18637 34306
6694 42364
2184 4656
6340 31478
12790 37465
17511 33706
24994 25018
13284 21758
38658 44750
21495 33626
10426 32614
4852 10268
9601 40610
5693 13358
25009 28709
24618 29053
25836 40007
550 2310
24977 44447
3068 14394
18919 32864
32965 42310
17984 34276
9607 19864
1054 24474
1257 39328
15701 36769
15815 45916
28955 39075
11671 13469
3295 11525
2910 43205
28051 39608
3087 6126
24983 41609
7543 9828
1517 13214
12149 36856
43976 45195
12959 42323
8134 15931
1933 6484
8555 13709
3459 33998
1261 8306
26423 41995
9985 30935
19229 44932
2109 39140
19957 32839
9443 11138
7359 11589
249 46654
20741 40468
36615 38920
11368 22119
10110 19680
148 20184
11630 39832
20584 29904
1580 38237
945 2034
6221 23969
10416 21672
3692 16422
9522 33281
35277 38437
4360 26909
21586 26681
24955 25574
419 3681
473 25609
14092 43878
8236 22600
9267 45005
28364 33665
34506 46669
23359 25025
16117 26982
10593 41906
28473 40216
14134 25041
14844 35754
24350 32755
42639 45822
10315 24407
1591 31579
22214 32292
6670 31500
1943 37134
755 9615
12050 27185
11224 43816
11842 29865
21088 33355
23411 35172
25572 26273
10474 23124
7056 42274
16105 33172
22025 38405
12105 23859
9572 18068
2843 16638
22353 39402
6682 33173
17933 27251
32829 43283
12283 19435
22023 38709
23938 30343
11684 20015
30561 42866
32818 42343
45760 45875
8426 21138
31294 47332
9810 14799
24833 40994
23852 41307
8020 21389
8934 44175
1527 1742
32095 34027
20450 27190
12947 19950
23185 37811
23395 32171
15954 22399
20654 30403
8968 21313
10938 27930
3608 25314
5404 15536
26330 41133
11476 40788
14924 47144
14330 17358
2646 33978
8326 41444
9413 45499
17895 29345
13967 24072
22204 40167
9428 20143
24301 28809
15098 22949
8918 14379
5203 21265
13728 29159
16183 30341
28884 31532
17246 29838
30368 34469
30549 31097
15838 33312
29415 31168
23757 43648
3232 6317
21202 34880
39507 44508
21492 45973
39369 40602
30623 43097
4847 38784
13323 25848
13953 17384
393 10807
2224 41401
5787 12052
23253 36386
12133 46928
29619 41147
1128 32315
19661 19701
20363 44294
33797 41872
641 44470
34454 38429
6927 33087
15763 40843
12933 26952
37437 41982
3521 40728
25916 35211
12593 12739
23459 33579
5430 8573
17438 39591
5886 33699
16518 25850
39681 43102
17972 37246
1423 43351
12030 39579
8963 25775
8018 15919
13344 38163
36649 41535
4097 7653
25169 34765
21970 42699
22952 42042
24164 26578
22491 35231
15705 33267
14088 29986
768 41555
30334 42539
25783 40293
8804 38146
15988 23941
18236 34444
13136 39338
1769 13786
1516 47083
18794 43073
8968 40240
14553 34637
22016 44922
34011 34610
3728 42845
4185 17457
30837 45230
15880 44760
21849 27254
22814 23210
359 6984
14938 23309
9939 41087
58 32131
25350 42481
11541 17672
23472 36392
17858 30677
15961 46038
42482 45809
23299 39847
15883 43903
23858 30951
12763 14223
22178 42597
34012 38753
15848 21436
11715 19141
34257 35551
19401 41549
35155 37455
12200 43507
8278 22773
23332 42397
44892 46632
11303 42767
36434 45063
36324 42451
2232 11170
2598 17909
31537 41426
36244 44185
43940 47124
15224 33478
2264 38974
24774 38133
8131 23635
9043 24683
35436 40484
2176 8767
22972 47315
10811 34734
34935 39909
16627 21150
1641 15024
34174 42440
24107 37266
11587 22123
3702 10617
25948 28197
33896 46633
28330 45870
6013 29578
16918 29435
32880 42229
29736 43454
15538 35866
14329 28438
13260 39484
4912 30728
27678 32294
8633 40626
26477 35307
4639 41681
21691 45996
18543 41652
23386 41828
4474 30502
19485 46457
16355 46826
24812 33648
9914 16789
28750 34913
76 35264
2198 47348
16939 28568
9713 47243
31893 39852
4212 15576
43720 46171
28990 44172
8631 21840
29299 44927
17285 22008
21077 28174
4928 44012
10655 47352
19386 32491
15376 30569
19870 23421
14034 18825
1012 27607
28444 40067
7396 38424
508 6382
5219 46066
17866 29493
7616 24612
26822 31689
21880 37923
6021 38059
988 40203
8732 44122
35621 44289
8251 20629
15305 16931
32382 46408
31838 36896
21124 42491
5545 22265
14545 16654
38685 40267
1574 37267
21875 35485
4985 43741
4384 37859
8050 10143
24348 39690
1686 19199
17797 19284
28271 35170
1824 28932
12386 40501
1949 2805
42563 43359
21149 34977
24425 29707
34586 47348
3456 36493
31030 31101
17561 28052
2847 20170
35062 38417
43709 44022
15478 38527
14312 31735
22819 38269
16987 24555
24008 33741
13944 38664
10113 26908
32951 38176
23602 26637
5304 8566
12359 34332
14501 37269
1289 29712
18916 36244
19671 29172
20284 21293
682 5356
22981 27458
5412 30730
12580 30544
5908 15096
9587 15723
8873 41455
11589 16371
17235 37839
17632 38441
3053 43027
39405 45975
40635 45612
18456 20394
18424 40858
3542 17554
23021 41759
28451 32081
18038 36850
38 18244
3860 45944
22155 33916
9798 26873
24228 30832
25998 38327
20382 31785
9392 43898
19695 19743
35678 35858
20170 41701
28287 35248
2678 30109
30473 32041
11432 18615
23826 34585
9982 36385
885 3190
31012 43838
659 2847
2056 5630
16710 44760
7522 44658
1080 29672
9482 16033
32466 46374
23096 40374
6920 16482
14194 23862
9884 19985
4946 16539
27562 31932
18467 27857
1840 18056
6268 14984
16545 17524
8005 40089
10795 40029
22001 32644
8960 9693
4137 15619
2409 21367
9229 22161
15534 42511
3017 25387
13635 42715
1169 43084
34049 43254
25499 47381
21211 38567
10567 40929
15722 34052
23139 32850
8079 34911
4016 9034
2 3987
28779 31872
29030 29239
18423 19425
21397 41174
13537 43496
2885 35417
35999 39955
6760 20118
18095 21811
21184 30678
23530 39272
4265 35752
12197 26136
34247 35668
4564 31655
8091 19056
3344 46669
26360 41270
2017 34267
10682 29898
22705 41791
17507 39172
14793 17350
705 5958
32422 39204
13966 27929
3399 5436
11433 29308
22555 23538
13535 37542
13503 13875
8299 20109
20710 42664
2917 11519
5728 47045
22098 37033
7369 42052
14489 30306
10540 32824
39842 43561
31315 39004
3505 12628
20071 34985
43143 46457
28336 46712
17239 26683
14853 18690
2480 21502
3520 36291
11569 37840
31359 44968
27508 37441
42647 44563
13748 39878
4456 12069
9380 10921
20841 46688
5670 15899
15351 25733
5507 43262
18994 39912
1241 41377
1664 35818
3481 35023
22177 23339
6021 11403
13207 33488
14550 39418
938 47203
9513 46324
11114 36105
5705 6444
10337 29997
26011 36497
30682 33183
17317 26350
38080 46291
6945 26956
18881 19447
2556 7510
15982 34998
21076 42367
9299 37885
23105 26933
20797 41262
5157 27176
19487 44517
13252 14548
19047 31386
10788 34191
8205 39425
24661 28433
30187 38465
1736 30752
9087 44768
19158 28184
6497 40163
27197 43540
1992 44678
2032 32965
17589 22850
6451 39229
17024 40599
35551 40972
21775 21965
13621 22874
12428 44996
9409 21784
13417 33432
15602 26617
8076 35231
16934 18425
21816 38743
17915 46405
4274 46282
5868 30920
11959 27929
10299 13624
35380 44473
19137 29185
4997 34599
21480 27682
5347 45743
30111 43142
29499 29554
5777 32495
18547 26875
12761 13506
19393 27835
27469 35903
24480 41203
19389 30345
10005 28611
2676 37739
32340 39258
17121 45204
13513 40845
87 1279
8284 30053
12128 26021
7957 29658
7826 22759
9434 34622
19231 35771
32656 44375
12889 14041
5261 19904
2117 27545
906 8148
985 25410
32347 35110
11291 13604
20134 27257
20975 27873
28667 38984
23670 41347
21538 40064
26536 35647
24006 39953
37437 40266
29961 33883
1548 20046
1552 39413
1021 20529
4278 19181
15525 25191
18157 30207
4660 6451
23583 47205
20541 35121
32265 42251
2433 9068
11052 35845
20525 39314
13639 45814
3444 45558
12190 32483
6257 47202
6411 22005
7508 26748
956 22736
6677 17960
29370 43399
41586 47019
21930 40645
15066 19550
7254 30022
5039 39816
1653 32648
12850 38541
25251 41160
14804 22933
1233 39609
23005 30703
12075 47031
3348 30520
13283 46128
31907 35322
17618 21954
16203 33117
24364 31689
12510 41482
1356 18667
28726 43081
10127 26590
4552 26465
16133 28591
6680 20836
4568 36797
8701 26452
17124 42737
25785 43322
18122 34669
7558 22273
19639 31892
31892 40275
21109 32679
2418 35847
15746 28303
32956 40374
43281 43894
4830 23561
12329 43891
16418 23448
8232 12768
3214 30304
24433 27830
6176 20148
4740 47238
11720 12292
24582 24920
8811 14323
25793 46946
23004 30612
20318 39131
41274 46635
24535 34149
17435 44827
7682 19841
23846 36556
19346 32555
14441 45996
21255 24344
12259 43660
943 35601
22434 24955
2601 21163
28901 34521
26365 29213
24037 26860
6808 30954
35869 45766
8178 41713
1963 38784
20349 32536
29996 37124
29889 45363
19923 38551
30411 41503
11980 36674
4288 15949
18315 36487
24461 26225
9635 26238
22714 38901
37524 47245
3367 38200
28528 44869
17740 28793
16454 46028
16199 47199
20704 23436
38920 46578
23435 42983
593 17421
24346 42840
3501 9503
30132 43377
26340 41183
33645 43712
11686 27128
24493 39103
32332 44040
23642 24967
14760 30799
24737 39463
17332 26904
22882 31106
18307 23548
17158 41246
36193 36198
15727 24357
5079 39809
356 14825
19205 44296
2470 22884
14447 24044
11532 28539
11786 36003
25334 32929
5458 13949
33240 47167
18231 34641
34996 43652
1025 42691
14231 22884
1112 47009
23547 39201
21770 23365
16663 29532
1756 21447
9953 15512
4324 4601
19123 23144
17878 42632
13147 33063
21832 34796
6151 27125
11899 33786
34956 44226
25242 31246
37717 38510
7052 19124
19805 20505
38594 42755
3157 37154
21428 22288
1104 28058
14010 21545
14714 19446
5410 40861
15780 35456
8222 15485
2774 31939
435 47147
32685 45201
3039 18624
8912 39317
9210 25388
17686 43751
24114 43755
21392 42229
22967 45284
4289 27746
28961 44050
7284 40950
1684 24553
3279 24877
3529 46717
11816 24460
16672 18482
24936 42816
12383 21309
5990 47155
6644 28697
16749 27747
18947 42859
2949 4936
18847 41689
18108 30238
20239 37712
6627 45497
34526 43837
27551 32552
23024 30892
13833 19939
24356 31745
4789 37494
1706 29573
1302 6300
8954 29124
133 20148
34598 40865
23458 25118
31193 40063
22828 24722
32832 40659
13179 19307
3119 8888
14320 38874
2003 26534
6219 11528
29920 36003
782 6449
14058 36622
16796 17713
20091 45704
36939 40420
6314 30232
32598 40613
24252 31930
6535 28888
30724 42594
10180 46146
1270 14467
7692 36156
6944 18735
14682 43777
9972 17335
28235 38795
16057 29051
19868 22627
6092 6626
40214 45663
10545 30968
70 28443
18397 31414
37809 47227
2351 13230
12941 39090
14087 38090
1538 10875
5407 42336
5835 9794
6986 39683
4059 45861
1548 19672
41192 42204
5898 29741
38387 47059
5927 28227
20275 21796
45785 46369
9654 17002
21356 32452
5422 20363
21142 37596
19329 27021
24402 44655
39273 43661
15096 16948
177 38839
39985 45560
14591 43793
30921 43242
5433 16738
5396 32132
10672 14662
29406 37205
25364 43696
3386 18010
3710 5302
3118 32717
10967 42314
1807 29708
17600 31204
14991 28801
12934 13170
4955 20496
6027 13131
4967 6735
11944 43730
2567 36751
12837 34148
35729 35853
4484 24294
25536 37922
13853 14608
15113 25007
27086 31121
2220 35889
13254 34436
15668 38061
22332 30236
1326 16953
24272 47002
19560 26149
30220 45423
16855 24038
44755 45234
17341 45623
17728 44571
2245 31223
16391 35423
4890 9871
23686 37264
4442 14619
9320 47061
10673 28604
26173 34951
8126 27833
11018 33742
39682 42502
13601 35833
21956 37654
25994 40843
13346 28898
4264 42024
6852 41106
10220 24313
31715 45866
6441 7240
2770 19336
10004 39183
22951 30227
21911 46929
2983 39042
7583 8723
18294 32658
4949 31173
7451 28983
29911 30277
5296 45998
7387 27278
25667 41737
1538 36218
4240 21816
8171 25108
27492 42523
6734 16510
16394 30193
13981 42254
4743 42035
15184 27236
5043 29495
29678 30456
11498 27158
41566 42124
3555 41311
42753 43377
39585 40044
3767 8922
23821 38754
13488 45704
30852 34106
19673 39342
2036 25706
2473 19291
13088 39354
27245 33355
32198 41273
10292 19597
13323 35464
6063 7014
33952 42573
3472 28602
16413 16448
1583 16497
32418 42710
21787 29092
44159 45283
1520 37840
25434 29619
11113 43131
45316 46135
1854 46761
9525 27948
2046 15440
24184 40068
34275 43384
32079 41150
15735 39551
19183 35519
19799 33573
19430 41812
3944 22531
14156 36727
35931 44334
18762 32264
34143 43615
22771 24135
46782 47338
583 3527
8499 45837
20060 30315
31459 33713
11266 26168
140 9373
25557 26585
21941 44030
1074 3764
25178 26000
31165 41345
12818 16996
27767 27936
24587 27252
2925 25184
39412 47016
19358 25320
6335 14252
7272 25156
10489 33077
33006 35659
12510 45109
3319 30184
4121 25210
5044 5479
5642 12753
31513 36551
3259 43904
29520 36366
12369 40151
33166 34601
4690 41353
23432 37184
37248 41472
4070 45809
31522 39488
43410 46992
31910 40536
1518 29418
28029 45440
13261 13378
30466 34904
33102 34966
22384 41351
44476 46413
10278 35085
28128 31274
18688 42248
10586 25789
6700 11882
231 40362
5036 8755
9862 13680
2270 32032
1970 42882
2894 34865
37061 37458
25610 42760
2707 11095
8829 38908
22370 30691
6367 29385
7404 27661
1877 43068
9003 41690
2690 42390
37098 41662
1556 44181
5447 25443
36040 36093
34656 42405
15706 26623
16874 25382
9400 19634
285 9457
27873 37706
9640 41752
25204 45640
16372 46863
19387 37122
16658 34425
5232 24508
3987 37772
3639 46888
25713 26269
30533 45709
7273 26804
18681 21805
15789 44943
28094 47100
10805 21904
33717 35373
31172 35429
1500 14047
19498 27662
20472 29588
13029 25405
12124 14416
37265 42310
6094 27482
26771 33127
10559 12988
30487 36265
18804 39524
9160 29757
16794 27092
39039 41818
9528 30907
33813 46573
24236 46888
31537 34022
17457 43651
11718 15576
24649 34225
13731 16413
19169 22094
12756 19180
22370 27792
1332 34219
18206 30156
971 22162
4168 45646
11926 42293
12519 37145
29535 43523
5426 6391
10291 20878
13936 23584
24672 33054
5433 17169
27324 41166
12884 23687
25058 38193
8262 30835
24923 46636
22588 43304
2460 44290
9469 20662
27701 35639
7858 23777
44815 45558
11461 20622
10869 22962
3074 35293
22484 35784
13771 38419
5857 13151
41948 45371
26735 29632
10740 38767
28746 36250
7963 41506
21318 40481
20071 26345
8798 19676
8799 35362
4516 40478
14362 42243
21284 25786
20291 31754
27732 35864
2737 32116
7070 9559
7421 8096
24534 39482
19504 24958
37483 41741
1142 22178
23359 24468
5210 29905
19559 43324
21533 27429
11373 19812
7914 14795
32954 46801
18127 22238
15498 24875
365 38701
8795 32745
6883 9359
44797 46426
2449 35217
10976 39774
18910 30985
21325 37464
5785 38134
15094 17817
636 11056
1238 20546
7815 27998
35847 45149
3628 35828
6727 26724
20985 31919
4731 16442
1583 20177
47 12354
231 45652
27339 35357
3673 25398
24925 28534
39124 45392
34790 36957
1605 9578
4704 29521
18984 34475
11648 23965
33880 44091
35714 43465
12473 34436
37712 38544
37056 39371
39353 39967
1454 39395
13323 28190
9066 26391
29690 32402
3248 36896
12066 33523
8083 30795
956 34954
13655 45144
23490 30535
34591 37686
3963 32677
1448 21830
3605 30717
30870 46447
7992 34060
27187 30425
6326 41440
7424 34542
32678 40436
27181 35306
36334 46741
20364 29333
1043 27379
33835 35838
22747 43444
13664 40884
17276 29147
17092 30558
29008 46718
37069 39956
12233 15327
6411 6465
13020 25506
3103 4061
28046 44802
3500 7669
9130 36740
5315 35286
7274 14195
6143 12285
7832 22824
32504 32712
15295 20277
14307 19419
29846 38526
7864 30626
36050 38822
26618 31944
10352 28538
19319 46199
5343 28824
29085 32951
11349 33831
15265 22505
16649 41076
23347 40941
14203 22452
2100 29289
22038 22729
10252 14721
13902 34767
2943 21872
21277 21850
5393 12322
23310 35397
16782 28773
14857 17957
7649 30822
9487 14100
20281 34128
1615 47152
30975 39400
2430 44103
12456 32472
29343 36750
9745 42624
3355 27828
32707 43378
6652 10603
34137 35721
26319 29409
11412 17160
28176 44228
32030 44856
2745 24866
25660 42770
15526 35620
801 29269
28522 41832
15103 44562
2990 4668
44751 46110
18011 19648
15770 39363
18084 39374
9745 18838
7065 33753
31065 36418
37223 38813
24613 33576
14048 46619
18839 23442
15707 36570
16478 21141
17453 39507
3655 16577
10314 38179
17740 32367
28299 38003
11733 44693
16258 36858
15079 35466
12271 32668
11388 27662
44343 46665
3949 5131
11092 28832
17893 27132
4131 4613
5187 9355
28676 44527
30106 36870
15859 46359
9361 32030
27963 35960
5790 29246
15626 23153
24101 35656
36141 43746
276 29582
5227 20623
26430 47252
13717 44546
8664 37178
4545 30617
14163 34275
16357 41509
7938 10656
22397 30851
5444 21789
9764 30326
34887 36703
1742 30600
4798 19170
5651 29437
24558 33249
15621 43346
15417 18441
24748 41482
14356 25406
13172 21418
16478 31074
17588 30417
22214 36220
3873 23929
17913 21317
23717 36955
1737 21746
15967 41889
13775 30729
173 5459
17331 27728
17938 38528
32982 40660
30124 45689
2225 40933
34522 34861
13033 37447
7985 23253
9980 46896
3040 18636
13447 29328
6944 21825
2086 35112
27657 33543
17147 42321
19890 39062
19995 30188
2334 40287
25015 28748
36325 43408
29099 30592
23854 38515
19203 32847
14489 46822
6364 46217
11989 35317
12948 21659
5761 18597
11671 23142
4593 44913
3620 9654
32691 46122
2402 38327
17129 26065
6431 35546
28447 39832
16655 30346
37339 43578
22638 46481
37172 40432
41304 45700
31944 42108
12701 37593
16669 29463
30887 40147
26038 39934
17786 43718
15104 24063
10586 17039
32638 34568
8491 45439
22423 24046
21661 44634
5237 33472
24443 46965
7240 23233
19733 24687
15695 25470
4437 17581
30451 43185
18954 43416
23619 24072
22665 39794
1882 41832
29304 40018
29412 37831
18744 41327
39234 40730
9132 14102
15178 38133
10845 46138
37607 42588
11371 13939
39945 43185
2280 32429
27932 35952
375 40759
14687 26003
15630 22200
15336 40412
5826 38539
28328 39335
12727 38009
4718 28719
13502 20100
26491 40417
19858 45111
2637 26435
8507 30615
26134 37147
13245 43075
41021 42513
26615 32724
9394 30852
4708 5750
3087 45330
31468 41724
4189 19680
23376 36341
21497 40230
32651 32655
22016 34379
3177 41059
4040 21277
33225 40097
21316 22856
14187 36768
24575 25526
37193 38760
12339 26357
5686 37754
37996 46439
39134 42323
5294 41845
7343 38367
17075 28541
9300 12477
17724 20319
14068 47033
14857 20132
10032 35811
13621 22370
520 30859
421 1052
7252 20694
44176 46499
34405 40155
2 5040
20825 25032
20856 24345
6755 33659
20473 27024
9829 39774
6544 45490
8592 36714
8171 19688
20254 43875
31832 39102
1881 18305
23690 25496
7451 36745
4672 33931
874 15707
27764 28342
23557 32322
23243 46684
20313 46175
13207 40823
4759 30143
20033 45569
15986 44546
19384 42679
26500 35887
26347 39617
17386 29318
24395 40187
12360 26025
16199 33700
33072 38272
2828 14220
13196 45895
4609 38843
6876 43172
27912 35918
32564 36526
22969 25712
4029 14590
27818 46082
30153 40554
12277 13316
6964 10747
3274 27489
809 19203
39632 42525
11056 16616
6353 20392
23608 31482
24093 26801
991 18870
7646 13935
10218 12484
8822 27861
6193 22362
28477 36262
21961 38323
607 40572
17173 25022
7536 21876
4531 42693
12315 21313
21705 37579
40796 43952
1049 7147
33879 39253
30031 43543
2458 14636
710 4456
39851 41643
40701 41813
14290 22208
6763 14382
33787 34187
11296 26410
36725 46857
31273 33364
44625 44873
8889 18479
37475 42632
22865 43401
16513 24925
8761 35448
279 25938
26034 26930
15770 43311
41367 42963
2312 36287
33363 34017
2229 3041
12412 24605
875 30133
3147 8041
18427 18586
28121 39959
18584 24397
2097 18548
15572 36129
39190 41910
15342 19637
34711 41230
16745 39204
2273 43879
6206 36664
16858 38327
29635 40294
8843 38082
294 26596
37394 40549
32378 46080
517 21915
27290 41909
6091 35401
13564 14883
41575 44955
26233 27116
29472 45376
8111 46454
23102 43098
4852 23755
21421 25472
11416 12316
17977 30377
4176 13565
10446 43720
16400 21210
650 13934
19355 29885
2886 16506
22176 45942
749 15633
21811 41091
6404 22103
2807 5101
11899 28126
22992 35359
41551 42625
11779 20073
16388 26461
12465 23784
17234 31393
10848 14087
3828 45662
7045 11704
32682 37550
43002 45644
13109 14437
8895 16684
12774 34338
13743 25340
10527 20273
29647 42882
2501 36643
43488 47200
29529 44324
9288 41461
25231 33856
18488 36692
39463 43492
7047 10437
10436 15432
1002 18307
14713 27497
9526 44258
24659 30432
20891 28824
31906 37709
510 40476
40320 44052
5751 32030
31480 46353
31395 43771
15874 31851
33924 45656
1124 13924
3233 18633
13603 17200
33632 45255
3774 10097
20634 44043
16961 32873
13215 34996
29813 33479
2570 19228
15538 42640
28186 35337
3042 25639
29540 33320
7108 45371
27351 36229
27478 37502
21499 41488
23404 25988
6962 26298
2223 41751
29927 41313
24330 41237
21753 25540
31415 32880
14068 35787
1900 30895
30737 31504
23393 37880
1925 39061
17762 19164
519 29776
6156 13783
14489 46582
31831 37669
4813 24260
12524 32203
15564 25902
12128 26753
26386 27976
24741 25845
21561 33075
16 28374
43957 43998
10370 40960
29340 30010
31249 45019
2914 11817
12368 23180
65 37311
8989 10013
30278 42078
35947 44282
10789 34878
3594 14959
1917 38954
3676 36491
35599 40566
2243 17247
25084 36922
2406 45534
25116 43061
13328 38390
35296 43948
15776 19907
9870 41145
1614 11976
28276 40999
9680 41021
13054 33842
32639 37532
24602 43190
26527 29096
14077 21108
12100 24654
22887 45201
16977 38212
17360 43612
1318 26328
1841 28355
30688 36822
35776 46628
2140 15590
29856 34225
22880 40997
373 5360
17653 31032
969 16533
23514 46238
39353 45635
19237 23061
29737 29780
2216 3507
15251 34557
14820 45890
12985 17998
27962 35712
3866 38412
26196 28336
2447 23038
23772 24023
11779 32718
32396 38312
22327 22889
5003 9750
6710 45004
5674 8457
10422 15189
8181 30740
17832 19986
19748 36166
13805 34891
14210 23865
2978 17197
5764 43813
7821 44168
21137 24721
18550 20387
12223 22909
10060 22313
6292 14289
9630 46114
18041 27865
25724 46784
11658 20656
10302 21846
7117 10430
19896 43769
28014 37541
26975 28050
31835 35777
1564 11592
38689 42571
22947 39320
1708 44525
9612 11950
33743 42425
11518 41937
1367 26704
5211 12092
4800 11060
3331 31032
30529 39124
6176 30679
2141 29481
12370 20461
22803 22952
31696 38220
3070 6532
1029 11783
7082 8500
3984 33290
10745 12566
2157 33397
18035 38384
22763 29942
9959 15040
1418 43796
1963 3703
43339 47024
25442 44603
4762 8859
27061 34933
11431 39285
15040 21423
2757 10357
5855 16866
22290 40460
7808 40283
15863 15983
19452 45175
16999 35206
29317 42486
3548 35180
30953 32231
12248 39665
28119 29740
2820 19165
11752 46439
12643 33778
41639 47249
1565 5885
21818 39310
40667 41454
29042 44883
8494 9066
14204 19407
2275 23199
30278 45274
13570 27937
7999 16442
3558 9638
2058 41631
17560 44641
2655 33219
8844 24347
7246 10728
3670 22122
13369 16512
29125 44544
26310 46237
13403 45143
53 39342
15171 16348
1365 20884
20383 35080
32451 35604
21316 24173
4374 33959
19577 27288
17914 38349
25486 32362
29118 30891
18540 26733
27486 37101
26266 33456
25665 40406
2004 30791
4294 21548
8544 39115
13403 37572
5004 42060
3947 41597
6157 22037
12211 28024
22957 42346
1382 9695
5501 14004
5116 35104
1452 44399
25891 34868
23757 46344
707 34631
11370 11543
1492 23826
3548 8495
21249 40051
22123 36643
7490 23465
10196 35600
1612 30509
13900 46083
19258 37283
13514 44327
11290 19134
1034 4639
18202 42148
9910 38397
30975 40209
17001 21749
29124 47055
7632 9935
40237 43643
35440 44374
34950 35879
10560 42828
16532 42589
21623 27029
10821 36941
15300 27041
32061 41006
31311 36344
10273 36355
17290 27894
11959 36797
13197 22554
31729 45902
23705 30854
7635 24354
30456 39213
1708 45277
13644 24936
25110 43297
34563 45390
11111 12729
16198 32513
6853 36369
10756 16702
8736 12250
16476 31703
4911 10108
34003 37065
3982 7393
22173 22369
6752 33284
3221 39725
1927 42547
11731 27871
5880 43154
14182 25901
28357 45583
12115 32183
21156 43377
7431 36201
1115 26804
22173 33107
25746 47271
26474 35178
1462 27851
26786 46784
35067 45458
18525 44598
3006 29341
19766 34036
10052 24062
17678 19092
16598 41091
43736 46658
17099 25801
15027 38155
7665 35092
33460 47002
7646 44649
30853 41262
12087 38621
31507 33384
39710 44233
8511 33019
5057 14605
34164 46566
7408 30713
1049 15230
5464 7789
3638 13194
11839 28878
13718 23299
29288 47381
17878 23445
28474 32346
24613 30547
13345 27632
3319 32847
22089 24310
36068 38950
7121 37449
9152 18678
29870 43572
2525 40156
22359 33970
7522 10439
19202 23656
3983 33766
8062 43372
31094 32814
18301 39204
80 6858
11508 38513
5149 25282
9678 14937
14974 47138
26874 35246
24635 28212
8634 18873
30252 32912
13331 14528
10621 12073
5012 6702
36908 38001
34965 46039
6281 14935
2510 45109
11595 28494
19857 30124
10328 31419
10390 24191
5604 39044
15836 40121
6565 44680
8217 35150
18741 46427
24848 27165
5857 9130
2893 23532
7625 15798
14697 47395
25167 37498
10869 28740
3454 6603
11379 44303
6505 31982
16716 45768
16369 28691
24283 34711
4491 38090
11714 34201
4873 12528
15030 27017
16145 42165
2250 35332
42893 46079
17178 29210
3202 7671
31731 35454
23709 42144
40746 41263
13166 46840
6913 13848
18801 30212
10457 47239
11 14153
13470 34419
6203 15378
4214 8519
37093 41298
35267 42539
19101 33133
144 21098
20491 24357
5893 39281
16502 21060
3106 14914
4926 24970
15816 40734
41265 41454
25191 31802
8328 23222
5332 22625
3544 28322
1867 4022
18483 39328
525 41327
21900 30533
2320 27187
9867 13788
15210 35447
21765 26144
8385 10143
2420 41354
14630 17610
18702 32461
1233 33685
13799 46729
6898 31229
11164 15586
23826 41924
6225 30197
11998 47276
21482 30932
4364 23523
36655 43300
4189 10690
8917 18490
9526 11401
2599 5260
20830 42266
10769 26549
28822 44035
12501 20920
20825 22674
29852 45304
19297 21128
14226 26952
2021 44624
13900 36581
31322 43647
5614 21533
24283 33101
8332 26323
5082 11846
15779 40047
19784 47260
2913 17851
12424 14442
12171 21166
21745 41491
11299 30282
10434 34907
39888 46038
10969 23173
29072 42466
39371 45519
34254 39856
30363 45762
17665 38426
27448 44595
16837 46905
36474 39451
623 36519
3723 37439
16505 32580
40997 42123
16720 23874
654 41467
18842 27098
15129 21225
36283 41576
4451 15897
38605 45612
6257 30219
16854 28011
4152 46597
4966 5231
34468 41663
16796 37640
2499 7607
9750 36503
42817 45167
14127 28770
33617 45994
24667 34164
4403 47347
19536 29357
13114 16558
9225 19127
37620 46156
13002 13119
18126 36168
29361 35937
234 19539
20730 39136
17769 32898
31521 37925
13700 25700
16712 24521
25120 42218
26754 44914
10527 46344
31905 42237
30850 38659
35388 44615
28021 34792
623 16466
4417 12879
37003 46345
12910 41237
33923 42105
18652 20534
677 12538
23375 42485
4235 45827
17769 47019
8378 12815
6561 44909
1352 17780
2162 23247
29792 33248
5555 20282
15852 24952
2598 26029
16106 32416
14319 44939
2065 8038
20057 42776
16203 46120
26573 29603
18124 36980
5422 17659
41807 43910
3503 16457
14511 46802
6853 24907
12751 28129
12193 36469
13214 17273
12385 43055
22659 35498
884 45796
24705 43800
1411 10789
3570 44632
2584 26107
25624 30716
14218 36727
32311 42500
4770 31036
1343 19141
29984 45445
674 9183
6524 12923
5834 33387
23160 40745
15925 43873
29882 32336
13042 46371
6019 40522
476 45570
19090 34076
11236 11303
22078 37973
23962 26322
15825 46271
8060 10546
1652 17802
29058 41873
5814 23501
2698 11468
13289 39273
7433 9859
32960 37819
22880 46181
2013 40412
3366 21955
15463 29825
13928 37688
20134 41817
26886 45860
38916 43648
24776 42646
9241 44414
17661 33044
3212 28843
6189 12394
12582 28427
11697 42034
19915 26588
23841 35952
19271 30458
37123 45968
3144 27396
6757 32099
7148 8535
18442 28132
24078 44940
25518 41943
12553 15015
17604 32136
10157 37071
2942 43103
21671 21733
20008 21460
777 23186
8621 28467
9729 23011
14933 30548
7205 39405
10989 28714
39498 42259
10023 30813
12343 19527
14049 38341
3851 40820
30599 33400
4085 25940
42155 42609
38941 44593
12950 25574
12412 16099
2738 32319
23170 25328
192 11771
17423 47350
9933 17714
1145 20175
3383 19410
2824 15474
23841 39469
19703 39082
16698 19740
30575 42963
6726 40467
26783 27937
11619 31338
18703 46700
5897 38141
16367 18822
15456 34214
19943 36475
18001 19074
19675 20445
2699 37063
5206 18221
12841 22382
27334 41407
2073 31124
28358 35314
23719 43047
25963 27767
24757 29682
19435 27559
25558 36349
8350 43010
13848 26673
856 14164
5264 25931
27889 40878
16094 37480
37341 46688
4615 14905
5160 28025
34918 41257
6007 42419
14848 30170
3839 42233
3898 20182
46 6603
5514 46458
28530 39339
25915 33738
16916 42957
6463 40191
27698 43912
37593 42186
17637 21025
29281 39503
1098 28572
27964 44031
41133 46788
17479 39098
16985 45945
12360 23748
21107 30523
31789 43140
9364 24871
7881 14400
10775 13000
25213 38542
23352 34312
23646 42895
28455 37825
32249 35958
14146 25710
7376 7475
538 47200
24323 45739
22706 36796
12453 34650
20149 24003
10002 31143
22194 23035
7283 33298
2160 40652
28142 40869
10309 28819
9351 14786
30654 42585
27572 44688
17883 46290
10593 38377
36704 43168
30544 39946
818 28127
25705 38199
40823 46696
25971 40570
19345 40019
16527 32369
13830 31839
21291 45461
16400 27309
27716 28760
13092 35293
1639 14885
20431 22911
2669 24822
18317 31067
16950 36794
34501 46714
6951 9123
34546 35345
21072 34958
27672 31282
27180 28376
491 42792
24156 34621
8343 41518
1421 40447
915 33671
7674 22700
13188 27245
14043 21343
480 12805
1688 12683
14810 30146
19123 37704
12759 13741
1066 9896
3634 10955
34546 43050
33235 46457
40843 46543
31779 40061
17105 20466
10164 14427
9269 16958
1583 6601
5264 36348
7952 26212
38197 38596
28328 28711
14729 16544
4067 42486
19287 33732
6012 8857
23254 47069
27758 47025
16482 34423
8947 27645
37197 38108
4279 18398
18799 41498
28441 45742
2668 11899
14699 41403
1862 26553
1557 32333
41209 45711
22474 38219
2482 10985
21774 21778
10467 44764
1622 35202
6739 40111
11564 18016
6554 44495
8869 18313
1201 2900
4901 18337
4383 14210
3545 13865
12741 15548
5174 13019
2126 33954
32843 39944
2574 46387
22767 26548
32584 44379
222 1761
7521 18805
11040 46504
13817 38103
32079 42931
25341 46111
9671 13689
14952 38442
1155 21564
5348 21658
13761 29311
22432 39282
9409 27460
1528 42491
5934 39660
16797 23830
13851 41255
32222 32255
15208 17844
19321 26280
5722 9417
9581 10389
5180 36195
382 14070
26465 36061
10300 32707
41280 44557
797 22391
17780 46379
2437 12100
12231 34643
25775 30107
16686 21905
11917 42589
37994 43632
17003 40271
17403 18513
21493 44493
9749 35987
20281 26968
16791 35662
24210 46429
13808 23249
28874 46108
5832 40672
1762 20040
18241 37325
7666 40046
1754 3183
8795 28297
10341 18371
25587 44581
17977 41416
1876 33351
23477 34951
15153 26781
1393 35634
9148 18212
32146 37871
14137 28793
35036 38981
24422 31194
46806 47210
42177 46771
32989 40253
12573 23803
45414 45710
10560 14106
6754 12960
5915 30884
18129 33677
10135 31835
1173 5658
19207 27066
1104 39264
32384 34602
10468 18654
1519 22510
20507 21780
2591 15145
20651 29638
9479 37573
17071 43542
3186 9878
16460 43388
24084 40035
30336 35649
8428 40530
22301 31554
17651 43070
21640 24675
6985 43229
12712 13358
571 30291
14150 26530
13651 18481
13615 16572
30250 37568
30284 42814
4320 22989
31602 44550
12332 30106
25823 30662
22726 29259
14739 30308
5563 21141
40541 45641
25218 27290
7847 22441
2723 22777
41454 43127
8630 21389
35836 46338
9154 15882
3330 16773
46749 46810
15325 26618
25199 32151
16523 46719
5185 28513
2331 18200
6064 29421
6976 24053
35394 35790
15698 22635
23265 29136
7881 23341
10562 12034
11111 46773
16185 44630
1616 16161
1212 9884
1537 47359
8660 14219
3758 38511
26509 38291
5082 12708
13262 38095
30026 33672
16227 26547
2555 27865
6310 11518
8951 9672
7317 21471
12171 15612
30561 42317
12133 37951
37545 41987
27612 43229
40826 45197
10822 12496
17732 30711
19178 23587
37195 37444
12505 34332
17873 30192
21869 44459
6141 10369
16212 31500
11237 43448
7824 18619
2400 41883
6828 39565
15442 24119
11137 20586
28977 34581
45855 45913
1656 25335
42904 44335
32152 45474
2639 43562
10980 11742
23303 42586
25139 27481
8183 22874
20056 38206
14915 31957
17325 34874
41903 45689
3999 33631
26037 44846
14847 30510
8525 20544
31657 36985
26880 40812
6356 11997
43784 46949
12084 44609
2209 14530
11925 18723
24264 34986
4593 19444
970 39128
13130 22245
3759 23190
11270 42591
27170 40012
24983 42028
22393 43839
16173 40566
14407 15285
5278 36701
6777 20513
12627 18591
8343 9519
5845 43164
3288 47367
27992 39797
17425 25440
2442 22995
18262 31010
14030 22128
18323 20174
23804 28743
11228 26500
22262 25047
23878 47351
7858 40968
342 7637
1736 42202
24529 26932
20659 29743
12593 30499
5488 7090
37666 41485
23989 41705
5417 39869
13759 15599
10111 31843
16105 37779
20597 42828
39282 42097
24570 28626
7115 18414
34290 44050
20715 40605
13304 45005
33993 45749
15621 42281
28735 42887
8151 14021
33344 36443
26577 34721
9088 23235
9698 35996
20038 45466
16796 45402
32739 33071
17201 23988
11409 36468
13709 40745
23853 42167
2524 23535
33657 35627
20155 36602
22962 24468
12354 30459
13083 41222
23228 24587
24527 26081
17541 25749
21090 32157
1930 17319
16461 28500
9488 13878
19255 29148
4406 33873
29839 45394
9404 35118
16987 21376
7431 13708
23581 26553
9286 45450
11127 32409
4475 17613
19161 28173
1871 13864
10748 39179
24024 37861
27277 45439
28181 36046
23265 31393
34350 36321
11103 32173
6465 14467
3153 12910
4518 25015
31042 35637
574 10349
15750 35820
6611 16921
7729 26705
1470 46889
5532 8785
7344 45553
9912 15121
7192 42715
2260 7758
21679 28714
20032 32172
6664 40317
14324 32457
18484 47155
5617 6799
982 41823
17328 28219
2031 11089
11026 11550
6755 20433
6990 27655
19738 27938
4060 27146
1244 44452
6565 13893
3895 47266
4406 33418
1621 29126
21021 39452
28260 29118
10027 18612
4135 44474
1844 9169
26256 33470
39813 44445
6663 37998
9363 16353
12322 25928
14678 42380
24021 37697
13163 20128
2095 3503
38353 38869
10112 21544
1962 16745
8561 31126
15691 41790
8012 39020
20924 21210
2732 38089
27804 29225
1452 17397
4056 37361
33070 40084
20156 36156
16727 27598
1759 35075
14799 28562
13058 42184
29135 30607
4581 20186
5149 17260
3510 39295
1826 11572
20438 32994
13141 28074
34403 43232
18731 20563
22287 28704
25457 34527
4471 41898
29815 41104
5107 43048
10026 44000
2833 24908
18433 24289
25301 34953
6409 36145
525 26405
28781 35340
18566 31988
8449 28417
22979 34300
11956 14974
695 6814
6455 14798
8107 16410
16476 38286
2868 41117
17554 46951
35104 37021
348 6706
10204 30127
16345 22527
11405 27114
26571 44727
6954 23786
14338 27362
7395 33328
13052 44597
32169 45967
18083 28986
25260 45101
31421 47013
29988 42321
20847 33929
13798 22695
3197 33829
4324 28615
30932 35710
7931 38411
22005 35383
5156 12149
28890 36572
9035 29803
23484 31560
1312 11485
11380 18547
11330 23156
15221 39127
38870 40811
31217 37010
8369 41239
6946 8218
1066 17845
22276 30369
5831 47377
44578 47292
5234 36541
994 40573
23060 33834
34770 41066
27027 47171
30433 30670
3252 15577
21444 40577
8206 18967
29731 42641
4712 9260
21894 36841
27964 36383
11745 11855
132 24743
14627 40431
18667 33113
23656 46138
24191 46482
7218 25656
15660 45189
1079 21813
1471 26767
20166 39556
1413 14519
8516 40511
8826 15827
2611 27450
16733 27846
23126 43879
35502 38332
17684 28068
7455 21812
10091 15458
37622 40729
10060 32360
5876 31039
4815 8957
5575 12617
1961 34107
277 25632
3445 24212
4882 11118
5988 15415
22795 47283
1255 46898
253 22013
3200 19685
36038 37157
7013 9924
25556 39877
10035 19821
6079 16472
23 3242
17172 30121
11100 33162
5202 27688
24414 30638
41108 41661
20048 35497
2083 36325
653 42484
34085 41447
22250 42622
3936 39324
17928 24398
11963 17702
29130 33109
23858 26377
11819 32475
16538 40721
28754 40177
362 12857
11699 43670
3602 32281
2462 40643
29318 45588
8026 38889
22988 31597
31234 40076
17678 32709
3219 12514
24899 33847
31476 42053
10596 25499
4444 43298
23988 40571
35937 46099
5432 17546
4481 4492
2300 24258
12202 17287
4819 10903
22066 42289
8297 21043
30311 41498
18884 43222
9115 34507
9797 18097
10858 27347
36215 44508
11551 29785
42271 46626
37539 43780
6369 44638
14347 18428
5482 23675
31417 38598
24172 27452
33175 41360
24850 27138
8209 11023
32960 34790
37005 39150
1402 8182
14567 30445
6329 23547
1461 15178
4842 6726
14825 38590
34529 37276
3540 24182
21395 43373
597 26629
11244 23976
8266 11907
40546 41883
369 30377
27182 36184
10136 39231
4759 37401
11211 44215
27350 39932
21481 35196
32716 46299
18888 36524
16115 23167
9004 45764
18618 27803
383 27050
35079 37312
2632 44571
12558 37994
8281 23677
8224 24863
10512 30069
4497 23818
18055 19180
3993 13173
23169 32651
18212 35379
6295 7697
40980 41744
31709 46303
28170 28717
22547 33836
37951 40475
9878 35566
6742 47232
4394 39531
10602 26737
15790 47327
13370 26918
25833 35111
5723 32731
14245 19948
1931 11289
3461 38545
3279 21535
274 32718
16012 37725
28312 37818
23399 47234
37448 40204
25837 36169
2554 5037
13406 37313
7584 17871
7029 40472
3892 31534
5421 43104
18849 30314
21653 38820
16254 27809
20062 45031
29695 38609
5367 19863
13329 25173
9207 45668
6288 24380
11422 22288
26263 29753
2426 28772
8898 45852
709 11489
38061 38495
32065 36650
17428 38814
6565 17491
98 27550
26438 31447
21305 36393
36628 37186
18299 28692
25274 27145
3030 29825
25476 27279
43916 45403
16799 19745
33513 44252
21136 31861
10284 24660
14009 29604
12283 16931
25203 41615
6813 15876
16128 27804
9666 36517
23347 24173
19852 20445
31976 32390
20835 42836
1127 11197
2638 35959
9852 47260
7592 19936
39366 47300
35617 42524
18102 29817
1464 30215
21626 26369
15873 44439
32903 36163
23705 28203
27275 32270
3822 19386
25137 46256
5760 32881
31158 45879
4157 8530
6236 32810
25967 31407
4010 13206
14005 18477
8791 35135
22991 27520
5977 43846
12433 16070
4536 44928
17321 46756
11808 38649
2924 9911
8451 10719
1742 1805
5595 22210
19865 28920
426 21083
29721 39509
1373 11737
539 37175
18602 28022
5577 33123
34602 41108
679 45291
2760 21157
943 19508
29347 35511
17043 36962
10962 25365
26277 30269
26717 36957
37735 38943
21038 42144
19498 41527
35217 43074
5484 40664
4933 43759
17350 38021
37527 43343
11861 41642
747 47273
7134 40860
5917 7685
28891 30922
15563 25634
5376 17160
39717 44981
815 25715
14121 45739
33914 39552
45967 46561
32349 35872
1371 7853
25323 40083
21848 27208
2163 22348
20635 24734
9727 12528
13965 22164
38845 39171
29953 44315
38332 42558
21918 40220
3507 16610
10134 30595
24744 46233
11984 12944
3326 8870
2911 40119
11115 39327
9593 47395
43352 44501
2186 40617
7853 14667
7597 41277
15366 17899
7550 39741
6952 18881
23677 33189
17359 33545
5730 45900
13234 28667
2990 15687
29037 35015
14619 19547
5324 29936
17130 32904
15943 31651
1968 37132
10955 26398
4270 31656
77 28364
15053 19250
11374 29765
16584 29203
30860 32695
11652 16123
31713 32382
25951 28489
18270 24892
2571 32857
1403 21266
6993 30559
9689 27454
12087 32266
13717 35028
32235 44737
31769 36828
1324 21912
3944 32021
6393 6593
13703 24018
9526 45368
16784 20724
547 15804
2359 46156
24162 34119
23522 29063
18609 32063
17709 34250
25660 28848
16838 30759
2337 34504
32598 36279
719 5149
24396 29038
2995 45993
5051 44248
18699 25540
23922 26903
24747 37374
3052 40084
29296 41267
4415 30451
22970 36255
34885 36537
4847 42159
1383 19085
2417 44417
9851 22281
8594 42890
17126 46101
11364 41454
11828 27036
6974 20063
170 2998
6367 33614
3260 12275
41782 45283
3566 16519
38265 44048
21934 33077
14933 29239
17593 23471
25850 26447
1522 27888
12516 24562
3912 43170
1310 4031
8595 11600
16710 19596
5462 29199
20241 42202
19033 40072
30619 40822
46030 46188
9641 14311
20538 37470
1660 25728
5980 34265
19521 30212
32464 39042
41545 44939
11088 11704
18689 34785
7888 38661
11356 23792
12034 12336
6339 33794
34983 39458
24078 30933
12582 46850
24735 28988
17906 36776
405 2999
20376 35048
32910 33093
900 4698
22001 33494
28465 39379
10708 41634
36040 37073
16751 21825
22848 32612
37992 42330
10304 12911
43657 47044
9302 17073
23583 45075
5417 12436
6746 31300
21835 34895
86 21339
29538 31835
18894 38169
7432 15763
5610 16214
9098 31014
12506 42667
4039 35909
6382 47238
1948 22357
15753 44014
32000 47178
16229 18868
39278 43188
43180 45550
21298 30876
5479 32131
2709 23209
1833 25790
21760 39043
34521 44449
12558 26211
103 22043
22559 39433
11610 45885
25709 31048
12733 34321
2881 17435
13741 22245
35717 38998
12677 38361
37682 38101
19277 31275
24743 28424
18691 34561
1817 43350
7456 32348
9393 19769
13201 42653
13542 40502
32480 46825
10200 37016
6307 24382
6316 6940
4982 43352
16291 46268
31570 41127
867 25421
6393 35453
1113 28860
4743 19392
26169 27599
36930 46925
12692 14109
38442 43050
5530 12797
9495 31723
10729 22434
2295 7488
22487 24230
1916 10875
18018 19542
28421 39160
33999 42966
11560 25745
4491 33292
19675 24881
20416 24327
27628 41217
22537 30359
8695 18434
7525 10180
3803 20059
276 6240
14404 34966
11591 31632
26518 42813
922 46015
38995 42044
17734 27488
15557 38328
4892 43785
270 13780
8374 42555
26093 30182
10495 38761
23481 46729
3571 26475
23510 38799
20164 31996
11133 15074
7629 39176
5295 10405
16294 21975
20973 44408
14961 44282
33965 36915
3048 25387
2970 38528
23756 43177
17728 41794
21852 42283
13868 36433
17142 34500
806 12605
5526 41455
6633 19559
20516 28075
2622 14783
14308 19177
10337 14766
25518 34165
35990 46972
11725 21378
41025 47318
711 33097
1075 43173
14934 43933
18964 32709
1612 28102
15529 38858
9214 11404
13026 27836
19589 42560
5674 16601
9764 29749
27487 36743
34151 35334
8820 25221
8515 31001
28781 34860
4156 43477
27695 34413
6428 10243
6396 10705
24163 37219
12691 15815
13818 20989
4742 17156
32365 39764
20417 32926
4284 7418
13025 24736
24576 40017
13720 28001
4554 34074
15019 23079
15445 27617
2027 4908
16819 35112
1236 24566
29133 32659
25769 31666
9030 14454
25252 39253
11101 19433
4808 36061
4656 38673
15377 35969
7139 29071
32374 35689
12966 16585
13420 23171
35630 37122
33959 40186
23400 42686
22777 42707
31270 31438
28483 29517
5720 23496
27587 46907
17333 33239
3881 5284
6608 29785
15597 44761
18440 31530
26213 36379
6164 15027
22235 42131
24962 37585
39459 43520
2150 4318
16309 41025
33076 33867
24295 46167
28067 36405
5517 27459
20777 26240
18581 36838
2337 33191
27851 45640
18989 21357
7523 41088
24362 42666
11316 15399
198 3383
34168 45032
15572 45054
15499 20632
1230 23192
29481 38953
4842 5039
3064 22566
29662 30663
1247 16191
17423 30257
11579 15220
12615 45351
16659 37243
11846 14810
21426 27975
35023 46485
2103 11453
3523 29681
11769 45330
17087 41827
3878 6460
42424 47032
19004 23708
11889 26938
10962 29931
30046 41741
7110 27686
8915 44035
2553 27315
29135 39605
7728 23534
8743 21297
3449 8390
7166 27214
42563 43030
9804 15271
11339 47035
31394 47264
31224 34021
28344 35319
3522 25083
9583 42629
2583 17516
5429 39265
6175 15111
30854 37312
22365 33047
9711 26949
16768 42208
18037 45745
13564 23942
12316 35245
4116 24667
16889 35560
11197 31652
24294 32843
4239 22788
22618 24229
477 3467
13049 39711
39344 46309
19498 42255
7207 40935
10195 13533
13509 25524
19417 39822
37040 42448
4708 39831
4427 46005
14423 17004
10487 32781
12736 17091
1372 8052
2508 46523
1773 2734
11485 18297
25085 42740
5092 37727
14282 19216
26773 27013
16500 43840
4774 13474
4237 15521
8110 43718
14701 20331
22513 34742
16868 31434
21042 27314
18545 34766
26261 46463
42369 42867
12699 43977
8498 30244
16547 21405
22324 28804
18123 22241
2404 32937
5997 14542
3126 4814
2449 25540
33587 41174
31455 46307
19073 22992
223 8380
6313 20440
9648 10115
11390 38947
11947 39804
5283 38769
5789 26297
22556 25555
11696 14329
6601 15595
29205 39299
2437 11543
3140 21085
22245 27356
26174 40401
21875 26325
14318 18068
13994 21162
9538 47261
26947 39570
3978 18397
11563 36781
30673 43396
19077 34788
17299 35511
8559 27463
448 32418
30804 31801
40731 45074
23186 38352
24245 25864
2860 15968
32172 47395
13032 16994
6162 10421
1524 27424
6755 35689
1253 32788
7196 35029
26691 35793
29380 34927
10765 34707
9458 15602
18127 37770
5730 36024
34246 40190
22496 35811
1851 29889
13028 13438
19177 46080
26856 42434
2269 33785
478 22969
44683 46745
16778 29931
1881 28950
5847 28853
7920 29933
16513 23998
17256 26523
6508 13286
3933 28961
12265 41910
20105 24626
10382 12846
858 10543
23274 41366
8656 46189
37828 44802
35004 45251
211 30330
21360 28615
13076 15148
21104 47119
23789 26886
2529 37630
9221 10131
10463 15255
119 46956
24663 33277
20712 45548
18374 32119
42234 46293
14824 31902
11929 45909
9392 20751
142 26187
13670 42086
2276 8295
5407 14944
25712 37979
35612 40007
40278 42765
26956 33350
40935 45738
5596 8989
36274 47296
2757 3872
1381 31013
13155 18982
37514 37795
7459 37586
11033 29529
18544 19883
20250 28871
26395 44802
15338 36445
21642 33939
14621 18337
10608 23314
1936 25758
4982 11166
10601 15727
106 40843
2974 6731
24495 42337
3505 6367
23352 34186
15768 19410
31211 31639
5544 20668
33991 43723
29889 34133
29999 30329
15767 17495
31720 41315
1827 31076
5343 42262
12943 34351
6496 31853
16549 30713
5939 8550
6404 32264
29322 35190
1242 35526
7035 33070
27391 32473
26622 30979
23086 37076
16957 39583
15309 20185
13502 30558
14433 17104
9080 23996
1024 24686
4616 38900
8295 44600
17634 42427
9835 21805
27071 43233
791 31281
13646 44428
24368 26673
6096 10577
31010 41690
9352 34668
6913 10799
18 22663
567 12325
13912 42857
31964 39739
5822 27721
32645 40854
1522 11730
26192 29651
8757 40093
14329 27869
43810 45519
11410 30902
4973 36262
849 28603
25526 43561
9330 45058
17797 38984
4704 26423
35846 36349
21471 25681
27475 46857
8577 10297
9483 29058
21050 37702
23928 33325
12975 26072
17079 21213
25309 46717
547 22761
20812 23766
18573 33728
2092 14862
14634 37900
34246 46419
478 41091
2740 9421
25925 35322
27702 37572
32853 42065
715 27448
4266 24103
1643 1645
15807 32280
289 26293
18921 21764
26342 45409
27736 30925
2793 25647
7641 34303
19292 46782
38580 39928
1341 1465
18139 37943
34608 42462
8822 29325
17031 22461
28186 30572
25940 45779
17622 22148
4199 37002
20489 44966
9904 35665
4612 17169
13415 40091
16258 20444
9889 29880
9014 11186
34998 46939
5916 23144
36354 36889
7353 9296
11499 20878
18909 24921
18106 43256
27908 45503
12672 36196
22631 27315
11061 36867
18308 39980
40138 45042
14528 20053
6238 23545
29690 42620
11797 20693
14560 22220
2103 24395
5919 24731
15513 23831
5475 23559
35050 44254
6398 28149
8302 38842
32331 39993
37911 38210
13870 29128
12737 41667
20779 38073
6308 20527
37442 38671
34813 34892
13605 28830
10335 39742
15683 30254
27531 29314
24753 47104
6331 27277
13426 29996
949 20407
9124 41286
8709 45208
14449 36510
8429 21247
7054 26359
2188 27485
2122 31561
25792 31116
20622 20719
33719 46231
13835 23226
20618 45860
5359 19388
30876 37770
11758 13544
2132 34908
9021 36061
3970 11770
8742 30230
12601 24786
30308 44079
12075 28877
34877 40488
26008 30340
8187 45634
25402 30530
11712 32208
9635 37802
6181 11252
25571 30716
2177 15029
10284 12584
26692 27185
9512 26068
17351 20425
20680 24615
9672 21627
39681 45058
22216 28496
38292 42358
1014 36212
17227 38294
13250 13689
3632 7587
9356 13662
24305 25356
1108 37567
6146 16519
22051 36915
354 2581
38685 45443
5318 40459
24357 32312
1603 44312
16055 20703
25705 29726
24534 42747
7721 30312
25460 26697
11225 35257
2472 6036
38348 40546
19324 26535
41004 43704
18239 41774
25692 37785
29088 43951
11334 24812
16164 17613
9356 47381
23990 26260
30188 43515
12055 45513
7527 27413
2859 30244
29699 45044
2220 34458
22518 25023
11325 23945
33408 36623
20255 40226
7040 12958
10368 39369
36153 46619
5070 16894
23749 43702
3766 11858
23831 45232
11803 20163
35370 42194
12905 33386
5013 14293
2156 31790
9454 39564
9682 21486
7738 9674
20727 44543
10107 45047
27084 37699
26933 28670
27065 31041
18796 28994
9051 20865
27770 45382
683 39750
10582 16266
35885 46962
15703 36600
23081 25644
8761 10711
19635 36330
37126 46199
15211 33105
29949 42135
39078 42596
5314 25898
32457 33529
17847 42966
15514 23465
27800 38212
11504 44955
26886 34085
12056 39052
22779 26595
2724 24676
8826 35807
116 806
21762 44220
15690 34429
24470 37180
22096 30510
10719 29345
11241 46423
14441 42097
1180 1844
4596 17522
1549 5848
20336 38605
21055 37538
1081 32575
21852 25804
21106 46925
14296 44567
11947 16262
6389 15552
2867 17383
16647 22014
5810 31151
28891 46149
10184 23709
166 39365
7719 39744
10055 45930
2283 9226
8256 31089
16543 45985
25274 46373
25481 37052
22532 25913
29303 41340
9305 46371
968 12110
3578 10951
8573 40006
34953 37852
1683 43354
1162 33294
1176 21858
4773 30000
16580 22081
23119 36219
3043 4376
8995 18946
4937 36258
24633 38998
15263 17722
8906 43225
14951 26495
13841 25462
3791 26119
10089 34910
11471 21355
37781 39373
25195 38886
15167 44028
12301 14642
31624 35890
7381 39883
2568 33665
6065 17282
21160 36907
24010 28819
23684 37694
4020 16907
18716 40987
41358 41763
31436 32806
13489 20442
8863 43878
4004 42977
12163 43166
12619 37555
14752 38686
3259 14715
8230 43184
7077 9270
3244 34594
9830 37436
13250 41744
5383 14602
39716 41808
8814 45864
4790 25577
28265 40694
17112 40735
32413 39325
13456 26536
29727 31040
22058 39346
18750 22447
6827 43215
2645 30478
22987 46225
27285 44615
1807 22963
15555 43332
27912 42269
50 46440
18376 40141
6543 44395
29893 34900
11440 19924
545 28891
6025 21774
1271 20889
15752 36679
22089 27705
12004 31751
8435 44124
24391 47304
21560 21699
29993 41116
29136 37523
5057 28149
32606 43638
11134 40004
6376 33493
14731 21728
1884 39933
11388 15196
22242 31303
9695 33962
14589 17888
17942 23418
5927 25938
828 5393
32952 33321
7880 25943
39081 47029
26399 36254
21019 27737
2312 47176
28096 46654
833 18919
14281 17893
3928 18741
9384 17454
7288 22998
26175 46345
2522 6046
13217 39836
19420 30862
5977 29034
40298 47343
20908 45060
22961 30212
4557 43236
23399 36073
28879 39536
9728 19334
7434 16565
7105 25923
31447 38151
12187 34221
31047 47077
24550 45216
3540 10122
29397 37432
35873 45586
6156 18577
2389 29437
42562 43453
12573 28780
30604 46507
19996 39666
36653 39318
7191 11330
18583 41076
34887 38358
5181 43221
18129 29794
29150 41877
16363 28834
5061 10847
17768 36204
10774 20705
20514 25484
12697 35612
8723 14688
9573 14858
7703 40902
21736 33147
12571 17191
27601 33977
11589 33871
16449 44042
4880 35537
7003 28598
14148 39540
14720 25244
3253 4184
17644 34044
18482 22311
15770 23193
26194 43688
33589 36311
7111 41148
6938 15556
25509 30753
6739 20042
9767 25812
27407 30297
27820 30466
19074 37125
6298 9719
2802 44262
21904 27604
17053 42062
35583 43672
36999 42533
14768 25261
16001 38001
13139 16493
27437 46162
8092 18739
43641 46438
10961 26142
40766 42226
6168 14749
35019 38611
10354 45355
12627 41393
41381 42499
16129 35153
3307 25307
10701 12632
36618 47163
16864 46862
18005 41354
9628 33358
23636 40068
29419 30508
1390 38703
11751 41880
32821 44036
8765 38029
23290 23566
4702 38001
2949 27669
1023 25296
22256 33108
6495 24919
29674 32316
14271 39865
16188 21746
8837 28641
16482 19749
7194 24139
8237 18288
22577 29901
2890 24214
33228 47177
7268 41057
26188 41132
2783 39808
4533 27403
23846 40793
14513 43720
1256 28284
5153 23886
11439 41742
25031 38186
32381 42178
12533 26966
536 9878
5856 46637
2490 19934
11940 42667
328 35778
6514 41884
17847 46914
7593 20414
21243 33832
1411 11017
1905 5136
13643 28911
8469 33856
9185 20440
982 37672
7095 37850
34531 41384
9189 34145
20443 31712
5879 41494
8271 26112
26762 28548
1362 6587
9822 28581
19472 27990
15393 43459
3191 26905
23843 26858
6485 39210
3262 39388
11975 34501
159 9123
40722 45016
19344 32127
63 38462
20517 24814
10594 35634
18661 42650
1030 45044
26712 28030
32105 47332
2895 42977
38533 43172
4510 7524
560 35481
14504 20329
7777 12556
12595 34367
13483 24441
18392 23951
7370 8233
12226 29774
8829 43385
3058 45600
31416 46706
8104 41409
3930 34949
22166 32894
20447 31780
6928 35592
30622 38739
15052 18067
5510 33652
13609 27182
21100 25929
6932 46853
20659 34854
27911 42475
16974 24613
21937 29809
6897 41382
15042 41673
15604 31762
8404 13943
4761 26367
39022 39175
8740 32359
5094 28462
26067 45769
3361 27450
15528 38533
119 5886
17176 21687
7334 32873
29470 34043
7125 43087
25046 43650
1278 26032
4899 34006
9320 22438
44045 44772
4347 15773
8338 29696
3043 7519
35271 43721
21 16089
26594 43569
23571 42869
2695 41710
10110 14606
39205 41080
26831 34622
6576 46413
10283 18698
3932 29494
7878 10463
430 43843
13040 35494
11575 19775
25447 42654
18974 45351
8937 18886
30770 41215
1407 19622
4755 24808
7835 17182
8902 42462
326 17075
26304 30382
38101 41932
17633 31738
361 43110
8396 41543
13049 22374
1460 42264
31193 46394
3630 22339
12694 17487
2975 42824
6232 35060
25640 30752
20772 41631
25360 26039
3485 16508
2184 14187
43984 46724
29124 32601
12851 25772
22840 33507
2850 2936
20615 32787
7490 35964
22894 42603
31612 40312
43776 46960
7108 22838
20345 38561
33684 47391
4566 17715
3135 45149
7249 40978
12378 38542
5820 46793
4261 37266
13542 20563
39866 45649
14532 43933
7167 28521
31877 45871
30538 42504
42152 43612
18639 36339
397 6122
11352 30417
9853 33773
29885 42878
20329 33490
13852 34725
20345 46266
9836 44157
803 30572
13912 30834
4169 12952
1229 45498
30861 34270
2889 34139
8566 13041
18476 26899
22154 24827
31589 36140
31673 36777
11953 46448
23489 42947
16547 27638
17159 37816
14701 17115
19587 28507
17019 42909
25431 34684
15070 18675
46242 46937
4712 9565
17640 45444
5546 34085
12695 40827
24030 36296
28572 36544
5934 42303
18486 35292
23338 34268
20336 30473
7032 23327
5464 28798
31239 45718
27339 27941
16969 32592
28694 41610
27737 47235
18010 19498
21210 28004
2143 44848
14922 40280
23142 44128
6470 32864
6329 24523
12230 34432
19956 46817
394 31999
19165 39148
21830 40894
4851 40999
11381 32420
17306 38751
25630 29393
18303 41600
9807 23524
7324 19540
16247 17681
15800 42067
18238 37418
20656 23257
3972 46665
11443 29484
1356 40839
1587 28694
25647 41990
1037 4872
26634 36015
5020 34927
592 25167
21758 27031
37485 39019
13515 32032
8597 34688
10079 22303
18019 30298
28791 39425
17865 42663
16814 22989
17381 30950
28354 42053
15365 44367
6547 34908
4128 30939
8985 30259
36880 44695
20316 30490
14809 24672
506 16324
13077 29712
27101 32983
7299 31510
8181 38543
21752 24341
17942 44199
22940 39028
16869 45677
27357 44465
33176 47394
15292 38762
43277 43292
14859 45296
9923 36261
213 46408
20552 43390
7844 41782
8941 46525
30263 36659
11702 20652
29915 35387
14136 16793
22721 25492
17070 39143
11173 42939
14483 41225
24375 26396
1242 19344
2227 6907
6682 34328
3333 38531
1993 38002
17925 43040
35628 46184
2672 42986
19137 27384
7872 27184
9240 28283
16302 31808
27333 27640
6722 25998
12437 43099
37459 44506
360 6834
25672 28948
32767 38083
5493 36762
18933 22077
5840 9516
755 28274
19273 30813
14649 19421
37552 39974
9091 41342
21605 44427
9223 45433
1250 20524
39034 45467
31840 46152
5842 41238
26548 34072
6987 20388
31317 35265
1397 12815
23377 40075
1793 16198
13095 17943
12567 19544
7963 38575
19510 27319
2294 29955
29332 43050
25663 45585
2019 41801
23927 40892
34 13184
14619 29354
12350 34189
816 47370
12752 38141
44353 46137
17399 31989
27587 36901
31603 40331
25577 35611
3833 12011
1042 19016
16224 29026
36385 40231
12575 15998
31782 41205
8965 11566
17088 30757
9383 36400
1207 31134
26879 44169
14170 16487
8496 41266
22606 43557
4915 35320
36071 42700
10652 43320
6223 39751
13375 42038
875 4916
17221 32225
18551 29060
20250 43293
24306 30284
3599 28180
37829 41675
6810 20071
9888 27648
7070 29043
12845 46195
22550 25878
19950 29445
29178 36301
5767 10811
1791 6056
28952 36712
25640 31183
18298 22356
22828 28451
2258 37198
145 39163
15599 41193
13170 27646
20492 47148
31211 43617
33823 36869
36580 47249
10723 12769
18465 22469
4177 29705
22235 41119
25864 32769
16981 22161
21607 30970
31648 34923
36043 46263
32357 34107
17657 25534
14952 29839
7319 41774
10316 41253
17300 28680
42828 46662
32885 36828
38590 42661
14839 27868
6339 27386
6129 17942
26713 39638
20437 24944
27816 40254
5492 25235
39902 46245
25987 26702
3432 17412
34472 39893
21655 41725
20636 46472
5038 30168
6992 29836
4850 30871
35448 41865
3167 18834
8238 38085
22295 41304
19022 42119
41369 46010
15654 16309
45346 47203
8560 10028
24454 25162
41244 44029
32813 46350
3404 19686
17573 19174
8851 27173
20099 36037
39421 40845
33612 46740
4413 21606
16112 39983
1112 30953
22653 38918
6119 37387
30665 33203
32271 35571
10320 33400
10052 13206
4338 41030
5205 9878
2505 46018
9827 27051
23491 40367
4881 9000
16076 18230
4788 34850
6421 13000
27445 28552
15565 23383
7132 46754
16327 39167
3637 11535
20381 26085
16866 18507
20132 44040
27107 42493
13767 39100
408 7172
10211 25105
30059 35621
12046 37913
22198 22257
2450 35542
13009 26626
9468 32379
13195 17182
20521 20588
9405 43142
2015 26919
28561 43716
13551 25862
34684 45336
9581 39611
23296 29295
4089 28409
4375 11999
13289 15504
7915 27743
19146 38882
16631 28789
4244 35867
26231 35251
16282 33516
20298 26558
18190 28867
291 21647
5425 42186
37276 44695
17975 38512
11752 18726
21200 44796
33468 37272
2858 14375
4214 37314
34967 43715
22309 33334
10828 23710
6882 36325
25354 42683
3912 38669
425 13137
9757 22817
17932 38034
10802 36260
4097 31252
22096 26810
19298 28672
37365 46056
2856 26730
29700 41649
4566 43973
10513 26708
14293 27387
3425 42873
6909 42470
4441 16917
9798 34310
25651 35857
17093 25571
33042 37406
4711 32993
16655 42341
9640 42769
26314 46000
1673 7287
3228 7246
23423 27669
4537 11148
15117 28184
14702 29662
15531 24791
39861 46084
13037 46312
6713 29884
10442 19486
14522 34390
43902 45572
21000 36009
39751 40062
19789 46413
22523 47010
38791 41417
25711 43613
27635 33081
4453 46324
5609 16184
1463 44983
1855 12030
10401 44156
19011 44052
34178 38670
6336 34448
8453 46188
2993 21500
3934 19314
19775 25954
10591 41809
4359 21183
35268 47345
9489 35379
22212 46717
25667 41412
8114 30665
28674 45551
10432 43627
19525 44623
5988 37306
7687 13070
2186 30452
5411 7689
13319 38804
37661 45370
26335 30207
6588 17299
16008 19444
19648 21052
1981 27953
498 21454
31839 43109
34308 36807
17393 28037
2421 15393
32981 37237
3004 21635
21770 24276
33670 44629
2684 47294
8161 34244
40495 43323
22715 37515
11128 41236
20910 26801
7320 38509
17647 37194
22984 37905
38246 43148
27767 47075
608 9140
22911 23282
11570 17610
27925 33139
20239 39778
20559 26170
1328 27896
5831 26718
15318 18751
24156 32060
12076 16435
18085 38709
2377 14131
5436 14296
29418 36569
6134 23494
9490 32705
12710 44307
4919 45268
122 42993
2039 37706
12099 37737
7099 29249
21642 41221
6660 19753
7798 45465
1381 22430
26251 43445
5379 33360
1991 35945
22767 28764
3861 34222
3804 33688
7752 38115
4778 12202
9926 10762
14777 29515
20779 43448
304 754
24981 28544
225 35924
9420 28337
37829 44684
44744 47058
19499 26920
21440 33516
10981 26798
31320 44691
13929 34494
26033 36927
16801 19749
5541 23865
3400 44750
37892 43693
32286 45975
22391 31459
20537 32372
33859 35371
9567 9674
4854 8790
23564 31501
20422 32799
38924 45947
6184 28818
17429 40609
8685 37515
7285 26355
38591 47235
12684 15112
11611 35838
4126 33873
15176 15395
16848 22547
17581 21940
16735 46055
11123 33805
18856 45671
42047 45723
24434 28509
26904 46029
13497 46110
8485 42715
15359 34700
8832 15469
6408 41893
3573 27658
13193 21755
2209 15189
20202 29426
24143 35126
4884 41220
22649 32410
17311 45060
18931 24503
7122 31787
5962 34609
21246 29812
7142 38855
14704 30460
31240 32229
26434 36816
23674 32554
16660 22095
24853 27530
12207 32435
27633 38833
12429 26620
12926 22700
517 25855
2916 18060
33073 37979
37987 38587
2462 46937
40984 41072
15076 19836
10767 46951
2506 44765
34973 45520
3468 28372
13671 24547
17297 33619
23527 28720
24705 38555
9551 36228
12402 34192
1548 12423
21517 46089
12914 44166
17772 28435
7003 23743
13343 23146
22308 44144
31501 47064
9926 14413
2108 8101
13701 46239
6891 10855
2888 37488
6395 24237
15679 28773
19623 40406
40872 44025
26471 30416
26748 29004
2628 42452
18019 26972
6425 33686
7725 34062
1584 46388
21071 42373
7986 34591
18511 30063
16855 18883
10401 25794
22918 24424
839 31867
19559 27939
32934 41152
26194 37089
1592 41903
44711 46573
411 12357
8873 37430
17137 32717
21550 41445
14795 41046
8975 20179
10458 11402
8154 10389
4228 32516
678 45131
1728 29871
21894 45392
6838 31357
1525 28788
7531 14547
1560 24810
4029 21726
8968 25774
21641 45885
6527 11466
2008 20247
7550 14008
30608 44298
33758 47025
12145 28634
43116 45094
30893 40495
34353 45922
21492 32930
25299 44100
11723 24215
22361 45393
5786 25202
22737 23049
35458 39414
14450 36638
13718 47077
40533 40879
3439 45430
115 35168
25953 30745
29998 35105
29870 38303
26720 29160
27843 39288
30290 37199
5132 23631
1844 22660
21191 44494
3696 8088
7809 17278
12403 14498
13377 39055
30498 32395
2389 34999
35062 43736
28789 39139
36122 41272
14193 32444
12537 46928
27713 31486
9337 29562
32220 42293
16849 29940
6564 9789
22224 26971
22826 22875
19961 23515
23613 37218
11602 28368
14515 16630
12059 21639
16371 23899
13698 26207
37258 47259
33040 34865
9818 15498
7210 46531
6075 30916
29416 33945
15256 21179
3676 23627
28214 39739
15458 26009
19594 32739
7602 17715
35389 37691
9413 43678
4635 38235
10081 25118
42539 47287
5841 30870
34290 37756
9234 18271
42343 46594
16479 44878
16813 37584
6556 7403
24378 37034
23127 34076
2763 5738
2141 15783
24493 34513
22490 40056
2539 44876
28592 39109
15236 17278
8758 19631
3730 32507
11209 15187
17800 33679
6545 39859
33950 44080
28795 42097
44264 45159
4812 33185
27181 44914
6711 44443
14691 15650
30932 34275
21592 33779
2413 25115
3172 18751
21945 45194
6625 41666
34782 40796
11766 35083
14653 32512
22337 29210
21223 38793
20438 37520
1857 8803
28607 44089
24454 28118
33240 46899
23629 45940
2048 3675
12386 17980
241 5158
25038 37214
11785 12852
14541 19624
31204 33054
6816 7841
12815 17339
7089 46846
14296 21513
9722 23979
13035 42188
9690 41437
6859 11860
5657 36148
24543 46253
19442 37151
32775 34677
19364 40466
3292 5812
3837 7598
26550 40105
15257 17700
21792 38512
3087 13701
2772 46120
7349 37509
4929 17100
13225 23976
44201 44944
26200 39699
20300 26982
1938 24202
9390 17359
1418 30582
11639 44302
35688 37060
6097 37709
39727 45547
8998 9372
14427 38719
15974 23511
823 12622
11810 25875
26598 34460
18783 27665
10553 31208
33920 33960
6058 38885
2625 10206
3645 44530
18195 28434
29206 35857
20063 30802
9849 38410
7996 33132
43085 44631
14796 17998
11872 33519
19252 27362
395 41572
18953 45230
7533 9464
15028 41918
6211 14402
4992 40029
2794 14337
21502 26799
21790 46679
18573 23482
10102 30346
11539 17252
29361 46883
6260 19929
11788 17956
25213 32976
1426 27386
5836 26017
20344 20999
470 6818
13037 42718
13865 38965
20492 42562
30948 36177
17683 27296
12211 27858
10602 35772
13828 43247
1370 8014
25618 37576
23103 26729
25998 41015
17586 43578
17724 19376
10102 44467
7586 11518
37414 47211
3558 42036
7296 44933
37718 37796
19584 41259
36344 42544
23175 39787
5841 12374
1222 36789
28417 30812
387 32955
36269 46342
3033 38623
5544 20489
8303 31696
6241 6831
30986 41141
4753 37895
5419 31340
19587 33801
4332 43500
15986 24005
22524 33037
39033 46000
14513 44989
23519 31087
25898 42073
2066 9945
18298 43568
14406 46620
15122 29794
14198 24225
3174 27120
5250 7560
6041 43522
21522 25306
16036 36550
4473 44829
18248 32312
4446 21506
36465 42847
23922 42996
23944 29923
23737 43216
21919 27571
39924 44077
24771 32361
3327 45270
5964 8751
14045 26053
19958 34279
10371 30496
4683 17662
30291 42578
4248 8874
2136 27279
12042 46091
8855 46680
15926 19766
25371 42155
29251 33616
11586 30764
9546 41121
28145 39118
30247 47352
5713 15706
5724 40970
7394 11832
3616 36863
19903 34730
19942 45238
21229 41245
13752 24646
1434 33773
7591 9902
32719 33427
26550 38979
22034 27120
7392 20804
39874 41115
12235 29116
19061 19367
5327 19053
23905 26561
174 901
40927 44997
3149 25504
16246 30859
21994 26940
27095 40206
1497 19950
15142 39440
20264 42441
14020 36330
16081 34175
57 7671
16838 34154
9573 32155
2047 40015
10884 39136
6647 8942
6410 32384
18245 44980
34860 44598
6158 22714
2774 9203
10249 16115
25186 28738
25554 37270
1708 5244
27075 31229
21857 46425
15652 20829
14266 36894
29429 40438
40709 45834
17826 20271
25089 45020
24889 45898
28358 46715
18736 45567
23337 41514
16055 41598
16224 22159
44757 44988
8319 23018
1937 32249
2704 34636
9198 44305
7326 42949
481 12297
679 42083
31632 36272
11144 24672
7929 23213
3928 32923
8570 35287
24164 29026
23293 25535
29278 36081
21412 22373
15196 23945
6132 44258
17920 31933
8738 19945
32823 43659
18797 33145
28318 41758
23841 39461
1926 43363
27480 42379
22875 43280
17053 44217
23536 46180
4300 46808
23048 27932
17526 43683
33257 46745
11326 37844
6206 26056
31943 42684
9389 13647
18376 40820
32395 37331
17756 41866
1469 5338
19682 20827
1141 34519
21276 44311
11447 14577
10510 36130
7648 15376
19248 41661
27259 42918
37446 38560
18431 26355
27432 36430
24464 35629
22134 43029
6427 26001
39356 41339
3381 18901
3263 31677
28596 41082
12924 16723
98 28827
1145 4436
4758 9139
17967 35646
16543 37833
38547 43802
942 5770
7244 44316
17759 29466
24013 25153
2419 34331
26458 47312
44603 45139
9671 34755
8296 9130
6832 35862
31696 34431
8075 9131
32220 37060
42956 46530
7162 25416
9340 28010
1570 19460
347 4964
29862 30334
19775 44133
41642 42469
3081 22530
24335 26493
21571 40017
5373 47103
28002 46708
11664 26430
24914 27863
6406 23568
16608 41210
636 39217
6787 36469
24968 36959
20562 26204
20090 20732
21533 34248
33124 46484
4302 21300
16186 22269
28110 46426
1446 10160
1072 1813
28297 29256
28888 46693
4028 30338
8902 35489
4138 25780
3994 11506
24750 26304
7622 25377
21769 39601
12779 33068
23013 34972
17147 27501
29810 42952
9835 13413
402 36892
5412 39460
5460 9141
8812 45745
6782 43049
3864 41611
8634 23781
12524 27072
14101 36616
7768 14972
22958 33171
10727 18131
13872 24486
23522 39171
1025 46855
2177 20006
785 21539
32083 43312
38220 38414
39835 44086
2130 4884
11204 12054
23141 26647
11520 25122
1898 27946
2575 29851
16931 41997
34418 39824
13969 34568
24081 32345
8953 40099
16161 26480
33262 34659
17233 39302
6315 12822
9525 47091
1584 28136
23705 29964
4811 36745
20775 25291
26055 36048
1566 26776
1005 19569
279 15493
2685 33752
12643 14847
7505 11313
26585 32049
9976 38103
6163 41448
13325 21068
12261 20380
32396 34336
3218 41570
6215 45021
22977 29383
26576 37598
34542 44562
29511 40925
37888 41751
23279 33131
22873 26027
36334 42956
1022 10474
38204 41987
35532 35852
14355 41935
24718 28943
21165 35625
13600 23343
7079 14480
13570 31048
41239 47393
18507 38995
25267 39738
3527 4768
12741 28722
16898 26907
45319 45331
5108 32743
2825 21465
3783 29082
5837 36336
4605 36064
6834 12582
12547 22440
3674 17246
20789 47015
15401 17477
8035 10508
7354 30526
20053 34300
16488 35495
4848 40144
34227 34886
18470 26631
12080 18251
10532 23408
2444 6847
28922 39725
6900 16211
24278 40698
37430 37624
7658 21488
12377 30488
18445 42789
17012 24511
12221 46190
17025 40022
15102 26835
2279 45626
14079 42952
4466 31532
28624 45171
131 4213
27160 28334
17187 39037
16266 43353
581 9145
8030 27668
1561 15023
3478 5010
21972 24713
14255 18453
1836 16948
5504 17386
1836 10532
16145 16416
8435 16053
4469 12740
1135 42915
26854 41998
26489 37147
39986 47317
2979 31865
15027 47198
12666 14160
8358 42601
22367 33506
17828 32775
15669 16837
3477 16277
10246 35041
5786 44991
18719 40301
16319 32410
14832 24449
29405 35132
12285 40482
31853 37587
10333 15977
16989 30892
40796 41830
14587 35006
37043 37312
30647 45891
5553 27612
10357 22198
2496 8834
8144 17543
19498 46805
17415 42785
14483 33313
22308 31182
40562 44228
20012 25334
24657 41767
30226 42047
6802 34819
13526 33461
20578 41960
4556 37194
2445 36788
3533 46895
2212 42444
972 11729
15185 26041
38095 43601
14831 40038
29523 37581
16171 35117
28137 47230
9475 12667
36156 39488
6173 39347
27104 29825
8339 33044
27723 32314
23191 29556
2642 22376
16920 44253
27990 41703
1462 9270
6419 29173
32110 45456
7003 16392
18000 38469
1514 12843
2489 16657
15226 45798
26276 38462
28788 36206
16002 37159
4302 19503
13135 34720
14397 38776
2694 13275
2405 38247
12821 41885
25751 44094
7834 17609
21993 43174
23057 31784
8294 33809
4349 28367
25921 33925
23941 26620
11201 44914
8946 26824
4005 40608
9905 34077
21115 21738
4110 27038
35525 41260
9912 13556
26972 39454
26777 47092
16879 29861
37637 39070
3449 39572
7822 47181
17954 19761
5195 33649
8340 36032
23004 26831
4904 11219
31167 47141
14445 42738
8176 22045
13629 39146
40425 44040
3245 38237
466 2434
33675 35125
7901 27475
41764 45872
31995 33185
28059 44798
2688 31903
9892 20794
11986 22751
5669 32377
20958 28678
15335 26627
31060 42706
663 32934
2137 35183
5987 10028
7494 46160
24003 42908
19855 29001
3065 32011
7170 36422
819 36830
1951 8605
34647 39957
11212 24269
27648 34502
30416 41099
30008 34858
5856 45385
10566 16924
8362 20491
731 13039
3102 13584
9895 14275
30198 36675
18925 29252
2999 17778
17571 41068
11376 16914
16401 20736
11454 24152
9117 30573
15278 19653
4318 17645
2021 46096
16538 34216
15652 27973
18891 40571
12464 16094
16766 41021
8518 28709
10273 20620
23357 37791
24395 25180
18973 35685
33692 44473
20668 27545
11513 19255
3095 32361
9788 28684
530 6875
13857 24770
3082 37037
1620 14611
20811 44977
15611 23626
38170 41895
11737 35363
36795 43597
14499 17040
6285 11482
2327 35791
13944 42832
19079 19465
20325 40546
5112 24807
7851 24058
3590 41765
23693 46384
19091 21919
16522 27805
23399 24969
11551 17803
8815 14127
18375 38718
1231 5767
26857 45976
6499 40084
3264 3284
3286 44922
18943 45591
18714 45731
10715 43545
7011 26646
24977 32644
5646 43588
8885 19969
33769 34466
27740 38897
22231 28280
12482 21695
1836 37782
41655 43164
7852 45197
12787 32130
20104 40146
4715 5522
770 37987
23593 40087
28287 38477
9982 29815
4640 24596
38462 39020
11124 36775
24379 44968
36937 41155
18305 38514
1882 43792
19334 32765
32701 37227
13635 34856
7870 20112
20032 29131
24135 43295
4952 46001
16717 42552
6165 39807
546 15998
19866 26395
22121 38823
474 14432
7142 28418
35534 41940
6941 32077
29202 30532
5485 40987
12312 46924
15001 31506
7279 25656
11468 37874
5768 38077
7313 33376
8656 41558
21268 33844
2862 14742
14891 43419
8989 11408
23260 27388
19295 43925
4179 12843
4563 32431
1216 9942
13849 31378
12668 46155
36062 46566
623 6395
27146 34320
18918 34526
21740 25144
874 39225
284 31812
7937 33361
11318 27353
23449 37059
21984 31920
10823 45841
15508 42425
26847 28776
34539 35915
13412 42115
5352 10606
42902 45733
29217 35512
32006 32598
26304 31008
6551 8486
24769 34899
2828 33416
16718 33489
451 40970
32317 39815
4703 11099
8389 37026
5770 33935
21193 36652
18975 29933
5014 37564
5611 33124
5424 14050
9152 18703
19308 29584
21684 24057
37452 46434
13949 44575
15215 46875
12109 12175
11343 21532
18622 22840
6189 21437
5621 28335
30713 45979
25963 32004
4090 20856
24537 26039
2577 13926
20615 30380
11607 43455
24372 29355
34774 37259
15074 20225
24856 43697
14701 38144
13961 27000
40796 41456
6676 19461
7236 32859
26968 45644
12230 34924
23205 41936
5940 10910
27164 32000
6357 30446
18766 45758
35435 44673
15934 22372
37463 37682
8618 24380
30082 32125
184 9434
18105 24549
20216 21757
98 46843
27001 43498
21151 26172
11933 42635
2641 31630
33597 43086
8287 42710
11029 43168
15573 44997
19639 37402
7141 22018
7683 24287
16075 28619
12549 31240
40785 45969
12344 38944
18926 45050
7318 30955
9971 26460
7419 24591
690 10329
25752 45100
19805 22014
14885 29697
22744 40736
17433 27660
18281 33419
20168 44697
9583 35396
28552 40840
3216 45659
25979 44510
6967 42402
8677 32850
4834 15607
21867 27816
36912 45634
22200 32163
21506 43086
16198 47277
14580 21894
4754 8673
12726 29223
21990 42152
25853 27782
17350 27783
34632 46146
18430 30859
3834 36030
20366 21650
6208 11209
2851 8943
16288 19062
24369 28228
9155 35484
2722 18332
35947 41168
20124 47377
25421 26812
6958 46611
16093 27639
22646 35259
8923 24746
2868 34372
4658 45717
13274 13348
15985 25827
2876 16705
103 32395
15499 18205
29232 33378
1345 27693
39422 45533
2367 20211
3389 17455
542 1705
16393 44496
36895 45414
6932 32716
22972 40505
2974 35148
8471 33108
29730 31753
33591 43159
10957 20744
21897 42287
10120 37805
2253 41400
4830 8802
4585 21803
13459 36267
14910 23071
34511 41789
10201 31728
24621 28583
20081 46875
33481 41651
6962 22513
37028 38372
1855 23984
14112 23441
6123 36495
33136 35008
737 43247
17545 43260
2334 17014
15769 18200
25527 45250
5524 34631
11844 29440
23302 37360
18555 37646
1106 6311
9461 36425
10186 21405
6311 27282
8965 32811
15992 25038
4990 31664
14011 26176
25107 25601
32224 39413
23931 30364
10008 27145
31590 41527
1966 5075
18218 23889
11263 24368
15106 46529
12840 34666
8965 37133
18660 46865
4782 35283
84 39403
2964 4362
19931 34233
26319 45950
27047 27441
17221 18946
39069 46279
18369 30070
29070 45181
15688 26101
33060 34558
37163 44558
5199 17262
17718 45766
8312 37103
11171 45316
2004 35703
22536 24220
16483 16923
10909 37402
7155 31528
21262 30138
766 19586
15122 17934
1362 26787
10179 14144
6358 16093
18714 36497
32308 34522
15527 32922
36858 37105
29314 41353
5334 17463
3145 18652
30384 33161
11969 24893
3854 35556
20592 29912
1740 25807
21565 43479
11462 29226
18094 34695
24080 34354
6314 45191
34765 46488
10062 44080
2409 36115
22629 35657
29449 36451
4365 27750
6234 10149
29973 39834
15114 39145
13807 20040
5807 31215
39128 47343
15228 33016
36774 37353
2576 30751
16652 27042
27952 38540
11493 20187
2874 30593
25492 27565
28339 36707
1642 2213
15956 25999
8515 9057
1836 21677
1604 5112
24238 46186
13734 25927
12461 22456
21476 32429
15446 39079
26743 40480
31705 42068
19624 21337
6470 30754
13677 25578
8248 10002
22420 45416
18031 34830
13733 30024
27738 28357
10227 34051
11206 29905
28320 33408
14881 20210
1281 43281
4515 12902
26694 31704
6944 15869
5757 8200
7569 38552
20031 27861
4498 12706
11647 12278
15195 40907
8083 46128
10504 29232
17221 25175
30629 40780
9282 20788
26969 27371
16460 18846
10935 25254
21753 36978
37269 37442
19483 42931
14703 43077
10524 12299
8911 9891
11413 39000
7073 7365
8189 22738
21160 21538
17156 31731
14312 26832
6602 17579
13577 26612
37208 37324
14164 42395
36015 45116
25585 39136
17447 23020
814 25455
22701 22915
4751 46497
14939 36914
2319 20601
8017 27707
9062 46812
12142 35214
22901 25420
23837 26862
19520 25978
8398 21922
20257 35104
70 22678
15993 41960
14615 26587
30184 41961
14710 15335
32269 42112
22319 37523
7487 44107
1503 1706
32692 36553
2556 31252
30617 32394
2695 5023
17583 42105
20761 30850
10300 30475
15711 27163
30294 38534
2697 17901
16745 19314
28110 41787
3810 30724
16483 41945
14622 16804
4219 19817
5060 20433
2758 42124
1605 4992
29590 42511
5157 10917
23692 30621
30673 45104
12752 38125
6533 10379
36249 45831
4897 34375
8076 11267
20120 29864
16976 36751
12303 26406
30040 33298
2689 46841
4072 7847
2054 42129
30843 33622
28980 33318
1721 21540
35885 45527
42320 46510
20573 20949
10287 26991
31843 46568
22157 25810
1017 40820
14980 17774
18866 39817
15771 27163
23250 37227
11229 19553
3882 35457
26566 30043
6963 46715
15530 25007
12239 13939
3036 42576
18436 22678
16331 32640
14050 19745
9014 11792
6893 34053
18450 28211
4587 36377
23855 35472
3460 13483
3582 4024
21707 27802
3536 22338
25827 34965
18471 41516
16541 30356
638 26248
39735 46921
10568 12465
2673 27598
1477 30955
26430 40893
20467 23690
17795 21719
22299 26401
32702 46019
33120 45778
2371 44414
4057 9393
3429 43567
11978 20556
22812 32813
20564 40969
2838 46509
1499 12405
36444 47345
43234 43766
642 9751
9059 12450
9812 23799
20081 46635
2926 30299
24243 41192
31857 32987
3903 26080
1347 42751
20706 24995
6724 27585
8185 21493
38677 44334
22281 44265
15679 44862
9115 34609
3184 39575
19487 27587
25323 25767
7952 31498
2000 31423
4498 27579
14120 37964
19204 41235
4352 24721
15823 20825
13564 14859
1328 30966
8370 32361
16087 25035
14508 45401
2743 36018
26303 35967
40597 43263
575 35832
22030 28939
27697 40896
35102 44595
2323 11488
18129 34157
38438 41850
38107 42245
31178 41693
22973 30771
19822 34989
13442 33713
25068 29920
16741 17315
16231 24383
12463 22775
23360 45934
12444 16117
11588 28210
27064 36415
2069 7592
12341 41279
18742 22464
28665 40691
1579 20762
397 19853
8508 15864
26654 29377
10228 17580
3365 5570
3869 10765
35592 35720
1345 19777
294 19351
7992 11783
22184 38050
11637 25069
22400 34642
12368 17411
10314 45620
16300 44525
993 5739
22137 45559
1615 18325
17359 46532
13939 22976
28584 28809
5880 18295
3974 42430
13928 28479
8888 30206
2216 14758
25514 39782
950 22257
2738 10144
11896 15507
2192 45848
14458 40695
811 34930
24802 31625
33518 36835
4242 30702
423 18017
12167 30495
15999 16812
3595 24475
1873 44755
39617 45224
9433 39697
1072 15430
26136 43858
19575 29180
24552 39936
16489 33793
18555 40118
17924 22316
15068 21756
32952 41685
5779 41759
10194 40734
30141 32762
8032 18863
8750 37573
15292 23901
9813 30654
10776 43533
4328 24595
25179 40973
20797 27394
831 32872
29566 37900
8427 37859
14504 28746
3160 35635
34842 44751
1139 15497
20047 27081
21622 42968
8808 23406
26259 34408
42024 46688
32614 37317
1583 7028
223 24506
20548 21590
15772 16782
1162 23967
29686 42516
25535 31344
17968 22399
26713 34763
30436 39072
36398 45470
10452 41500
5735 20495
15214 41714
161 27950
8836 28995
26179 31796
33362 37368
11730 45500
10642 23315
26777 30210
8316 15373
35775 40768
1012 11726
12281 23911
5451 15259
4076 19405
2656 23054
33693 35630
3945 14226
7961 41977
11343 14502
21590 23027
19403 22791
21751 34464
26262 46733
24690 28111
24884 37776
11365 36892
33388 38185
24714 47164
31117 37312
20868 23796
14369 25272
4885 25586
7291 31013
382 15652
19453 41752
3173 32032
3610 19201
45400 46886
27697 37326
166 24106
5887 12914
20842 43112
8491 24772
8141 29089
8806 44755
12435 42821
25778 30647
17810 27020
21208 37985
19142 25244
20420 42076
23072 25867
19944 22899
4629 26131
22485 23855
34762 35830
3339 42658
2377 12476
4180 43274
18990 20127
3049 9119
24395 32084
39723 43609
25198 42796
2050 19406
30274 35064
28006 39370
13546 38952
29203 46037
19721 40762
13322 33582
27382 36510
1098 42344
41614 46900
22112 28161
2854 3366
6508 41089
45172 45665
20885 26728
20206 46819
14062 37906
18728 34248
31885 46070
16404 16553
1324 33423
2591 24082
23915 35954
26865 45975
6719 38276
32980 34902
4710 19653
5452 13874
24157 25099
3108 15152
42795 45490
2416 13878
469 34040
22126 22932
17315 27175
29868 35850
20596 26975
42806 45090
22564 30513
13758 26541
512 6568
8055 40002
32375 33223
3152 13919
1953 7179
10778 31550
2285 41129
4854 28827
24594 34148
10867 28589
8490 36143
6303 46295
19931 34290
4772 8988
3743 18120
678 32470
9399 25000
18312 45808
12158 36207
5035 35412
13161 26793
1150 13217
5253 30387
32794 35435
21787 24913
11400 23733
32093 32355
30575 42077
9748 24595
895 35329
16167 16185
28230 30860
23624 28153
40316 43267
30353 31303
25349 40601
27193 44827
17267 38380
9400 29897
21908 43525
24236 42680
12877 41155
20566 44613
20561 31437
32031 36930
1405 29550
24357 38476
10824 11091
29274 45017
22873 44584
28823 29280
18981 41220
39390 46111
7190 26452
10345 37659
7152 23716
2358 28128
3390 31722
15448 21170
3325 18495
522 8679
7045 36836
5553 41363
13743 36701
816 4430
34032 35848
1303 31875
12982 43958
2374 14486
17068 31323
8057 45635
11079 24041
13496 31347
24303 30669
27117 37611
11887 20013
9307 35344
5591 19374
30830 46113
9621 30781
3702 44617
34249 44534
2828 3702
11369 35484
11584 13946
26184 31148
10890 35257
5661 33325
22500 34903
4923 16592
6683 17737
7295 20745
5536 5680
16369 37714
3758 16791
399 19552
7454 34738
31925 47376
26744 40008
6986 17142
24705 41922
25631 38704
36250 41173
38197 43642
2392 36891
19544 43130
13496 46757
36493 43560
8107 9669
672 15927
6019 21490
37224 42318
30660 39235
2291 4005
29906 40493
2259 5221
32644 44215
19950 42505
39794 40979
4773 44890
3789 40024
8936 17980
3940 45855
15224 32499
7008 31776
5912 29887
11918 41310
2492 12747
11081 15738
31620 39169
22250 26753
27963 43027
31979 36069
20923 31347
8569 10989
11748 33170
19346 24432
9571 27014
36838 43571
22046 44858
23951 39746
19736 45528
39662 46313
9906 41233
30321 33137
7884 47288
21092 21892
37863 43715
1323 35054
11728 17592
26267 43186
28089 46899
7130 22882
19412 43337
7879 36741
31645 35792
3321 33516
11188 12925
29872 44241
32747 36183
16154 25212
9447 30711
23244 30593
32027 37025
960 44986
13759 46712
8801 27338
23991 28541
17437 34282
7626 33235
2228 13589
4222 10212
21573 33842
22452 34942
1996 5884
14128 29024
9500 13726
3622 21736
20106 33703
6024 7042
5354 18359
8014 19007
18550 30109
15128 22722
39425 39903
5911 17718
16468 24971
8772 20342
23793 47400
14995 23132
5764 15978
11034 21883
26971 30483
12977 38166
18911 40853
462 10535
4982 42515
9036 35849
20438 32348
9584 41316
19906 38903
24434 44171
32746 38186
32562 33935
44538 45982
24532 29430
13744 26940
2045 6311
2796 20997
3607 42904
23393 42154
29460 31599
15174 28328
31758 35049
5612 31957
14611 21048
29572 41639
376 29608
6184 42736
9560 29968
8026 8228
33325 43878
12311 13738
4308 31058
16980 26593
3628 37715
12844 18173
26198 36925
8093 12833
198 42518
18390 18469
7431 36311
14606 33886
18059 34170
4474 14731
17785 35099
9399 31713
2181 2765
107 7876
4036 20921
6999 10990
26078 38671
3207 25011
4681 29704
8639 16160
1177 3067
6304 7166
23030 24328
3912 38763
1140 3185
32429 35984
2283 36411
6936 17242
9484 40280
39424 41505
15483 16789
7206 31066
18304 24710
3888 40806
26984 46478
23218 35117
14500 37408
41973 45705
14678 31264
21107 46954
6436 43872
1691 30241
8472 25445
1967 43880
15838 22965
36902 46052
19843 36594
6354 24033
7725 27093
12055 34820
14053 19319
32655 40245
24216 31371
26698 46242
11811 16932
17630 37574
20985 26935
28269 47111
15302 27307
30229 38488
33714 47355
4907 23765
19514 29306
5059 37368
5978 16175
16293 44082
41905 42514
1191 37973
19187 33233
20195 29825
5968 11673
7837 42559
1719 34867
3231 14188
14309 33221
7661 22331
13391 13699
9870 20828
19210 23953
28693 46634
570 27840
13015 24150
17234 46568
30653 32726
22361 35391
17327 20903
4132 24095
1230 45791
17726 25338
6493 44109
12734 31455
12490 18263
27455 34654
4367 24901
14383 41629
2767 43666
13899 36332
32421 33917
15854 20949
34664 44076
2491 4363
11805 19099
25285 29854
2277 3091
3608 5786
3358 18443
7815 41241
3503 39735
27027 29639
19162 31617
9348 24637
36689 36979
26484 40731
22912 33585
4506 10319
29872 31006
4808 21237
9472 33748
23166 32943
1949 37907
1607 12314
3569 20733
9820 44230
15593 22648
31702 39656
13903 23218
41436 46118
24163 40838
35992 43066
12782 25968
6569 20668
16505 33495
10158 22533
7710 12908
15003 16366
2699 31615
19409 24677
10671 41777
25814 35809
2527 11883
32049 37670
3758 8712
36857 38791
33266 41017
5272 5664
37959 39182
956 42131
9835 19032
1812 45499
4720 6090
2144 41542
27292 33454
65 42337
27656 36360
7383 28886
1591 30978
17996 43618
3418 19759
9988 39626
22224 42178
6066 43967
22226 40561
34163 40602
33507 45401
20742 38533
4316 24292
22965 34484
13652 43513
21455 41623
215 31142
6297 32761
2517 19250
36848 39213
10882 18561
9361 18186
1328 42245
28539 36047
20387 24197
40219 45322
25100 43016
11290 46844
17739 36391
1321 4298
33576 38159
24056 36564
3541 32940
5568 16871
6827 17246
6708 30386
7996 26029
10326 16185
8992 31686
7795 15193
17284 43516
16177 17117
12877 15385
10845 45797
6172 41868
18854 46227
52 31097
24469 46882
25438 37884
23540 37559
11544 40321
7550 41376
7463 17056
6769 27979
17079 26495
4841 14448
18973 29330
21281 47054
26443 34178
3330 5901
12252 22099
15789 29436
1819 41677
22182 39053
16299 38583
7075 36572
19178 23319
16837 31284
13451 19390
6424 22467
19132 28801
40325 44539
18362 19885
23776 37812
2795 41555
20373 27257
9371 33129
28548 41720
18254 37321
6303 35130
26881 32660
2330 37062
31266 46510
13702 18635
27388 42290
27038 46607
14781 41488
8412 10765
33545 34634
43004 45587
6032 12386
2740 23347
22946 29599
13071 31011
17558 39688
38244 43167
34371 40045
29889 36650
16081 36387
33957 44377
14073 21372
9994 19148
20784 35994
19979 32591
15192 25150
23466 25289
26297 45040
17286 39350
22004 27746
26223 26809
28427 31378
5588 24581
33232 37678
2885 16881
174 46281
29123 35777
14519 27501
20381 24650
16046 42408
12368 20314
27255 40956
17885 34956
16194 18894
41991 46907
8219 10878
24262 41596
23837 40666
23594 40908
37047 45144
17037 30136
5343 17021
5171 7115
5920 20974
21664 37103
3602 17811
1648 5311
11873 45568
66 13328
499 10177
12769 30807
18449 26030
27077 31393
3789 37824
30296 33725
7732 39433
25920 44312
15605 45452
1848 29693
31680 45880
6847 40962
11373 18076
2289 26403
6095 26051
20238 31488
31791 36262
17252 39715
17127 21519
16746 36911
34397 37613
39870 39905
25909 41120
4704 9692
10281 31555
22144 32613
19463 41476
9446 31693
13121 30858
443 33034
20090 41574
17225 35044
8989 16141
7921 37211
30094 37539
15150 27852
2330 26003
17879 28859
16282 20538
96 20279
23433 37152
1380 46570
1089 28836
41399 47287
19423 45029
139 7524
6222 24829
2594 8706
1969 15070
31625 46307
11428 22805
16851 23290
2637 25557
8908 26109
17340 37976
31196 32803
18174 43837
45231 46786
10864 21716
12142 28749
3637 24705
7275 38510
39288 43067
24 20002
40420 42169
7453 18625
33914 45672
4836 41244
11636 36690
19153 30242
5993 12295
7126 38417
20816 42566
2516 2757
8716 17429
31344 36057
14850 37897
18035 34229
8423 44911
3892 16714
3781 40295
21886 34559
13056 30193
8084 23753
30877 46390
1423 27153
33740 34565
28197 33197
3058 19147
14876 28356
14409 35306
4329 6515
12248 12879
20864 29559
7683 21315
16585 24995
2805 17920
23367 23807
19853 31915
43598 46139
7845 33162
15293 27863
24379 34104
11003 37470
21954 34262
17517 20252
18323 30673
23622 41480
4611 41260
32892 43866
5130 14498
24389 31035
7972 41955
5864 14493
1545 11062
5557 19446
22623 23659
11009 27277
4108 18193
14387 42471
7691 30601
37621 41661
7615 21157
26816 34306
31867 36875
13546 38822
18568 38209
675 9866
6096 11968
33477 44088
38267 42186
13311 26123
12495 18367
16392 24549
43199 45817
22297 22334
18279 24493
21548 22970
15896 20181
21053 45622
10173 17714
33451 43806
5874 32685
779 37923
29247 45051
33388 38539
382 44114
5401 39820
8332 23026
5684 13313
10774 27918
21181 32194
9313 21178
13745 23732
8436 33148
22245 42681
10935 33878
31042 45786
2109 31883
28869 30704
30238 31439
16119 24144
11224 28504
6222 25797
20003 46114
9086 32102
28711 34467
6221 31988
2429 23378
26432 30478
4569 15854
17870 39698
19756 23956
5089 40995
3044 21961
18739 23114
6274 32753
10698 27118
5912 6508
10314 26189
39379 41709
5461 46236
27037 43834
22393 40835
18967 45380
4372 22106
38870 45215
2228 26478
43488 46993
30570 41603
11347 15863
31659 35905
1137 18517
23613 45419
4913 21706
4734 13827
39523 41838
19914 27174
19615 42568
2549 36103
873 34659
2504 34640
44179 44817
501 19215
25638 42294
6611 10050
18778 33965
2592 46538
14165 23671
14706 35329
17889 38004
29979 38287
16078 41997
4660 11030
23757 38351
7578 45679
7479 29458
36712 38146
16664 37398
17829 31722
12058 28275
21524 40399
1045 17773
5153 24899
24208 29363
1267 3822
19559 19604
11951 42149
12619 30005
14983 25407
8995 29839
5923 9275
4080 40148
15037 25643
3199 31997
3498 32064
4611 36751
3502 17661
23924 43725
3684 18833
18627 24131
8249 46614
38662 39169
10605 30821
2739 12949
17956 44837
17199 42414
20965 47359
19475 42133
19076 32036
4231 22385
9731 31196
36601 38291
7054 24717
31425 38437
1275 3659
19459 24634
12934 22445
40610 46377
7885 23864
14135 35647
7330 37605
18692 39401
6071 44555
2396 8237
25689 41777
14127 30279
28771 30814
13950 18339
5645 40956
3425 40580
1338 3607
4149 35915
10870 13318
14021 30233
2625 47320
14094 45041
21654 37731
16494 38410
16486 16827
6087 17330
13132 31074
36364 44713
26748 32830
9987 10197
18918 30830
25851 42081
1866 45174
8748 8939
6746 33366
9614 30745
15820 21288
4900 13983
18742 46819
864 30088
17901 33371
1759 25305
6730 11141
3284 9584
17300 33905
13394 38779
4011 4436
9060 17512
7310 23501
7848 30724
33978 41981
35251 38282
25086 31819
18648 22459
36133 42871
34846 38004
23273 43875
912 45970
7140 36272
7335 15802
58 22646
29261 29994
36318 46007
3937 44272
10736 13452
21566 38799
12911 37440
5652 39228
3285 20897
8290 23121
34867 45647
12916 35340
5928 9298
2666 32933
3844 32380
598 9943
27640 43159
35246 44862
2403 27046
23226 40622
12826 18269
43045 46236
14594 38523
10966 11820
35221 44051
14538 45007
3148 30583
133 40324
4549 21996
15441 24809
16483 23429
19938 28512
30764 42571
8223 39403
5056 18013
34937 44642
19986 20043
30524 31218
23257 37060
1901 43400
2037 14399
14605 38658
13831 22268
12994 41773
38214 45639
675 35022
1915 3856
2247 34396
4744 16556
10541 12556
17411 26299
5942 43073
15606 47076
32256 45749
12499 32153
26812 43663
20687 24412
6254 32233
12856 25974
23413 37199
9518 23196
14962 16422
12835 16237
5618 34466
29795 44937
1804 9101
2357 25492
15557 27562
36007 42842
10661 11318
1117 5919
12255 21031
3053 27447
38749 41610
19231 28754
17168 30082
2664 26174
6238 11701
15914 23635
13941 15057
10481 25845
26766 27803
8741 30078
12145 13696
40954 46000
15555 37473
9506 18998
12716 28946
11559 41865
33327 46803
2704 12367
18007 45527
33057 36362
14939 40358
2312 25318
31707 39252
13445 24810
29129 40134
12636 16535
5097 38685
4879 24462
8253 23699
12440 28674
21156 36136
23844 26000
37334 38197
25371 34491
11627 33489
10076 43071
1191 5063
535 1726
156 15693
34693 44392
14625 23552
39619 44071
38184 38552
1804 40726
44178 44488
337 17202
23810 33936
10274 33637
7798 28380
11113 29454
8813 20481
20139 33200
2889 9622
12194 45772
16520 33378
21367 32010
10024 13460
664 8148
1283 21217
3808 30308
21124 26590
37998 42684
15776 27218
24027 42457
12739 17198
15859 41216
21885 24244
6193 10722
19422 46741
12056 26940
12015 45598
33526 42801
6610 24781
25835 38516
13134 26745
18510 44380
1969 25463
27029 32080
1892 12973
27328 30427
22464 33346
17134 26609
18244 25952
15066 27593
45863 46344
26892 40827
14098 33029
20663 46136
2389 33377
15775 31665
1858 7323
31084 41450
2792 44347
32325 36523
2010 44311
13591 38301
2004 4115
21634 44731
31462 34613
235 39101
4485 29903
20845 37108
3595 23918
3257 33722
1773 17953
7651 38236
16384 46833
27440 32307
23052 38161
7390 30732
27582 37086
31162 45813
31861 43370
7158 39242
17075 41439
28701 35202
27515 36803
2146 45646
32198 43140
13960 32290
39960 45356
5668 32703
22963 30360
20053 35199
31980 40968
32248 44166
5600 27092
28580 31650
37710 43825
16074 36562
13129 20469
146 10520
4553 33955
5916 27328
14333 22857
23749 29764
43022 44479
19569 38011
23994 41838
3802 29068
21914 30919
19478 27535
18661 45972
21706 46431
25284 33420
18900 44268
1082 2513
6748 27077
20051 34752
19067 20996
15942 32851
1540 2802
10406 35872
34201 46241
31511 46882
14051 23494
19682 29378
6278 29198
3175 4595
8503 12922
29226 46296
2620 20588
9478 18456
15708 26389
1082 41709
30340 40096
14056 28160
37925 38478
9686 21788
18699 31688
12590 12970
490 23488
6983 27859
15558 34150
8895 44829
16082 41475
4177 19280
9623 37654
21013 41498
17126 38478
17878 37359
1911 42880
22456 42182
21008 38121
10724 34410
21337 24067
3206 47049
10407 32259
7885 16269
9415 38829
24874 41203
18904 29245
19026 26956
30064 46590
3276 14984
14875 31245
15072 46311
979 24187
1515 6262
17111 25149
5201 23521
10512 16595
14132 15861
38681 43843
3471 6942
33703 45694
9974 19171
9293 38435
4402 22535
12332 19454
13096 17406
16961 39326
21155 45472
12341 34469
9637 10891
4008 11469
16232 18922
19358 25227
24240 41573
11496 36336
18342 36099
24615 38252
5447 44464
12015 21625
12342 19768
25481 36646
24887 35907
30088 35791
32762 40309
1774 38929
32541 41064
25834 45809
1005 24603
8239 34836
16746 17049
3979 20688
17138 22757
23285 35351
2224 26333
34179 45407
4565 26447
24160 38961
20900 30212
24511 31836
4435 30538
33674 43959
27724 38295
3102 46429
21746 45135
26961 40753
4134 5700
406 30286
12657 19937
38380 40831
16366 24348
30369 41294
4420 20057
44769 47296
1179 30209
5773 24231
30639 38122
17638 41365
1664 45715
3064 12552
26991 32674
5585 34733
4631 10828
14847 15536
4517 42971
8200 21086
23302 39438
4095 14231
28203 28507
3657 22865
23235 25384
68 17058
18204 21747
19650 45360
38836 42925
16256 16609
467 3743
11287 42897
12488 37632
12246 22823
16736 34215
15098 36473
21273 27703
2276 27381
23919 26955
19664 22785
32815 45904
13636 36678
21076 24156
21407 44672
15912 33953
4342 8042
10955 26293
32243 38508
18265 33892
5062 46046
8701 40858
19050 25716
35484 41538
33567 38719
28797 37301
15401 31155
20895 30352
470 18512
6153 24586
40283 43327
7668 33252
30730 44036
7699 22739
12686 38155
39783 41469
3111 22301
9563 29115
27802 43573
26414 29764
30428 32559
18982 43867
30491 42707
9675 33493
22028 32658
2849 28158
2570 28743
12007 39937
36759 38265
517 24343
5627 32999
26141 39404
781 30805
8807 37066
30252 44761
14846 38049
10019 25574
2323 16973
5233 36263
10917 13892
8360 10713
10432 39484
15849 19213
10218 45382
3990 35832
4895 38153
8384 37902
7970 9215
8838 30902
11001 25082
13813 44029
302 30955
26621 46807
16762 35920
25022 46549
1293 16054
18102 38169
25234 31910
16548 45790
10633 33731
26639 34554
1328 28880
2494 43808
32836 42539
14215 26289
33911 45271
43092 44956
20707 46465
9878 24938
23438 40348
28214 38548
22583 27002
40129 42994
38793 41618
7429 28647
3289 38013
2137 9397
15159 23246
9198 38361
13075 23697
34103 40903
6595 29387
1611 7072
5620 11775
31728 43622
35152 35806
3572 40930
6397 43897
24950 30407
21569 29245
9425 29665
18454 41788
2488 14700
253 19708
8702 29270
7615 22771
33268 38762
15050 43840
29966 38647
9658 28146
5395 9563
7856 38109
13555 25438
10617 13734
6746 36322
40347 42641
3396 38610
10013 36601
15490 27523
22879 25027
25195 41326
14494 15635
13664 25731
25389 35715
35287 44086
11477 16635
30160 34325
36710 41674
14795 24608
12920 19571
20061 46609
296 18600
2488 16928
40401 46445
28428 33915
13084 28081
22103 29128
20167 36647
4099 11534
1829 21429
8410 24681
23834 47248
32605 44029
32323 34517
5533 12664
21582 47334
42721 44931
1220 2073
10363 46755
26635 29038
20073 30754
11903 44928
29461 45439
16327 22489
5682 19553
21702 24246
11355 34708
10923 43187
1677 32527
8433 42196
7154 46050
22305 43383
8195 21844
16850 44114
7294 46060
6084 43103
20599 36812
2312 6098
2805 5442
607 19377
11732 17288
6818 17434
16410 19117
14243 21785
2148 46233
12328 47120
3256 31917
15045 35470
6850 33372
3521 5770
21466 21471
17930 23404
30194 34420
4860 33458
15194 19728
28383 42385
10117 40067
7965 30026
1042 10795
332 37989
20556 22189
539 18842
3273 13023
27477 34177
19865 36601
17919 34542
13016 23735
3193 12505
4821 33880
11937 40674
6881 26427
14007 33909
29449 33670
18666 39660
8675 28846
930 40540
4007 18845
5173 29609
10073 17487
995 29823
3975 4031
1293 19839
8076 21505
3173 4282
821 39442
7511 28112
17573 22362
26432 38992
22279 32066
12868 23813
19990 40221
26430 41548
6009 24754
10514 13823
21070 21605
36145 39854
16015 17382
12259 27088
3552 8600
7089 15937
28667 45661
25352 30789
3097 8959
3422 12691
13756 43092
16506 33834
7346 14058
280 38872
6914 16121
33933 35582
20449 23365
6189 21315
12869 34372
11846 18998
20861 36141
9170 16127
5520 27572
32978 36527
1349 31209
6595 23134
9167 21491
2377 35815
26074 31309
4673 32022
6270 26757
26020 26350
22576 46531
11108 13757
4056 44131
4161 33567
5393 23451
32212 37374
7789 21774
32798 43133
21244 36414
6118 11060
17706 41684
11392 30670
2431 29039
7404 14012
1148 46737
2071 26252
22719 47374
2969 30785
9161 19932
41907 44231
261 32540
23416 43515
13530 30051
2339 33772
42230 45638
7537 27723
1828 16294
16263 18345
527 10967
21176 40982
3087 14417
18260 29037
5854 39071
11619 36287
22644 38690
4933 22661
5866 10034
23022 42056
40691 45781
7722 24628
25941 28820
41750 43092
4909 6210
15589 24416
11598 46148
266 41528
26689 36792
6180 30731
3214 11317
16562 47028
12416 36200
2766 16819
6128 39616
32659 36857
18078 19705
1629 16592
830 25247
6423 37255
39874 44596
21186 26370
30213 33694
436 17214
25681 31690
27551 40355
15909 35509
8959 40496
17770 39150
31486 41322
17671 44806
7489 17428
20597 39157
3364 31798
6938 23741
35825 47068
10368 28737
9940 21874
33115 44613
113 24266
19457 30553
13203 14864
13142 30426
32544 40825
17603 37882
23718 29061
3538 40437
6853 31897
8356 10755
321 43813
702 15397
19975 38248
8199 46234
8496 12455
6298 15810
23365 36463
34263 35149
10040 11501
31325 37940
1478 3725
6729 45043
4382 42640
9113 12050
13452 39488
11824 40744
22700 31535
36951 42167
28864 37128
36594 41341
22310 42869
15745 24100
27332 41290
20814 42524
10223 22855
13078 15865
6619 7880
16868 25368
25865 46813
32555 36237
7580 37837
2407 5477
19334 40645
4269 31220
7915 35871
15781 30331
14829 42716
12931 45801
15189 30419
21658 43064
29429 40670
13783 23386
42140 44269
33317 40882
38165 42368
31625 39871
11054 46703
14452 47280
18453 34372
3799 26733
33675 35113
26938 41147
13494 17217
16884 31482
32568 46806
17474 33233
6986 10279
46816 47341
8435 40579
12894 18915
1287 16534
23530 26461
3082 5400
7179 30861
36139 44867
19510 30267
11819 23730
9486 17061
15124 27334
34202 44025
32595 46350
42612 45553
5575 42502
12889 44585
10601 32963
5655 46403
43781 47166
11737 38600
16075 25277
14402 37902
6692 32813
892 28436
11842 12760
35944 42497
18264 23307
17594 34624
1939 22704
2272 33652
11294 35936
32928 35956
22207 36408
18511 40338
20770 40642
16541 28059
3986 33109
20245 22512
35120 44837
11696 43271
1915 35485
22684 46546
17194 46559
23672 37790
4991 16571
3158 24969
6325 33527
18567 27788
14383 24804
12690 16775
8184 46729
38334 41348
18833 25463
4080 39510
5871 6003
22465 23992
27817 29707
29501 35930
3695 6865
10689 15948
24239 32360
560 31773
18758 42258
10051 17354
28756 32551
11204 35238
25485 31749
20509 30263
3766 22731
33538 38867
3183 18209
17110 34379
6777 9084
23276 43051
39535 46040
7050 20762
18498 31192
13457 45526
2597 18270
32546 42404
34390 46438
27156 45250
6582 28214
5847 32720
16272 31186
10147 11935
785 20348
14039 44346
2721 46794
5479 30981
29410 35761
5736 46852
12300 37103
5825 45389
24504 31072
27790 38598
23013 36009
3625 45665
14427 40671
8611 10686
20366 44456
15129 27357
38122 46672
25493 41385
22826 45982
8607 44687
14209 42663
14082 30056
1431 18594
566 10976
9290 42650
998 45315
32237 34428
12367 14539
30263 36737
10277 19871
6538 23165
9618 14573
3726 33265
5015 13103
11769 39695
8839 47265
1257 29152
1168 46076
24871 44613
9355 39453
455 18850
16675 46986
5299 26044
39178 41002
1511 2092
12832 14467
11679 12044
14919 46744
29780 30510
12119 12316
8651 35321
27023 36345
3163 44240
43507 46060
5587 46863
2885 16942
17407 47285
3836 24334
1255 23979
29884 42352
16861 41864
15771 43927
7794 14173
13998 41796
14620 16475
31716 42030
4316 29293
8126 47342
18910 30465
9991 38859
1337 29831
22133 35922
25393 38255
7268 35418
19740 31831
10298 24265
7869 37513
9725 23814
26005 31090
29700 42019
8542 41928
15186 18175
24555 28646
961 21007
5824 45247
35194 38183
26902 47264
22770 36334
41496 42020
14364 32481
41372 46865
5586 33940
1683 41529
8273 39417
5058 22709
26986 30346
7417 45094
7339 46157
1754 3273
38140 42958
7091 26615
19205 33900
18001 26816
18365 36892
7144 19271
25340 35345
12801 24124
17716 40418
15607 36086
9625 35610
2897 43450
16058 27098
10972 45631
2881 21225
15146 42265
33527 42089
9884 37941
3219 14804
28395 37057
21736 43536
35221 45775
10537 21732
13928 26800
11466 18031
22589 32111
8115 35959
3080 43692
6305 12069
25631 32272
14079 36768
9564 34179
21167 32654
8431 31442
22018 38122
6286 19374
19055 37473
2079 12966
2113 18212
18490 42390
15140 34125
3878 6115
7260 7687
3637 30377
35625 39011
33118 38605
7815 36956
33541 37018
29182 43802
760 3084
41749 45959
36341 45782
2363 8187
21305 37849
23939 37276
28249 34737
34456 40966
8761 27947
482 14070
16973 24764
20525 44275
685 41756
14397 18337
17505 47256
21202 46180
18950 38187
14677 18916
32836 36798
32664 34062
566 45447
2235 4595
2944 17335
32903 46129
6477 34352
30611 43433
2735 21133
24124 43980
12431 40135
26791 36939
11925 38277
42950 45174
2701 31348
483 31799
31164 38886
15954 24384
10593 40992
30706 47053
30106 43116
14894 47035
26685 40835
12933 29392
9291 14125
22709 30418
8635 18924
11679 14085
14921 32616
20738 21886
2925 7270
6018 44926
38339 43412
11259 26681
926 5550
18714 29935
12506 32149
24852 37313
11045 22965
500 4395
2876 5284
36061 37581
10500 37394
13032 41240
35272 42790
14364 25878
10802 33760
24759 35055
9621 35705
39483 41935
21616 24639
5120 19990
15922 45733
2981 14318
6321 43772
2137 12650
24424 43817
21041 46746
32127 38313
17352 41267
9368 10534
9069 30654
13989 47292
29710 43250
13733 30333
2600 40640
10857 41172
32867 35844
26685 37936
23264 46989
16902 34241
15348 37890
19416 19788
1780 15422
3756 28435
2566 9915
1911 37570
35921 44875
17926 37193
4614 28466
20105 43395
9490 19922
4569 5311
4848 40189
4195 13206
18299 39626
1783 35291
33221 37631
21150 35146
841 37252
25261 29923
12057 40943
19265 21662
30919 44046
29677 36670
25088 33378
23990 37832
2035 27783
8723 16380
25688 36756
1786 24046
1722 32921
14332 31550
29480 30090
22071 23983
2632 26726
9211 29151
13430 20078
3437 8437
8795 41516
31242 36189
20484 35039
17469 44780
10694 32617
35313 43433
30088 36547
5938 37321
15946 45298
19125 22190
20731 37390
21946 27859
36613 46283
14518 32844
31210 47204
23578 33700
22264 24004
46155 46913
12389 25416
4127 17370
26137 45785
34637 37407
13510 21885
6761 41680
25906 43408
21436 26976
30181 41060
6109 22277
19037 30075
32109 41759
5745 29170
2468 3448
31730 32314
4152 7227
14654 46072
6739 10780
7231 11242
3899 27692
35413 42859
23189 26546
20122 38571
39762 41968
24024 33763
16118 31768
1679 28255
30097 39992
5524 27077
9239 20945
3941 29796
12767 43280
843 6291
16621 29356
15789 24130
8600 25159
3377 46427
17441 37985
23764 41945
20274 38561
26695 43810
13943 20962
28521 31989
18493 36569
14383 25398
1414 10429
18992 20452
17653 39746
15996 32128
9682 20360
6163 28124
6330 20882
17028 39694
16574 27446
36212 40596
17649 29424
5427 41265
8400 8667
9099 36749
27512 37774
4010 5026
25557 31465
12769 44615
16009 34992
17182 40511
689 23328
18856 35466
686 14951
37541 41151
9318 39681
10056 35446
13464 47099
14909 44446
37350 43246
16811 20569
3184 16180
42570 47344
18175 27376
21742 30391
28598 30650
6884 32556
10899 41211
4802 20810
20180 32644
14220 28544
2973 13674
1826 38615
12685 23575
7588 30430
21671 28646
3898 13429
35668 39139
8357 13642
10457 28219
9163 28789
19493 26237
12358 36362
16707 43385
8117 37725
7950 34579
35176 44719
5326 38314
17218 42554
10548 21517
10862 42618
25382 34227
25039 31609
27308 39983
23094 38820
8302 33691
34852 39118
25834 41117
38437 38767
10057 20906
5022 28639
14640 28325
35278 36486
9834 27250
21822 46504
15546 31810
1557 23807
28225 38315
13238 13305
5010 17675
26989 38109
11691 47172
28465 41185
2214 11504
17341 46128
330 37650
638 41967
27832 30692
32948 44990
38060 43139
11912 14337
37578 45839
9061 42202
1109 32692
21098 36997
26994 45808
4448 31908
1894 46962
26297 40218
10347 37984
17933 31895
11574 25834
10714 42881
1902 22879
36786 37164
5117 40553
25569 46080
15897 43879
12055 39878
29348 40872
2973 27340
16200 44819
9506 45073
10587 26682
19452 39902
896 27457
11079 39195
15482 36847
8279 43640
5833 25016
24025 42846
3438 43510
17075 42171
3577 6701
10846 13737
7055 24011
15190 22860
21905 22140
8747 34067
7460 31644
29500 38768
9127 27118
22387 36409
22541 46675
992 12993
25843 37930
16480 26685
3377 47179
973 6335
13334 33499
14380 21715
27872 32295
29986 35628
26746 36391
14331 23516
30866 37892
15911 26915
9656 41583
40559 46797
2037 42836
14744 22342
19936 43640
5832 39851
24607 31658
19183 29258
13792 35666
20539 44283
4283 44783
6665 14161
34604 38695
850 29101
3715 26017
40577 41310
37022 40749
13423 32012
6404 6657
14926 35945
28847 37583
9136 31502
7693 26122
37998 44973
29939 33314
14751 44989
11254 21021
38302 41412
454 21180
27779 45821
35437 42052
17302 36053
4083 31489
18088 38682
22520 37072
28141 31126
32648 45905
15216 24565
5316 15367
35870 45502
3346 36299
30729 33591
39216 43445
23234 26212
24256 29872
15354 19022
12619 44618
4176 34282
9149 25671
41758 47255
18250 41080
7873 41342
18444 41885
7131 38261
22035 26827
1242 14591
23737 38325
12458 19036
19104 29099
14443 26685
17619 24217
3265 32331
2800 40862
8148 27210
5892 37757
4078 4326
26994 44332
36445 45036
18980 29972
15920 35998
30747 37149
7692 21682
19210 46649
27772 35177
6449 33329
10009 25374
10349 25442
145 44880
11531 19935
6300 30762
6085 22472
18022 33093
19985 34567
5785 36732
9277 14313
18842 36804
21388 31688
33034 37407
15038 41366
27232 27477
22306 36688
47038 47381
2159 26290
20691 35897
10420 44691
35107 35262
929 9125
10125 17978
12025 44013
3541 29704
7453 47306
7255 42595
1554 14812
5513 36367
29723 39808
17688 26400
9451 28772
24872 34826
4577 41526
3077 29196
7873 16751
6127 30029
21483 30770
12808 13483
2286 24910
30324 37180
17605 41799
38369 39519
4519 17385
21975 37059
3330 6637
6356 6854
2189 9701
27963 44678
14281 44554
5317 31328
43265 44624
20854 40748
20535 44378
23263 24781
28384 43395
5442 39883
19106 46783
16834 47183
9310 43792
103 38722
23403 25700
7397 18461
27010 42666
10370 39985
21006 44121
2490 32795
20059 23107
1059 5518
8553 21340
27091 31893
1768 13562
41682 44845
37774 44920
5455 34429
8702 21813
50 40939
26117 30906
15746 44946
18279 32987
11466 30920
24463 30187
5969 6542
13478 27560
5896 9447
164 32558
11439 21368
8382 46159
5743 36000
40670 44505
36611 44411
39713 46158
38856 42565
822 14973
14133 43477
4745 31421
35726 42907
8480 24221
5795 38792
25437 46988
14097 27955
12902 46998
20170 34184
23404 45684
37700 47199
13541 46167
16005 42739
11823 21866
23658 44288
2974 25394
39416 45763
4110 43863
730 17262
21641 33883
11350 35417
12986 36496
29728 43803
4660 20329
14419 19496
7865 18821
10290 32404
4162 42683
5855 27300
1770 36373
970 39730
11722 28765
2700 4981
10090 45555
15978 35789
35840 46203
7793 21547
13792 42379
18459 23108
22737 34617
15354 27479
21474 23166
3069 16340
15469 21767
151 21318
2829 24235
4203 38146
19099 46072
28094 45779
6673 38670
5734 24687
8030 40334
2560 4570
21423 33939
4985 20627
9502 15183
14814 30359
14509 30477
23547 25158
7674 35976
13749 40588
12039 20312
13119 29804
10150 12371
19029 27933
16288 30329
26623 38701
29517 37301
7480 16862
46441 47096
589 9220
14803 45634
32286 40336
9680 13361
7212 12883
40810 44595
23684 26745
14899 29477
23472 45521
3404 17511
38728 42648
36244 45609
6229 40857
19820 28031
7825 47233
27006 30868
25873 45127
8985 15549
726 18162
699 43134
143 45131
20177 44483
28065 28179
35951 39321
3414 24241
22839 26518
7034 39914
22681 39141
7855 23848
18985 36655
17274 45016
15810 34595
25261 28691
7924 33252
11266 18244
36945 44501
9370 27791
18793 43251
13976 24082
16288 33846
32760 45988
32530 36666
3783 13319
9589 40172
7312 26430
21838 38987
17480 29966
14278 36848
3996 37936
27785 31521
32805 38941
10217 47261
6789 16482
13646 14125
3746 5681
5664 42121
4478 15429
13219 32747
28169 32800
18689 24942
5044 23919
3596 44768
19726 42651
1345 27551
11230 13995
27313 40170
16484 28257
8249 25040
13513 41488
14230 38096
12636 15551
4898 22000
13922 18503
907 28456
18863 19214
4422 19038
2266 11507
28545 34376
23782 29965
6127 42353
1291 22188
33952 34328
6398 7161
20885 43899
20216 33187
4399 28853
14851 44980
16024 39919
11492 44331
5639 33904
15770 23787
9625 36903
29535 41881
22441 42016
5094 31337
32736 42853
6359 14753
21491 23148
431 16984
4022 42085
13525 38815
6376 23967
35938 46709
28189 29614
24465 45082
6080 12305
5030 9071
5461 24341
21161 29056
8037 35841
10484 13750
12908 22789
479 3038
2784 36706
7092 37504
9664 31889
28781 43647
12109 32383
7992 9653
5696 10221
7315 11131
20708 40199
14205 15138
31220 39573
9018 33619
3675 6298
35204 45909
17494 41594
35078 41074
29570 46897
352 32101
21544 31022
39790 41733
25611 35141
15720 25497
26013 39093
43776 46452
5612 25395
19662 34051
28634 36780
18178 36749
19389 42560
27565 42164
10704 34411
11893 35710
2047 21113
14523 19742
35938 37394
9206 22127
22406 28169
3678 21067
19126 44028
19620 38901
21737 43471
1959 19172
13715 41301
1858 43441
18046 29251
33059 46622
11864 19854
25212 28992
34015 47188
38492 40625
3631 11048
11071 36433
28813 43669
15192 24573
29348 44767
29472 33691
3113 23136
19619 41278
5908 33808
25615 26349
11106 14927
3035 41912
40234 41349
3525 43991
7930 42278
17861 33793
7105 41606
3723 11926
15219 30718
43186 46720
26904 40337
708 37882
6853 14186
26644 34748
10205 45909
283 23366
3518 9427
16931 18960
11735 45057
20190 40878
16794 28296
14115 14574
2700 25949
8306 46298
15464 22012
12401 24357
17396 44552
2714 3374
10637 42691
26854 33403
5440 25021
21521 45643
34993 45957
13234 42236
37843 45948
21715 33616
1901 30820
20463 46463
4463 17347
16982 45851
23518 46886
6236 22861
9644 21682
787 5879
20395 29740
2823 16499
27306 30652
28372 40246
4281 24631
3771 6624
4443 8185
10940 41537
25861 36688
12297 40757
14486 22572
42470 44405
2419 29066
6882 36191
2333 27602
13978 24051
27740 46570
29027 45960
10326 12977
13 45489
18402 30844
8041 21251
8757 45550
2826 44100
7196 10313
256 33546
19170 36839
21026 41634
16446 32234
30485 40509
12367 38089
4132 42042
29361 46371
9665 25137
8993 42235
13435 36617
5030 27327
24258 46995
5482 25916
7414 25825
532 11321
548 4684
16791 19972
4125 28389
27325 34411
19534 34618
35946 44265
447 41758
2527 39845
2925 27840
7146 17150
15644 44132
1433 15371
12864 33768
28883 38236
31684 36645
3305 28246
21500 27880
9886 18666
31113 43437
25461 37238
1690 18595
16094 38302
14151 15603
30461 40249
1345 37781
45420 47181
33161 41235
33488 35214
15942 20942
3816 32491
9239 39392
1010 16742
9107 32268
17420 17648
9345 18096
20635 28906
5640 27390
25669 26398
22709 42262
21313 46497
354 12092
5888 37291
13455 33404
6388 41778
1907 29159
13403 44733
28138 42912
3906 30290
33310 46030
17013 38585
24151 46858
12232 38506
8927 38874
4344 25039
18729 40367
26277 46818
25649 30253
31598 38890
33830 46416
5813 22191
8837 24055
17685 38052
31348 38900
13179 17267
20744 36904
437 42089
15594 29603
22077 25150
9714 35066
34920 43198
38932 45166
16190 23218
7512 10386
5178 22740
24224 38230
9407 16829
13015 14018
35326 45771
21673 46385
103 18242
21761 36406
6030 22956
38560 40275
6709 42492
7057 13374
25644 29104
18687 36118
6213 31708
11056 29632
6829 21094
8065 43931
21968 24052
301 7088
31621 38254
1207 23405
2795 45381
13651 19490
19315 25514
5113 30050
13526 33539
2162 24500
8203 29528
20688 35790
1561 9758
30267 45347
27144 42723
446 1211
15001 16950
6431 11757
46648 47013
18494 43428
32264 32819
8184 42468
6826 12286
868 43722
7470 31047
4290 42441
8250 19144
14577 45669
261 21810
3207 41511
35626 36368
28303 34953
3285 4426
14852 45315
11929 34643
13304 27087
29570 31247
7781 20736
21863 40981
9235 13473
7087 21079
32005 41576
9375 19869
13783 15421
28149 29009
10395 18006
14156 14471
37797 42867
29033 34425
2945 41137
22982 37754
1867 34135
13171 40679
4946 17239
31495 33553
24642 26395
18181 28163
17607 19031
24483 32000
1387 34437
3862 10422
5751 15165
12403 46176
2417 28536
2799 27140
2850 29357
34893 38452
6043 19888
9307 17267
11553 44693
4134 21094
17865 46774
3015 31087
18178 45019
38174 45045
13564 19039
24058 44437
6438 36632
22030 36152
16355 25997
13356 17023
28837 35960
21952 42096
21661 30778
4405 43437
30725 30844
1456 32298
16759 27551
41144 44579
9301 46849
4591 33239
20681 43589
8494 32039
19653 42366
12982 46768
42400 47100
4184 15330
42541 46581
23488 34084
25533 39532
22610 27170
23853 40598
6944 21285
6921 30161
4919 12517
35881 40003
15400 23158
39162 43213
16852 32064
6423 32136
6978 42746
12354 22474
3314 7718
11666 36595
9682 38970
130 11796
21132 34197
22823 34983
4445 42812
10913 32601
29894 33144
38383 41381
1828 29968
5728 28497
25337 36745
3450 40948
29300 40514
2512 40399
9664 45904
18661 40776
27473 35114
16625 29375
838 46383
30299 45099
10572 10966
786 35081
14400 46590
15650 16112
9464 26975
11478 26694
5063 46365
38155 39810
43609 44304
1260 6075
4479 37454
16386 38784
5294 27989
26947 28251
21406 44514
38128 46473
24165 42889
16275 27841
8610 14389
30369 43185
40319 41166
7545 7649
9563 46737
5141 5466
1364 18856
37911 44903
27693 30700
15699 23709
33957 40661
11548 12537
30445 43180
42759 42979
5805 18463
2625 23441
5070 16553
17293 36613
20036 22212
12812 32854
8156 34756
425 39932
26656 44825
35400 41503
13564 35872
5836 13238
14906 25362
7253 17397
14884 46514
10585 29994
5472 44452
15258 43722
27280 39929
13385 19510
5397 7125
2084 23625
3473 4825
3095 31068
8038 32606
2080 19719
13245 43824
7005 28033
8145 13255
5040 42701
19607 22048
1435 11286
14610 34237
16887 18905
21375 40050
747 25407
11264 15356
15991 27627
18500 40911
10206 21838
21427 33043
8385 31559
35819 44846
21775 43552
12311 15259
7543 25056
41652 42728
14816 34463
15719 43127
30203 35271
6410 8733
15718 17827
24996 43486
12553 31007
16181 38462
20111 29286
9679 26643
3605 33775
5865 43349
14969 46197
22082 35724
8288 39331
14310 21651
1350 37727
23041 38281
28507 39402
13680 43886
19879 39866
20653 32844
8748 37222
9384 10079
21358 36043
14519 35007
19338 25929
3038 10107
2827 21938
39335 41641
25111 35838
22348 27333
33116 41976
29611 43222
3656 35002
16128 37831
4027 39079
19575 22085
28285 44254
23431 38035
2390 7038
3249 23509
4727 23248
2766 9769
16600 32164
15157 15642
18924 24195
20350 27716
9130 24283
3544 44745
44032 47253
1365 6463
2191 43954
6202 31734
38509 41656
25703 28371
22678 24592
22414 34345
2101 25752
30483 41996
1420 9553
4667 7517
2723 44754
8860 39856
41191 43002
21922 41992
3695 20189
27969 31724
12673 18202
3487 14009
37 5328
3205 24876
5906 29497
8929 26787
4525 45906
26758 44757
3427 39972
31798 34924
2006 34351
21167 21306
3173 6844
1230 12438
12679 38554
38303 47199
9565 22652
11734 32862
11500 19634
8780 12519
391 40915
27140 43519
1638 34305
16206 29338
20807 31701
34185 44431
23255 25296
12485 35655
17487 31946
32984 41028
2284 14451
20064 21979
9783 28365
24423 27438
20168 30438
10832 23268
21908 44672
4238 27890
13400 24327
26207 41220
3158 45193
34254 37970
9278 36716
558 38934
8732 44127
31187 45077
27994 35298
13571 15514
6265 19176
27438 28435
18559 38702
1794 13661
8889 10718
3915 45522
24111 46922
759 15431
31244 43517
17197 45712
786 11592
7046 36895
25905 39727
3422 43145
7697 46247
12591 30173
7345 28826
33232 33909
32381 39930
8356 14577
2259 26421
10941 21467
3284 26592
27946 34826
36381 46210
5271 19792
1948 31632
11996 18070
31625 38082
2996 39896
13689 44566
34260 45089
12323 28264
25903 40189
1731 34788
38707 42259
10802 25445
20960 21847
9194 38657
43015 47029
10933 34007
20530 43204
8545 29351
26254 35693
25709 27491
3612 44716
15761 35780
21511 32688
10426 16648
3507 21510
604 21104
37310 39102
8650 44047
10974 13255
702 11059
25262 46400
23535 26709
6362 19593
11286 24861
11297 46153
81 32848
8997 26600
21612 36153
12751 25304
16462 23934
4057 44958
23723 39188
7984 21713
14860 42818
18247 22103
16723 39924
15085 42936
5586 30110
20188 39279
29057 39601
10320 39418
35789 42268
96 29342
14421 43121
8303 29013
17486 26327
212 39316
29850 46592
16168 46468
15977 39518
32702 40994
4719 22015
23459 37987
9603 36744
32469 39480
10811 26042
977 44259
18988 35670
4382 30731
28688 30470
2702 31797
24585 45353
11568 22988
31139 41332
90 21017
6791 24563
13001 41643
34150 39928
1683 27095
15016 19895
28897 30994
31792 46034
3220 45908
36179 47125
1692 42110
10445 34178
13257 40293
25939 44652
5541 18982
10036 32438
26443 33605
1940 39179
6418 13593
22539 28918
16840 37425
11752 36637
22678 37371
27339 29397
41877 45721
3603 45272
26001 37774
14405 14614
27492 39438
5118 33000
24551 38548
18019 19727
6515 21231
26669 39401
22082 26356
3606 30644
685 46436
36805 39427
22096 31889
38995 44098
46297 47110
7886 10146
201 29061
22109 31562
733 23472
18749 21643
3602 30875
3165 17288
666 25633
27742 31076
2608 32646
279 14607
40016 44500
3698 8891
7235 16982
20541 42668
19501 46538
12817 40155
36182 44524
11164 26829
9790 31577
34335 42444
36324 40443
8115 41123
6113 13091
14569 25352
25847 30675
35784 44636
13551 28981
13685 23319
9605 32736
32077 38019
2148 30567
15038 21077
14084 30383
19502 28804
20717 23245
6007 34922
26211 46763
25583 36614
10765 47068
12761 38102
18604 41425
6631 28895
4845 29003
18216 36590
24862 37985
11154 32476
11067 14572
5836 16731
9343 45359
21912 39261
905 1432
1515 2115
6065 17722
11513 36731
20668 42577
20948 38430
948 15250
10777 28180
13043 27211
1275 42440
14678 36733
3746 23941
26864 37478
23560 47116
1048 6971
7297 40975
41935 45405
26317 42220
11039 35885
15989 31986
22757 47142
4533 36190
790 12947
17774 42233
7783 27255
11093 35367
27815 40332
1410 18290
38769 46467
20599 25952
14635 34942
8392 9054
23214 41352
13797 37226
7113 24427
12851 26236
2309 20015
3646 4997
17838 31264
2171 45156
6104 14586
2361 30004
23330 45849
9163 31912
9401 17740
38149 40723
3405 11731
39798 45979
19153 36085
32833 43518
39481 41576
23537 24635
6359 38840
29680 30105
5122 28610
10434 19465
16231 43546
18599 30022
6276 12949
4314 20745
11202 28089
24651 40285
42558 45114
8436 41540
953 43812
19226 23889
4566 17024
9639 21826
25436 34553
28438 45518
31019 38703
32105 33488
17348 21964
7746 43722
4385 17363
5598 11169
12773 44207
2958 24759
6556 6708
12185 41004
19945 27898
8645 9984
24003 47015
35836 43700
11255 12208
33267 38252
1313 26196
14569 40441
2245 33346
7416 11888
4666 18894
20993 45207
22077 43329
5184 14161
14576 26336
19126 28919
38561 40020
16540 21804
11515 45531
2823 28075
38835 44164
24430 45897
28569 35397
38417 41961
16649 17775
12786 25729
8273 26219
18596 22688
682 4048
17122 30238
12989 31915
25664 35103
29409 46341
30471 33370
16441 34226
12336 23399
5589 42331
439 1065
41640 46105
3990 44517
30678 36292
13371 28984
19577 25943
17780 43420
1255 18620
24559 31381
13630 28686
133 4930
435 18292
628 9073
387 41441
2333 37084
577 27043
13173 32382
20155 28808
9959 17562
672 6901
36680 47192
16525 39939
14822 35386
9290 35897
4750 16282
952 31801
10014 43283
19717 32719
18619 32447
40870 43955
30005 32385
14032 39589
1695 7349
9722 36466
8934 32478
1334 30001
3921 39970
39041 46618
20019 29270
16365 43225
24880 35879
26146 42151
5402 9620
12466 13026
8935 13051
31181 37801
11339 45035
21428 44306
27307 43122
11995 14572
3193 15445
22068 43885
20894 47001
27549 46038
21905 32752
22956 33178
14084 35002
1401 5343
34004 45394
539 35903
968 12631
5747 25092
1484 36310
14464 29746
26735 35325
42763 44043
20080 21012
9500 18471
20815 45553
34946 44749
37984 44791
152 45441
3719 32241
18072 27874
15718 26744
3011 27990
15984 30835
1267 42095
11216 39851
16009 42384
14001 20199
31029 35262
13805 41198
4657 22967
21611 26747
18729 27218
11163 41129
22483 26676
2980 40546
30273 39076
2403 39976
6915 18882
9573 23621
9966 45015
5724 20893
15805 46876
28904 41724
7501 16727
17498 37909
11408 12263
12431 25193
23798 36223
21663 24843
4316 20580
1992 9301
24715 24783
1753 36080
1356 10780
2202 27046
701 25603
8245 40980
28953 37802
34030 37650
9604 36274
3058 20965
4157 36923
21762 22728
21026 42285
11336 41033
40534 44065
9492 24729
21682 22210
46300 46387
3879 9036
30414 36032
4784 8913
39364 41446
10359 40529
35670 46203
13248 18783
41987 46376
26533 31514
35018 43015
10593 21862
24992 35398
14873 27028
4213 18896
11890 14615
20034 27513
32141 34381
32672 46849
27650 38602
13165 21350
5457 17650
12226 13783
4678 40543
26 27103
1669 22745
12502 43637
18643 40201
8855 34442
18798 37860
11422 14897
40655 41335
16151 23861
22904 23433
2513 24009
4382 16988
8325 25767
1512 43857
39166 39902
21454 38924
7231 11092
4012 44223
14240 18763
31596 43491
1910 22403
1619 28643
4682 17630
14571 17779
14639 35441
15938 30519
2449 17958
12413 47328
12269 22474
194 16083
9557 14496
7857 47367
13490 46908
15751 37459
9724 22715
17588 44486
32362 46003
602 39448
38678 45574
17879 23724
8082 15405
20505 39283
3500 13846
24899 45517
8363 27698
15174 43490
14780 41873
27892 44096
5256 35406
19554 31332
41764 45283
12138 25000
24598 30478
37490 38619
13935 36570
2505 32361
3561 34097
16117 47207
14118 39660
14139 22979
2661 33840
20940 32421
10993 33957
15265 35098
5048 32609
221 41045
28346 33312
19323 24387
5923 28113
11048 30631
8462 24270
21140 43971
17430 44785
4376 7077
5156 33081
13884 46030
9214 45782
18651 46588
11445 24790
9035 38842
33511 44654
26786 27882
2322 34882
6897 39996
10529 37771
8819 17495
10075 12691
19420 37128
1754 14426
10326 14030
38535 44841
11820 28235
44517 44536
5238 44760
17227 19327
30156 43565
6682 38472
22515 41087
34146 35194
15570 44728
2423 41730
7829 33910
8215 22834
8076 15882
19813 33797
22490 33860
5035 24402
3925 29031
30525 32293
15489 30022
18488 22222
14236 20013
32852 40645
12335 13755
14845 28230
8723 19076
17111 38750
26664 27461
2902 10624
115 33778
12465 39650
14981 32440
35702 39323
15293 20634
37195 38404
19555 45408
8900 35368
19940 43529
16250 26528
618 32305
17603 43534
3939 17386
24743 44306
10503 41380
2295 22081
15657 15811
21242 45671
7393 11664
5408 31342
4851 11237
34435 40908
23944 41068
31163 46297
39716 45659
35872 39303
6128 41430
29063 30939
3454 25608
15231 38980
5348 29197
2749 7325
13952 33974
12218 12550
20391 37520
1317 34534
12853 34231
2691 35613
27639 41235
34518 37536
25504 28165
27229 36641
21130 25027
5813 33848
17042 17587
45621 47177
16167 40772
37335 39299
3124 6606
16109 46429
4650 46952
19922 36668
32938 47319
1115 10614
21242 44866
6381 8641
23205 39924
1114 39436
1392 10333
41929 47257
774 21840
15935 30973
5299 5869
7029 14719
11337 17015
30923 37145
21943 45852
15053 16181
460 31449
14510 40105
12122 24869
36612 40001
26739 35070
27042 32627
13744 19634
26611 39988
43388 47104
29338 46584
1295 42049
20401 30263
855 32917
10547 19720
8537 26536
26370 31416
2309 6406
1289 26204
5575 19107
40226 43212
8874 25340
700 12977
17470 23086
28739 35271
35844 40398
7530 35400
12386 23006
15809 40609
3216 28371
41338 45230
3702 12049
2299 28699
5903 37258
34837 45879
6657 20724
27296 42319
4536 47149
253 19054
14813 39109
20321 21208
357 27513
965 45863
13538 29341
23849 30711
16938 39598
23137 41994
10519 22344
38498 43833
1015 44637
21448 29011
14178 28920
770 2203
6998 43998
7319 14777
42719 46325
555 26343
14545 24368
17351 27285
27722 45702
3514 21396
13851 20015
6717 20751
31924 40597
17763 43444
24830 41671
14727 34588
14390 18199
5886 40421
35576 38997
1910 29250
10782 43641
10053 36850
3931 34866
33813 46444
8254 47084
5172 42771
9296 43260
15007 33824
6552 28389
8423 43106
27838 37525
15696 38772
19372 40791
31204 44980
10138 22786
15979 25474
6908 26711
27401 32239
6547 41227
33487 46809
8722 12032
23685 46255
6634 47238
32740 46767
20466 31091
10398 13449
14298 28008
38342 44743
3376 12898
1409 37319
452 30112
5986 6262
7141 27979
5703 16527
5017 37891
30008 44149
11115 20795
29118 38918
5509 19105
10315 25815
27075 30510
2035 38131
36228 42699
14225 33922
21561 31600
54 27191
2886 24159
10772 14390
4678 11256
8654 9595
11929 14488
31258 41378
3142 5096
1816 27628
31559 31692
25991 30294
30521 36389
19449 41522
40197 45879
20850 24799
25768 29498
3840 8063
23272 39804
12665 17912
2054 20222
17305 25865
9474 40259
9013 32694
21114 25030
38386 42705
25463 32999
16063 41120
8128 25363
7984 32000
18583 21759
5171 12828
24836 37223
4458 8233
23868 33799
14825 40437
3333 44984
21988 33491
13862 30032
10841 18825
29816 44463
22770 44080
24401 39897
14062 44615
29998 37529
1687 4721
2575 43090
13462 23682
9781 20730
38131 46104
2198 15224
10043 25611
9339 23014
12494 30057
2238 21978
16473 36049
10087 18743
5645 33406
14912 25695
20599 47164
19630 47302
11106 46426
2522 3428
18620 23465
31477 42165
1520 39081
15287 15369
12289 30941
22389 23985
20251 33999
20751 25462
10584 33670
2735 17657
2726 26239
5832 11890
25272 29751
13923 25716
6781 18455
2098 45329
18278 34439
16453 17623
2839 35915
37333 38903
33246 43931
27121 45648
30641 47154
30400 37643
12819 26568
11180 13140
17592 25251
6733 28213
20419 41288
11522 35508
4009 13028
7233 15704
13336 15194
19261 29661
21395 47232
16016 35907
2907 29037
33911 45637
3595 33575
32746 44143
8777 30965
19183 29189
13669 18228
41238 46235
34163 46612
18558 22721
17988 29738
16035 20092
43895 46585
4984 31929
22784 44805
6421 43910
2801 45206
11254 42644
31051 38111
2817 15349
18993 29415
19100 25340
16951 18788
932 27529
19603 33316
3101 28879
3684 31149
1808 36999
6460 12532
21520 25777
9901 13745
18058 23687
6679 40943
26082 29875
23563 23982
1924 44529
29545 30847
28610 42647
40970 41293
39081 39768
21340 29724
23470 27174
27422 35507
20547 25392
13170 24650
21829 39714
22873 36717
221 4671
15722 33874
10113 22087
2290 15431
12764 31317
13093 13291
14521 46686
7963 21726
2059 26795
19345 37198
5242 27218
3513 17280
6614 33886
22168 30670
14332 36584
15526 42980
20985 41402
2048 20220
9480 15162
13471 29085
41227 42423
11279 24341
11757 35485
15561 34306
21395 38267
16170 27217
11910 18731
25684 45239
1717 34386
2505 27262
8942 46977
24384 43328
628 5560
14921 34885
18985 32317
9494 34658
15647 44788
7262 19935
7200 12641
8313 47156
7018 31094
3305 25221
18656 26372
26248 38757
1769 38309
13218 21822
26488 31047
19332 25608
14066 46240
11502 13809
11849 24470
5817 7662
8698 19798
2246 16956
8948 11867
27931 35868
32752 35531
8960 20737
10384 30039
12922 14482
4975 36807
56 36609
1026 32909
3104 40749
24465 37227
5472 31197
17435 28487
23643 42488
23251 31118
5040 19647
11204 27684
9359 43235
9638 36234
20538 27611
1669 17675
4749 12493
37692 38649
2381 19601
5635 43619
27293 35365
20515 37426
14732 32464
38434 46052
3180 24128
9041 32164
25232 46538
11664 33684
137 16545
27942 36161
24571 47021
16345 39194
9774 45520
5165 32716
8249 12192
24216 42134
30310 38852
6664 23883
10451 12147
38739 41561
17614 24422
5553 9039
12526 17245
11401 44951
1671 35410
21418 35486
17979 19824
23186 35738
17393 31778
22220 45973
13290 31577
26726 32234
12543 37012
3112 43568
5750 33877
9050 26749
19794 46660
31490 45326
18120 30013
7342 29931
18806 37888
3929 15490
13981 36571
13378 15367
5977 31035
5265 22693
31135 40439
2727 16558
3512 5753
12515 14211
17330 22919
16175 36665
15706 39570
21002 44444
16667 20131
11907 40369
18970 34505
311 4377
22331 41616
5927 27134
37261 44400
10748 21135
17329 23633
42281 42960
8288 28654
17777 25486
14258 38168
17927 35044
20707 40712
20981 22033
10692 22142
8602 33890
4546 41449
15350 34057
6389 32426
39518 42722
9783 35513
5745 30634
19403 20750
18507 45310
533 15285
2598 39667
33505 33511
9081 24102
17738 34367
13968 25516
19447 44592
15549 24444
12182 24843
35067 35957
21466 27127
25273 31881
23308 34498
26602 44329
20129 47026
3465 31681
22312 29026
3700 38903
5652 10417
28504 33634
19823 38998
2259 43368
1699 5996
20529 45805
9560 37295
3089 30239
4245 14651
19015 38680
15363 36466
4202 30230
7867 10957
22516 36911
15461 16063
23043 23596
27966 43915
14744 35670
8245 37146
3611 8070
13235 21534
5183 38181
17290 24138
5335 22737
8662 31018
10147 18904
132 7504
38967 41009
16966 33059
8299 9274
20524 34857
2698 45643
21245 22539
11470 25121
35447 47050
8334 34343
37726 39870
1258 11864
2162 36214
6361 6517
33787 35936
22987 35341
9952 25202
9010 39995
27370 37976
10560 19608
8331 23842
4315 29302
20608 31121
16966 44147
17431 29200
9569 10538
18791 32855
17471 33702
16468 35010
27832 37633
19517 24099
7300 33840
19561 28343
3239 43499
4597 26140
24808 36708
1664 38165
33654 41018
6899 36879
16005 21141
20135 29746
14176 45496
11094 16108
3528 3601
14865 37612
9596 40977
3682 14621
8466 33842
17802 24016
36576 41262
14973 30729
18896 22826
16843 41838
18665 28555
13154 30697
19766 32508
12249 32540
1533 34834
18031 44255
1051 35090
29908 37075
14115 29163
16966 27127
3528 23199
23944 33233
23290 34695
15049 15448
37680 46425
3307 27926
8899 17078
21102 30070
10380 24470
9610 32365
7455 46936
29627 29858
28680 29755
9226 16160
11167 45202
9148 31553
20266 24321
5617 8166
27973 38938
672 10719
19368 36942
12830 32828
582 11957
33672 42482
19114 45693
14195 31909
23468 44392
23704 36755
34314 42888
23213 43873
19480 21318
7358 35083
2521 44521
17626 42233
25333 30247
7914 13084
37195 42946
41225 47183
23471 36180
11666 32094
14597 15300
34991 39316
18446 36495
3291 36976
31290 33268
19489 23474
24509 38064
6280 13182
22406 39993
3194 17795
3694 35868
10621 36559
17953 46361
584 4432
28717 37877
8092 9010
24209 42683
35097 36709
27110 29622
11831 28347
16289 32122
15680 22215
39562 47290
25395 31633
18862 38251
24042 37258
14643 27322
23725 45687
27263 37219
1299 31889
74 34316
5567 44400
1973 31833
34920 45276
17483 23592
27181 46427
9671 21232
21797 34758
13987 38887
18171 19270
6974 33534
16589 20871
5645 39745
19967 46645
26698 31906
6683 18274
27277 40658
2560 18919
16176 31255
6539 31327
17216 18525
30224 39084
7938 10771
19617 22854
21662 35472
12710 22815
5178 41972
11295 27562
35011 36884
3387 24740
31989 32622
34657 43711
6388 41896
40386 41270
7438 42097
1798 45549
9555 22346
9343 33043
8420 39942
19263 41173
1546 42295
8833 20109
11279 28907
1616 27758
27002 43405
37155 41937
6613 35948
20190 37776
4854 15056
6610 16991
3862 7828
845 20906
13003 45267
22172 40431
40296 41353
15017 42542
19254 47072
12303 42597
9124 28552
3107 15250
17532 20585
27894 36230
11685 18052
16860 31267
22505 42684
7226 14082
20620 25817
35963 47264
9388 16705
411 35509
10239 22173
22596 22800
15238 39104
7618 35251
34434 45493
20726 47154
22846 37500
2608 2855
30284 30759
17118 37318
6664 25282
6183 42914
27522 39633
7814 13821
5969 33536
14790 36096
796 43779
36166 37770
18387 44238
8900 32957
11131 37629
34683 45042
9208 38937
1497 22134
21624 46560
12791 28899
948 28493
2696 29813
2364 8106
15420 31365
31079 36833
9515 31136
29742 34101
12426 35567
8504 10861
15230 37657
5096 35425
31329 42643
45943 46911
2348 29480
36659 40685
20131 23693
20408 22281
6776 18302
18398 29851
28 6242
33371 38933
1168 29556
5587 13189
3421 44567
31609 45262
26435 43791
32619 34575
31483 37983
30538 45123
26973 42154
39638 40682
3960 24846
5613 21176
2447 21888
1473 17710
14195 44099
7777 12760
4615 31873
40378 41596
521 39894
1129 27699
36961 38525
24726 32411
26415 32562
13877 33617
1386 12988
24921 34572
8079 16481
25473 31113
3258 45111
6745 9516
8949 34242
43200 44642
8648 28652
5822 41298
17805 47376
18982 41525
12460 23392
4148 45030
3497 18682
30185 44954
24594 32083
26030 40456
10106 23201
5429 30642
13491 43730
21002 27668
30248 31912
2147 40039
3318 18158
41305 45904
3998 42992
2707 5172
36771 38377
9664 12653
36103 37689
14624 17578
13411 15104
13144 14760
21379 47024
14547 21495
32288 43590
34379 35450
22634 31415
16841 27455
17978 26901
21217 39499
20089 22611
16611 30376
22036 27524
34932 44644
23193 36482
25715 39640
3049 18276
21527 37446
641 35599
18486 43522
16445 38193
22744 36097
3111 45168
13581 35271
13663 39999
18073 31460
17227 24084
8022 16431
34941 37940
2025 29445
1742 3493
22145 40649
3059 21034
20455 40465
18112 22528
34054 36390
695 41847
22592 44721
37478 47233
21378 24117
3505 43193
3983 37341
29124 33744
4242 7242
5873 14393
24127 39517
1320 6594
26813 29308
16297 22056
4003 25161
19145 38216
18638 19726
9636 11870
5749 12822
23220 31838
2777 10367
12751 13098
6132 14280
5668 34525
11685 24415
26872 32517
21241 43602
16842 21748
36607 43341
15632 22955
16660 42645
35136 35913
19708 22464
24418 45708
10237 38289
10500 34727
17064 18562
23465 41626
4828 17673
17606 32882
29013 40305
1002 39280
30609 40265
11783 30965
34260 38844
533 43905
13876 37393
2935 29211
7594 41378
17416 46721
22896 39604
1737 18909
14023 34410
34747 41591
2286 13489
18400 33093
29795 39001
949 9259
14508 22559
5698 26015
3218 43270
15461 15502
21305 24123
10999 20653
8009 44222
15011 16205
6851 41455
38297 42158
33842 39620
17810 33412
37184 46489
3762 3891
17890 30897
1271 29847
18027 35332
624 18894
2832 45836
42709 44218
24038 29571
8896 10100
4402 41377
1212 42449
42848 47036
7442 35830
39066 45530
9937 31715
17922 28341
10157 27517
6172 17546
28514 42004
19345 41390
11289 42834
10053 13581
33742 43711
416 7991
8937 23091
6645 30975
20089 36411
28416 35430
31940 31982
36232 40915
5725 16453
572 46596
6268 44207
26815 44144
12278 31428
32197 34240
14142 20091
11742 42937
30353 43977
27292 36569
19938 41503
30552 34738
42666 46749
36617 38662
8009 28491
7225 11413
9355 13781
31009 36145
31349 45635
13777 38810
222 9414
18123 42344
12772 32313
4367 29439
17618 46558
41730 46246
18902 23800
224 44923
23065 34797
32075 33846
24793 41100
16877 18415
2159 15487
19749 38167
364 24931
35155 43189
4360 39006
6333 7425
17191 17824
30817 37264
7553 27285
21666 46089
3365 25091
12955 37281
3053 23284
16471 41297
11246 19859
19853 28317
14199 19039
10781 38189
31775 32399
12985 29172
17283 21146
16625 37950
9260 22538
4071 11145
7016 20822
16212 16843
3237 10919
39715 45497
12051 16472
758 35192
12675 22715
23125 34043
26409 43940
27712 30092
12383 44006
20472 25706
6597 31576
26586 40045
9272 29314
8784 11066
9397 33924
25298 37205
4639 34583
12007 13517
10052 12658
14033 25893
918 40900
7482 37567
18891 26377
19811 20870
7172 46386
8674 46519
1069 43698
2982 7902
30156 32404
4480 46200
2843 20575
15884 41082
15824 28199
21864 44868
31993 41094
4026 12260
4651 41359
349 39063
1947 8359
13648 20201
1527 43236
19700 23109
3039 28973
10682 15282
10339 31158
2446 44674
9528 39052
19922 38205
21040 35157
36046 47385
25659 46205
3789 41744
11161 14004
4734 15356
15111 37725
2771 17265
9995 22838
16450 35585
9563 16011
45902 46081
11114 35476
4106 41801
30375 42260
27254 32357
30777 33380
4432 22723
41628 42800
18461 30310
7243 17124
17662 37275
42704 44976
4502 8940
25407 46492
20011 42168
27377 40277
17178 26316
1504 9236
4307 40929
9280 21930
11997 12532
5977 47254
17077 31337
12351 28336
32202 34397
10480 29834
43366 46034
34653 45259
20290 35352
37810 39543
18755 38462
28246 40847
4912 25403
17329 32497
8755 42646
27311 39815
37808 40601
32543 32596
15452 38876
28358 40499
19048 38714
4439 21958
33611 34157
1876 3715
29214 31035
33085 38248
26519 44164
3701 36746
19751 26564
34553 35764
23699 32654
11626 28588
30366 41342
10246 23722
21161 34655
25588 28729
11915 18333
28932 38677
34665 36170
32387 33372
14673 44399
943 32715
38738 45207
35806 46123
26419 38456
24357 36976
11779 36350
12404 21126
3358 30499
16089 18535
2852 25443
33465 39943
3359 28657
9543 21885
11519 38116
9482 30277
4899 5862
17236 43020
27964 30907
13642 35149
646 13072
10918 46759
11220 23712
14487 45683
43365 47047
13782 31372
34583 34801
3300 22950
19052 24445
9704 18204
19013 39012
28278 43498
6846 12845
8768 14318
742 42766
12487 19417
3500 34123
4543 21102
13766 44610
10995 15084
9567 46199
6866 35162
5543 43847
28160 37211
22409 45528
9827 40087
44764 47028
1877 45899
30454 37509
1026 8351
5169 13054
26620 37533
11377 42331
26508 34848
13217 19828
22673 25602
42852 45492
4871 34530
713 11045
8845 31288
8534 21038
9562 40728
4609 21698
12534 17519
25087 26194
19415 41220
14393 37137
34862 42079
15595 41142
8553 18055
20520 46046
7286 25144
2908 46238
16437 32534
12222 23067
15281 46809
29969 46862
25716 39355
12496 19105
30905 41888
420 23601
8897 26351
332 21502
10019 20793
9049 31818
1922 8650
30064 38239
35726 45688
1631 4502
4043 13716
18269 38813
25175 45797
23205 32764
14936 24301
26931 40562
2306 36347
15313 36302
13508 40140
337 19752
4133 14548
12955 33740
6694 23296
3357 39402
13846 33719
5913 9899
20482 26290
147 46423
38994 41092
8891 32521
21881 41197
43880 46068
38082 41764
40296 47021
9763 36422
2520 17967
6565 11747
11472 16846
29972 35775
23494 38128
16487 47307
15856 26499
4413 46214
7374 46036
15908 42904
9432 22672
18480 39009
26205 38714
2169 14892
25402 41773
43046 43748
7790 44409
22332 38975
8213 38850
1511 43939
16966 39963
1215 17001
2778 6490
18915 39287
11125 18027
9762 25408
3020 6023
26115 44274
18675 43772
3884 22838
2797 41414
25817 29533
27652 44593
10576 28550
20787 41582
3364 15632
4975 31176
584 33349
27817 33326
36282 37005
10839 18572
6868 14915
15849 25304
30943 33215
13593 18855
1175 37200
36164 43365
11211 23813
26685 37607
7624 14669
22543 25989
27893 37485
13491 34793
32821 43626
1672 38945
26942 31786
12717 13707
12384 15749
2333 25041
19074 29494
26575 33655
37199 46856
2094 11469
20755 44087
5240 23122
3157 36041
9779 43266
12249 18907
14869 28824
25307 28249
8786 16400
18261 24668
16368 28851
11540 14431
12545 46003
1191 45788
6619 6990
31144 47218
13346 47220
15944 46990
14592 37002
4334 28096
10041 27586
849 38854
3188 24400
17446 25623
3851 5496
24059 31042
21812 25645
26471 27424
34683 37073
16925 34030
3920 6764
9874 32549
7281 20291
44790 45029
9054 34473
42502 47178
31244 45705
6168 11790
1954 14791
13091 24605
4587 46827
29714 41080
13403 20935
20744 29537
26112 32567
5421 18164
11551 18511
2810 19098
4630 9906
4486 18263
34553 41672
13482 25550
21256 46085
10870 19466
13190 46841
18923 37164
16603 46006
16302 46832
7186 22632
26215 38707
23070 29908
6581 7017
8312 46829
10352 13060
31821 46224
17741 24362
14989 43373
7509 41752
12668 22943
15168 15762
17156 37672
1710 8930
28395 32487
3151 15203
20946 23763
1282 13364
2975 14977
11905 41616
6526 11632
36676 44158
5685 33647
4850 43399
40842 45812
11650 15433
2198 37916
17716 31071
25613 41648
5306 11370
27892 34468
18262 22879
11625 43669
10346 13780
7986 38499
13609 33188
2604 29155
26275 43430
6488 9246
38601 46464
1508 17440
34839 42392
29402 44483
37327 40304
775 38234
5868 27473
3204 30089
21476 22773
11766 37084
19738 21417
10652 40251
7141 27719
24382 30243
9947 40435
19438 35650
35380 45348
10601 30113
24110 39354
7368 10355
4072 22298
2478 32964
39232 46280
4259 13264
29462 36374
10280 21023
17330 42281
4855 15769
26783 30788
30960 36765
25163 44929
18240 23254
7901 36051
29684 31498
2743 17555
35751 41854
3896 11118
2940 28457
38522 45716
7297 25175
23876 30798
21043 38301
6213 11777
31219 34373
13873 45796
18509 32130
27691 40331
11731 30027
19322 37114
15635 26046
2532 12797
5989 6407
2490 27847
11903 28067
2563 39437
26822 31251
12393 23730
12828 30074
41566 45199
5082 10806
5533 35588
2339 43112
43557 45688
2268 9691
26597 41871
12805 39889
1599 34442
28474 33213
31254 34717
28585 38679
1339 13577
24375 29556
6296 46312
28946 39624
23760 39082
22564 42439
10995 32214
17767 36000
7860 32239
9217 29739
7170 21212
13465 36902
24248 31666
16656 37186
4130 33340
9951 29734
15980 19641
4391 39531
898 35684
6878 33054
13526 41500
2988 28073
11951 12781
23507 28406
4039 16633
1197 39134
8595 11117
1279 43862
1886 46526
20465 34257
11093 38010
4645 19826
27548 36215
12835 37795
16387 44474
26745 41718
6103 7020
24407 34705
11558 27200
5941 8190
23792 45921
21936 23376
108 41772
23248 36409
9218 10692
38788 43875
2944 33786
30958 32830
1473 38601
29839 33209
21982 29386
34015 46131
14693 41323
423 32923
8918 15311
8009 17944
17924 32900
10109 30269
38042 40271
37233 38412
29700 34713
168 37477
5220 18579
18798 41011
1697 26601
3543 31462
9249 11102
9164 19100
8606 26686
21130 30459
19566 27004
6590 23107
16930 32577
24550 44566
23281 25753
20608 45811
11575 29782
2295 45367
19871 40822
10917 33946
3385 15196
21482 45786
6327 46267
13900 31837
10770 40874
17384 27270
8317 18073
5983 31181
20314 23083
17281 37880
11342 32405
4094 10408
15569 29077
9250 44292
16091 38049
40261 42623
7739 33493
42747 43872
10680 10971
25469 31078
13919 25821
27523 44748
362 37477
7782 15635
25933 35908
9809 42943
31442 33693
29556 43019
6705 32455
32479 33689
2925 25360
12912 45100
42027 43933
20088 43277
42290 46787
30971 32795
35215 40748
9420 29777
18354 25798
14751 30673
36641 41236
5258 38603
31505 39495
5189 36746
9527 22669
11640 14288
30958 35192
4671 26203
29750 35314
24797 47021
22719 43345
10005 10401
15445 29549
4664 25032
443 45521
9288 10760
21780 39161
31315 46726
13010 38818
11253 39664
13246 19847
949 24189
10761 26370
36820 40605
23548 26581
2922 17491
42654 42876
6557 14783
12199 13878
24160 24893
32292 45890
15114 38430
8997 34346
25664 31680
9221 20276
23663 34640
18052 28442
23245 43926
3543 33235
22073 34845
7609 15060
11025 24322
26563 47176
16809 46663
28853 46793
33005 36498
4345 34273
13045 20853
8808 36702
16920 41017
31926 46075
6839 20107
45489 46507
7451 38421
13084 29826
7892 12500
24030 27994
37909 44682
17746 32842
269 17209
27216 34350
34691 39542
16858 17104
21897 23076
24920 27748
16754 29586
31669 33028
1543 36551
15003 31378
27606 35444
10563 16131
9395 46419
23530 35935
13327 31654
3173 46483
12353 16142
32698 40296
15462 16616
13473 24309
20638 28521
135 5501
29000 29069
3542 36177
532 9109
8313 24399
5608 22288
14999 22749
13245 27276
30841 38659
30328 35630
1708 30360
16514 22555
19270 30081
14864 20080
12567 13068
23835 25028
18838 33053
1906 29786
3764 39380
9612 32659
6650 17151
3593 45914
30346 38838
21628 30549
33310 40651
9432 28527
33879 43023
1527 42972
36009 40473
20863 36344
32657 40995
30126 33587
290 26326
5019 39986
26877 39714
21961 42443
19246 46060
18803 22859
15105 28406
22111 26172
5875 36938
14602 27785
34433 34914
27638 41532
2340 8736
1994 4127
13407 27580
12627 37039
33401 33949
21622 31084
9021 18985
21914 32424
19221 35800
4411 25204
5714 42847
39 7617
5431 8789
328 36767
34722 36895
27072 32611
6518 31503
15491 25035
21496 27188
11881 20603
544 7725
7194 30739
1582 12827
6276 42708
27988 37723
21059 30755
4813 36861
38328 43406
357 41268
14921 42009
4533 25143
8424 16793
20050 43737
6050 34444
10000 37978
4548 39946
12821 24207
2302 46485
9158 11281
22326 25147
34123 39703
9094 36371
14548 34449
1769 36573
32149 43732
7823 15233
18226 41267
6684 14960
32911 40083
12925 23217
40842 43828
18151 34677
14986 45413
1766 20999
16847 17563
37333 38135
9701 31279
16397 40897
4135 28264
38731 43772
357 11416
2671 11427
12266 42620
5106 8924
277 39945
29367 30612
18766 37582
6130 37540
9412 21727
5087 37729
7307 25273
643 24238
32984 39406
3695 24178
25155 36877
22207 42178
31763 40232
23415 31476
12783 30465
10880 33960
1514 40911
1815 40085
22607 27775
4485 46147
15443 34496
24507 40978
27131 35553
16817 45963
30088 31469
8154 31911
15366 35969
25484 39388
27906 38932
30650 40217
5896 37844
7705 13776
17432 39261
31301 44873
19949 37157
23290 34756
35667 39233
10287 30948
36771 46867
40780 44400
34594 40711
22349 33909
19804 26795
1670 1773
31642 38908
11761 40552
20036 40135
24086 42395
11821 15693
14628 34296
23599 34171
16445 27085
25988 45845
9796 10308
3674 11542
2839 21294
3736 41467
28311 35961
8079 15656
21208 25430
4882 42130
21582 46582
24853 38716
6875 31203
18063 32846
1349 7558
16541 26392
25200 36730
11455 15878
10863 22382
21660 44371
24179 30262
26182 26439
15862 18375
6806 7058
35555 39311
6543 33251
21434 42523
20374 39325
18657 34874
30439 30840
15374 26141
10670 12511
4462 16445
17097 20958
1311 18189
2742 26972
21009 32144
13066 45543
3137 33163
9808 41004
5784 31105
6992 30983
15149 30345
23598 39907
2971 14377
20145 30763
20640 41322
2712 29200
9754 28875
12430 17224
21594 35399
216 11398
14831 32106
42755 46718
29500 38333
14228 31813
2586 43963
18884 27467
8769 14143
10000 36636
24743 46010
8250 32237
25322 25715
15188 43640
2363 41447
11734 25226
4709 20994
19870 23711
13855 15208
3244 17518
3272 41443
3967 40544
11849 35729
6175 22601
33163 39743
17433 42733
16410 27359
4574 28124
44886 45682
32825 41441
26930 41900
7380 15765
7056 14887
15071 38517
9163 28383
4270 15820
1693 42002
22600 31894
16556 24151
22395 26012
5485 28920
8381 17013
22597 37258
16441 29274
12507 32100
4379 28006
15894 42876
29521 40849
17300 28217
26907 35850
19825 28640
9066 35024
10009 31221
1091 35144
2365 38271
18751 45731
28493 40757
25119 38322
7533 22931
3802 5929
40011 44786
31560 34589
1381 32624
11481 20942
22217 26248
24753 35720
75 17127
5468 38149
13394 43240
20625 45820
11028 40595
1683 13714
14722 40002
30584 36939
3186 10477
30052 30662
5899 21339
12770 26794
33014 34092
1250 9136
12405 17247
7436 14488
21533 43901
14131 39719
7194 31170
6865 29948
9695 37423
26689 35906
2944 15266
673 17611
15781 17284
18654 25395
5441 36861
35957 41629
17192 44094
13755 21123
38697 46178
21980 39867
25507 29520
30322 38228
20676 42910
34640 43686
13159 27666
10502 30699
16183 35384
32285 47057
8978 42858
6755 35795
38986 44187
19125 20442
25036 30285
11187 40601
9045 28804
10509 32809
4561 31944
9103 12944
13438 21015
26412 39546
14860 44042
77 20717
4277 16320
1457 13505
31055 35904
33551 37841
14684 18152
24642 32990
6618 13990
1702 17473
7915 44650
14935 38150
5723 32736
38990 40522
23630 42291
21430 26352
10524 45518
1410 3486
42301 45826
38686 40296
8123 38156
21483 39195
6735 14925
20942 46950
8111 20803
27377 37545
19562 34914
963 18423
6742 29867
4672 19636
39590 44085
34357 45417
9445 35288
22397 37256
26426 47307
4470 40820
32124 45745
26505 28352
14944 31042
34477 42486
15239 39069
8105 10758
6516 34600
28081 36735
1411 11766
31358 31875
12523 23213
22366 23017
13221 42210
16195 19636
11658 12562
22901 33914
24299 33135
5573 8201
31282 39585
23995 42523
17921 36069
426 23048
3145 8061
20886 47152
17689 38163
30423 32886
20412 47269
3737 15520
40568 45298
18811 46376
13459 22911
23649 46208
22611 41291
36253 44460
15445 23056
11108 46403
15020 21372
26676 32505
36271 45039
4838 36627
29984 33374
15688 25443
12319 30522
21488 28130
7805 39647
16453 35863
26470 33568
8033 19125
9527 39746
6365 31532
33097 41137
18342 19860
3270 12270
12225 15022
733 13153
5639 41227
13226 42688
9949 25102
30146 42942
11231 21519
1105 24810
20036 23546
13561 29580
7189 43471
7862 31671
30307 39103
23367 23840
8905 39591
6201 17703
16159 36705
10105 45213
3671 22763
2353 15577
33479 36112
8080 21169
15840 46724
6744 19793
7106 8131
28349 29463
23834 33290
18959 39026
27156 32337
12038 17424
1225 2072
36932 39779
33328 46681
29218 35510
12764 34497
9220 25989
1464 45630
15257 17477
20593 43627
5629 38014
21950 45291
20596 37482
34246 39788
25263 28010
19882 41522
3627 20747
1491 37812
4163 9238
19759 28125
13925 42823
41416 42092
20643 21463
15712 44071
34162 35364
18730 33847
7188 43195
180 38186
18170 38354
18255 21688
1661 28774
7344 22016
8146 9872
2451 3037
7042 29033
10309 19513
3863 29483
22464 37941
15084 33518
11815 33543
17539 41870
11371 25955
23936 29729
23102 23676
8710 44330
35470 45595
20632 39367
20921 37026
9479 32992
10327 32335
3735 41756
21135 28095
32394 35620
27893 32175
13708 21604
35242 36504
19716 20268
14265 16045
14798 22924
1863 13955
5938 38903
7949 45521
19199 19749
1309 45826
23680 46139
393 15797
3853 17252
36388 38887
26386 38272
7593 18532
24884 31531
7551 27166
2509 40144
14540 21353
2991 35946
6787 19600
11167 18554
7871 38633
8730 34193
4463 30952
30696 39116
4451 19049
16166 26625
12666 16137
26903 31035
23231 31387
31603 39039
11853 26614
27917 44411
40348 44987
986 45708
11829 13196
38534 40603
1660 30376
25066 45134
4473 23130
22220 34682
8300 42314
27816 43955
7352 36913
30012 30913
12152 42869
23573 46026
22343 30551
14168 40971
42751 46359
34141 39293
3151 16175
1568 12478
25453 26682
3930 32128
5954 22766
17663 45049
5184 37077
19442 31130
27838 39176
23970 29982
11597 32794
27362 38658
16371 45665
11678 25054
5604 24050
2847 4810
16791 22839
17775 23763
5840 7553
31370 36720
24803 31676
9083 41770
30456 43735
3826 16879
8991 10690
29357 43992
5343 7686
13952 19223
1991 37255
23517 35490
2355 15086
32916 35812
17649 44188
1055 19783
20929 43763
17970 27772
213 44579
22558 37255
1363 18623
23134 31938
15130 29408
35718 35762
11639 26388
35162 37759
1709 42645
18936 22640
5797 36499
19242 26130
1147 17278
27028 41764
23345 29906
35320 36655
9599 35247
13415 35583
24602 34372
12196 41208
14092 41460
16048 37037
28193 44197
1092 5678
7880 33352
5891 17825
3178 5273
3285 30245
14780 33351
58 3886
15341 25282
7564 26141
29094 46749
42036 43865
17465 22917
26296 32581
22416 34704
3379 46095
4392 9288
15745 24584
9522 22703
17644 29426
9810 40139
38805 44532
29732 46632
13742 25374
5191 20231
10624 27066
30474 34437
1473 20430
20499 45067
11153 43625
1290 44108
32971 43200
27757 47026
33041 38277
2020 20010
1872 21078
4954 6897
1609 34439
19110 40832
18779 43701
20473 23093
25274 44735
15810 42483
440 33176
2058 18208
15928 36288
7695 44286
8772 24433
25494 28644
27274 43243
17854 46016
21330 27036
10508 13096
21018 31645
5743 23164
6276 25879
23004 37452
24411 40923
15098 22625
23227 32771
8860 18022
22005 24357
31799 34068
7453 24350
16998 37521
13615 39696
24585 30122
25816 46199
7758 14783
16542 44071
444 10448
39361 42265
20821 22971
33824 47158
31838 37564
32084 34587
5953 47079
11824 35646
11777 39772
6924 17940
22864 43807
14158 45923
1024 28635
11241 14128
21497 22207
10514 35491
21716 46454
14675 20586
2922 10274
2377 43951
7669 20568
24182 31021
44169 44325
27653 46406
22025 40793
19288 27093
7889 34837
4744 26038
7063 30557
33840 34455
23521 45275
7590 39119
9487 13178
22788 26442
45 30687
20081 27668
1614 23374
16282 20331
41475 42753
9644 12603
11462 17106
2271 42370
26182 32912
2191 6389
4465 22277
8123 11447
12314 14878
6464 41875
23513 37813
18909 25353
32835 38669
17356 30166
23311 39557
30035 38391
11020 11634
12817 27368
19049 22330
36691 40282
19882 43242
31423 45003
5232 40448
19398 29839
974 23929
24657 30859
14727 42952
19242 26293
224 3991
7227 22397
3269 33497
11822 32859
14083 27574
31780 35599
16821 44128
33378 46020
16706 41172
15012 17457
33996 38485
12931 21589
8565 37590
376 10397
18837 22982
25540 33579
3695 26142
15881 33303
31226 42745
34015 43049
25347 37321
24354 32147
3156 41325
20463 45223
6894 15929
18695 22525
5792 47214
13579 14054
37361 44375
29861 36652
12660 38630
22073 45266
15106 45176
12998 38625
16192 17515
26977 40433
28255 41050
15437 37584
8854 37669
31096 31910
20163 44557
10102 13534
10889 38265
32855 43188
39014 42775
42935 44625
18586 31226
869 28184
8510 30662
10717 23636
4594 17263
32948 44291
23567 46238
26624 44078
21526 25633
8169 29995
3775 10929
9400 35492
1356 28837
33040 45169
7383 34132
7382 16002
24145 26630
29728 30780
481 4666
26291 36856
43763 46483
17987 38198
15827 44289
16744 45681
2219 13377
30751 40677
7790 30699
21731 29771
21293 35961
3643 42277
26535 33402
21501 30248
6700 46533
41325 42622
42496 47314
22593 28231
14532 28577
4332 47225
1004 33057
7550 45922
27070 42047
4643 12563
25898 26550
15753 40933
26906 30312
13186 29896
6019 12025
573 18726
6568 11301
169 42994
29309 33024
41939 44363
19900 46509
8646 32912
37772 41703
8479 40319
23625 42004
26812 28583
2415 3816
8910 42757
17982 36268
27031 27166
695 4729
19548 25274
7828 46401
9863 11534
31064 32640
44363 45269
12724 23957
11980 33073
26278 28999
24506 28059
32177 43743
10216 24080
1382 30892
9155 12386
17349 34261
8255 29068
2023 34860
4550 6871
26869 44901
40834 42115
6132 31284
841 34890
18967 19643
7717 13335
31573 37189
31051 42742
13026 39547
10500 45315
12422 40372
6825 33318
38459 43706
5648 33507
255 26256
15557 40724
2965 7019
28608 46643
16628 28970
4274 42412
6209 6375
36424 39296
9100 36757
1959 3303
633 36415
43 33166
29053 38399
15552 24323
14556 43017
13047 34543
24700 41241
6250 43532
15368 18729
2159 14853
5206 20865
37103 40523
28746 42793
1891 47118
8457 41202
9414 30881
24269 26910
6772 32502
10450 45736
27105 44753
39684 44261
8301 28796
37717 38881
24804 40251
15920 17929
11994 30230
5980 37413
6805 10169
9645 22304
17814 20737
30532 31923
10417 14647
13794 20571
19090 25445
35665 36776
17081 42285
13799 38850
42183 45341
31035 45726
11157 46887
11109 30631
5341 39533
34953 44834
32797 46163
25334 29462
27751 31106
5631 37794
28158 41064
1254 26279
26182 34632
22029 29049
556 39685
3133 46714
22944 30745
6666 21098
42774 46317
33306 43946
4978 43214
13989 30622
33278 35482
4949 28698
4099 33446
9513 40039
8981 40932
13624 21075
2794 24775
22900 39491
9845 17588
23380 34466
42598 43058
11350 21402
12256 32993
640 42392
19968 26077
10603 20421
37214 41777
6880 38935
28805 43857
16822 29885
15197 39518
23295 45847
234 9432
28283 42240
26984 44718
23240 39532
21411 34840
20363 40347
19066 24404
25220 35725
6417 37898
3713 20736
6900 36554
3363 22801
7573 15894
16407 27549
25118 28251
2572 45842
20445 42981
32744 37776
11964 42741
6571 17023
20712 21633
20322 45799
17514 38083
37462 46551
22578 35252
11692 29221
16657 28828
2697 45729
26431 36409
33344 33984
23777 46129
15206 22052
7827 38233
6470 23737
23265 33122
33908 39395
27100 31256
38665 41517
24433 29437
4680 6915
6426 32483
25364 42778
13391 17416
23393 43106
27235 44663
27538 42220
19575 46107
11728 22061
24298 36567
14696 16446
19962 27305
13838 25460
24362 43907
1676 4363
6619 43616
6401 28639
35815 42815
36181 40694
18549 26648
12323 36392
25222 39288
22262 44764
13648 26467
605 11549
2360 3460
18479 18712
7178 20575
20902 44522
4572 34685
7751 10823
29126 38690
37044 39756
15041 37395
24836 42635
31856 36135
2355 29130
15882 31595
32731 35581
13199 38133
6216 15653
9633 12308
7692 46810
27481 31082
10731 35211
8678 37227
46361 47034
392 2931
15525 27766
9393 24340
10882 40453
21247 39430
27408 43786
18751 20689
12 22123
24521 31081
19398 40687
31335 44892
7582 13057
37217 40973
14681 35897
13917 29085
8882 27958
17330 42021
19863 27810
6347 42473
9346 36171
14735 30656
7342 40523
41829 46504
960 4677
4168 24378
14154 26180
34246 41752
20108 22137
10773 34817
6626 39040
37744 46882
30848 31726
29409 46467
19376 46539
20896 24058
3168 41795
2558 22618
6661 26202
16558 18887
7232 26957
26318 29768
7921 34349
4655 40307
25274 36148
54 36254
21186 39288
37229 40178
29479 45112
25932 26699
5614 21172
22444 33776
8274 46895
14965 45589
29489 34688
15078 20391
12616 42359
23274 33479
36790 46897
19191 22411
14565 45655
24786 26386
34016 46901
4091 4105
6135 44414
1303 10627
13704 32494
4601 7590
28035 46273
3575 6440
9608 26102
1734 8369
23265 41445
19460 23740
1942 45259
22630 39951
35243 47179
21067 40104
4493 5963
3120 39229
3787 21787
8052 24201
25438 31802
31547 44104
29842 47392
7060 39631
11327 35702
21888 31585
1624 44576
13223 23122
12610 34973
33270 43647
3173 21335
11234 45310
6609 8618
4521 21193
5719 9803
30712 41963
349 5946
16841 28354
38631 45883
33655 35537
27507 42720
7362 33149
9975 42087
28602 37968
4637 16830
1785 34671
9436 41809
1636 44936
13488 21484
32384 40413
17927 37260
26853 39082
9369 24722
1349 32047
33399 41559
1274 44705
12828 32176
11799 32263
14135 38449
1993 32526
22985 35523
1476 40867
25310 25335
30049 41403
20474 31965
27662 44297
7608 22601
10373 11931
10804 23229
4794 27902
6794 44719
24461 45954
6299 35880
14288 16410
731 31072
11728 40317
6146 26189
7668 8507
4658 19346
8250 26390
6897 38431
738 13934
1420 32233
23374 46975
32778 41225
10454 34342
24043 31269
12138 36401
4486 10379
17624 40618
1335 41924
1654 11876
17873 30742
16976 38862
10944 37360
20052 43360
29427 43288
5922 47018
22564 39414
2040 46062
17142 20091
4780 8732
9721 13415
5401 46757
16762 39283
14248 25628
67 23871
32451 39675
840 7579
16377 35685
14792 27189
2845 7212
17612 21144
4501 20055
8958 35471
27900 33642
3413 7669
37728 44657
18347 36236
11693 40615
40395 45695
8468 8667
18730 33530
6993 12609
7355 26022
1980 24827
2279 27338
6788 36528
13276 38835
5064 26934
15855 42527
34523 38409
19336 32027
28674 47349
4092 10559
16036 46480
3694 17868
11729 15547
7265 30451
7246 30209
37704 41388
8137 15104
38393 46336
12111 41663
3134 19342
20297 43675
3124 33149
2085 25378
18061 46738
17186 28044
6587 29425
25389 35695
8571 18944
4146 45854
21603 27065
19735 20001
25694 35742
4479 23813
20509 25222
5662 30020
3759 29351
6001 30240
13990 37373
6910 30236
17347 30779
7007 39968
193 8629
14656 38365
16815 40717
7785 12908
19036 19037
9120 26110
5685 33013
18486 22542
16492 19503
131 5657
10610 22641
9295 46463
11712 16616
24473 28438
28249 38043
13015 31815
20534 22030
24566 47096
3394 9200
15836 33320
36539 44350
17754 35051
2060 28838
3192 8692
4667 29071
22690 29941
10365 14485
17887 19715
24269 45947
13884 29352
18881 18883
1962 21483
14328 17500
21100 46361
17683 40072
514 46469
23510 34002
39518 39624
483 581
8526 13427
3155 31791
9888 21851
21551 30957
4573 5623
8959 34597
13505 30645
7968 30812
28542 41432
1555 18476
13575 13856
44840 46069
1831 36841
33740 45182
14881 33490
27258 43629
13995 24995
34980 37401
2208 36010
17262 21891
13836 30600
19711 40786
11576 28351
18524 20285
19755 42778
6429 41535
6893 10902
18857 25598
7582 18294
21625 25779
38468 46724
4324 26587
41741 42876
30179 32132
24683 36272
8659 28427
1029 8580
4795 13525
14237 19401
22116 35034
3580 45687
17467 30001
5728 8253
20874 43873
12545 31195
35319 42478
34997 42427
5442 14248
10347 16268
21660 45721
428 43237
2823 40204
16418 26588
17085 39883
16645 23369
7857 45078
22024 40521
31208 36717
13630 13862
12041 18456
26552 27507
33891 36036
8168 46633
10253 21709
1826 36981
34447 37422
16103 19006
27876 36578
27105 41427
16018 20588
32197 42307
25327 28564
10679 39429
3013 7093
23930 43716
10316 16931
15 45296
22323 29045
232 31001
4261 7309
7348 34597
19017 31440
39957 42383
2431 46523
10920 12881
788 38803
34253 41878
16443 42055
10253 32797
44120 44520
276 44290
4711 22040
414 29702
33032 33844
30130 37046
19289 30034
39144 41721
26480 46047
8174 15283
23824 46272
3067 31249
9299 29429
29737 39222
1090 17045
5182 42162
7350 35932
11359 34219
3995 40909
9424 15545
8481 12932
32172 43135
29015 39237
6312 38185
22382 38269
12156 40390
22137 37684
9086 10073
30306 36117
11846 36966
38055 44544
30662 33500
10170 26854
22283 24677
14084 21117
28765 29613
10136 37069
36832 47017
24628 40216
10570 10731
23984 31254
36129 40858
1611 36530
16754 17730
17763 28510
12564 41504
9666 38998
4307 24942
3521 10235
13657 46505
28413 32729
2991 8757
6726 7973
7706 38172
21235 28440
6168 25358
6009 33407
17917 23850
15781 40915
28388 28885
4995 29638
34542 34544
6581 21740
17344 33787
18023 38017
18034 27818
3303 44842
23955 47239
3897 40885
40930 45480
26541 45494
502 38327
15558 45946
21985 25346
20587 35924
899 25131
16157 25337
23947 30567
16609 44305
12536 45067
8509 22065
41197 42976
7538 18158
30350 38593
31735 42305
19714 46508
14916 25137
14366 43164
8814 42299
1772 16960
4928 4980
13239 25188
31574 35190
14735 27196
3337 40238
20859 45256
9910 25879
6675 24734
2323 5170
132 9696
34640 39909
23965 31846
24636 33771
17401 32735
11599 33385
6804 28527
25995 32098
28859 38403
8821 42315
19104 19760
24229 29448
2104 25404
419 30290
13555 24239
23794 26487
29843 42710
34669 42717
1045 17920
19965 26855
13342 36963
14961 38627
42347 46016
10370 45088
20040 23996
28333 46816
3016 24358
1904 24942
8394 21660
17915 40661
26965 34413
15516 39788
38508 42663
25932 39454
13781 40393
23858 44565
3591 8990
17485 29184
15290 17753
23312 42554
22733 41157
33077 38503
18242 43126
7683 24658
11803 44653
25415 32704
11853 40044
3528 15242
25779 36364
17807 42417
7193 38794
28712 42274
1128 19594
24739 37790
17022 25868
8336 26162
27277 33722
25685 41051
36442 41010
24475 44510
38281 39974
6692 28605
6474 7966
10608 24449
36257 41230
27911 32547
7586 22631
11497 19629
16747 38845
3583 25852
4853 22444
17150 17543
19147 24263
11561 19240
7237 40540
9688 15939
17824 24812
29757 44359
15459 42771
22038 42190
29516 33158
19552 28863
23905 28680
15308 24293
40086 45719
22659 35865
16056 45097
9256 15908
18130 31126
9573 47106
34896 39019
17226 41458
12933 43412
23958 46569
7784 22750
14681 38316
2718 43443
7667 23104
17801 34226
42213 44941
4841 31054
40311 47126
19085 19547
2182 20428
40445 41464
44643 46066
25882 26773
16006 29303
15622 28374
17306 36849
12141 34178
12832 38233
12120 24441
35064 40831
2864 21172
10793 43530
8297 9513
1936 6035
7522 27452
1018 24420
5568 33611
1374 41960
4 16679
17675 26893
5372 10287
22644 33624
24684 35318
98 476
33231 42971
19895 40074
11242 36344
31827 36765
12344 14858
3509 38441
7902 31241
31229 35126
26076 27554
633 40420
26346 43630
22131 34917
39782 42035
6568 36327
11973 16793
30472 32114
2022 29729
18480 46137
324 21356
9819 32720
19708 39285
28858 36651
6130 14409
5267 32693
15411 44503
11590 30237
12991 42561
1208 10907
16486 27041
47 35950
16010 32939
37934 44806
21069 42007
6301 12197
13885 43188
6528 31801
8192 24348
7319 30610
2816 39924
1946 17410
21450 27362
992 26716
5412 13203
31704 45167
829 21999
14208 26286
539 33537
13183 41576
12978 38138
1903 26758
34352 42957
25032 37266
8620 42888
37408 41326
19636 41795
25983 47095
20278 28430
7241 32016
27389 42235
43027 46072
28600 35214
30957 31889
4504 16037
15093 42261
3479 37743
33124 39020
37957 42672
35247 39463
16629 29146
35990 43708
33646 47238
1065 6010
11504 31701
13419 36167
17028 45070
2718 6504
16416 31482
45 25808
19471 39075
35747 36753
9507 25920
7490 21177
15308 25045
44539 45930
13240 38272
21941 30150
23093 32348
296 43712
35656 37015
2879 28864
1818 13952
8411 42848
6024 11999
9051 30376
288 23822
33016 38682
9280 21568
31500 36207
21987 25957
18377 25689
10352 28698
21296 44533
1996 8747
6389 38700
13631 31081
530 39570
27440 27782
6278 30955
22117 43184
24956 46958
12952 39279
10781 28996
4858 6496
4724 41205
7753 7950
5916 30724
5719 10962
14167 37103
17700 18657
31565 33949
12763 25235
1419 21544
37225 37565
25356 35938
23083 40654
23458 39777
12690 15308
21722 35084
29698 42736
5841 25073
19035 35996
20353 31316
12938 47086
5661 27357
18515 35206
28177 42546
21297 47336
5809 20812
13628 40558
19927 33544
8062 33379
40596 45744
10486 31276
27423 43777
13595 35722
16189 40446
14821 36149
7461 25053
18686 20162
35261 44325
23990 38483
17927 36325
34059 37287
11104 47311
3259 24092
19083 20737
9401 29926
21558 38601
30214 34678
38920 41452
22449 41024
1058 15098
4635 12974
21518 28622
9722 13510
18695 44949
3873 28866
15232 37561
36922 45060
18273 28452
4826 11229
159 41989
14850 21402
17024 36120
33952 46815
23030 33957
22083 46686
36285 42904
16215 31063
25865 45748
19360 27030
28702 37398
24493 40743
39553 46818
16094 20156
25560 32280
4447 27044
14051 30996
15525 42859
36788 42212
23504 25919
16546 19499
31853 31867
1257 4704
27108 38615
7595 28385
18128 28636
2406 35651
1372 34640
3091 37474
3472 46965
28176 32979
8334 9476
15189 23288
6885 37270
3449 23569
19945 34607
11029 28023
5938 24335
38413 45919
27596 39493
9227 38740
16042 39190
13584 20741
25233 46945
28860 40966
35305 40385
32535 32961
1801 22106
3399 12313
9126 34901
23577 33321
9153 32560
8519 37872
24918 32008
26067 37695
17581 37111
8394 42307
10373 37144
16721 17005
15672 44733
23582 34604
24956 42099
30436 45562
30792 44443
24621 31263
2176 31001
19469 31995
15483 35412
24805 29852
6444 37096
23987 29405
2691 38240
8090 9092
12633 21808
10297 12424
350 14714
11300 47333
17612 24531
11089 41636
20577 22782
21753 34234
10947 17609
20476 27803
3300 14562
8194 25815
1821 20048
31103 34105
32300 44182
7930 42738
43134 43607
19413 33941
12198 36001
27179 35367
15887 39036
1946 32767
749 10824
33555 44788
24003 34610
39436 42179
10715 24025
6769 30224
20138 33069
10497 26017
14859 37409
6387 43893
35322 40873
10762 41749
18385 21956
11964 39338
24043 29663
7860 45917
36633 41603
11417 44080
10405 30750
4544 4964
7863 40711
8622 27931
26566 46413
6085 25404
40076 43047
30286 34209
13262 45683
41662 42319
30776 33844
9837 15367
6308 9611
22363 25602
1571 39632
8799 36087
10056 40553
16561 46439
17409 41810
18031 22905
13345 34956
27849 33202
4944 45033
7971 27947
5863 27812
1356 42080
37187 43636
6354 12588
4649 32283
706 12924
17324 35471
21191 41222
14631 19599
2216 44631
5936 38089
7003 32632
20674 34287
36558 41563
15186 40762
31001 42017
25609 31985
3442 12254
1409 30952
785 11123
22817 37045
7709 27546
25498 25738
5916 20067
7504 15248
32558 36572
39627 41076
32144 43348
13574 31759
45603 47372
17916 37803
26083 28993
22115 35433
39606 41138
32917 34411
20381 31567
20926 26937
18840 37141
2847 5786
7279 42083
26631 32770
9338 36849
8207 14028
17244 40564
2244 38704
1489 1618
5671 28126
26521 28064
2831 7131
15826 41980
8375 24350
14044 25800
2862 29075
27889 35744
8804 38985
33551 33771
31075 35684
13429 22494
2522 25974
27837 36493
591 4975
10335 28155
35981 36559
28426 33855
5001 15849
1859 24317
7309 37737
22569 32354
26631 31965
40553 43819
6702 47124
2250 25636
12580 20832
22230 33827
19157 20178
9825 14470
2197 14671
1015 44499
3138 10233
19276 27225
4127 4331
39779 46303
24222 37170
14017 27336
35670 37986
16420 33054
31786 38647
6742 19731
4956 15675
12940 31324
28655 35381
27328 29395
198 15021
4665 41513
21508 41547
7082 42403
7862 11252
6389 11857
2734 20514
14526 28502
2822 41272
6610 21655
7011 47074
15324 26038
23491 40640
17282 19998
25331 36796
4590 16614
6135 15131
26958 33625
20051 46418
8461 45704
15103 33394
27542 45165
34471 43273
20354 26225
14869 16948
4601 38845
36565 46893
35275 37591
2442 20463
34414 46122
18260 31815
8586 45591
4882 28692
37877 38234
129 1614
42627 43349
3047 29847
18090 20265
28411 32903
1243 33321
43938 44079
15748 31977
998 17460
24354 30411
10457 22751
5023 34939
22198 29296
14088 15228
983 28671
37190 45790
23605 26351
1367 16768
21070 31067
27561 43471
15406 18627
3237 40682
12544 29364
39303 47208
17327 19875
5015 7879
34303 42884
15454 44712
18278 20851
20492 23664
31810 41595
2149 37341
41567 42379
29814 38483
13397 46205
20654 41338
6577 29546
4455 40093
33474 44880
15557 21805
22800 23456
14252 28410
21189 32987
7934 28766
27157 41674
14919 36043
7703 21663
14291 15506
3184 34416
7947 17859
6567 16965
1556 18868
11038 25109
28995 42887
35318 36459
16295 21892
17321 44919
14062 45632
13568 44343
17614 33652
7712 21375
36642 43086
10402 24117
13297 28015
12380 34759
21067 24487
9604 29964
10608 11353
3281 29222
37155 37420
38467 44037
8135 41830
35141 43336
934 36618
8471 44408
44393 46082
9821 44901
8169 10300
7994 32176
1263 25947
19451 30826
9310 27423
3824 38667
20519 25971
4696 32934
24875 27749
38716 44899
10936 28723
36962 43010
22345 23949
7571 40337
10737 30765
23053 25167
11426 44573
28616 42436
9705 23384
30195 33367
15031 32796
14127 46161
23707 45555
36332 40520
9649 15346
40026 43899
5594 22541
21703 28215
36037 40602
861 40438
25206 27862
25136 47280
23968 39853
10756 25880
1636 43440
4666 30035
20940 42192
25834 26118
18571 23034
20369 26161
10106 12939
1044 4840
34858 45976
40147 45707
40721 46733
16637 36261
33927 37738
2500 38940
13589 43610
10102 18832
13163 13408
25313 31492
7368 19955
27241 33911
19447 24775
18861 47309
33185 38040
17561 20515
23331 26743
22558 24541
3392 34798
18005 19216
22703 36973
12356 23114
25199 38910
37208 44489
26345 27330
21797 41597
13602 18531
8980 29843
45182 46618
1823 4554
3045 31657
840 4794
2775 21216
12556 21832
22113 44462
31273 43270
43413 45360
8214 29559
27540 34486
1099 17705
11797 22719
1381 10221
6640 19909
3232 9010
9032 42434
6577 38808
34168 42630
24168 46814
2758 22336
5520 8739
14726 15274
18285 33512
7628 25089
3236 3652
1166 45880
10020 44416
3548 21674
44856 47333
3900 30235
27041 45476
10962 39422
31874 40238
14588 25139
13941 21356
16407 46082
3330 23666
19161 25454
24399 27849
4030 44988
20768 39344
21185 29833
5298 45671
14413 14935
23512 43103
6690 26388
30244 41798
15265 34399
1908 30625
2314 24897
4171 12389
10876 46444
12452 36138
1544 23932
25738 44398
32242 36850
22645 25209
14945 31950
19954 22996
19531 43050
9346 24823
7936 9003
1570 3461
3480 34348
11947 15442
15813 21557
13153 14493
7054 42506
18705 44405
4238 46980
26960 42612
2619 26822
16658 45677
11044 43934
4765 8001
6544 39933
2415 32684
7858 47377
1667 15263
19771 37410
4325 33743
11096 17679
2784 43289
11008 38211
5134 37295
4216 13047
27320 40272
5754 41884
6912 31819
35838 40579
26098 33548
16273 46401
36892 46406
5582 42531
5650 46607
36352 44183
17573 19423
8427 35762
9318 46321
35283 40707
547 22156
5484 10882
957 2806
8624 33832
20824 47307
23326 40199
12326 28404
18511 41290
18930 47101
10752 38002
15523 43028
21740 29788
10161 10207
12971 34743
1055 22747
36744 38183
9502 42816
19933 26575
9305 10222
11456 33624
52 29882
34755 46041
25785 46576
25935 37475
10246 15391
12741 45019
37036 37244
12910 36160
11575 21423
19173 20821
18166 22919
1773 11070
4999 45872
10197 39069
27250 32497
14191 18766
9901 27407
34540 42073
14472 18227
12302 23630
3295 11266
10987 25575
14758 37280
2286 20865
15111 23812
4907 5343
1439 29102
17158 23479
5695 28956
38989 44981
73 3940
17561 28033
17977 34135
14682 35191
11337 33686
25618 30197
7301 22464
8995 23521
23747 25279
1890 29159
9937 25909
13192 30904
5385 45884
1597 27594
7772 25240
16990 44432
5600 30008
17095 33868
6221 26154
10258 13657
14531 26512
33420 44270
43308 45537
30978 45013
10121 12605
2802 41669
13957 33595
28848 34731
33724 38265
22985 41329
26576 32687
38155 43600
19428 47303
27076 44344
1453 7062
7304 21580
12919 36757
2921 31188
38037 40346
19253 34655
1909 29909
27001 45109
23278 38548
4832 14163
3467 16021
9582 13616
27139 33150
21853 37100
9969 34441
15965 23454
33573 34662
17374 18892
1239 43296
2891 3029
31867 33753
341 35730
26557 41281
12986 24746
27395 31800
4337 9646
23720 26973
4650 7891
2981 36665
34013 37563
24520 43241
7683 36636
41342 42960
5558 20282
20428 45481
6617 32869
27671 34300
560 28082
8674 17948
20970 38301
20740 21809
3291 28381
5446 36441
16722 20026
1000 27041
1906 7895
1782 36876
28435 39018
10787 41997
13007 36711
2469 16114
11778 37676
9786 24884
32982 38112
5992 17891
23706 46299
4587 6387
28398 37638
3942 21144
4164 7193
6313 8857
9189 23847
3189 19594
5644 27946
1785 14142
10541 47044
30634 37177
37368 40671
881 46166
19091 23477
8634 42469
1180 4354
3587 38299
38325 42401
14715 38201
1754 34427
16831 33501
2170 24691
336 19655
5370 26781
32883 46777
6233 32074
3832 7743
13894 39900
3856 22100
18986 36084
10511 21137
7205 36556
19932 38214
29894 35458
3545 36733
21100 30557
3396 22115
8839 36808
28697 39152
26670 36165
29586 44912
11100 40376
18215 24314
45177 47213
21077 43378
25269 27786
36949 45167
1769 29608
13130 21380
17409 23692
22542 43821
11489 12043
9751 46874
5895 11676
41986 43896
36926 45183
29469 45266
10902 43774
11740 44873
1711 28849
24954 36261
7599 20803
9635 44447
12921 37421
10861 18109
29394 32260
4100 32417
40412 40662
8273 41658
22907 30363
19870 23349
12874 17603
21261 34423
11493 34012
23829 44904
14453 15704
16853 17179
33292 34099
29135 37634
2451 27319
13570 46353
41935 46186
8124 40222
9675 20060
25199 37381
7235 44261
13293 42288
368 34007
16004 41935
14827 41370
12501 33428
20419 34494
24445 38612
32206 37220
35900 40599
14634 28143
1401 30097
27016 36936
1631 24897
19010 27163
15701 26069
22382 24075
36801 42397
10731 36671
2555 30651
10196 26713
41129 42881
18680 20054
11942 23234
595 13610
4141 16337
13077 26017
13902 42904
28711 33118
3917 40014
14536 41729
14180 36432
22745 41281
6757 41761
18030 45986
1163 1235
1395 4776
7741 22683
26790 42608
32394 33083
10836 16843
12924 23681
17164 25284
15558 43295
6092 24001
9884 19779
15685 38152
5481 19875
21017 38519
2299 31196
30844 44206
4475 20131
347 24404
735 3575
1829 31432
38354 44888
27358 34555
20045 35326
17887 46408
7657 13886
16305 19901
42692 44555
4621 36521
5705 36895
913 3473
14606 18473
8755 39418
16 22146
14157 19586
541 46877
10085 40198
25484 45739
9206 36846
2856 46524
27531 42188
5404 12996
13471 25674
5853 37143
27309 46690
1967 15285
13194 15947
22998 39178
38406 40109
8277 34289
41905 44710
38696 45540
3854 42778
30905 39331
2007 13371
1693 34903
29612 45007
16668 38396
6133 28458
251 8965
23016 40134
10128 24595
19101 39038
23697 34641
7364 18871
8431 44905
38851 40351
38974 47332
1382 30473
2943 15917
14652 38200
770 46124
4569 36465
10333 37243
4840 5437
3939 33817
8096 21422
24766 29607
8275 10807
16367 40511
13649 34031
18198 29034
32609 44085
3869 18711
4794 37522
32987 36309
10984 44528
13993 14593
4348 31019
18922 42836
10619 17985
32638 37094
5765 13486
15587 25245
5705 38318
11161 34025
7104 24178
15338 34340
9536 34990
9870 27696
1454 39185
2908 31922
23154 28713
34358 39749
24941 38067
1037 35864
23725 29468
9072 18267
1070 10148
3137 38575
2134 31747
2580 14306
6569 33818
29619 43279
5642 12490
12064 27009
2353 24880
32951 36628
15334 28340
26873 44550
22911 39693
14494 30578
39414 41322
31233 34958
28513 36888
9505 15274
5900 21766
7858 22896
9143 22240
21891 43434
8722 40677
6568 25837
35368 41840
21376 43742
25719 30763
18687 22916
21093 34005
15873 21801
44901 46299
8191 41391
1505 40597
2628 9600
16119 34285
17695 35313
5401 44834
11513 25916
24343 30927
727 43686
9374 11384
8965 31336
17521 34379
25385 30486
26814 37688
2380 38703
16666 28388
16940 21043
11428 31820
11018 46474
11204 38528
40238 40405
12271 17987
19736 28907
22514 46018
27044 41533
28372 44711
8573 9012
7878 45374
11798 25122
9382 20670
7476 13314
6421 45923
6444 17799
25502 32360
14296 24661
13504 34295
2873 14261
23140 43420
5146 8047
27782 36924
6265 20685
10113 39026
7027 43639
10458 36994
8545 25249
9663 18037
17060 40534
10878 31137
22356 34828
32639 43010
30475 37870
300 20563
4318 32145
3050 29964
947 36589
3234 18939
20180 39073
10420 19332
44135 44247
26864 36596
24596 28070
12214 46634
32341 39007
16458 39311
6605 19571
35590 43433
34840 38771
906 39567
10919 14707
12146 35738
1058 9601
15942 20146
3948 10711
1580 46866
5409 14418
20224 29330
35280 40359
23589 26761
1686 32740
1181 46568
1320 5033
33753 42421
13951 40194
7040 20034
9052 11601
28053 28072
22366 35650
11450 12249
13485 44336
23986 27336
259 19353
27512 46565
7770 42137
12328 33284
4288 24119
10483 42611
15289 33106
18474 23776
13711 33917
34889 37104
18002 23966
5153 10799
3192 45615
39052 41685
1578 37879
15426 47340
11412 42293
26255 46421
15141 25479
4395 37952
6166 6422
13668 20607
30255 43841
264 38921
25030 32983
19832 26200
11787 16691
19896 44120
445 37212
23828 25191
5162 13140
6553 37800
19796 34090
37101 46987
3891 23493
12688 36047
24106 25135
18687 42327
16149 42608
8356 8999
3217 3577
28988 42420
21026 46717
16637 36131
12043 39665
7533 43082
37077 40335
4159 37429
1694 28389
21535 33762
35633 36982
39614 39637
19052 19420
583 1467
2634 40503
27847 43390
16526 34987
2127 6929
9047 9647
27297 46895
11524 42079
3994 24156
41620 46261
325 35359
22768 37992
8675 36836
10778 43952
11855 40903
9311 25154
8379 12342
21394 43679
33547 33953
2179 25936
40631 41209
22935 25458
7126 38735
15674 27365
18119 19723
6275 13265
19416 24554
3726 28663
1404 43286
41175 42770
5628 38529
5085 14158
2161 23263
10 16076
40729 41902
9533 10048
7100 10345
13103 42408
23252 41730
1578 27759
7457 21879
23877 36305
15843 43924
29972 35877
24559 42526
37363 44596
18050 36898
32552 43177
12429 30012
30818 32141
16032 18721
26354 34967
41467 42366
8432 23599
24978 40608
24145 43825
14313 14574
10830 13135
7186 41364
24779 36234
1845 43163
14242 38493
34775 45140
14626 26590
22351 24043
22025 35170
26054 36553
4090 19625
40226 40476
7114 23933
26962 33695
11917 30372
10267 27897
45 25064
13816 27889
1836 14188
9286 9716
13327 23002
1155 34206
18212 42837
41524 45882
35466 38241
13761 29121
3671 35075
5297 28296
1744 30814
11014 33200
1190 14198
10792 27903
33967 44980
9403 46114
6032 12651
1831 36825
22989 30500
187 12473
16063 47215
10895 26311
29370 34630
12775 32446
326 739
19716 20203
5667 27987
10352 24571
3404 19805
7840 10989
11953 33011
9835 23298
10039 28955
22881 31317
9207 46360
16532 27664
6526 29559
6675 35509
1266 26062
41079 42741
13051 32879
16838 21705
4388 18635
11513 13649
8384 36874
18640 38537
1033 41517
124 41706
21549 22893
34798 46547
4663 17527
8664 42526
31112 45503
9788 20045
16 39894
18791 35673
6538 7288
5881 40724
14520 47185
21011 33016
105 10323
14688 32274
870 12075
380 37323
1225 37149
37978 40441
6836 22379
5367 15778
17362 32039
6723 45133
391 11848
38951 41176
25696 36955
618 46536
6728 18123
27888 43362
748 32996
3703 20006
23243 28649
29772 33431
27688 40298
31146 40926
34805 43530
475 23977
27867 41734
5272 10414
27969 30899
16110 29960
19479 28853
10766 20908
33986 43612
288 8286
28494 36382
17787 32568
8947 22596
3069 29640
23750 42601
11884 17860
31074 35546
41956 44087
15184 34117
15464 42802
21199 37924
2507 31068
2887 31289
24915 41062
8791 44687
57 5505
7744 19470
15191 46026
39437 42516
5468 35966
6390 31286
13735 30770
19392 34869
64 43078
2590 30140
29193 43307
26375 29241
10907 18645
17832 21707
3626 39333
6314 25033
22485 35749
23519 34316
9621 10216
1235 42293
17278 31886
19677 42558
11577 18066
5445 10476
8078 36096
9775 17449
13223 17389
7245 45140
10267 34126
39795 45206
13444 45092
1458 13641
10636 42102
692 15828
430 22998
12652 36232
6724 9224
15061 26681
18536 43528
20945 36421
17937 32057
23825 24011
2332 15336
38288 46577
23037 34518
37714 45524
29409 41568
26363 45580
24774 27543
25360 33302
9491 13502
6290 31189
25533 28534
16248 39611
11774 11948
22693 41282
4879 23812
22024 24908
11583 33291
7049 24044
6292 15205
6211 18249
26459 34334
12983 36530
3370 37942
21441 39230
9694 14211
7476 36539
25951 45612
6606 11581
10966 42340
28184 37333
4933 17982
13087 41956
20666 43556
1606 32332
10281 33377
4689 24977
38036 44770
15231 43441
9146 20391
20995 39301
37786 39145
19704 45804
912 31362
5076 7306
28745 31334
5083 6033
421 12816
1534 22256
1872 36773
18606 46471
27665 38057
4524 26980
3169 31778
29435 33474
2205 32260
15450 29377
10072 15079
14570 34468
3733 43605
32885 39122
33674 43712
13220 37358
43293 43808
6156 39587
10515 19971
17398 38083
11170 28533
27868 32350
5772 40378
10871 23770
27160 36959
1852 34966
17883 47365
10039 42084
10632 18277
27127 44366
9286 16213
35680 37312
14471 30116
13114 15620
2128 36712
32823 39533
26738 44032
1463 31599
8967 20782
8708 38049
30590 37417
1856 40161
866 7931
16263 44136
22984 26265
18365 44264
18847 22316
8532 23456
2176 27492
4254 28916
10361 40391
9780 26116
23827 24675
13241 47229
19154 20746
19230 46405
10452 31649
1623 42969
14326 35373
11876 28119
23196 24054
19926 39692
24312 27349
13236 37436
9418 40437
16531 29964
1900 44940
26998 41461
31207 31700
204 22118
792 22288
333 9696
15423 26725
560 37214
17452 44280
4104 44032
5256 17183
20601 35293
3617 28638
13855 15200
37816 43012
4382 36806
13239 14702
18986 36222
1342 23859
5485 47221
16434 21521
24427 35004
1853 23028
12498 26718
2382 4124
24037 35758
28258 32238
36877 39767
16291 16490
30516 32317
19476 42623
23015 44371
38061 39968
8998 16415
6451 28476
4907 30369
29375 32348
5353 19344
4560 42339
16864 41642
10711 33175
2114 20709
3515 3986
18373 23698
716 18455
12160 44227
7203 46955
14975 35364
4091 27716
12420 30568
16629 20807
15791 23872
12212 31585
24436 39038
27543 41129
10543 15282
25117 37679
42254 42886
15358 30406
30834 42583
24107 31400
15767 26669
4437 16460
36757 36975
13772 32827
20358 35669
25339 37499
11106 40470
26488 36016
15139 43315
21118 32913
5329 7215
12427 43416
12920 17685
26787 27388
10828 39186
3753 36365
10667 12665
36572 45681
12972 21258
31324 39535
7228 46961
4836 18020
10641 14635
2737 7051
27013 27327
1572 41020
23494 28675
30329 45807
22020 36225
13271 32787
14399 43259
20783 33165
30127 41916
6549 23668
8756 23782
3244 9484
6070 38717
11893 37601
35137 41451
17686 19869
15646 44004
16635 31686
16232 30515
42747 43303
14609 29863
11679 18774
10013 25400
7028 14604
31874 39197
8623 15682
14671 42792
38064 46765
3522 35627
7130 19984
797 4002
3954 47335
20364 32026
46469 46606
17744 40576
9561 43965
20198 26072
6423 19341
17383 25321
6162 46361
17789 26763
3411 32763
35570 39589
473 8981
953 9618
4740 42767
4784 22128
3482 7339
9894 23614
20180 42647
6311 23449
16942 27241
11675 28989
9163 28993
14467 33728
8126 25964
11667 28347
20297 37755
23155 26310
15995 45073
35733 45595
2717 45564
42873 43361
1151 37310
3631 24027
6845 17879
20962 31729
42 32715
4967 23309
24891 26465
1213 7047
8492 12327
6869 26759
19633 35846
18096 38910
10797 39579
870 30278
10401 43551
30437 41286
13607 18294
21457 35441
16044 42090
16035 46700
15045 20886
6689 38842
4620 20168
19353 21684
2359 37696
32345 36822
28153 45998
22283 31992
13033 37428
1553 37074
9861 10968
22745 40159
3517 7659
26609 28643
23484 46914
19365 40353
9659 34404
14172 33914
5088 26056
5426 41327
16398 31826
909 31495
22001 30966
2151 13207
22376 23673
13589 15779
18045 25897
13722 41972
10788 15680
20337 44054
12234 15881
20358 25683
4379 19301
13683 14101
19959 27105
18771 23907
7362 19821
2386 26471
10401 46129
13655 34684
24993 33642
31097 45600
32305 41314
3793 10694
19554 39070
29006 32048
24262 29407
8125 15269
16756 41117
2027 17843
29905 37745
8412 26818
1634 3804
3527 24696
11059 41002
18221 20622
9129 18508
37087 45536
417 24751
23767 27334
40696 46333
29065 43366
27329 36421
4394 27664
16044 24265
13580 18079
34664 41044
13711 44391
17750 21387
7263 25453
16035 38674
19996 35227
7071 35082
15086 16833
690 11704
6799 7764
6659 19273
19416 40021
13002 14251
10349 12330
36693 42764
13340 20662
14416 41332
12405 32462
6283 40866
10375 29766
6437 15669
17566 39363
45935 46485
20320 20398
11897 37132
18164 19283
25298 41178
24320 45926
29635 40462
19081 36890
25343 46024
6318 17825
20275 26290
30229 44584
12686 42661
14362 40695
15491 20278
2472 35747
3622 12235
16013 16418
572 18757
10370 40510
15384 27736
1639 17464
33797 35177
15765 37227
32761 40509
22661 43523
25603 43103
9213 30771
7143 37536
29281 45949
1408 39408
17346 27295
1660 15308
7669 30412
24912 42431
4321 18810
3685 40291
11137 22868
17246 35170
8366 39385
22065 38924
20670 28108
13504 15535
15308 29030
21505 37015
17463 41062
40157 40308
40366 44619
23899 25651
15430 27680
19352 45216
16863 29928
14858 30672
5030 27958
6561 13745
10362 13049
14746 37786
13572 19210
12801 28223
9477 17207
9477 10791
1948 46461
34455 37755
2518 33782
39040 43557
14780 28887
21885 45880
14517 19617
24915 45307
2733 9992
22794 30415
13322 28834
1614 19231
43469 44093
21292 32534
8893 31681
21084 45602
7622 16205
32948 34053
38140 44963
28577 38568
20970 33422
19664 30003
3165 31499
5449 10922
3599 44034
16206 32758
7923 28561
18680 21912
382 8005
25467 30894
25618 31063
36111 40775
11061 39572
2332 21325
11339 38762
11675 28131
25733 30986
32823 46193
23696 30529
7242 36686
43505 45978
19717 35090
29314 43533
40203 45863
10849 23070
24251 45276
17125 23242
33854 38423
15821 24787
391 8067
4173 38620
31134 38663
21397 24733
34514 41852
25154 44676
13071 22152
23712 46846
1832 30555
38175 38867
9775 42231
33562 34989
549 39393
9503 28711
28630 35495
4614 36269
18667 44442
9145 9755
23030 47391
20557 27910
292 18045
1552 3561
40641 45284
29439 31877
19274 30332
3683 42526
6744 30686
16384 31851
10892 27819
21714 38561
44056 46215
22136 45609
11415 45307
31756 32536
24713 44502
17946 46752
14654 47325
6207 32174
19182 25266
31414 45604
14186 38589
10965 39594
22456 45964
4190 37230
26359 44764
8333 29101
5524 5699
12671 15778
15922 24973
20584 43827
522 548
25811 41926
25703 30315
29169 45356
4451 42640
9408 43884
37565 38318
17383 19820
1239 17343
35303 46576
12329 16199
8743 18769
27875 32313
19623 29681
9378 33280
11940 31141
15843 45217
40062 44048
1737 24386
1072 47381
20085 25016
10663 26962
32054 40056
23262 35982
8795 11762
18542 36179
20532 46646
14951 27293
9015 17363
2797 12473
3809 29186
1623 38220
4578 25984
1122 9187
7320 26442
13195 41546
6391 17311
25865 40418
17618 38130
3793 8681
4071 6905
8374 13021
1065 12036
18565 41616
17014 17455
22684 35345
29349 36790
11091 20592
7919 42427
28721 30805
719 18946
3831 24599
440 23503
13592 20429
4366 25697
2637 15759
13765 30937
30221 33686
37991 42990
15270 46994
11129 34066
7511 18631
5794 20596
23505 34935
2881 8922
19749 21818
24602 41398
12489 32995
33519 38004
3433 28094
14753 24783
27354 38602
11886 28006
3393 28695
32114 40995
35128 46305
2355 22812
26651 34695
16873 24928
9079 15038
13089 33175
7972 30518
7164 13046
7915 27732
40046 45342
24804 40162
18950 20273
12702 31948
7933 8309
18889 19997
161 44975
16827 26623
31699 42069
8663 26844
4069 23208
2067 43471
23297 36460
9416 18191
6633 35637
16444 20442
16591 29537
2473 38874
18800 45939
8618 36119
7396 40507
2452 13861
1426 26297
6231 19765
26268 43012
24308 41809
9943 38245
5536 11804
14008 39285
27533 34507
3667 39012
13912 24301
3534 8123
12987 43205
3134 17049
25308 35507
15162 29286
23274 37765
4302 15808
23100 34202
7976 23416
21562 25552
13446 15611
12284 24214
20816 33841
15104 20421
16633 31237
891 1413
19331 38758
1968 17023
5187 15191
20604 32615
25676 27393
5006 46112
21347 24028
35510 38223
30739 33759
25874 41903
10758 17237
5793 45179
10355 13814
10791 35844
8285 9999
24196 28520
1867 5987
2044 5125
17587 18524
14498 21900
19535 35905
341 21483
15685 16737
17143 42427
5577 44773
5910 21039
15489 35292
17128 46468
26779 26854
31026 44904
9559 31034
40491 41150
22990 24369
22333 44781
16187 45621
4722 25950
15246 37227
4983 28169
19215 44975
22830 26339
9349 15359
36073 45260
1672 4556
26932 41032
3868 29421
36226 39840
3546 18790
33674 44387
21806 34125
3963 6835
17756 23005
3186 38634
12180 26627
24853 36350
13987 43803
4494 45317
17746 41161
17990 39801
5747 33826
30386 42076
27456 37403
15855 20315
9913 29064
8487 12711
13867 21228
26894 41837
19938 30794
5866 15963
21192 37241
23780 25935
18091 35130
151 25657
1733 38551
12079 21448
12470 38043
5746 21681
12658 31863
43251 43267
3559 44076
3478 42202
3118 10368
5405 28935
8704 16509
8211 22992
22639 36704
5334 23807
12240 20211
3520 17703
38961 43425
19011 32632
14994 17488
18006 26697
7582 41665
15551 35314
13207 43008
14491 28918
4491 33102
16043 22190
39070 42779
9182 46470
30187 30481
12557 36483
16489 28134
3825 19628
17907 39119
15999 27718
18932 40044
8727 37380
2370 24976
19396 38458
15077 46361
3906 28103
22912 36058
14185 33133
11860 34461
35850 36438
26674 37851
5463 31518
7354 27262
19955 28249
3861 21163
14702 21759
16840 36820
3322 29745
18566 27801
4381 31752
24414 29216
6747 27981
32862 44969
30149 38833
13303 36838
21628 43890
11940 37049
2863 13366
7458 13440
46345 47135
36042 47346
309 39717
6714 45187
8451 21243
37137 42594
284 4197
38107 43620
28746 30758
21551 42330
3080 21887
33547 37316
11742 38912
18148 34993
13038 27091
7611 30836
13120 35037
14141 22257
12782 32763
443 40821
13486 24248
2206 15846
37196 37697
13429 17298
4042 47346
14522 41547
3865 30680
14061 28128
7978 45532
12083 43527
38755 45911
5358 16175
7252 19764
31282 36601
2115 7972
20533 29528
644 45806
6498 17208
31354 36827
30617 44670
19717 46877
7387 31077
23049 29084
7687 42858
28917 36601
17075 45465
3704 8050
11311 40745
21217 21650
18495 42755
1112 42245
547 13951
389 44102
9501 45148
29406 39394
20088 27168
510 7653
14526 42554
7149 16737
674 29941
32409 46797
35403 46567
13806 39232
2840 14024
15212 24573
3698 11803
26407 27387
6514 19380
13301 31368
19086 21881
15869 45259
4215 20431
8017 20869
4010 46040
7580 42745
7911 19130
20979 43712
20060 39241
36073 45207
5960 32942
32139 44061
586 32349
10904 18648
7936 15403
8799 22194
29452 40277
17757 38049
4499 20725
14553 29609
938 31461
13145 13835
17917 32295
11116 45484
9518 42445
1798 33258
6729 20449
22292 46366
28383 36397
6646 9834
30567 46915
9886 38118
4178 35959
38265 43484
32148 42810
18653 44764
174 41399
28932 31135
5215 6127
31187 36393
4432 37946
18171 25772
17780 26116
44553 45356
24286 42026
43262 45443
7332 27666
4053 15669
8325 12838
18092 28108
8488 24910
6924 35196
10395 30424
13736 29713
36967 38054
2068 11403
7498 46802
5140 23107
1709 27500
2909 12019
2342 18553
8201 36342
19750 29885
16084 16476
32607 44421
15280 34394
383 2676
16668 41787
4177 32300
2273 2359
10270 41625
7973 19337
10462 32935
645 8688
20434 24259
4252 25654
32494 39417
23201 31385
37450 42880
13214 46354
37400 41073
18343 43918
3506 12251
13844 27310
33709 39685
13925 15598
16252 37536
7530 21369
13294 22147
11921 17506
12701 43510
6171 32841
19949 36645
7764 37256
27466 37367
38207 47181
32218 35927
25831 44060
32543 33243
14789 22240
2724 16537
3264 14007
24536 33825
35927 46939
30017 42394
42957 43601
41 23984
15732 44451
844 34696
2342 19037
2868 31161
4297 44779
19244 38899
4337 33066
41817 46486
27763 45258
16017 35171
16503 46930
9078 20133
32704 43525
660 43627
8872 11397
23366 26860
19311 38027
15660 23206
3644 9286
10632 23250
16093 25717
8861 28362
17658 40916
3010 18570
10316 40949
356 31700
3068 17986
15502 25249
14902 21312
26162 29247
12990 47130
405 21012
14977 46746
20300 29065
11959 20726
3554 10682
35870 44287
9858 12902
9118 13092
33723 34590
9339 30996
35400 41894
12601 33964
39908 41060
30534 40768
29861 45398
8348 27211
23375 24478
13923 25993
32307 36668
12164 24514
6261 11526
8445 37320
5809 37820
16263 34772
8795 38638
9188 26289
837 2710
17838 22551
8301 43206
38786 42245
39763 43688
28543 38535
13032 44107
16587 25420
2981 22662
42296 45692
25736 33703
37241 37497
20839 26094
1096 38225
16997 40752
21526 30407
999 13217
27770 28412
12936 44749
8760 34456
11575 19931
3700 6669
9087 13913
18050 44664
3499 27324
14992 30357
10752 41771
7833 39142
9368 20167
18185 45239
22837 39431
28716 42411
26887 31303
24120 34730
6154 31950
26497 38473
898 37994
7899 32972
18612 47154
9721 13273
453 27929
18336 32172
35189 37620
9316 31654
13687 14307
18763 44290
11235 20024
15484 25877
10627 13725
27687 39623
24483 46459
13790 22541
20820 43332
1293 39812
5000 22485
4588 25924
9503 42218
13125 35141
20561 45323
4472 38581
34702 38791
4569 6434
22298 40038
1522 9312
3654 28500
12594 26056
16069 32515
17593 43741
3279 17511
32841 32871
6831 37022
1082 33334
615 20127
18765 24714
6447 23261
5700 22280
7981 32731
15696 35158
3622 34065
4019 44089
35307 43452
18910 34113
12992 39284
1688 41630
10272 29725
437 31502
39755 41786
11361 28191
18907 20983
11110 40623
36141 41584
31951 34591
4143 29199
22646 24290
13490 35215
20722 22744
7232 42038
44998 47184
13302 35918
31132 34673
10892 20923
32857 40705
3452 13251
22542 29013
22354 36132
35802 46440
3660 32613
31564 37713
2362 44361
14826 41667
35300 46953
24017 28454
36850 45814
3466 41415
12587 27463
25166 28691
16769 36258
7377 24083
16731 39938
20067 38883
27603 35683
4652 36781
36959 43505
10495 14440
12472 13368
5548 19576
8116 34221
12244 18614
2569 23312
3696 10736
33574 36158
20766 32626
25237 41524
11404 24989
23485 36298
13905 37658
9005 30532
9417 10097
25557 27916
24422 28516
16991 27568
5920 37999
6172 16343
9768 18433
6929 10872
34749 42662
29785 37995
851 5962
16561 41166
2631 43946
14163 25242
6871 27082
3401 14551
3228 33090
23480 28383
24772 31904
9209 41450
24323 29826
9238 31800
955 2528
27514 36526
26139 42392
19796 21750
26745 35786
9736 21719
24681 41585
6574 36136
166 45644
22152 29342
20560 31945
20253 41624
9791 24809
21552 32730
3042 31772
20206 37082
37833 43614
5279 15321
2783 27347
3395 30355
4961 45190
23779 28773
10611 35286
3825 33322
16777 41706
5934 29895
10285 37745
37628 45252
13386 27778
10130 34424
12675 25700
6481 17232
20738 44648
10696 22003
21846 42602
9530 36122
11897 19929
33255 34795
38275 46941
5377 11668
34529 45092
31482 33418
2164 21424
5764 46079
12715 39220
6573 24526
44184 45599
11032 40769
11954 40061
11625 41283
11384 42160
118 2919
13350 15824
15398 44955
23792 27291
11924 28518
21796 42084
25968 46027
14897 25721
12917 45743
19075 40968
4376 39036
7050 25996
6699 8019
8093 32196
1674 25330
4385 37055
38173 39817
850 2437
21220 32475
25903 41064
4275 13505
29934 45526
35373 36156
8638 45501
17441 32960
9151 39835
29022 30333
12855 21456
2860 17848
39762 44648
22706 45287
11791 24740
353 47243
13837 40212
993 37023
7983 9181
28701 34829
1624 28195
4901 46747
14618 41716
8872 23050
10168 10475
7665 36606
19851 43767
12770 16780
6604 43571
9562 26880
24150 38595
45571 45704
16940 24060
5604 44396
16512 37354
7011 35035
34072 38692
6463 39367
15056 27016
26542 30568
19947 32336
2393 40612
12778 45129
22446 31346
16472 28506
7353 26289
16275 37791
23707 42347
7244 12009
20047 46688
10303 13120
26471 45038
14313 43308
11720 31050
13517 14327
8336 13375
30274 44388
22189 40176
5401 6106
12697 30803
37154 39571
3456 45562
16226 46358
1099 4564
43158 47161
19315 23734
9286 18852
4592 20462
13285 47188
25909 28911
6648 40594
8856 29067
8510 34846
17966 39866
8659 40796
6600 33198
16338 37150
19970 24345
31723 37131
4110 16931
31146 35807
20058 30581
24953 27941
6270 10059
22439 27118
13531 27565
21819 27410
21845 22215
2158 27108
36969 44490
10799 40812
24196 25491
14886 30122
39556 46353
3236 45572
14948 47215
31563 45113
16220 21222
7933 34811
11604 42902
13975 37031
5663 26212
37818 41964
27405 39563
10574 19352
20667 42716
18628 38214
19662 33775
26260 36442
17774 35858
4230 13010
12527 39736
20375 28729
28368 42212
7334 41433
367 43595
1096 16643
17666 18770
10286 14347
10447 29756
19345 38390
5624 28512
8612 43743
31144 47357
18455 45991
451 3292
11000 35567
21071 25399
34532 42328
20618 39417
36086 37181
7044 34662
16650 22445
18835 30182
20920 32585
11031 13188
11296 44196
36205 44228
22198 27540
21195 28848
9068 27929
1793 36354
24783 34430
17531 27563
6 13414
12429 29378
18499 47387
16219 38100
572 31703
3435 35154
497 45115
8689 38082
11906 42785
18029 21050
35139 42339
26209 29441
7413 37511
790 2734
11702 29399
19556 22344
25150 47032
7496 29817
8244 21574
3623 17835
1358 19406
9162 25820
1472 3478
23390 41164
40200 45976
881 9426
5221 27667
12358 22506
2645 25966
28064 41561
8203 38165
24977 28014
19249 35783
11923 28213
1243 26222
5685 39852
13220 42843
24204 45999
6213 10143
874 12769
17309 45031
4996 16595
7307 38000
40285 40957
20217 30697
19382 39695
8214 28124
10174 32710
11138 15232
43654 43987
21270 25719
4841 45704
22131 40573
18421 40633
10343 42318
2699 7489
4686 40848
15995 20409
30386 43853
5938 38554
28009 44991
36256 38419
32302 40593
17860 31147
6855 24670
6930 37087
6565 36208
4668 13854
4151 38999
27850 35320
20393 39567
5443 33098
16045 31234
17976 27535
7296 14964
16476 28976
5241 18627
19897 45752
24763 40462
20226 37360
6438 22288
122 9885
24131 39431
43189 44166
33125 41919
34849 45097
32108 34661
31982 42658
838 38321
19621 44541
18363 47020
21920 22552
6327 6592
15661 39730
5518 44360
11965 36278
6690 29275
36615 46407
7017 12896
18778 31205
2391 35386
34228 42161
2226 16825
9177 25272
14896 15697
8604 15022
17251 19681
19231 20570
24521 43157
12813 15060
18390 23337
25234 35859
11630 22594
13565 32600
29773 30174
13724 47182
19849 39049
5134 19645
21881 40128
13690 29104
35375 40201
35103 46683
15214 42959
17743 36708
2843 23186
1246 36587
12929 18776
8479 33578
29478 45690
3575 24798
15679 32149
31461 37428
3384 10708
20074 30657
615 17472
6085 42656
13393 18129
31338 33830
7304 46830
4132 37928
13449 27298
18077 33736
5544 10252
15558 41429
2165 28576
6136 36959
5509 11197
9563 31104
22548 36218
4846 10853
27627 38391
8868 19925
2947 23135
3407 45751
9749 31459
18669 19503
36684 43113
1822 26143
16191 45664
14720 31820
2429 9559
2334 12705
15611 31991
27901 31396
13046 15173
3455 5232
2071 17206
15133 21786
29829 45866
18419 19678
7098 11275
18446 23753
26830 30476
18388 46406
1800 38785
11685 22785
19620 34600
19823 32485
13654 45207
13833 40254
5175 43350
8702 35447
7045 37463
31159 34780
25893 42580
14630 38319
13362 24804
12709 46870
12849 21775
6276 27274
4781 21704
14529 32760
2089 38514
14740 43560
19992 27948
15093 36508
23455 35336
14769 29214
11267 43563
13456 35958
9015 25182
16124 37221
7532 12267
3823 43319
11116 15286
7097 41386
24139 45767
5570 14401
9233 11297
16304 24764
17327 28804
2184 29110
17259 34527
920 1973
29134 37100
9565 10723
17114 29450
38338 43562
2589 11079
10226 22483
15412 21335
6630 11533
2437 8995
41645 43270
334 38251
6229 24960
30545 42383
23032 30291
3840 31191
17672 21460
4103 34045
560 30835
6411 18026
418 42271
46201 46799
2970 39444
15135 20653
26443 38428
25332 27371
4616 38767
1381 46290
39786 40806
13993 28942
8507 9449
30381 46863
24889 26801
11305 23802
7741 40683
19566 42203
12137 17916
31695 42414
39366 46232
31875 34653
19457 46582
15283 39368
11531 21489
11565 27489
20520 43635
6429 21584
19385 20850
11771 33781
5496 23631
10501 30773
2955 18733
7701 37470
9423 43985
15996 32824
9986 30327
31102 45468
39345 44604
5353 20320
7544 32009
1757 2954
36741 43484
12977 26766
12367 29466
10017 16966
7642 25347
22762 38643
4400 36617
9216 29520
33481 35866
3361 20710
6308 28770
17624 30413
12732 33536
21416 23747
3205 27552
23113 40563
7201 41819
1618 35225
28539 43009
20940 27201
8611 46500
9085 31107
7697 10882
21355 45321
30292 39196
17268 18858
6842 8116
37310 42449
27086 33127
4570 6072
1692 33080
32331 40665
30485 40530
4437 37973
6518 8177
41435 43513
13785 14386
7433 40233
29496 36229
26427 26516
2741 27394
6996 29120
29293 39283
45385 45542
2982 16876
7671 46413
1801 33373
3246 33164
21424 30939
26257 26455
11660 15186
20671 40501
31944 39064
2719 14961
2777 11933
18119 24110
31239 44910
5023 32943
17387 32297
17169 18074
13618 33470
10249 31571
43323 45378
149 30421
36361 41468
10769 46132
17290 35747
2312 33646
39822 43333
4004 43702
10681 15925
35136 40862
15322 39564
1514 43465
469 38131
18967 20770
32356 36133
29894 37190
511 16665
6301 32405
1930 6375
5789 7347
31725 37956
6409 25522
30164 40434
8950 28922
8705 41169
3281 16138
20008 20693
35506 43963
7488 46840
6828 19440
9396 39747
19272 41943
11472 46760
3066 22750
1442 21496
32051 43202
15144 47347
12763 39698
10029 35903
26771 39992
5261 40947
11209 35396
2422 42808
21734 35786
5130 10693
6928 34731
40535 42585
6255 20867
42988 46138
22156 33974
15036 26472
4597 32272
26971 29850
28449 29589
2180 4964
29684 34296
5342 46389
34098 37742
21657 30062
3342 16740
29540 40933
33480 46997
18575 24995
18852 27747
2286 30465
10624 21537
12530 37029
12706 18007
13677 37163
27705 33228
12406 22441
41238 46061
17847 18779
3641 38657
17833 23045
9217 44080
17861 43560
28472 34834
27204 32653
13417 24407
40150 42720
35214 35937
8172 25914
36896 44339
1010 39878
7343 17953
10417 40283
11427 37702
2193 29119
9693 10424
12537 13633
10262 21686
1764 22031
1188 8100
38543 38787
12896 39580
9256 17970
677 26994
23763 46500
27357 39819
3460 42759
16238 22505
1955 14779
7079 19169
22763 28077
9815 43224
29054 46277
34799 37923
22697 23293
9651 27517
13658 28387
7063 30155
9224 22754
22319 33698
4229 25190
25629 28012
32058 41258
34468 43421
31677 44010
36178 42005
8292 10881
43662 46751
20732 38338
7930 13683
17292 40733
36750 46368
2125 35727
23686 24157
5120 45521
10774 35551
4947 13513
11588 16062
14769 22074
30193 37259
2545 37252
17351 44696
567 42825
5230 33234
7378 33707
21137 37461
1170 33669
4521 44788
1953 2789
11095 20451
4245 33778
7045 9331
20497 39760
72 19060
27187 44645
8512 34925
12100 16186
31897 42198
5893 21254
22893 33515
1410 33664
12489 27258
7035 22764
8727 42434
10655 19778
2068 11383
8692 8855
15592 32798
115 34921
625 15021
18968 35464
22653 43453
2876 13929
4272 34769
22590 24445
26525 47104
8284 23151
19400 30398
12062 25477
4149 11923
10859 14831
5192 34365
5107 42171
9763 27437
19752 28756
13637 31915
2887 30683
37817 38897
16914 37635
148 9740
5300 30673
4674 24761
22514 34784
4105 43300
15053 33405
12562 23706
11812 41113
18120 45704
22635 40379
29488 41121
18012 31841
23364 37556
33460 35554
25746 46561
20814 24244
26639 43203
9989 31698
6041 16159
3480 32486
30019 37724
10654 29836
18475 35665
5078 13833
19755 41835
26381 39380
10095 19292
28471 42881
33111 44418
24079 37659
11076 15192
18188 30912
10241 18528
9474 42744
3895 20054
252 26254
20219 27602
4779 19808
6897 11771
30851 44828
34700 41140
23367 28004
29225 40495
18798 38950
36234 37778
27643 42096
12979 29605
9446 44079
36495 42249
792 28635
31020 35188
21789 33696
11748 27491
13673 24509
37059 46936
6178 28649
28473 32350
8411 33956
17451 29464
20988 23969
10194 40158
2150 47089
21579 41406
34616 35376
6783 20128
16633 18629
13936 38101
26443 28873
10267 15561
10458 34754
24678 46073
17755 26842
14016 30890
22448 38593
17692 39325
24540 29335
4206 34417
24011 28991
6328 46501
15488 44555
4735 33226
32494 42109
6146 12495
5049 9415
20760 39394
25123 38179
42776 43680
7251 45614
7376 15515
30181 41195
2457 43610
13764 14208
2390 35972
634 4963
8607 12152
28208 40696
22702 40930
18616 30153
3255 15482
7918 8143
23983 45790
6195 12737
8048 11599
10971 42428
6125 25739
14177 27559
6851 8123
18718 38916
23228 28329
10744 46586
7412 9853
481 13392
25525 25892
7102 31504
8434 29728
477 15902
10178 23170
32715 37516
33613 38666
14307 17587
28362 30559
19824 36955
19361 39143
22990 30793
2399 39417
9461 17113
27589 44572
14758 44062
2034 6458
22628 44148
38484 42960
28958 46246
565 45119
6651 30642
19550 39954
24969 41229
810 31337
16476 30806
41016 41329
41897 43064
35441 45176
5798 12646
14054 32955
12202 43363
31183 43906
10369 34765
5699 40933
3024 24701
18798 30119
3397 27161
16237 28696
16479 41061
26820 38890
10927 29808
18416 41314
8580 31377
3110 14272
24833 28135
12380 45705
5753 25304
5218 15346
15542 38643
7057 11866
15977 38571
5579 5711
17048 43813
39697 41596
12816 13963
16019 26150
16240 44808
2319 36000
22814 42163
32267 37086
21954 22057
28183 45795
23058 29691
6577 15551
6736 32577
5454 24082
2356 8713
36127 38633
19027 26168
23198 28166
7301 42562
13591 47328
8764 20301
31774 35059
6444 29143
32974 38991
25479 46164
35992 36903
1877 20914
8771 28827
14274 43571
15233 29913
12895 22900
41397 42444
11541 19255
27398 42613
10769 39155
9377 32020
16577 39451
17559 38794
10540 13439
14484 35652
21119 28587
1114 20339
6394 37485
2400 4043
7088 21866
8960 16806
13513 38346
7192 32015
1300 5418
15316 35401
6911 32527
23587 29415
17997 24094
1180 16613
9257 28289
13828 44773
11939 14174
8998 23864
21346 45316
8623 28124
10022 20400
7663 16482
7731 31892
295 16048
9289 41948
9774 43683
15444 20660
20084 28613
2891 35370
15855 38661
10030 19702
12208 22296
14220 34774
3237 41642
7645 8147
24395 33065
19814 38524
20902 24522
37659 46447
3010 7893
8167 32580
43340 44716
29653 34422
1382 33470
6749 29859
5153 46868
3073 31223
2785 5681
39768 47342
21679 37746
5992 41372
4501 23678
11654 32983
23894 36997
3191 17107
30520 35296
2500 38127
1459 7652
41004 43010
5212 47044
9338 45916
6719 14532
17879 38293
13626 24370
5665 16252
39807 40480
7749 38432
2755 14675
28332 31610
197 748
16776 38616
22239 24914
16492 26025
31749 42036
2777 8957
22912 29329
25603 25880
21502 40836
6959 40383
7762 38263
6288 23182
11748 13935
10501 18266
5334 17212
3932 7669
35477 37425
15205 39975
661 31942
36777 42527
6196 30948
3697 3830
10320 16353
5176 41886
29560 39064
7691 46317
28015 34131
9409 22131
7386 43237
11720 41284
13950 47074
8788 27116
17835 23603
9973 34712
33773 46391
31330 37864
8686 16259
14210 29628
6991 41368
9112 11937
21390 43762
3412 36249
8590 13518
6702 28433
23062 35638
21264 36483
21513 37187
12969 20383
33589 41736
4788 38340
19815 45029
22327 36357
25624 26302
15161 28510
12335 32296
1187 36845
27472 32175
9029 17887
3153 16144
40480 43874
6831 25406
30760 42191
8779 18678
15200 15791
23652 46592
2807 6839
5209 34024
14605 21997
2524 46151
40146 45691
6189 29322
44595 45940
36044 40797
8421 15937
38430 40122
25705 32683
13152 40223
7269 8262
10020 46181
24919 27021
27518 46641
37341 42595
30125 41801
9235 13417
15304 22156
8767 33728
27958 31637
5352 21658
23082 29069
12130 37502
9748 14167
23667 25558
1221 6412
2663 37985
3712 3841
19965 27953
31043 40570
30135 32316
30594 35082
27614 32766
17705 21762
19285 37993
26097 32510
10665 34965
13920 24122
2553 42893
16630 20161
11840 19619
31309 35966
1523 19932
17516 38455
12350 41009
19064 30827
32023 44354
4950 28794
41255 42284
30230 32711
29562 38439
3016 19390
5373 45112
16643 46410
36677 45008
14415 34839
18162 35570
1237 36692
8244 11271
18895 31957
33942 44186
33380 40541
30654 37553
9935 28272
13734 22777
32756 44097
19530 34390
39238 41863
8226 44061
2739 37175
10466 45843
16674 39465
8425 11467
9010 45863
14809 32110
15466 30919
10314 35623
8179 17827
20143 38939
8298 8659
18901 20983
34652 37529
610 44272
14247 46343
2888 37648
26087 30236
13177 32843
11330 37933
4773 26407
19612 46069
38590 40487
18527 23401
25964 42853
11460 25359
9033 44692
25996 41610
24940 30452
19368 46648
5523 28790
20292 32215
5497 37957
3719 6435
9095 19906
4489 10783
3941 34363
20372 44252
1182 10324
7995 20527
34363 45131
28293 32003
43043 46520
4292 7236
14061 19923
29812 36469
18802 32092
2716 4710
28721 34924
3057 25914
3860 47206
31374 36845
28341 31485
17051 34446
4155 28815
5162 16137
25235 42047
14662 40677
18468 33909
7733 34463
32762 38761
41299 42316
42298 43518
13147 30698
43359 46352
5745 20100
535 36877
9922 39848
4586 10692
41183 45524
3677 17297
10576 25554
9425 19794
27034 42716
11511 42801
31425 41105
19113 29109
24383 24626
1219 22233
17339 17708
17430 23488
7206 30408
8856 27221
27014 35833
357 40927
30780 38334
8939 13111
16019 44569
16822 17566
14014 20992
11475 37078
29664 46531
12414 22953
35135 44024
23777 45353
2705 46534
1840 38916
131 9443
1778 38038
6594 20553
13600 15875
32121 35681
42196 44880
6322 42496
18767 32390
27608 45216
13144 22425
29265 34340
20953 30903
10075 46455
11312 36683
45444 45671
12157 25929
17402 42327
31165 41127
5559 14594
30190 30897
21303 29969
4177 6457
18514 45880
21819 30236
44 9797
9798 39357
21052 22372
27008 42568
3711 7566
14995 35335
8344 14348
8541 29414
4103 35151
14564 21004
2271 5086
7279 10991
155 25247
14401 31563
11386 45276
14206 31095
1141 45657
3536 42624
14174 31557
3273 11662
755 28625
14068 40960
10030 24939
11823 35801
5841 22520
9460 9510
19376 40152
27418 36558
29280 30810
3228 4722
1691 7786
15570 29392
7121 8688
23042 34313
3263 11324
12908 21501
12034 24909
13404 34914
2371 46391
18423 24204
506 33374
775 7935
41685 46353
17005 35069
9663 41518
428 14243
11221 45158
1899 37886
4636 44416
10722 41273
2017 6616
13 29462
32125 47022
22408 24699
2696 44057
26368 36865
15024 43754
204 5086
9129 18549
20200 36411
6707 33530
9226 30001
17071 46804
40087 44603
30951 36555
6341 13959
589 13006
3185 16113
2093 40761
40678 44290
408 5266
36819 36902
24102 46320
13946 26579
6536 23445
24447 30490
9018 46452
10459 18016
12896 37840
1225 12843
15107 36410
36188 46834
42769 42916
9106 39856
30926 42510
32168 43470
44533 46432
21333 38158
22210 44847
34478 40329
12775 21456
14285 36194
21527 26131
679 14188
22512 38769
15777 41466
41687 43527
25481 33756
24656 41752
4766 41590
16269 20236
29392 44717
4873 14103
39061 43402
7970 38137
6489 28301
13760 24830
2987 39644
2781 20328
1680 43170
7235 20951
21195 33097
15022 18528
2148 23798
8722 21153
12796 19835
7658 24437
15501 32499
6595 41155
8620 39343
38430 47103
11794 37960
37606 39486
16318 16691
28733 34292
3725 18039
33569 43877
15898 45152
16300 17805
6239 28661
14955 36123
32933 45356
9213 41550
12954 19081
16305 44752
20286 43435
6224 37428
17039 40775
25235 45727
21559 22016
31147 35823
39254 39794
23317 24024
9918 35300
23080 34634
40652 45431
17174 18719
9113 19065
23178 39895
26748 32628
14111 29732
32355 43780
25827 37910
26480 32813
24512 24579
10923 21236
28701 46596
1591 6079
30325 32574
23788 44146
7877 23935
35331 42570
9723 46701
10473 32677
7058 19853
9022 41177
18989 34601
14336 28106
8286 32626
7650 8064
8927 41290
5534 45221
16677 17108
31189 42599
38176 40123
2658 34368
8600 44278
13225 40619
24364 44844
37172 41206
29940 43851
27660 42670
5888 28164
4347 46570
6831 17945
28709 31157
10110 20328
2 12901
3546 4413
41464 44662
15761 22892
26108 37505
14600 16444
219 20483
10482 19153
3874 41627
32089 44145
3623 9736
462 17208
6306 19413
16987 33148
7007 7217
2385 46610
7411 43487
1012 8226
6866 24705
11395 18332
26645 37336
11254 35066
14616 35986
21590 21971
8467 30701
13474 14504
38063 39441
12195 13662
4335 7848
665 17917
42238 43093
2737 41026
21691 30132
20309 34265
12986 22270
10632 21140
23329 41837
42876 44289
2195 35724
17776 30167
2988 13668
38351 44395
14159 15896
7622 14636
15089 19967
920 13309
18971 43554
32560 40481
41063 44452
7195 44370
7749 45710
7758 27514
7825 10242
20396 34018
30462 33305
1818 32367
17296 30065
14033 44430
8489 33038
11066 23071
21458 26315
2596 41679
8537 45537
27561 46716
19950 34281
5145 13449
13492 35566
16747 42281
14622 31589
9011 16531
39245 47250
17105 34792
926 42120
16244 40125
32550 38988
32143 46743
10561 19529
4653 12613
9798 26151
12836 31855
31473 36560
22140 40241
22207 45435
16335 30794
11479 46406
10233 26264
7725 43915
32104 40749
23166 28744
11522 31931
22561 38204
33127 34431
26824 43955
7639 12091
7885 42857
24766 32795
9197 15731
18934 37740
11773 31957
13887 35290
271 16538
1748 36054
11351 19402
11009 17975
3978 28258
34325 36223
17107 19538
11634 46293
20227 29970
35479 44883
11194 20357
31430 41535
7904 12897
36782 47250
2153 25378
10818 14593
1914 43297
40826 45723
36201 42774
13690 23233
8149 38742
11256 40833
10634 26557
28068 41554
3643 21155
24231 27509
15132 41974
11491 41639
16866 36980
26563 30543
16568 22239
13761 45515
37492 47009
10457 25325
23788 27878
30226 40621
18522 26818
6231 32638
10133 38410
26637 34814
7443 13976
10066 30772
9150 38650
17791 37859
1185 14383
7718 10239
8190 31926
636 2275
4353 24297
16693 25509
15714 16069
35682 38021
10814 45160
2713 12896
32882 39056
26755 35974
27388 44023
13971 24922
25872 28716
16161 22423
1085 30367
13965 22633
18195 45240
5660 18677
13011 25523
20965 23802
4133 42616
8258 21830
17530 20125
10673 28309
7376 36674
5334 28491
33963 42892
1219 37887
14105 18856
16580 43136
35100 35922
10527 29423
11845 25497
1705 37780
13339 44428
7458 40621
13926 31164
39665 46175
2949 20319
28577 46611
34854 44002
5052 44993
13603 41276
22355 44231
39146 44829
27239 46128
7014 24550
13203 15678
25568 27500
3759 34804
12399 14163
35959 45603
19827 25393
10331 27390
2440 3072
4419 17322
15519 42530
15572 25360
5077 11815
14993 15130
3534 5265
12385 35583
16285 37310
12559 19898
17374 35022
1301 22397
18871 28395
27745 43613
28198 33759
35775 40948
4666 14166
2481 3231
23763 35071
36328 38653
16194 25299
22229 41624
19744 28899
34026 41096
5059 23667
8249 43728
16069 33117
22568 29389
467 32909
5659 37403
3826 7894
5261 44712
2486 22614
16626 17200
4383 18550
9414 20497
34132 35456
12289 30344
18696 35695
18388 20266
18123 46386
15238 25618
37634 42957
3216 40553
21400 41718
16412 45133
4262 41012
13927 29964
31344 39884
7149 38441
36583 37054
24392 44044
1579 43386
25853 31536
8301 28561
15469 28375
24959 28815
29244 47157
8896 21042
4584 22754
9757 37586
6667 35664
608 12337
13046 41411
42070 46542
11736 20345
5924 12171
10531 24148
18734 34997
14431 23431
21540 21884
25285 32368
16873 38903
11002 43920
7325 40710
33622 47381
7746 44150
20213 42693
3272 32702
1280 23882
40780 45726
6617 18931
4880 29289
28770 30096
6013 44831
7875 26251
35003 47345
1354 2304
23333 28400
7652 15067
11229 35574
41008 46465
29143 32714
9618 25857
15994 36059
20518 25370
28536 46265
38300 45022
3745 14963
6621 33171
25220 44000
8226 34937
18212 32575
10385 31627
9636 46061
9184 27470
28008 47085
112 10547
6012 33063
117 2031
3995 45878
12512 35195
26397 30952
8437 17629
20043 22229
36780 42778
13871 28072
33334 34805
7057 36892
7098 37647
29675 40280
21571 43962
10388 23415
7996 23521
14268 43923
403 26187
40023 44915
39579 47153
13951 41772
4698 29941
14221 36937
11951 41170
4188 46808
6889 39351
12769 16138
19695 39050
40921 43971
31465 34255
28908 32042
6200 22510
23081 37331
12047 32368
15426 32703
5565 44401
1431 15086
873 23426
6398 10602
4747 33566
19081 39537
19812 38295
2408 39914
11650 46668
12777 40700
14957 31851
22230 27517
4626 36430
2338 9532
28665 29409
17957 44618
3816 27930
31806 39220
32374 35540
27076 34757
8516 31238
17390 46456
26254 45680
12140 31377
9549 17502
10240 14387
36775 39131
1903 19753
40909 45034
18425 25596
6306 29456
10998 24767
18451 27948
13922 31877
10704 34119
19774 42833
6811 10905
13635 44652
4899 20508
20586 45929
4148 19785
19473 21967
3846 25836
11495 42727
26055 31483
33986 44088
5379 12450
323 27442
5638 17814
22062 23314
8542 41453
35085 37765
23415 25044
8630 25058
9329 39554
4018 26478
5714 38188
37372 45752
15532 21720
8685 24176
2077 7989
7485 36459
15236 39105
12287 12690
9889 32199
30434 31501
17463 20623
12445 27771
21737 44468
9836 27842
3534 21561
20511 45704
28880 29673
33590 47255
7339 11158
29094 40744
10389 41008
14603 31591
10062 40613
34957 40747
26203 36965
27985 45975
34685 40059
15561 37710
32487 43606
18046 47402
23404 38602
22910 38067
21942 22592
27280 39743
29652 45586
21414 38688
8866 34329
14936 34625
12226 38586
8386 14444
31281 36634
389 41378
15398 36376
7826 18951
8612 21580
13591 22583
9305 24018
27466 44979
545 30779
10804 44791
26453 39183
15360 39275
15489 34959
41939 45632
7950 15230
31120 38379
40119 45375
33349 33556
20711 43267
35207 43150
38918 41972
9832 35963
18365 19397
13067 17860
18028 38471
12205 13923
7310 36188
27069 37587
7133 28944
8163 42291
6211 17786
18281 40048
1794 5152
23710 25072
23446 35579
5653 42341
8235 10087
6556 43835
39746 44985
6926 36198
890 3995
22191 31159
2645 37977
5724 19361
38756 41802
21880 43540
1537 7189
21042 39997
21820 23295
1299 5331
25062 39574
8715 34294
13632 44999
9527 43971
3791 37135
3610 38255
14312 42479
2720 3223
28167 28945
1809 7503
2781 42345
24342 30775
9497 30738
23941 30431
16952 29828
16518 39924
26962 28052
2095 42017
22880 24564
11755 13821
2786 30796
31512 40434
36474 42022
21246 21279
17244 19275
7727 26811
20911 45906
21154 32078
18279 23140
4347 38117
20856 36585
37077 45698
28086 29895
3706 46422
5898 35890
3234 33780
222 16465
23387 32100
16627 18525
11242 30575
30806 43776
2167 43182
9788 22562
14490 25731
18542 23900
4853 19387
3821 46530
45194 46011
13789 29067
9668 25651
5184 28791
16861 36075
38411 41120
15748 17775
34162 45066
20004 28963
4193 36495
15439 26065
22284 43885
757 38100
29938 30383
14355 24001
2710 17164
2085 27692
43194 46348
11813 22820
7960 32216
4479 44436
13562 34164
7965 21448
2465 6221
4674 33011
15471 23509
24588 24899
28412 36430
14120 16375
27498 42691
8461 18804
6058 21195
26401 34134
7733 21448
16307 46762
4970 44242
13094 20301
17190 30076
9430 25432
8016 41169
16364 37847
8513 35559
16860 26185
7330 12548
21388 27481
22263 39759
12103 40278
14473 17001
15934 39202
6578 26684
3712 13136
13078 38615
19814 38772
8721 43028
17194 19241
14631 34741
1555 21595
22106 44097
26834 34901
26042 38873
14463 36096
2202 23099
30222 34009
27061 41481
12285 36885
14990 26164
610 7016
26730 43596
18269 28547
4260 27062
24744 42892
27041 43488
3212 35952
12062 12869
19380 30155
28793 36791
16724 18137
31358 34169
26315 29209
3545 22771
14972 46122
22114 41305
9818 12092
9324 15721
1281 38338
7177 47149
30551 46908
19798 25191
7839 39886
7671 18610
14119 30378
16026 19677
6415 33213
1093 3763
14267 47245
4982 6829
18874 27142
14354 29871
18679 25920
6808 34046
8820 15033
8804 29052
1484 4523
30448 36176
13044 45931
16312 23804
16873 19899
7175 28363
979 33812
16357 35066
10587 13562
11361 19372
6814 45353
10738 36362
8144 14080
14268 38556
8842 23278
37528 44629
10979 46782
2660 45372
3231 14636
9622 25870
17861 42792
26507 42345
9477 37789
28450 34307
11217 26948
7051 28677
2003 25625
4222 31226
23798 43498
14426 47251
23031 25835
10264 32692
34692 44694
13221 35778
8447 14239
41092 44902
4395 7210
12786 45649
20430 21071
33507 43487
16162 40051
11307 17392
7636 38348
5391 20946
23219 35870
25428 40783
4821 31181
1565 29721
14836 46718
22669 24291
18061 20757
37678 44172
726 15565
7126 31079
27944 46755
8107 23596
160 46675
11827 37965
15635 27860
27525 31495
10233 33355
6090 44867
12265 42513
2620 36308
7345 19459
3317 25094
14176 45517
6351 34062
22952 33782
22145 36722
37714 40954
252 40383
1961 27977
20921 38031
26048 39686
11036 31585
13359 16598
21049 44632
6099 31747
12086 38956
12023 25610
7085 22164
26496 28707
29548 34309
38777 39138
12500 43699
151 34265
20691 35475
19547 28442
24691 38372
7056 7813
29771 39427
20019 37297
11830 16520
2893 42078
18090 38790
23185 31108
23856 29061
4028 32783
27014 39785
33 40029
2215 37669
14125 33635
5961 26686
82 17290
4309 18658
32317 38633
27035 31213
8114 14671
9643 19071
5121 32307
38441 41417
27665 38964
28621 46700
12862 44034
11361 22434
17768 27785
27492 42419
36738 46663
18011 45448
32273 41717
33112 45670
13801 24247
25881 30258
24874 36520
2007 6764
484 5562
22707 45604
26179 35550
26163 45405
17088 22549
8998 11577
6407 10534
34346 37320
9425 31801
5844 11360
12070 31417
1977 25022
2783 39415
20186 30189
39236 40725
10914 28696
38724 39796
17581 45463
9135 33166
4653 25799
16454 25013
19203 41948
5783 11996
18369 47384
32588 43017
12053 46123
6453 28972
9751 30631
9204 21602
23579 33990
1647 27897
14722 18941
14409 42573
36494 45498
20652 24138
357 38008
11282 43213
7996 26827
3119 4409
5114 20882
215 27752
1329 42490
11660 20915
10902 40713
29219 41276
40091 45911
6168 45176
7352 34080
21733 31761
4679 15477
21951 39568
1384 3701
12790 33153
33219 45112
4669 45499
29031 36502
43158 44624
10171 46277
36221 36829
2343 24725
18591 42077
8191 19724
10765 18908
3868 36553
39430 45798
244 42803
24238 47151
17771 32889
599 4306
20663 30662
10854 21582
21925 24360
12865 44415
5879 43329
13051 27801
20820 39132
11296 41525
5695 6244
8572 47308
14238 36409
11968 47058
20948 35345
3058 23515
19826 35241
2640 46387
14258 31399
7493 13508
40468 41831
3290 30439
17669 23321
10839 46160
32312 38907
18441 26052
17814 38197
8204 11799
10814 46103
13753 33334
2054 4569
7980 9058
5475 35116
4672 18173
2041 23181
19013 46226
15712 15976
27378 33459
2713 8712
8850 45693
15118 44284
5989 26827
11674 26558
9088 25859
6660 9504
16486 40630
4956 44885
24390 40300
25498 34090
20579 33138
9694 38851
20921 24207
3613 8595
18424 35631
4575 39531
25149 43735
2093 11828
26419 33911
18170 37212
10746 31019
6724 11367
8837 40893
15092 23973
6380 36632
20258 31218
36400 41004
19530 28035
9598 38739
24572 35214
198 41198
16835 21916
1191 36758
27884 31883
24446 27935
4491 23214
8741 47197
19214 47397
23492 37241
33702 34587
27723 34409
17447 21891
14002 23942
18700 41699
22520 37081
12888 35245
440 16006
20651 28826
18601 45103
28350 30720
26346 29245
34874 37410
19970 28842
1639 32545
6938 30520
4917 12826
26237 40040
26084 39798
23576 46337
6675 37465
9355 16888
35955 44279
15432 36068
45696 46250
10464 36917
31599 45884
24583 30626
15531 33603
35849 40850
3067 34799
17071 21388
43441 46819
19876 44082
25088 33013
12376 36359
21412 40793
14502 43489
15350 45276
42234 45099
9030 10308
9851 39319
25680 40472
40597 44549
8813 28740
7610 37342
26581 33033
1577 46727
1681 32555
2664 8903
36088 36298
28008 30740
40570 47048
16243 37572
12269 23064
17977 35022
18517 36464
38089 44830
6355 37244
36769 40015
17465 23735
3945 40908
8845 40864
5690 24961
27935 29299
27460 32978
10779 24604
3087 37090
14040 40933
11463 16376
2364 17255
16880 27404
17575 29915
12141 42103
21493 21668
6990 20614
22944 27131
9294 25764
21631 26678
8338 21411
3359 7576
20225 26061
5102 29463
29967 37302
35462 39353
24118 46996
33266 43535
10650 15310
13621 14130
26079 32367
6127 31327
1424 33383
37444 42008
3114 24899
28191 32621
599 14052
28722 29813
5821 20640
42107 44468
11744 44106
7378 43303
1141 42335
16048 36834
5753 10333
27186 37424
16523 41264
27497 32590
3464 33949
6689 11186
17244 28192
4547 37296
7819 13625
3679 12411
2727 43455
13880 36998
22053 46692
22614 42787
3920 41520
25401 38292
8333 33444
12898 23318
27350 35172
3155 40899
13368 31346
15684 32184
25532 38748
15937 21518
2666 16764
194 2581
3673 4086
11655 25324
531 30267
13226 46165
17979 33084
18094 35286
29308 45320
15068 38452
14621 24177
5497 21616
3351 21189
31875 40492
6211 32448
14071 27682
2188 26157
9393 42068
16239 31251
17855 22064
20179 29933
28929 44361
1093 43337
265 9937
23562 38523
21347 42463
20408 23754
19505 19816
6006 6567
16464 28336
2930 27144
8993 19853
23558 44416
21738 35114
19856 21736
37280 44878
7455 20248
3241 12669
16118 47297
13533 18715
41123 44593
19197 44896
2953 3342
999 32913
11177 37137
14965 32981
11186 42326
8975 40750
29637 37227
731 7242
13133 38379
3088 43544
22689 30017
25121 47245
26369 31246
2603 7285
13016 34007
6116 7620
16857 17434
4384 19076
19438 36448
471 18807
28156 29461
33828 41008
5659 25811
1659 20662
24241 30809
1142 1484
6866 38269
1620 36922
10441 12155
21182 21969
36879 43914
10660 17154
33171 34443
13780 27586
27219 31924
39438 41477
12942 36286
20452 40001
3082 31590
2217 4724
8216 25556
2352 31744
6021 9961
6833 9839
35353 44484
13150 25096
13772 18434
29875 45231
4289 31216
20815 35515
4507 27911
22280 36712
38014 43263
15317 20334
29103 30607
16496 42637
27502 40102
12592 21920
27386 42371
2492 20770
37759 45373
18050 44091
34934 39962
18243 24484
9620 13803
8983 14680
2475 31154
2449 29933
3181 12886
36304 44305
772 9605
16797 18806
32756 34335
23611 24481
33489 40521
7373 19336
28609 33081
25164 40794
11760 45310
7450 35017
10128 24193
38277 44373
13481 23307
12823 27279
16510 25515
37373 40210
24483 26288
18069 44841
4404 37716
6626 9091
5629 20767
29603 31845
33666 45644
22973 30394
8019 28909
19518 44000
3069 9396
4350 20864
336 9401
8403 26805
8777 31153
9193 40665
14649 32962
17530 45098
13046 37658
1190 21741
19622 39812
812 10269
7413 31701
36762 46980
19936 41665
4828 27440
144 45044
25008 36443
6702 15101
22902 32971
4672 21450
18026 47372
13893 40913
16827 33462
1231 46066
39516 39534
18561 24496
12873 22804
20095 33966
25740 38994
1113 42812
22787 43951
7267 12254
22821 29949
9586 41656
330 15756
29274 40371
3006 35596
7762 28448
23320 45353
17963 21544
4733 27179
2948 39563
3887 47130
21656 29394
259 20427
12251 30755
24601 33409
16364 46361
8012 11068
4427 10076
8464 38704
11684 15597
16413 39837
5330 13290
1197 13247
16531 39304
19262 23388
20075 39706
30188 45033
21506 43571
28471 34920
1248 26017
2969 7956
12282 17394
18231 32447
604 17055
4233 4733
44947 45491
13050 19417
10874 45943
643 16229
7876 10776
31407 43730
17310 43364
6942 43180
17574 28915
30940 32186
13334 20115
26635 32625
23278 36967
367 22188
5324 23432
21044 38413
30945 46301
3189 37127
10871 12841
15853 23941
21579 26679
31557 40641
3816 5734
12186 18975
7135 34311
29368 37134
33182 37397
20312 32987
13445 20481
42144 44511
15374 39340
9371 18574
9292 11865
29724 34675
3057 26219
23771 26296
13213 30684
7457 42067
34594 36674
25046 41891
19824 41692
29177 41861
30022 32797
911 42007
2935 31891
3560 19111
7736 13374
34271 36398
12200 23545
12289 34914
3257 44185
404 12405
18497 19868
6255 19753
6384 15437
25366 46972
23617 45427
36869 43523
16129 37529
1575 20480
15425 23598
7032 19795
17866 23384
29124 39352
7828 39327
5515 10679
4789 42066
25512 45612
5248 14472
1664 9009
44337 46581
17672 36508
13807 43827
6806 33573
23454 41999
17703 22989
11185 24223
17425 33598
22087 45282
27945 47385
726 35972
7881 14613
24732 44309
7297 12872
512 26594
1825 7018
3174 46536
17178 38043
11800 19773
25545 30045
12785 36383
6771 8103
13283 46459
28108 28316
29487 29739
15883 21392
10389 22195
18556 30381
9167 24139
4589 17064
26997 29502
16735 34440
9106 31033
11197 22139
7394 20510
31760 37296
23883 32067
1654 5042
25562 27366
7597 45190
16159 29554
31439 47269
21001 24432
30749 39652
7127 42797
31588 46611
10158 10369
8721 14603
1405 47348
25951 47328
2481 30111
2592 46157
29669 33543
752 45248
20210 38805
40585 41668
1364 12823
11010 32462
34707 41542
25798 34439
22265 42497
27189 28517
1107 10134
1075 34762
18103 38491
4320 19067
9266 30510
11898 22694
32228 35428
4807 26510
27862 46703
24146 30733
17470 35545
6390 30237
30066 44856
12045 29537
28177 30499
18691 26768
8318 22076
5437 27845
6340 40673
29356 33554
32608 35834
15450 40892
28481 46159
1586 16376
7056 43280
9453 34658
2836 18917
14126 19339
6160 42176
34126 41738
16716 24883
14290 37648
2861 17634
5373 15378
35563 38443
20759 31045
29019 42428
22661 45829
579 10930
14208 41221
1931 43741
13625 18949
882 33562
8165 29916
16806 19299
4887 27943
8121 38477
33363 42102
217 24285
1588 31509
29242 42850
39852 43321
18267 44883
8320 9266
31226 42168
23881 32104
26554 41093
5477 22682
13184 41995
34113 42980
1635 8293
6885 29761
25923 34810
7282 39031
5911 23139
15778 29191
35500 45984
18078 36474
2905 14684
15013 37992
396 14205
19311 26960
8856 42615
15064 40401
6780 22016
16844 17847
12772 37705
1418 42940
14422 28102
8147 29094
11818 43601
7259 30352
23425 36560
14739 44024
3335 33866
38692 42147
3687 36011
7780 9271
38699 46509
12942 38274
14069 33060
28158 47306
12878 40733
36368 44050
4206 28847
22935 46882
14810 21394
15986 36818
4873 25146
5422 15754
31543 38037
25309 39030
11525 43325
21613 36544
11018 22583
34374 41950
4032 27913
17179 30911
1619 27896
35004 35149
25632 38902
4794 38035
1828 25037
9297 24025
27237 35972
7394 10524
33571 44228
1965 16640
6434 23957
18821 45926
30729 45229
10230 43828
30729 42785
15697 18756
18411 41332
7509 45156
8265 28695
8354 32150
31679 45788
14273 19253
257 13591
3587 34221
23241 31100
21529 34163
300 44028
5367 38462
11620 20715
715 12190
16056 35254
18484 36333
22358 45507
5375 25491
5088 26215
7169 38298
5952 9287
35305 44687
3075 45565
13890 47192
32333 35816
2864 44564
26011 38682
12747 32655
25851 27847
22132 39687
15277 46254
12150 21819
15471 47059
10545 34548
18628 42097
26926 42630
27282 35849
29665 31493
36502 38118
12698 43501
20632 34712
34172 46272
21032 35585
4905 19691
9048 20422
28791 35840
2546 11801
34034 36135
2300 24577
8144 41334
10082 20120
10541 19880
25046 40228
6402 13414
17434 21714
33261 34872
5264 13743
29409 44870
20908 34364
27909 34038
19969 26797
33774 41284
8132 40169
24725 38308
10175 20469
25809 36430
1939 14398
1675 7155
16923 38356
22429 26044
9638 21927
4881 10945
31536 36545
8292 42494
21836 29098
22052 42686
7678 12995
2670 35383
4811 18470
7370 44141
376 39030
13703 46537
6536 11670
27402 43632
20024 37592
13614 15728
4557 12137
12067 18104
187 39508
7399 14519
2215 7634
15875 32320
15398 26504
17258 19929
9566 37865
18924 23102
5759 29132
5731 6927
8598 19165
24127 32858
2331 34762
26580 33967
2672 40690
122 33232
20307 45585
14642 19179
14390 26283
16225 45507
23102 43425
29255 45476
10820 39185
26787 38582
41470 44707
18721 21588
31597 37332
16035 17275
1798 35588
12020 25589
14784 43556
9279 23821
38791 47200
28390 43870
14456 45188
12072 27442
3642 45449
27686 30693
23995 31749
10459 44282
23178 29275
6385 28604
8420 20532
6191 41570
4013 18974
30118 47140
25240 43745
7612 37742
13369 39039
14173 17896
24062 34849
4025 8596
16835 42002
7443 29073
7233 15465
24235 38941
39632 46853
25014 45095
13109 43811
33477 45695
29639 32768
46826 47107
20106 30911
8594 14804
356 12070
11812 36913
9692 31291
3987 23014
17804 39770
817 23018
15746 28610
1926 37412
19532 38903
30095 33169
31289 45392
29648 31137
37734 44619
13169 42899
16471 34154
3754 29020
41687 42974
14406 30683
22346 38678
1763 40050
723 42200
3481 35277
5929 37732
619 45260
29064 32779
25992 39542
30035 47239
7831 42902
14070 16589
3674 16609
20817 37846
13141 32341
7350 18628
8823 18023
43512 44864
18712 28560
7433 43014
3475 18651
430 1388
40438 42132
9633 33289
12567 20176
3695 30668
22973 45727
2209 7656
6968 42096
14468 36233
7722 24808
8835 34248
31894 32683
5304 30109
25119 27845
15102 26198
8894 21996
1921 45281
34906 40549
31429 33263
32217 38971
5973 29120
23667 30458
6760 30439
16527 46463
11851 21295
1322 45137
24374 44845
14311 21131
19400 35326
1020 11029
17408 22534
12208 25504
27101 31439
14284 39687
5468 35027
34302 41724
11902 34065
22445 36724
5138 33580
26953 36644
9344 38797
5276 6160
19473 22191
12758 47232
7459 40397
4266 30618
39889 41270
20367 44510
1263 13766
13000 28271
21945 32587
18442 30496
12164 12723
35869 36408
33525 39938
12118 30283
7902 43037
14221 14798
22852 23842
3363 27030
34816 40790
19400 33582
31777 41277
20337 25046
18146 40152
9925 26253
32634 41837
24828 34596
12405 38045
11628 19694
41000 44756
2806 19915
19242 30148
4223 32210
35413 36700
16354 41916
29332 45105
11852 25037
6932 8399
1393 40950
27467 29644
21205 41421
2879 42270
15556 38903
9956 25724
36937 44893
17894 43472
16906 18485
9393 37884
19783 35575
19533 26540
36948 42049
15486 31933
8575 11773
3072 5108
6293 45982
28695 39192
18626 37355
8764 24477
6942 24928
1926 36875
29759 41543
21552 33958
7645 31437
20967 34436
26426 43246
7335 34429
30826 47016
42075 46683
10154 26439
20312 33983
19865 22152
9266 23533
10066 28312
26249 36379
33785 41315
16175 34198
13376 21872
548 6576
25826 27416
12803 22010
18329 26380
6908 20971
10522 34190
42302 46847
14496 42282
5026 39084
29974 38290
15339 30701
17773 38176
673 25711
25251 26138
5233 37842
19966 46528
22413 30853
31681 45436
21984 39041
5287 38078
29332 35790
26220 26939
2479 39252
9945 28143
7496 30159
25064 45910
19839 32608
7948 37638
24682 36948
6137 10140
31113 42885
3053 13860
5843 34768
46893 47337
12098 38759
34847 41876
44888 46391
13011 27385
35276 39545
13870 41604
40461 42868
368 38415
20795 38250
39220 44762
31044 32326
14983 43847
17583 38028
10549 38214
12269 46346
26638 38540
20507 44384
8989 12247
19010 37987
1264 38179
19708 32101
4621 43828
25824 26134
26389 43848
19588 36880
14067 31164
5826 10197
30030 35323
17608 20715
6996 7339
8424 36762
17231 45840
20652 44334
17169 21018
27889 33927
8568 44805
29898 33302
8823 11554
6736 46231
10319 33564
22101 27278
18257 31310
13369 29671
14581 45506
2788 46907
14919 29286
31876 43163
18081 24668
1090 25702
13271 38935
4251 47277
9027 18150
17010 30945
3448 34121
20558 42578
12717 13651
29636 31208
9692 12124
2156 8908
9142 30905
11246 27134
11785 19306
38224 43588
1009 45900
27315 33409
20484 36398
9488 32481
18760 34940
23967 24281
11617 14245
7360 9440
4493 22085
20132 42362
3643 17219
19315 27056
25496 38480
22029 32636
13314 38608
34148 44237
21798 38365
35997 39947
1435 6465
27070 33204
17885 35063
32164 37163
32542 46383
8321 19398
10060 27580
27389 35401
25634 41046
44508 44910
13666 28860
6282 8480
31740 36835
36211 40815
6565 11020
30303 34653
21435 36219
39234 39825
28926 35720
13005 14067
21800 28238
22509 47394
5754 9300
36499 39003
10718 36790
12654 27581
38376 42423
22329 45706
36469 40292
27428 38897
29149 31978
1549 36149
11338 20441
14900 42360
18958 19598
17826 43127
2631 43243
1380 44449
14171 34980
32913 41199
29545 45160
12958 19482
6394 45446
8432 20676
17048 35104
26755 35771
14805 18529
43604 46173
12305 37761
8677 17474
16679 26347
12267 35025
38283 44652
9328 28546
15837 25506
34296 44434
2242 31016
7502 25091
976 15884
627 43057
918 35127
20474 30717
1889 13370
5601 35048
19494 37082
1181 18733
32849 34367
6647 15128
5861 36850
8028 12490
3514 28785
20892 21781
9957 40209
17476 24008
5378 42331
8138 33761
34925 46483
18414 36076
22467 41051
5971 21153
17996 37256
25611 27933
29922 34664
18674 42015
19690 24727
11904 27752
31779 44787
575 14735
4665 41469
31905 46589
17640 28145
25449 43039
17965 25461
8629 26427
27253 30116
9121 41384
14491 38071
7571 26493
25862 33005
4022 42716
3474 18001
21728 37463
22723 23462
26776 31655
34332 42131
14739 15168
17189 39361
5247 26144
1702 1950
11180 13145
23856 35217
4817 18454
8294 31375
22120 46739
3299 33811
2302 23822
14806 35988
7366 41902
9445 15443
8956 22634
28133 31225
23461 32594
10660 34959
11593 15916
25395 26722
9449 38193
12422 41812
8195 22886
42774 42951
14324 45262
42940 45872
2165 27092
13464 25156
1288 45478
12474 24417
1135 35622
4742 10709
2267 28308
1721 31747
3887 19994
5818 32510
214 25039
13059 40504
12310 42106
1950 3876
25605 25754
1870 16190
36022 41860
18632 46595
19800 46108
23227 46669
682 38097
17129 33967
31788 35534
18110 20068
13170 28627
7663 8257
5459 12578
11785 44328
18881 36160
5912 46266
23683 26913
10025 23965
15838 37437
14882 16869
3158 17875
29409 45866
32917 41885
14152 37934
11818 19551
27104 43874
2984 24111
4425 36800
10828 12396
14039 41440
13580 34510
12957 35285
3721 26067
20108 25858
21792 32081
17864 46965
374 19793
31992 36064
20148 30360
27265 45670
13260 36225
30498 33348
7193 33948
24591 30040
2887 43776
11616 28088
24898 43554
20060 24474
1352 28227
11435 17130
30059 44039
28815 42252
14538 38535
3599 13430
2700 25641
13902 35850
34814 37420
13804 20231
2042 10365
865 7356
14811 23768
21764 22462
19585 32475
33538 39478
3070 33438
40179 46945
27602 31268
36309 40896
17408 46698
10499 16785
29027 34564
35303 43596
820 23239
27640 28527
20081 36439
27510 41478
22627 44155
29652 37999
17112 44835
25008 38972
10427 11432
31989 41377
6824 37218
22497 31250
4490 22999
8243 8269
1725 9503
10169 22693
3515 33680
14504 37180
31570 45365
17084 43726
5699 37782
10341 18454
615 7157
6045 10311
32136 42743
2956 13687
15520 43654
18786 43358
1237 21433
25182 46830
5658 15500
16788 20171
256 808
3513 15675
3738 43120
18448 29191
14961 17245
1779 23860
12518 30595
4757 45728
20785 33535
20183 20635
2493 39418
34727 45075
836 7102
4531 18031
4234 38978
11090 43401
21852 43704
36728 43808
30563 44406
14720 41103
22472 28136
6154 23786
3534 11425
4944 20829
6281 12981
13473 17353
33463 37344
34674 36739
67 43673
30211 46583
24725 27090
4567 13150
22555 26077
33901 44336
2223 21598
32055 37785
24116 39814
17460 18483
5577 21122
3696 19458
1853 23004
7594 34910
39128 44128
9748 33700
33966 44172
15886 40324
9998 45926
26320 27764
30499 39294
26932 46078
1315 21608
14936 44676
13904 33912
9333 46475
17890 30495
14775 39066
9363 13106
13345 42027
2054 38162
21606 43432
3529 44019
4990 37927
18143 39427
19588 43190
2643 7416
6435 38657
9637 32714
19102 22736
35037 44095
28421 35372
14742 41935
1048 29908
11862 17569
7578 43960
17174 31055
12168 43690
16735 21559
3558 34934
19232 45598
3240 25957
27486 29617
3763 8736
6014 39724
4193 7566
6900 39551
1849 16014
6891 33581
30666 31432
15270 39960
22326 33117
8967 43068
4335 34976
29837 41938
16329 33299
16517 19764
6051 14881
11534 17861
1975 2540
7909 36718
40493 41441
38905 43816
35 9536
692 7591
16538 24963
47056 47305
9547 16151
8859 44824
19796 20807
36192 36337
2635 8598
24643 40350
15996 33247
15103 25271
5835 44653
19378 30093
10774 13046
17490 32176
15802 22801
4219 24978
17277 38484
1910 10035
14783 45453
28890 44063
9888 30565
41919 46251
25954 35603
26567 27724
17320 30425
4619 12238
31140 37084
20127 20920
3592 18787
5271 17496
15663 22992
13407 26369
1290 40478
7686 28701
6417 41379
4007 22412
187 31002
40403 41682
29330 31129
4512 31215
10193 31736
28752 41446
1707 31906
11133 42911
15608 40439
7490 40251
23967 30136
40865 46816
11180 33308
24077 41793
4764 19543
31 47054
9689 30863
14034 21929
5358 30081
536 36609
13296 28581
4158 29532
29672 42735
25062 44982
9696 32973
16325 40615
31278 40939
12474 37814
36629 41548
18609 38505
10000 14136
46965 47112
15505 27263
19273 22455
4461 15196
433 4589
43247 44086
25534 33838
11991 34812
13006 26159
27207 33264
6989 19273
36573 41774
2866 32026
1397 10873
14528 17310
35194 37318
20908 27631
18998 36371
8500 9511
16303 28532
1299 35598
4042 32339
9635 28509
13840 19538
28965 33178
26257 29106
14910 44557
707 36625
7214 39928
6317 41632
23392 45207
6382 46191
23730 28987
2518 40711
21532 28370
2354 33140
4990 22814
13156 20976
22686 28951
1881 4812
782 24317
18018 41581
13508 45752
16759 21177
22650 29644
16754 20833
23164 23449
11576 21118
1526 19523
13321 37416
24 6366
22560 44653
10326 13100
12846 15431
21018 30377
18093 23796
21805 35860
11804 16222
16446 22558
9031 38328
10090 15452
7107 36782
32017 39668
13102 18245
18128 40005
32806 35398
916 14467
18888 37249
3607 45727
1931 34861
16084 44958
23222 44341
29831 43225
12170 28249
16248 18005
28208 44071
7960 47207
5222 17821
41559 46310
30345 34586
37194 40282
25499 38808
4993 36428
4687 24078
18932 45253
10252 24424
1944 6399
35215 39968
94 11218
8454 16601
6055 14008
11854 42888
12493 19426
16917 38112
7345 12006
14265 33383
42743 42919
30353 46316
4227 21999
16720 44364
302 15489
7927 9328
33517 39300
15764 34349
8839 24871
9470 38509
1431 7877
18505 33673
2795 46175
24824 36925
21272 44741
1618 7703
22921 29086
29063 30948
15710 44851
262 13030
25744 41217
14872 26224
12726 25797
9890 24923
17054 25527
37798 45226
12093 31519
18196 27037
13139 22179
37271 37603
6375 24700
8631 45644
9277 27325
5950 41675
42675 42919
5591 12695
2082 23621
35362 42192
40968 41630
11884 25114
28778 30563
19956 36446
18094 42194
6494 28714
13131 16060
4630 37799
21900 22594
31567 39700
5894 33822
20083 35440
38040 40386
13672 26183
19256 40357
18768 26273
12078 30433
13701 16563
5963 23012
38656 45987
10984 41422
8573 44484
247 41149
25961 46304
16077 27251
8288 21869
15171 33565
6715 41491
11976 14099
9256 42447
42282 47138
22752 30515
33271 37284
37823 43138
8822 26879
10847 22815
4102 31240
30756 45096
5940 14518
10084 18103
7888 28701
536 37845
7024 40906
20195 30904
11 33301
33586 41617
39102 40573
15101 47105
2500 30280
14996 38421
7691 29476
43239 43741
18619 32700
43357 44928
32168 38896
3612 23253
20783 27290
7890 31756
3443 15338
16245 16581
31063 45754
1906 11986
2716 17453
19353 36078
8225 15238
10927 35545
23150 29756
28515 42314
19260 39270
6845 19225
5274 23459
8630 32670
13281 27226
13473 20980
5349 42477
39551 41846
12308 26841
21977 38358
4788 9606
3875 44550
38637 45074
9723 33133
1988 7608
144 33375
24980 42728
30907 46688
1435 40643
5727 15833
11645 18741
23036 42435
24400 41106
8987 43049
2900 34670
6714 28517
7898 21393
14964 25626
31833 43820
15698 30317
8329 26460
11667 16406
11075 18746
11791 15718
6545 7955
23388 35316
187 776
14530 33628
7004 18268
7838 24129
11336 25876
22853 35911
1992 46172
29205 40801
25354 44608
731 32138
9271 25788
5652 46934
18486 32439
7227 43573
408 10170
11577 29321
5111 22609
5496 26392
26139 37371
13218 28300
28047 36694
2886 12275
419 45233
17367 19397
15496 33727
37464 43449
34890 40855
40048 43321
934 10401
24190 28598
4366 16224
1349 32308
3975 20540
5144 16491
28478 28929
30943 37969
6041 43080
3272 37012
25932 29322
1665 22341
26797 30524
10045 44406
31330 44272
39008 45097
24762 43699
4748 33645
1401 41893
73 1562
21112 45695
11067 43498
25048 46133
9413 45977
7938 18428
3918 39230
7803 28591
7268 21831
3207 27326
7490 17514
10418 21360
20966 31533
31304 46592
16784 45369
17099 44441
461 26345
22694 28414
31308 40295
31198 38437
2634 18015
14746 38059
14284 18780
13156 39045
9744 37072
6762 36373
12296 18939
17357 31086
23335 46877
22594 34599
5485 23334
285 32720
15999 19371
3534 46006
9409 18285
14947 38722
9629 14087
17565 37424
21715 36882
14282 37551
9650 33623
11335 24795
11716 39948
3866 5805
19735 45792
235 15048
23501 44321
43105 44089
12848 23774
1860 26326
28625 31907
7290 21374
5467 32712
15747 45349
4593 16872
31767 33238
17024 24618
572 10654
20717 38884
7720 23587
9174 12352
11360 36529
21054 26411
20121 32622
18774 18814
20282 39895
6862 20523
11109 36129
11447 47236
8454 29409
3026 45549
38752 44837
9034 41769
18680 26507
17772 42574
13094 38301
30 24980
405 13523
14878 23036
5907 16745
17597 38786
13931 29349
28108 32862
35005 38040
29016 37174
10768 24293
1030 17897
1493 44194
11575 13247
14563 19618
500 30914
6420 41065
24674 30726
153 46082
4785 36424
12726 26362
14313 41320
3540 3675
16876 40315
12731 36505
15870 22104
16279 27227
20102 28542
8835 42067
14889 16755
16513 22735
2647 41715
7611 36960
11940 38635
29324 41999
4145 35690
26982 33524
3520 29222
37286 37887
37927 40135
31030 42504
35961 36111
28230 37123
9125 15576
4523 39406
10748 36607
3301 45514
12332 28636
1437 31187
31374 40220
11734 30407
18976 20344
2469 10837
15724 19784
5011 26513
25269 28791
7639 44619
19298 23778
612 17868
12710 35762
38231 38802
25492 42045
4132 17684
44722 47264
9805 32839
1005 17570
19332 23739
21395 32799
6311 16716
34699 41608
2662 44601
9062 9346
9554 22640
8829 29554
17436 18010
13985 43436
1043 33488
8354 25474
31137 36843
7359 34779
14277 39114
11204 16605
4077 24928
1149 10502
5729 11988
10212 17513
16832 25601
15125 16176
6459 8077
20527 26172
20286 23077
32706 41022
7439 45446
5937 25873
8964 15203
12089 38811
9924 42306
5456 30673
8157 42464
2804 38776
19043 31499
36546 40439
21333 24700
16353 38556
32834 38174
211 17658
7141 27480
25351 27422
33265 34196
35479 38699
8328 46668
28070 31094
2963 24661
7579 32028
2537 7291
7954 31151
19102 24350
14536 37257
4352 24328
4861 24205
23943 44078
22708 24095
14062 22290
2780 7399
1546 8020
19762 37578
22738 42404
32325 40525
15193 39634
30374 38122
24178 35435
22141 31568
9494 45889
25296 36359
6488 38188
14625 21622
8507 45421
24779 31868
9907 20394
11866 30794
5414 17564
24838 38864
12243 42795
15845 23954
17761 35970
20448 40885
16025 29025
11962 33885
11762 41933
28760 35462
30664 45401
32343 47116
19388 26383
1931 25924
6408 12945
6839 24243
7802 34678
38121 40595
35595 39947
8017 44631
18697 41926
4819 17512
5463 8192
25341 42494
8922 31676
28223 29191
32462 40772
17001 27183
12337 22808
11094 36707
22653 30938
16250 39292
2430 37514
9417 41454
2890 22223
14671 46826
2398 13093
27720 46283
16771 21244
23181 30276
7914 28072
2201 36873
21004 28284
27805 39416
26196 43166
30189 47336
4950 47392
37044 42489
6116 20249
12992 39634
18959 26219
16130 32178
23155 36410
2114 36904
25588 27445
18160 32430
18922 32753
3513 17102
6246 22924
14169 24334
3190 26248
35613 41226
8961 10447
22115 43663
5832 27256
3724 27121
5526 14906
23393 29758
13002 20700
25198 46107
36105 36211
3623 40251
28492 31994
2743 41370
17877 43984
13005 26074
40490 46274
10521 41867
31963 35301
16569 31070
5296 15733
31210 40167
18888 19347
43754 47036
17459 27606
8806 31046
6068 7884
15216 46494
19540 39689
24555 46765
33258 37026
6954 30342
1174 18481
26658 41079
9817 39428
44593 45512
7169 37851
22432 36149
12259 13021
4667 31373
16904 25290
18635 23223
8756 46393
35449 39266
808 15125
7347 27011
20534 44869
17885 21190
17439 25799
19797 46296
380 25386
17184 40741
25510 36906
4265 26081
1144 11260
8054 44027
24458 32845
7770 31436
25598 43142
15022 32641
10977 21865
21158 43356
20188 33470
14666 45811
17398 35193
15107 28026
11332 21275
11349 21444
19106 42564
39507 44396
6368 19614
33516 38731
9668 41533
9929 12261
2199 39539
3295 38984
1901 44800
684 5209
10097 34476
65 16491
15414 19259
21936 30976
3596 35125
22330 41483
18669 27664
20893 37581
5774 42445
5742 13860
6336 28562
4905 43164
9809 27778
19926 33069
28215 38212
24072 37481
29538 41046
11639 23246
553 32645
3208 26533
602 43649
9912 43182
29468 45188
21414 36879
17297 37369
1499 22697
648 14977
46835 46885
14028 24562
5505 7881
27542 46979
4856 9687
32883 42736
2373 39668
34102 36330
3293 9086
297 14905
31225 34893
2503 7469
11796 38132
18005 45942
21113 25812
890 3341
14679 34099
5528 43678
25528 28170
401 23714
13338 14070
30099 35205
6525 43494
8855 27234
32199 40360
28341 34136
24347 38601
638 17426
5722 20889
1244 42311
22966 35762
2099 46208
21718 27625
9170 13632
10351 39980
39965 41944
26930 39941
12469 19111
20466 21224
21964 28031
2672 2686
40036 41595
38099 39090
2487 36117
33066 41207
8842 42998
10712 37865
41823 46226
24176 24732
39796 40795
3868 14231
37832 39850
41501 47114
2690 45494
15015 34532
9979 36967
22002 32056
24919 46855
4362 43786
659 42573
2535 22171
5706 23523
18706 44029
14567 20786
23498 32374
29557 42869
18436 27172
19285 44645
27578 44834
20815 31742
7394 36843
9929 19295
10507 17057
20437 41181
11585 21026
7845 35961
36519 42965
6974 23610
1994 42384
21057 21826
25380 34044
289 24172
4821 13344
30086 43748
45 20779
8003 10132
1363 9683
220 6258
27400 42818
39547 40225
34507 41198
6537 29062
10509 42743
27894 30494
7145 41750
14970 39619
1350 34711
14080 47220
1548 20174
9035 41433
1885 16561
15267 22809
6994 23272
1195 27603
4925 26475
12010 18680
11945 42606
157 6444
8933 21127
9740 19907
12824 37098
16762 45533
42629 42794
6663 22354
20067 42913
14582 20612
7946 15209
8191 31255
6819 39082
12357 41769
1346 32094
39382 43517
30996 40885
39768 44492
10771 12891
30704 46146
14516 23183
24350 42873
3065 27731
1145 24641
17275 21558
1431 43694
17649 39704
31845 46465
21333 34259
20254 27621
4031 18627
17838 29777
13716 17091
20903 44474
7300 41233
19031 36702
43359 46588
9685 45059
7231 15240
36997 39667
23144 41913
29154 42158
27674 35176
6159 19572
11948 19626
5815 42393
376 39685
34963 42864
30180 32913
22194 36816
20172 32483
12383 18241
1858 11435
6134 45529
42364 46794
20817 41266
6837 14912
41393 46105
17313 21045
6167 19813
14595 32470
12918 22722
1745 44742
21997 23820
9318 23142
23120 33948
43641 45496
29868 33176
17893 22263
2925 42572
198 27870
11957 14053
23487 32429
32462 39593
31380 33438
17384 46710
15993 26214
27083 33930
18047 20636
11568 41046
4251 20198
11263 44382
40346 44458
17099 46726
20224 39597
29957 39233
28947 41060
4599 35433
6438 27981
19543 39613
9730 10412
8952 36913
9589 22450
6652 10190
7202 23654
26942 46880
33771 43064
866 24370
7769 26919
6934 30255
19232 27269
6991 36424
24769 36901
1821 43932
14786 36336
4591 6279
2080 42880
37573 45572
855 26059
13844 14885
12936 44538
1332 41674
691 24904
2847 4327
9299 42632
17616 43407
38686 41399
3584 10447
28999 33248
18092 40892
33811 42439
14575 33241
25351 30244
17152 33854
21812 40739
3383 5246
34543 35191
36134 41223
25296 44308
38116 40495
3590 15338
29614 45794
6952 44551
40305 40969
11470 36299
35265 39498
3069 10913
15121 17320
7572 32366
22893 32332
37144 42964
34436 37172
9310 43521
11494 31408
13479 26225
30946 34754
33254 46062
14055 24880
7767 41852
11756 17041
17665 37391
652 759
38487 41697
10231 19930
3136 45504
12829 41577
15069 45803
33424 43440
21855 41351
13974 18475
19678 41611
1858 34684
3669 5027
4970 21843
6093 16695
7988 43140
6826 9864
42540 46298
20018 30540
23786 24978
163 12437
4425 8164
36 3994
20215 41442
14347 30892
38474 42000
291 41669
30119 35483
6828 17265
4062 40542
911 11549
45142 47126
11158 17822
21134 46263
30919 41925
1461 40474
36101 45731
8415 42022
21178 45057
18754 32608
9221 30751
24391 39438
792 24285
12535 21077
37430 46286
1062 44525
29526 36258
6768 24165
19135 36622
6994 11676
32990 40084
4428 7657

