43451 64193
8457 18462
10516 34196
14355 15268
3158 31252
4572 29286
3129 13518
21703 41064
19141 32091
23211 42897
7927 13951
29584 39996
17737 20223
1582 34361
8565 36839
34021 37040
28044 30519
23288 31251
7096 21378
4099 5095
34393 42281
21859 27432
21361 42239
35286 39115
26444 33234
32593 42491
16256 35647
14047 22628
6543 26275
14402 37314
23070 43042
10748 26194
20603 27513
27109 36253
10722 34772
194 32421
2534 29681
1920 19430
18824 31983
7603 14362
20785 36040
7759 14875
10364 19788
11566 30209
15100 27449
1615 9934
4755 11973
6041 23031
14528 27223
17599 37039
16587 32377
5491 26536
9521 15312
17182 33718
468 34094
8075 24156
4492 40795
4220 5398
9102 21744
39266 42834
15129 16486
25750 26006
31823 42815
24122 39532
423 30379
30170 35905
23694 28505
3236 14273
5330 22646
9762 21790
19211 28083
1937 3919
16994 37804
3317 41996
38308 42572
2129 14477
22431 26853
1650 10278
12082 32546
39232 41910
34724 36328
28709 33487
586 39603
13725 15356
5139 23990
31578 40136
25062 39753
30714 36126
189 40132
9274 25769
133 17377
31474 39032
5463 27497
28988 29869
13611 38639
10654 22721
37850 42818
3010 10146
11555 24142
17803 36788
27289 27687
6733 30670
13600 27146
12537 13097
23097 41589
14064 34420
9745 39125
10531 40034
6566 25080
29103 39426
11505 31380
7407 32112
9783 26585
35011 41646
13910 31509
594 42288
33505 39859
5540 11852
12958 37478
22791 38284
5796 19951
4265 12472
15570 30730
3676 24909
7657 17176
16961 37640
6260 18365
2650 24513
2929 11096
921 8159
2013 6142
6270 39432
1721 33849
1773 27623
21955 28563
20030 21719
28630 31450
17407 23582
14595 31962
23953 42863
34445 36889
21310 35214
7227 34746
30804 34864
17996 24916
21376 40937
8654 39623
27914 42799
10396 16023
8740 34479
6340 30752
363 20067
23844 40826
19180 32287
20407 28243
3375 20608
29814 37508
9659 42333
20939 37149
3778 36274
9899 16156
2651 35072
18465 27057
19931 21309
15361 28647
6377 38898
5031 14203
26948 40175
20154 27016
13444 19412
6701 18084
6592 25496
14043 36710
815 5265
14981 19731
2619 8180
1677 25417
14441 43172
24028 41293
13494 22158
5569 9533
27503 41336
9030 30646
28233 34042
29031 40438
2201 23882
630 21700
7697 42373
22241 37012
30892 35219
19577 32458
29632 43287
14420 43234
2102 14454
28794 29356
1680 17205
24475 30089
11814 13775
4353 33364
764 25837
35321 35755
18455 21242
27193 34879
20930 34942
14112 21389
33753 41226
11133 20207
1500 19489
13870 31655
18615 34706
37792 43297
17598 29700
1264 8632
34935 39102
15095 36583
4651 42039
2056 8043
36710 40525
24749 27066
4674 10909
21535 22634
19071 19646
16375 17089
19456 23429
13434 22615
13233 14223
12809 33143
16442 40942
12525 26968
19030 22274
17550 33042
6992 34424
24263 31495
12610 22353
6046 6438
6586 7880
28954 32997
5304 40510
2901 26686
30087 42123
3071 27097
17252 19240
6837 10350
2179 7453
15816 20666
5765 36374
5391 8614
14544 16077
27814 30220
26143 37256
5310 36733
5705 10467
18760 30118
139 13868
16337 26939
9770 17923
29134 38418
36228 39037
14152 20922
7220 12717
39471 41763
12342 20444
7371 19302
9937 42946
19937 32346
12675 28201
2786 7084
661 5282
2268 39174
7501 26730
29092 32530
2457 39073
20819 41853
17805 29373
14508 29602
11328 41750
34077 36731
8269 23835
10765 32188
26723 42419
7730 23557
15598 18090
37674 40177
2169 27302
2850 25943
8427 9899
15035 23834
11258 26644
5520 19173
2413 6694
24230 41130
9884 37808
6343 39397
12849 19844
8795 17650
12794 42768
11462 42100
10334 25212
7316 24856
30361 33219
8673 26520
2239 34807
14876 17546
35394 43318
6228 7744
33028 34257
28389 42744
13570 30342
7704 42873
1358 13100
1386 29643
30036 42669
38632 43421
37720 39367
9020 18118
11596 11713
42465 43172
7872 23209
35464 37082
19797 25145
11092 28395
7023 27613
14793 32945
15478 26632
11250 36151
12546 18880
3082 31712
9038 26244
20658 32994
11605 13869
2341 22817
25959 29352
15258 41568
24749 32811
9156 17605
11611 25203
35473 36794
9089 15629
6179 21222
11809 42157
701 37245
4759 14483
2245 20076
33495 35951
10449 40195
9171 25992
7408 10808
6013 37899
4541 20447
8887 13401
26904 35394
24946 27848
732 37497
6225 9674
6150 35918
18523 19520
29020 30694
247 18766
37915 40373
9504 12811
32343 39765
10182 40982
1997 8081
8061 18920
12553 30947
3458 20456
1368 4877
10159 24002
25850 27473
11327 20317
7297 13047
18758 31818
11566 28412
6565 10654
23403 37671
15201 36846
5599 27305
31025 37655
35493 42118
2035 37770
2368 4210
13920 39341
278 19368
11399 39791
9280 18556
23708 28858
14115 39028
3426 22988
24688 33982
10383 41803
42485 43369
12557 14450
34873 39377
7108 41791
9435 18844
35270 42985
8458 40032
966 12013
10182 30378
21014 41808
12493 26708
9334 18011
23597 30158
6095 38624
508 1521
2390 6039
4420 8735
4912 38244
12744 33874
30957 42193
6401 41525
25912 42822
19484 40566
41657 43338
3615 4551
633 10268
13206 29209
22418 27453
6738 29806
4328 10085
4000 31719
17350 23934
8372 23642
1930 25652
19068 31993
11747 20071
14103 42185
9767 41813
17319 25752
11305 31215
3143 25093
8577 12905
12792 30508
35707 42502
33369 38201
25631 38234
30342 36039
19795 29474
17543 28651
3185 19842
1478 31861
6284 14710
19175 32240
4158 23795
435 24404
5892 28415
18750 24140
3297 17050
37002 40523
2429 17240
4463 8566
3003 31098
38696 39328
38298 38501
25072 28040
6050 10692
24380 33182
5876 13545
24693 31427
7152 31085
13188 21217
18433 41587
9298 12264
3315 27428
3083 11055
5679 16414
16716 25058
5955 36469
12407 43283
25874 39281
20014 34099
1913 42960
7940 39422
7569 18541
481 963
22344 40470
36946 41503
647 37627
10686 16432
28498 41403
16680 19362
252 17126
15237 34893
8287 9143
9252 11515
783 23932
25323 27285
21060 40947
3056 41847
16327 27353
6285 32789
6099 31121
18701 19501
12273 38156
14576 21039
738 35651
3446 3536
26891 30300
293 15787
12734 27439
204 34963
11995 36899
12243 24169
4130 35467
5574 22790
30288 31214
19080 25132
18825 43107
6056 12176
9292 16175
11115 36328
1642 28887
6121 6155
6970 24382
2245 34815
11390 31837
8152 16431
3953 35016
16002 37742
23934 32290
1528 41590
32428 40871
19832 20980
11140 18076
13543 32654
7381 30517
5788 24412
19203 34772
22012 37206
488 26212
10835 40825
4056 36834
22017 26438
19990 29675
3978 32979
14295 15670
3924 5389
5730 14793
21486 38099
21508 42776
11270 18307
16510 35115
29782 42723
15614 21014
7679 30332
558 23948
34320 37567
9527 28850
5404 34221
17453 32251
4071 11451
10003 19919
22294 42180
6928 12613
3777 36079
23403 39578
13338 15229
10200 11573
1268 22014
16192 27262
17445 18023
24899 39334
13074 29708
17778 22370
2347 40703
23396 39538
31524 33998
18054 31313
9477 24949
15753 40397
16212 36747
1269 29005
22315 29821
19026 41245
5933 22268
19058 43412
4326 13259
8457 19645
16934 18423
4773 12258
8748 36036
30319 40460
10376 20258
20921 32412
17775 43390
5614 26837
21137 24308
26081 41532
25825 26825
339 5312
20854 28157
20521 38305
16686 22643
20390 26710
14395 36387
12136 29667
10553 27660
15969 29418
2938 11319
29680 36164
10993 23236
28571 34013
27308 35394
18371 41327
6484 31015
12311 33805
17451 21170
16114 16186
22075 26146
35519 41408
19102 25001
8778 24143
11182 20664
9518 21701
9596 33635
17048 37934
20253 36396
932 13531
34408 40150
15083 31661
18610 38310
14142 21015
27003 36451
13628 20794
25836 27714
4847 24234
23411 40704
25070 37071
17138 29691
36814 43133
11067 42002
8146 36883
295 31377
3016 14019
5156 12911
22841 26029
22183 42833
22481 29658
28387 43129
15640 24789
151 30874
32325 38732
8169 9890
9746 22440
81 37460
5847 24321
21683 30617
2894 28524
8068 17163
15803 40244
18176 20648
4331 9014
35594 39838
20713 28810
1508 25341
11210 40216
6941 32176
10338 27455
1130 6699
9359 43090
20265 21480
11930 29925
2854 26092
19165 24545
28108 35204
33519 36618
36471 41050
28192 30179
20069 23231
4991 36764
12921 30485
19115 26121
12838 36866
23960 31096
8661 13893
14673 39094
13125 20866
23030 23992
4497 41332
2699 39171
2495 14266
11299 17411
4021 15739
21704 37856
3806 5197
221 27425
26126 29142
7583 31242
3690 11438
1728 26404
20076 26280
20955 23216
26825 37976
3858 17438
4207 21756
2098 12351
4272 22905
27224 31077
21725 35700
19871 21152
11802 38384
28875 41324
1741 9081
5107 22952
1964 18952
557 40556
34736 41254
21330 24032
5876 15586
19709 25705
14692 21966
12621 40372
1688 11140
2036 31071
32149 40330
16636 41857
20891 42829
17641 32516
13870 20811
14293 21668
2571 12167
16027 25534
3491 20246
34219 36948
26535 31390
3366 24681
14113 23952
7200 9381
13270 16093
3685 41430
5746 32859
12118 16524
11833 38986
23621 30825
19825 40001
11508 32810
18394 19140
5759 34784
1055 35706
1985 17146
21563 26081
5790 41267
2241 12413
3509 8370
4483 6886
43146 43317
31446 41499
5854 42191
13662 40645
6578 18113
380 33847
21587 40438
32118 35890
2849 10017
7808 39415
28061 40595
21440 30562
11286 11648
5207 13518
10727 39011
10849 39940
1248 34007
94 22314
6419 16521
2165 22567
6511 21937
25447 35569
9646 17216
24250 36225
2142 12003
27969 29867
24424 42826
4471 28352
12547 42836
9652 15718
9017 11006
3867 12373
3718 39634
2243 39412
10285 31846
536 1906
8571 42218
10914 43159
27177 36468
30233 30700
4093 8929
5199 42273
12300 36893
8583 9209
7501 40961
16566 17086
21794 31625
15250 25976
10677 23217
2212 13122
15325 28779
9443 23838
10315 15631
32868 34674
26818 31812
12764 42662
11598 25482
12344 42076
4962 26495
24256 31699
18125 37543
29481 36141
5706 27178
12162 34865
7449 36233
27996 32198
1079 40563
15854 33445
2118 42884
9982 15606
1564 39100
28501 41001
7385 19444
14002 24605
28778 37337
31699 42456
5064 11846
9835 41193
21272 25635
1262 8375
16748 21240
11563 42800
20340 29038
2866 22748
24882 27034
16306 36356
19255 30691
44 11192
7234 17181
12170 23964
119 20411
23184 41292
1618 1779
25692 42300
11976 32766
33591 43124
26505 40868
10724 39197
20213 40193
6827 41151
14104 21475
39426 41833
20725 39587
13832 14371
3984 32690
10860 18332
3288 40534
8684 32026
21953 36707
25821 29097
3099 20633
25029 30063
31940 34947
29169 43328
12827 43310
29484 39956
10495 14420
4951 17580
7120 27790
8964 35988
13135 19519
3292 4439
928 2621
21957 31349
32554 33305
37216 41771
13233 32105
8841 17838
6768 7336
13147 34805
11678 16870
26106 31336
995 7226
35894 37849
28113 38744
32628 33227
33211 35497
4616 4917
29371 32323
12429 13062
16894 42891
24587 24591
9835 15663
21847 42673
7672 15821
10804 38156
26995 34063
12109 16275
9302 29163
15241 39364
20138 33387
24776 40513
19627 20605
22926 38916
8532 30450
13411 38419
15029 19479
34923 37510
38839 39016
6410 28165
12758 23487
2362 21255
15620 40299
5187 24222
30369 31960
22920 42484
12171 22229
5611 32097
10587 33583
35901 38774
6458 15754
17154 29767
13891 15085
5907 40726
22516 32228
173 14715
10169 19457
27980 28550
23279 39569
15055 24433
4239 34447
37114 40689
22577 40051
8754 32340
19161 43032
18005 36928
3984 33174
9695 23738
30694 31878
3390 38851
3467 7772
28899 34152
669 6436
31197 37602
2277 11883
13424 23139
13892 24705
16779 22134
22080 27352
8826 34845
20742 40425
28566 29778
25809 42029
22726 29944
27246 28181
5703 13727
10716 26392
14667 22257
32321 36062
8480 8544
8985 26207
30158 36220
21708 41709
24411 39021
23344 38624
14743 31866
3720 12540
12209 20777
17137 41440
34206 37064
12311 15577
5821 12443
10190 31422
4464 29438
11200 29595
8917 32869
2170 36495
15859 35346
5706 28146
2545 35618
9264 23528
6100 20903
20855 29348
87 40554
14404 35968
29077 33269
27258 37401
21666 41833
15613 35290
30372 31611
5277 39525
3686 27077
5962 33212
1157 12360
26455 42712
7917 24245
19797 20746
6195 38109
23774 38743
8436 11978
9194 31807
8286 29215
25066 33596
8363 23019
16975 38237
25132 37599
15879 36348
2111 30788
8026 36431
11831 15475
1943 41003
2594 27000
7478 33593
21516 36762
32087 37305
135 21912
4526 9913
993 21943
33086 39261
16944 31195
10851 33359
8076 26345
17095 37780
7300 19708
17211 18707
12787 24150
9434 37279
2621 35212
14372 42445
3816 40490
25563 32308
29819 39332
23233 29320
30655 39604
29731 40451
106 43024
5766 11177
24934 28350
15070 25979
2313 2787
35236 41500
25410 28279
14605 27340
3433 20723
21302 36402
11805 21959
23301 41505
20399 25294
459 28775
34781 35443
108 21378
10048 39020
4746 26252
2512 5067
8506 41740
11914 15486
16184 22408
1880 8008
20927 35212
18399 36935
13453 29464
26087 28679
14541 42789
22533 33416
15640 37247
13519 28771
5973 10315
16452 26545
21121 39400
5388 42873
480 21142
6167 7148
15639 33612
16714 42760
25544 36738
14678 37775
19097 21408
8144 27953
10017 32917
13941 39202
5667 28675
5716 43089
37249 40593
23863 39299
1904 5719
31930 35735
27226 36657
1403 7423
20008 27866
2124 30568
6466 43028
19636 23564
1088 28730
11477 28293
19900 40606
21459 30885
18921 24750
683 18064
4871 14596
885 1017
19032 34380
21752 35833
4031 14390
24880 25215
31416 39836
29002 36211
32624 39714
7270 15654
2633 12136
25866 41461
2579 21699
19141 27907
6299 12713
34190 38519
8646 40191
2365 17983
28236 41781
30036 35155
21309 38646
29640 35155
11006 38857
3110 41522
571 26117
28397 36222
38858 41323
2916 25441
16632 17979
14013 27720
6309 40169
26903 35980
21156 32173
30120 37485
1175 32647
13737 26324
31035 38050
19872 27015
17754 28636
13368 17567
25585 40845
27901 35267
16447 36134
12216 33304
20634 37137
14566 28808
29631 35227
618 9317
5606 5902
3731 38018
1327 39053
18008 37039
1420 28664
7422 18468
1211 3415
27441 43361
1746 42420
39024 42150
5434 18627
3494 39768
7215 11759
11564 27642
9440 42280
20251 25506
983 42626
6130 20582
6397 14510
16243 37243
6085 19119
12119 19758
4460 36888
2790 11315
18476 21050
35149 41584
20476 37867
6056 38568
24604 33402
12947 35630
9067 27365
16787 25972
1690 43427
13554 32632
1839 24302
16575 32505
6113 9274
7195 9013
31265 33385
11149 42302
16939 33913
23076 41655
19148 38072
2299 13148
7297 7977
15394 41997
9753 25599
30256 42203
1008 6819
7050 23561
25308 38069
15635 28096
9208 42280
19582 25505
1463 20231
17548 27763
30431 40514
16011 37243
16370 39805
21711 29146
2934 37458
18930 36839
33718 41260
8136 19285
7281 12355
5400 17861
7832 41505
5090 16881
10421 39469
28814 30228
40479 42413
8665 11678
644 38972
19553 37195
33581 35512
808 18435
13548 39768
2996 32859
6152 17873
14521 15428
12678 17254
2476 23933
5077 33800
2511 11876
1756 37607
32048 43421
20517 20656
9330 19615
4478 18195
21719 25415
1994 40404
1029 30862
13183 29440
30693 35387
15217 20766
1745 7620
15051 21228
1806 21105
23531 34075
11755 22059
28798 42126
21039 26595
5007 13971
3362 11086
16058 22513
254 22356
1437 29317
731 38725
15074 28944
14264 17061
2915 20196
19153 32134
28900 38646
15449 22405
10197 41989
9616 21298
5190 32522
11205 37083
11808 13210
18428 22052
24780 27696
1611 20987
25122 31597
4427 22148
20633 23059
34877 34964
12916 23969
27320 33877
13160 30745
19393 41393
723 34296
189 19867
25685 37372
2531 36421
21013 39495
28864 38585
564 39901
20972 25908
19894 42318
37580 39631
11469 26926
10634 40650
28349 32477
8180 35906
13665 36515
4240 24392
8376 11120
7799 29798
29600 32210
1184 8468
9152 33972
9143 42554
12166 36838
35789 39553
20165 29198
31264 32304
26360 34104
8686 31698
20391 38586
4200 40427
943 41775
8969 13327
11742 19514
18357 34428
16600 36028
8553 32108
13495 21932
2269 41874
649 18108
16237 28806
284 30061
8085 16956
9471 37108
20877 28091
19158 36399
17943 39514
527 1149
26802 31978
33964 36673
102 29266
6048 27052
15035 17072
26725 35141
13742 25192
25541 33405
8117 33648
9234 27746
23015 37675
32211 40112
16105 27539
3352 30130
19056 19503
6091 18993
8657 32057
7919 29876
6211 10427
8621 23732
13583 18904
6404 33453
12683 16927
26632 43436
36928 42054
9563 17984
10805 30278
12058 14623
2058 17087
30608 32915
1508 27008
17402 34972
6884 37473
18035 36605
178 20751
33353 37808
5657 39073
10058 38342
2567 33179
17842 36964
23241 25721
12345 14838
327 42916
27760 35599
24169 41797
30943 31858
11569 34996
8648 15325
1435 28600
32845 41724
6157 9036
31773 41175
3061 11241
38524 39920
13436 15070
9117 15803
11670 14110
4059 32974
2722 34406
16185 39330
717 4413
16210 18449
14521 41121
19239 29517
2891 12715
6313 19348
23717 42804
32946 41217
6310 38298
26853 40937
7122 25344
27057 36768
29464 36970
6676 14677
67 9377
3049 3660
331 39251
28222 40891
2182 24454
10637 41940
25035 32620
4572 37292
15801 27447
13392 24166
26585 27509
35306 37035
14801 19604
15746 37539
27411 43308
6584 25826
3141 19814
22514 39863
4477 37405
2046 34365
26232 33248
14210 41013
1505 36670
15163 25820
17711 23783
12423 37486
40339 41657
19985 33255
4361 19702
1564 37250
3518 11843
15163 35619
9076 33656
11313 16451
7821 39624
22618 32265
21835 31819
9005 28528
33605 39102
14885 40778
23462 41480
13460 43117
34028 37707
6714 42272
7578 24590
35208 37789
11698 34951
601 9260
311 34596
15533 16089
20377 36115
7828 16070
146 38666
23169 36690
30765 37705
19853 34425
22694 30947
8891 31782
7083 14381
10603 27029
6835 19005
14723 34192
21586 32404
11770 38395
40591 41477
4533 40696
7020 18004
29333 32834
28034 35312
7233 19051
25881 37878
23948 38498
14758 40013
8367 15947
15193 32771
31401 35263
10085 16836
5171 24364
25098 27037
16171 41986
19332 38486
4317 14626
14797 19215
12494 23500
34632 42301
991 4503
12562 38718
11238 13782
27603 40579
24578 43216
8582 32501
16612 30590
16390 31709
39488 42150
7402 17143
8002 25244
4559 30374
19858 34745
13056 42636
29281 40379
11936 29773
5437 27085
23150 39807
16638 22362
35741 38386
14103 32740
4296 24487
37184 37350
22133 28385
32217 32974
5662 7955
25843 39814
1586 6756
15363 32027
10766 11878
965 19655
5043 13575
17954 21958
4573 17598
11108 40854
11309 11339
3197 32099
35511 35830
3653 32150
5762 42309
30803 31126
1127 13008
16095 24190
5427 34102
5320 38177
10983 17181
12670 29337
17388 25869
12014 34136
10688 22925
24811 43171
34954 35131
16928 19468
27911 31259
8015 10903
16999 21563
33948 39551
37163 42673
21904 26589
19920 24238
1635 32258
8974 15712
7260 21358
23097 35958
24644 35302
17513 19340
3260 37935
39977 40755
1078 5545
9249 42712
362 41784
15107 42371
16811 23205
14080 26289
16121 22004
21926 25035
20743 35767
1634 17511
523 31529
5164 14228
5935 14105
22467 33468
1559 24692
5303 15326
103 24712
7942 25485
18267 22781
17434 26752
27612 37392
9946 11684
6657 29524
9177 42435
3234 3253
24626 32787
35904 38110
7217 35782
6177 37932
30052 36953
25114 35759
573 3134
470 32992
9168 31769
13890 33116
14064 34989
12035 31175
22277 41076
23942 40641
4484 35006
8575 37267
16439 17159
16418 26670
22455 22854
17291 29453
17429 21281
10896 16757
8113 36455
26425 31012
26394 29447
24716 30586
1686 31391
6018 35027
25806 31906
2987 8048
28326 34237
29938 41146
103 36739
9637 29372
5286 15106
3648 17364
20058 29382
1253 9817
8763 19948
30617 35018
20928 39064
7896 13947
2036 2349
11854 25478
10379 35836
21243 33972
11207 19251
1016 15731
24515 26516
14627 23559
31713 33120
6021 43030
256 28286
9070 32119
36296 42259
4781 23457
21843 34152
628 33527
11331 15530
13471 13668
5115 38794
6314 39118
12365 39172
8466 34075
17437 40366
1026 33573
12220 37505
3947 42664
7927 40213
12196 20115
11969 16726
7452 26334
24766 28205
9858 35733
6801 22617
21744 23943
21535 36601
14473 20998
34068 35764
11474 20130
3840 9963
20139 39146
5588 38610
8267 33084
1820 30940
19117 26626
19538 30820
2394 35776
11964 23148
27473 31301
7538 35126
8235 34300
19005 42600
2491 39092
29733 34459
10955 23887
31572 31925
33361 41914
13881 27660
27934 31861
5829 6592
20088 38053
19894 20252
4252 29505
21882 42724
706 16198
4146 36434
13286 33112
4976 14260
7862 26740
14822 17745
14058 16595
33978 35847
21151 28101
2231 6334
7059 29799
11070 18333
7511 35558
34641 39574
36468 39467
18320 18711
34360 35360
32305 40713
4849 14835
8222 40265
37513 39324
31949 32972
6041 18152
2376 17985
18052 18896
1669 7735
2782 17175
24398 36803
12849 34400
22019 28446
23204 33790
22658 40447
12921 39349
22567 32223
26899 40023
12326 33312
16560 34161
29159 43181
8503 8585
6036 40789
19097 42323
11134 37542
3327 16867
13236 39360
7254 29085
17585 39967
22862 40627
11826 42007
12919 24377
29722 30462
9438 29215
3715 27714
2260 16847
14411 42481
13281 35346
6282 25919
10957 11235
7605 11757
35604 42758
2566 30136
3089 21775
30058 39429
8488 17702
12575 41721
20693 35493
33655 40401
803 33611
4555 38658
26508 32796
19448 38177
2707 35444
31595 38994
19461 40102
25571 41517
34654 37661
15310 22514
18795 31381
30252 34195
13131 23859
28079 35917
8196 26346
21282 41900
10410 25187
25494 32410
21502 33538
21337 35945
14338 20102
14781 36887
10707 24427
1974 4718
39923 43314
6485 42062
14284 14389
12416 34652
9903 18216
8887 31340
34845 35135
30392 39840
3748 19502
7905 9551
13908 27873
5601 10258
38989 40440
3822 36420
2301 18295
24300 30336
40435 41395
540 39401
18106 18862
4141 34102
1653 9214
17442 38295
16080 23455
672 26496
25257 32066
13103 27072
23397 25055
2365 20939
12972 28309
823 19495
120 35782
20427 20983
11841 25645
31918 32049
34612 35691
4388 39433
12017 30008
8354 29914
21521 36008
754 31409
25380 36980
1260 17217
16523 21931
26717 29132
29611 40564
6107 9433
11201 17556
7306 10511
20689 40581
802 7479
36113 39736
14586 18645
34965 37657
15815 40311
32033 42737
17151 22439
11887 35038
7566 41360
29099 41328
7902 28477
1647 38981
22689 28509
11383 30028
10544 13243
14175 37211
30763 34252
9527 11647
9299 30479
35408 40105
21736 35007
8212 42639
20920 41803
20278 38364
4724 43300
13575 25323
18122 37249
1526 16181
23290 34741
14956 25129
6338 8376
4483 12851
30433 43358
12601 41332
7041 15474
15149 35323
30534 41720
30149 34739
27477 28604
8699 9896
10811 33370
2816 20006
6738 6805
9748 21795
789 10411
4722 18502
6714 31294
4403 28548
1408 16310
17907 39697
14527 17260
529 2378
7714 8777
15282 26992
7142 20629
6842 27507
23557 32991
13181 15196
28047 39687
8471 13829
2755 16505
27921 29934
7937 20311
5215 18785
7905 40021
3985 9726
33211 39689
28194 29534
23128 42118
19595 22657
18748 26168
22853 37749
16213 30884
6342 33758
1632 3344
24960 27079
12246 40178
21102 28961
23211 43092
17595 40714
4653 33984
9925 19748
1252 13676
31017 38467
2522 10268
4493 15767
10069 25162
29387 34924
1243 9426
275 21278
3360 27582
31320 37687
28500 33374
20393 20543
21700 33232
828 27119
3755 14525
1250 5120
34095 39978
7026 18710
12779 19107
6721 16384
23630 29281
9783 22674
17800 38271
36697 38177
22468 35440
23922 24205
20118 22940
25133 36432
4276 31351
30972 31877
2278 31576
5107 18447
29747 34304
10792 24594
25559 32110
8492 42948
20665 41768
9650 39299
40496 42481
9370 11366
1242 10490
13814 15243
24987 25468
22702 23943
5582 29293
9979 37488
14176 22240
25910 27614
9806 43195
3455 20248
16340 23246
4146 23549
37115 42258
13270 26864
3901 30134
9237 15159
12602 30148
31782 35250
2172 4920
3452 6364
12525 39727
23595 33767
38275 40375
57 3806
10349 11542
2162 22891
5207 27322
7211 28797
5447 8315
4852 24879
1125 34414
10773 37884
12867 35677
5671 12904
4860 27214
13452 36330
27738 33185
2415 22024
12404 29759
28878 33868
26166 33030
39744 40910
31572 34100
6141 10574
780 33598
27571 38148
39642 40633
5163 15322
7796 42440
17529 36414
38332 40478
8260 34438
25156 36550
2316 18231
10756 36375
13853 41750
12213 39209
12892 41749
4730 25239
13278 24257
21696 42642
21772 32838
4237 42110
2302 23436
32748 37042
11185 20458
28104 38769
14776 36891
30738 31780
26953 30757
19270 36913
2707 5405
14633 15645
11986 33918
6941 36799
30747 36215
23605 35370
5922 6083
27263 34366
22184 29749
17646 38288
15655 35520
32912 36857
11791 20618
17740 31507
5358 42901
3571 23159
28789 36778
3193 39980
5793 34161
9496 17624
9494 27377
8620 20205
9990 12497
39211 41362
33201 39619
15732 33673
23247 27152
384 23933
14719 41618
7193 8353
15966 16349
1525 18617
9991 31566
8317 27751
24934 32892
15067 35885
9567 20658
34771 38543
6635 19322
2035 37563
3485 10179
252 5697
6938 16879
2986 9300
9339 21962
28791 38894
26716 41151
9798 32864
4122 14937
9596 28943
20379 23707
16743 39022
7388 34054
11488 38121
2541 37142
5649 17012
11490 23672
2805 11359
21766 37853
17824 34372
2447 43142
8981 23193
9517 36005
27906 43052
18832 35882
2198 31326
3239 17478
3002 40920
12262 38646
8484 25770
9591 39337
21907 29575
20377 31366
31951 37771
11726 18637
21550 28025
30667 36585
3615 14732
18982 30349
2315 19429
3347 23777
13428 18269
3939 25409
9770 12857
25096 34889
3230 7916
36589 37168
15706 34838
30117 42719
12853 34549
3196 11715
29573 38125
5220 36096
4674 12807
18224 27674
4745 30353
13395 16816
36358 39864
12121 22734
32103 36448
6362 11942
2738 5360
3828 25928
2555 23211
14807 22324
16455 28136
2226 18017
4642 13609
8563 15459
18233 42662
5564 15345
820 21564
6230 31421
32544 40513
28196 36344
582 14044
16005 16007
30071 39691
6831 40686
5820 20411
14908 16899
14957 38483
11427 18731
4381 20600
31569 40836
21994 37814
7161 31930
13213 19377
8444 33645
5979 24605
5091 28115
10796 38112
13682 19855
5989 17187
7573 38290
14743 29105
22822 36690
10830 24110
8498 27465
2457 23403
16870 32673
10390 30227
17053 37453
15395 23783
14883 30024
19482 34970
14430 36872
7674 7955
15956 25513
32268 40406
16869 42247
40300 42540
13676 34720
10740 38338
22254 31860
1800 25506
23525 41886
33126 35741
27188 35564
18950 35082
33115 39524
32069 40196
7841 13730
19110 19499
30076 35847
37990 41867
11946 35110
24210 39710
2339 7475
9955 25172
1434 38365
30299 42685
26373 34075
1278 37825
5219 17696
13506 39762
11313 14414
21383 36855
33132 43261
12892 25347
21907 41736
3401 25436
750 22040
26261 40435
26941 34532
2269 4642
24752 28551
22531 33457
3331 23162
3964 25549
6802 39301
13308 26164
7485 36325
40162 40862
35415 36230
6427 20176
7310 9906
4844 12507
11925 33078
8593 11621
5364 31232
31757 40617
37815 41842
5039 13914
24079 40701
25255 25580
12192 33607
7763 35488
13974 43371
5775 10572
9724 39545
1034 27642
15512 30329
37588 41836
39503 41576
3152 4329
9271 17319
27897 42803
17835 41945
3510 13836
12141 35712
10223 18705
9419 27770
6153 31284
27018 32254
34282 38946
27766 36843
5755 30457
5620 11573
22329 31764
4528 32249
27563 35760
14986 28943
37122 38249
19020 34642
14543 15541
35882 42997
17320 17528
21058 33257
1051 21930
19808 37317
22635 34695
9908 21703
3321 31468
31665 43256
8004 27225
7937 15615
1479 27480
7212 24781
24748 29697
27571 32029
19575 39940
5854 30062
29953 42532
26502 34215
2368 14554
21047 41362
30411 31332
10677 40351
37721 38177
24065 28886
4240 4798
34796 38012
11609 40331
21100 31574
14885 32809
15647 33132
28381 30299
18179 32282
6587 35659
23488 38115
7300 14398
983 3113
12787 18840
22614 39079
7226 18271
38496 41556
17751 36716
29009 32527
26918 34251
14031 30426
16095 38368
2698 16536
3234 27096
8811 11052
4017 21880
11729 14210
25974 41801
3788 11440
8516 12824
9502 16827
10221 15760
20998 31647
36520 40759
1349 20590
2846 14155
36167 43115
16193 38152
6047 25515
15751 20249
22633 29091
4112 6841
26516 34621
17668 39283
5763 6508
39896 41762
17537 40520
13898 37602
5252 39015
17991 30110
29326 42383
20312 35264
5066 29965
20768 24927
12206 34147
2335 26633
19480 35111
6639 42773
12345 28829
21225 26334
3959 19027
5926 40622
4821 11852
3738 23754
35771 38577
17961 38754
21091 36133
14866 25346
3935 32404
24568 30395
12984 16886
29803 39689
7144 13080
2126 37786
4816 14891
3913 40724
11017 32417
6262 22262
12 39526
34198 38197
36739 41597
37482 39426
3890 25464
14366 31597
10893 42180
961 17983
8390 22268
38219 38938
5312 21861
4763 22585
13006 27383
4574 13264
14038 31731
41317 43195
21178 35913
880 1025
33019 36246
27682 28365
32666 34630
22212 30508
8449 27012
29274 38005
15014 33703
8867 14693
20430 29045
3436 19982
13035 22836
21838 32926
17316 31610
32758 38541
5053 29864
19726 31329
14315 28225
1488 28615
6990 14841
12125 33353
10462 19339
12455 38183
3208 15055
18556 30430
3586 8033
3071 21173
3804 9424
19488 31164
16723 28248
25372 34488
4528 17591
2027 40385
2483 30048
27128 29253
34273 40949
5220 24500
27843 42030
12100 30263
17470 30922
13660 29812
1943 35961
13058 31464
18240 28854
32789 34979
891 34344
9616 30780
7950 37406
12866 28261
12016 25839
35314 39374
8651 14822
15080 27102
18107 29264
1225 7802
8962 12994
30406 41964
797 33928
474 22163
12662 19571
14613 30110
13233 20326
12116 23976
12637 25176
15115 18428
6679 13235
28349 29716
3959 43081
4419 32708
2493 43167
1105 32768
1805 29961
29338 43227
24189 26537
7664 39644
16966 17402
9310 41411
25526 43010
6009 6243
34230 36125
4454 28915
22234 32471
2117 27954
542 9623
5741 19260
463 33651
35165 40540
2768 7535
32004 41596
12875 28323
4540 36768
18775 21792
1872 22673
37661 40033
22671 42833
22248 35560
7007 30605
5907 40840
4357 32365
487 4439
13001 38261
4314 27565
19670 26808
12553 42043
9976 26346
13820 22314
8007 8842
18973 24436
39965 40265
5261 31051
11553 40616
13563 26630
27117 38088
8070 41621
26437 38329
30618 39352
4046 18890
4478 19301
5861 17460
10783 25099
9442 41873
39210 42806
4909 24183
22333 27912
16373 21560
19930 38409
19042 42673
31685 40688
15496 32776
27953 35327
22093 30145
4226 29788
17898 22808
5068 6685
19765 40035
4423 21442
13334 21266
256 24289
4047 42096
9372 9993
2914 20138
12943 23330
15840 27863
198 37116
34457 40961
24307 41414
17403 20735
24890 41994
341 35889
24250 32020
10410 24894
9793 42453
1656 8280
31066 36078
9628 31274
25443 38945
10953 23601
1942 27333
19340 40421
24013 31518
18930 34107
29747 35837
14671 39617
14141 40583
26317 38920
17439 39798
15785 41523
8823 16702
17183 29255
11707 14614
7633 40815
3485 41430
27337 28921
21628 25598
18779 22799
6862 29826
3023 34202
14496 20745
799 5037
6905 17630
223 39401
8434 22784
21556 40247
22836 35275
15570 36646
19538 23790
3382 11854
28640 42807
13509 40464
28735 29081
8423 36366
95 5631
4632 35528
9044 23652
1237 38632
11724 28150
10904 42906
14965 30241
33535 40140
3873 19446
21539 38738
3959 10330
11937 16365
8352 28205
251 3111
36741 39012
19391 28816
8625 33467
24578 32966
6049 38182
4074 18389
18367 20387
3689 11408
15160 42201
31204 42562
21604 24988
12850 42117
15664 17568
3827 38110
35489 37714
483 15138
12863 42544
10935 24849
18280 28497
1040 15995
1216 43016
22660 30861
2744 27566
21620 36983
7918 27347
26520 35441
24238 39849
18483 36935
4260 9103
12399 34489
863 21960
9199 19567
9386 32225
2567 5238
4594 33300
40659 42634
2105 13286
39175 41360
971 8661
10071 10636
27723 34194
4623 16510
20422 38200
30716 36183
19386 39560
4206 23769
17906 38994
3480 18939
11187 31836
2066 39372
13075 20893
35801 42308
32948 35603
8726 27641
18194 30766
8273 27107
4322 39378
14074 18153
7376 43363
30960 42178
10847 15179
5834 22671
22480 36686
36805 43295
5051 26197
1551 27787
10747 29470
12034 26231
19891 38133
24867 33203
5747 18730
10361 21298
5928 42685
17504 42747
734 30948
7270 38399
5793 17385
15088 38295
1169 30876
37180 43357
10232 14502
837 29383
24367 38515
15315 39240
2142 8226
8432 16964
24609 38048
32386 41353
9835 22945
3116 27121
20048 30388
14609 35816
12834 21561
1070 27864
12916 21371
26898 39692
5103 8987
16313 40971
24205 36652
20277 37795
18543 27513
33673 41497
3907 4238
8047 16749
24170 29491
28693 29689
21914 39284
26199 38378
4774 13622
8238 36696
13545 16819
20564 35758
13042 24112
20463 25126
8786 42163
6949 27030
23606 23676
5919 39724
3797 8392
5987 13063
16172 24874
7423 21436
32866 39869
34332 38285
1897 40451
5027 26496
10077 11689
15242 15326
21290 36774
3348 38552
3595 16552
25280 31813
26049 37279
1894 27321
16699 40791
16123 33276
11858 18030
16641 18155
8850 26498
13201 19796
3069 7811
7936 16709
31230 34444
5783 27943
8936 40767
4516 35032
21004 41291
26390 28123
32559 40476
13245 15372
13826 27203
13933 23882
3815 38368
22375 32273
4303 5877
1030 17080
10165 36769
8251 18972
20422 26791
30313 36435
5366 40837
1599 13036
27434 41341
5148 19444
16051 32060
7245 28088
12583 22608
13666 33337
16751 28499
8570 24579
12279 32962
24884 27275
3091 28888
11283 18445
25615 26033
20277 31513
7696 27206
12906 26644
5685 18336
17835 38672
5246 28088
3041 43296
26035 36418
12907 29498
30928 31985
12464 41760
2539 12318
1726 42797
551 32479
12200 14360
37682 42547
33074 42211
32785 42108
12725 30955
6451 10672
28664 34720
24724 36792
5691 29643
8150 21899
11309 13600
4906 31588
4395 22970
3901 21681
1920 34153
10112 27120
1597 15218
36310 38481
9028 10504
17542 35013
23234 25335
3177 25033
8797 13789
8375 18984
4306 43085
5483 33262
12823 30150
15290 36819
18057 29982
6000 41136
1045 38275
1780 20937
2281 10373
16555 39648
27821 40982
2064 43327
2188 35257
17520 39576
31422 41164
446 7364
27053 36680
30621 43330
16081 26179
11384 17692
4164 32240
2120 33810
1867 29200
14868 21261
33621 40636
34168 43249
32830 32967
12566 41232
24368 32969
13845 37378
5725 30701
11821 32218
22438 39522
38245 40916
23482 30109
13054 18540
20782 42894
4395 5950
1764 10204
11452 31597
2170 4476
14516 22472
27509 41245
16212 42850
34122 42500
11127 37664
1097 9926
12058 21958
25426 42860
2821 38179
9021 25524
5374 42902
13780 24309
17686 42066
24510 42070
23190 33091
1952 20239
11523 34631
4714 30963
14475 30203
9251 35785
29218 33161
12727 13607
23153 28513
14168 23078
24989 42455
11903 35037
19059 21982
5619 34223
2078 25424
13747 22267
5726 6736
31929 32993
17451 17474
24852 33297
42002 42119
13800 41526
16706 39197
10774 24313
4311 31862
16815 18953
8205 23029
32884 41258
27423 35593
7976 12589
19011 30986
1981 26430
13748 19644
1533 36628
32744 42941
13038 41176
5747 24959
8435 42150
8358 40240
29173 32987
34742 34987
6817 39398
6585 25277
8282 9104
8702 37017
21689 35596
2062 37322
211 36089
27200 27792
135 4014
1646 37444
170 6452
24713 27072
29914 41508
39320 43001
4062 38863
11437 21974
2380 14219
13150 28935
8026 29271
18344 31812
7589 26264
20680 37998
38268 38940
28590 32787
3152 10534
20179 40456
9921 42130
7105 40969
7284 23184
26106 33304
19327 21931
10409 19438
15224 34562
30521 35662
14161 40700
16004 38874
6145 36093
11592 39416
13747 22401
13924 30399
4456 10278
27671 28474
5345 23208
2498 43113
2559 16971
21794 28950
9349 30196
532 5878
2849 15986
9775 21902
27775 40316
23485 39535
2335 8568
25782 33715
12980 13224
2350 11320
25456 43344
14330 16161
9581 22036
22151 36542
5893 32997
24721 40680
16003 32391
9843 34087
18099 18179
2637 34947
25018 36702
18673 29785
14622 40132
20385 27476
12472 20338
21713 23484
33805 40432
10131 37937
26108 38022
4159 32514
13382 14143
6589 13452
6946 39353
21765 38169
9219 21805
17880 33532
1256 29664
28429 30344
21059 21913
38582 42617
16325 36956
6797 17538
12706 41106
1982 31461
14943 35235
10812 19023
5878 42114
3368 31611
3918 6414
37674 41718
3937 31539
9267 34277
3503 35219
11989 29387
4003 4243
38 16616
3058 40430
24233 39936
32636 42737
15434 34691
23784 36168
34289 43231
2500 39156
18567 25171
9143 36870
4609 36483
162 25727
8071 32157
14276 19092
1673 15026
36109 37257
19716 25408
9067 27426
5759 15223
9831 17996
5460 33091
9576 16723
11910 32662
15418 28681
10986 21431
8742 24633
21119 34772
13139 32828
1845 25282
14792 29158
12092 41943
25394 35430
6862 11493
12075 16864
13508 15140
5306 14315
22341 23187
3728 23794
14029 14088
25017 43027
28931 40488
9465 31794
20810 25507
17109 20957
27175 39492
27910 29324
38195 42305
6116 14305
24580 39993
6331 12015
20666 23284
11364 39110
11858 29065
15046 38500
10756 38473
1719 9493
9647 11247
7933 23309
7386 20696
28273 30315
13322 33043
2940 32207
4602 34507
26617 29523
1859 40240
4047 8621
20347 28607
13773 19918
25078 35924
18194 33425
3758 40009
7404 33518
26055 30951
1519 36385
19841 38046
8260 30470
23477 24451
22765 23491
6087 17108
32791 40907
8426 33391
1188 23978
8122 11288
1450 41883
10230 40470
7658 29089
2958 12225
998 3852
7054 14830
4173 38157
26464 36232
5726 19731
19724 39339
4193 24257
22452 23152
3101 42489
8156 40104
5113 27640
24873 33583
2027 3206
27999 33472
27834 35879
11485 29964
7153 15748
1869 14109
3948 42361
16558 37018
15071 41889
37535 42393
8776 36779
31935 32412
40405 40407
570 39218
20358 34377
20934 41892
5995 29196
9940 32386
24050 36929
22904 35677
12824 18964
29474 42712
5683 14557
5935 38944
10360 38607
11713 20150
12941 32546
32659 33382
5722 22621
29795 43292
14756 28672
18295 26256
5771 26455
8111 21463
15387 16646
22138 26725
4646 36633
16751 17037
15704 26152
26605 33969
28370 37148
20505 41378
20029 32781
906 31566
3316 6964
10280 19780
38433 39170
30637 39033
36573 38383
17420 18300
15687 30120
1747 15408
892 8478
17067 41567
749 3474
19189 28576
2216 14166
13296 23446
6758 18578
26040 28683
3679 33030
39381 43066
30083 32216
22392 27931
38219 41089
159 12276
25356 31434
30543 39556
31417 36148
29469 38180
14001 34000
10338 34660
26848 36706
31172 40481
28875 37441
12849 41601
5312 18535
8333 22572
30426 33494
11757 15510
26606 31696
32996 41796
5700 20337
30098 39290
9236 33865
2442 21460
8695 10129
21201 23122
1565 8355
30908 31925
29994 41384
1024 6688
29923 42672
2323 8936
1698 8884
19565 22982
14828 23956
18666 35193
7437 38622
16993 40840
22122 39158
6547 7562
37201 41311
6862 35681
9090 30256
30103 38294
9960 42190
25702 27883
7865 22295
9813 42894
9882 36083
2443 2972
5721 37964
38551 38771
20167 36986
18370 43129
17250 40654
17536 28408
15915 32333
20708 41282
20956 41384
18545 41440
5283 31322
5244 12900
9936 10655
24295 28734
14586 16852
5061 13947
2236 14952
27221 36671
4980 16991
8302 16038
11848 18765
24206 39996
6397 37954
4034 26158
39730 40321
16110 37877
16253 29295
19572 26381
37173 38862
5226 16643
12980 31830
8854 24098
19409 31278
10547 15131
24369 42619
20229 41405
7069 27622
18901 31811
12041 27646
22168 32871
1576 22611
25352 39154
3842 17478
17059 25379
1781 9245
16276 35321
4576 26333
13088 15306
1183 36680
17610 41697
34401 41541
37555 39314
11039 41607
6531 35271
13116 33569
7887 31637
4903 36527
4085 5535
11916 26604
31117 39753
3465 5827
15178 23156
19615 28306
444 40663
38940 39993
2503 4692
28838 35010
7323 20160
5769 23809
18917 36077
33963 42254
904 35925
38238 40660
21664 32937
11648 43004
180 31141
4205 12403
13111 42620
5416 18968
33266 37603
11793 38440
31742 43346
595 32322
31642 35006
1602 6812
2961 5139
5465 34321
4387 19240
4143 37539
23752 43343
2977 17915
26137 29234
11406 19685
34314 42080
13905 27555
5317 41970
6251 7122
18337 25945
1452 7218
11302 14609
7352 42566
7829 39522
9043 14305
27846 33043
32113 35530
12139 24151
25838 40686
32813 36695
12179 12438
25837 42713
4226 23429
26503 41076
21771 39950
99 33030
7386 19704
10028 40714
6261 12913
253 1417
7965 31654
12396 14358
12168 26020
7161 20525
7508 31186
11818 28647
20455 32810
11072 41100
668 17093
21591 36757
1961 27632
4196 33766
7858 11004
18499 29282
14396 16838
42848 43435
11791 11925
25955 42560
66 24572
15209 21822
22085 38955
29019 37407
3087 32581
19919 29016
28726 42258
6759 15233
2496 38529
2275 7039
34505 35208
4415 14067
8515 41489
36048 36096
5884 7836
6438 9176
19394 39933
3753 22993
7664 18493
27382 40240
41740 42633
1943 38730
946 1357
804 19209
22453 41983
17235 32104
6739 34364
36935 39716
4576 34522
6945 30268
37934 41672
32137 42666
4865 25765
1918 19425
18919 19079
5668 27809
16021 16573
20423 36254
8539 31121
15733 25740
34354 42744
17936 41950
7610 19546
3833 11968
7639 11616
13808 31139
5808 12513
19622 22390
23806 34264
20346 22421
11970 35029
5317 23795
4112 27598
27460 36524
4612 38501
4276 7061
900 40208
7060 32850
4494 31083
26510 36123
7483 42752
19386 41711
17909 19751
16716 23379
5753 8268
13295 25262
12569 18742
22566 36918
10175 24629
3505 39055
8763 39473
1675 11315
17755 22667
7145 28585
22642 30497
11188 32118
1561 41014
8239 24197
1310 30815
24861 31402
7595 35237
29587 41381
10834 34249
21457 26846
5199 33881
17952 21676
6994 14079
3451 21449
26225 37428
29057 35150
12297 28203
18838 35998
12214 36836
11111 36220
5358 18827
32272 39992
24456 28091
12780 37247
13509 28762
18493 21441
19733 25738
13939 39835
5261 19833
4020 21727
27381 41438
14979 39348
3048 11768
32971 37899
8663 25255
3194 4423
950 10069
14192 38968
33605 35004
66 2209
7146 37831
14906 31141
14256 17261
28379 35063
7921 40079
643 35209
16885 42947
11952 16433
21364 38874
15015 40883
9319 17608
11531 32618
5597 27487
4399 36433
33562 42662
5487 8633
26714 39820
2926 11374
112 29507
8855 16915
12768 37371
1775 34661
4961 6308
7476 18121
8341 30465
10297 26042
34660 39901
12218 42566
23252 41113
9058 22155
11946 42632
7825 41660
13219 36489
18522 31954
23128 34661
16855 18730
12256 17194
10928 30985
1277 35323
82 13241
12980 41576
20892 22448
26611 29869
2679 19202
23771 31505
15130 23436
7280 37780
11877 33763
13829 18863
7700 21370
16273 23828
15593 30485
5799 43405
16486 24875
4381 38055
9910 20277
7698 40922
14075 24931
3059 10748
11315 27085
11413 24210
17775 38678
6803 30429
21305 38428
6394 6812
9988 14683
37454 38805
754 3094
12618 23036
5802 42363
16807 28838
11096 31858
7160 21806
1987 38465
11576 26079
25770 42593
32828 42801
15684 41341
5145 13726
19242 43139
28356 38596
6540 9266
16794 20682
22088 27927
9624 24205
6861 16262
26442 28878
15261 37451
10035 10715
10282 23424
823 36792
39546 40285
19602 21201
22790 28384
14209 33390
30993 38479
7854 17649
2492 31403
9494 38095
17795 17988
19976 33685
18104 32329
11656 13391
13054 23724
19903 23758
5429 34022
40339 43304
5031 5868
1025 15988
4307 24496
5603 16647
11062 18287
36565 37717
11887 40092
33922 36484
5012 19589
13105 23662
6116 23059
16552 38653
6168 24912
38886 39838
15683 20713
13898 39513
5735 10535
5532 8486
21004 32033
10744 28486
13820 30962
16746 36425
9746 15284
14675 20896
25433 27873
457 26619
12404 41900
7682 41462
6494 13943
26577 42261
34 24981
6524 25863
19629 37495
13539 14855
19407 32952
11834 40966
15794 17669
26457 40624
25611 29084
16002 18372
9395 14653
2920 27103
15454 22704
19493 37607
18291 42647
6939 39849
15867 34362
7543 36580
6157 16428
1398 38554
19385 35041
32993 36936
338 32912
25722 26821
19961 34450
4414 23561
15769 30794
6250 10176
8415 29312
23674 38980
28000 30558
5399 9781
24883 42466
19784 21167
36889 42112
29781 40097
33378 41069
21107 39462
2906 19634
21751 26732
27265 37693
3437 25686
384 35135
12448 16292
11405 15727
31466 36150
29534 33989
953 39227
11311 33061
30624 36063
4373 37119
1702 15933
26916 40922
18516 31222
7997 13873
22186 30043
21071 30356
18681 31289
14756 38365
10744 23565
2343 40058
3264 26108
677 5559
25173 40885
3299 41378
18943 30508
37807 37848
2628 3266
5226 33773
14175 33889
40050 41591
28522 42509
18180 37130
19425 41771
17059 39126
25371 40311
28838 35575
1844 26724
26126 42873
8540 43320
2113 14871
21506 41022
19732 42453
16448 26140
11617 15209
22130 40849
3233 41697
13274 41486
22466 23802
17285 30020
13613 40952
989 40735
17088 41749
634 2829
7248 36766
8964 29503
344 21749
9327 23139
6302 17640
11787 24665
4972 30631
1912 32493
34505 42055
9397 25598
19418 40950
13007 38863
14117 37452
20330 29166
33726 35120
15265 20283
3753 4176
24901 35070
34916 40808
12548 12685
4376 39618
18886 26567
25921 31487
22294 31804
12425 28335
24477 34742
3699 5633
19205 28010
28992 34298
769 4343
20081 32784
23997 35044
29721 32229
36868 42308
23792 35578
14248 28459
3697 34984
10414 28483
22857 28130
276 19871
4598 22819
14854 30898
13169 42200
408 23962
8510 27589
1335 30768
8253 32097
1539 36425
18637 20736
3521 27561
30117 38995
219 21996
34855 39377
10429 12926
12928 27212
814 13511
20622 39904
18598 27574
5502 36407
15605 37074
16428 26561
13614 38278
31589 33442
5017 12980
7853 37239
27027 34979
21772 31826
14074 36950
14066 20093
4534 11291
30938 41968
15876 43202
13008 29019
2359 41425
14639 29754
19398 28539
12096 29691
13756 31164
6652 42100
33555 38755
17592 28180
7426 7751
34699 36928
16262 18513
29172 39503
20131 21893
3715 21172
16998 19335
6092 34529
17496 31855
20874 26138
17826 33487
6262 32496
3676 31797
17315 24115
4926 8489
18225 31506
9523 13362
615 30805
8248 36583
2962 13960
27316 27511
3700 8971
3677 21819
2316 23419
28184 36366
20426 31051
9980 35680
16676 38882
1840 16485
29890 34242
13568 25986
1287 13303
11152 19282
25969 28605
13428 19001
12673 13995
13638 16367
19984 43134
1760 38598
15418 24550
5955 22523
16652 19233
28276 29889
31792 34659
4308 23729
5646 37983
2313 42719
35515 42940
18019 26311
10163 19707
17286 24474
21829 41354
17249 40622
15886 43085
4064 41304
9563 29511
19749 26271
18811 38554
3595 6302
23824 39141
7466 41808
22003 42446
27447 39082
25458 42803
15770 25382
2767 23826
34263 43140
13245 24370
1159 5547
20853 30872
14290 37059
16531 25480
37511 37542
3019 24801
10543 10664
5204 9126
20884 35820
19909 26344
22944 26115
22377 43037
30575 39956
16279 25609
6987 41931
23436 32212
3824 10861
14714 39457
26825 41371
22634 28326
37530 37942
13221 15274
28168 43137
20870 28193
7314 11966
3529 38270
16547 36162
23768 38054
15683 27426
33685 40251
11130 41349
34619 36894
2902 35139
12488 16820
34519 39696
2824 6401
4602 20927
30138 39551
41628 42313
14971 41715
3737 13309
11224 34568
30148 42713
6471 36537
19580 26411
3381 17057
1340 25314
12420 34594
25517 39195
8391 24543
37982 39355
27139 33960
582 16983
25516 41976
3098 12046
4339 35227
24303 33086
22821 42273
29920 36066
20493 33696
2391 30089
11795 42089
5994 27688
4858 37512
25164 34354
16382 30968
32866 42935
9152 31996
18040 23700
1981 41710
1077 13950
11179 40810
1366 11609
21174 31586
4977 12479
3987 24572
13049 30227
14788 35191
8041 11490
4415 33909
31445 38253
12206 22368
30032 37411
10867 27891
9709 36236
14457 37306
10389 39378
35315 38825
1035 17107
11019 30914
8118 20755
6126 7963
2702 13335
23210 25587
27301 41434
192 31879
37373 40536
8040 18620
13060 26794
18044 34557
7878 10156
35838 37819
28078 38093
12418 20911
17806 39869
966 13745
23830 26234
9035 11008
29259 38777
2337 4727
5978 35799
22533 36864
9188 40297
16803 30974
30008 37360
2714 3896
5093 14882
10452 22522
27053 35074
30563 35892
32574 42510
17301 26528
2448 40371
14743 40120
35085 43035
3378 4061
4582 19281
5425 10144
5935 37041
29388 37093
9121 35261
19539 26140
28040 30230
11063 31162
2532 4040
4827 6253
1164 37650
24118 40987
18411 25467
4159 34612
9340 15562
14858 15153
9059 26654
22093 42018
30813 37356
13616 30408
13347 31681
8649 11480
28603 39388
18133 39459
18136 43140
4202 23547
4007 42327
20919 27414
20745 26295
5315 22407
31288 41786
1257 38753
11639 32419
8510 20181
31071 36833
7121 23143
2703 43118
3712 20687
22271 27953
10067 27568
21120 26357
35636 36506
17964 34173
5043 18686
511 16682
6704 40009
28326 40958
4595 20216
17876 23214
27464 37021
19309 21490
31994 36700
15661 24902
16128 31693
11617 30566
13185 43030
10863 18992
4301 41619
8203 43419
15420 22746
17453 36293
7938 33322
5352 33377
6654 9505
20051 29647
7995 21024
8754 28246
16560 39459
4415 10607
3658 37955
16924 29533
4484 31123
7860 24771
16920 32797
16958 33089
17796 27018
16416 24404
6837 35226
20722 26819
9991 25829
8907 22045
24923 38108
2054 18105
10808 21887
17897 27824
13825 42020
9425 10142
3410 39546
2284 12151
2053 25050
15482 24728
675 13649
27415 40111
18202 19011
23253 42548
19512 41797
7830 23589
14913 27237
460 21574
37035 40809
31097 40632
3375 5967
23668 29931
14380 27905
5652 8540
4221 35974
17286 19160
356 5386
29515 33373
7644 12472
5017 39291
10382 25054
93 18747
2925 16469
20980 30618
20493 32220
8029 35668
2009 17931
4743 12112
13452 28983
39838 40395
1873 5992
3921 23789
15249 28475
21931 38195
5888 42940
14172 16248
5398 34445
660 15569
7051 41355
14683 37863
4152 29579
24497 32765
12501 35527
41726 42634
22160 32770
5081 6630
17773 18847
5343 35677
23571 24871
6068 9515
6168 10685
19171 37316
80 30943
15157 23409
1673 11192
39528 41293
15438 31730
22890 35275
11006 24480
8469 41201
35793 41296
8264 35319
6933 19792
8789 25341
3030 26627
264 1609
29247 38230
24839 33818
16152 24842
2482 30959
8940 43415
3191 14652
18817 20172
1303 29567
8966 31804
2592 19985
39654 40062
356 10997
14579 21833
4458 40774
18732 25726
6949 31787
12249 21319
3229 35323
2325 7563
1245 29562
464 22581
5292 31551
28280 35970
37127 39943
34605 36785
26310 39933
4112 30688
13737 16269
12122 34726
13889 28152
18875 34298
30501 30505
9630 40078
10538 10617
32061 34218
8289 9311
22937 31657
14714 40343
10375 25148
2899 29153
15003 21198
15140 38465
5225 24263
10105 14707
7014 21420
7450 43450
3752 16008
20501 31656
30949 42157
3527 19273
1769 14821
18499 25501
41363 42716
18502 33908
28061 35643
1080 4396
3348 30827
5921 14325
13348 29117
19576 32251
335 19703
35845 37648
13035 39917
5787 10538
27773 42531
270 37775
4249 39795
13273 13667
6121 38707
2952 25350
1770 24441
4654 15937
12625 22491
22143 31395
11822 43078
32672 43016
7001 43415
20941 38879
16896 35273
27562 32670
12932 29589
11802 43365
21737 39752
6795 40314
7410 19676
8596 9215
7783 12310
2800 20233
3184 8330
8379 34063
4517 9408
1278 22639
15888 17174
4700 27020
22059 23938
2525 32079
18327 31409
31010 32206
13459 15870
16406 24684
1570 2287
12913 18585
21708 26340
16931 42999
2215 2991
15452 16994
19104 35423
8794 36907
15482 36084
10788 37694
4208 19391
8370 13948
23015 26197
9854 23301
17674 21580
35479 41216
21946 22721
38325 38836
19087 39391
4471 32044
11629 16618
3485 21625
11599 30739
2995 19546
1981 24637
16497 34786
1959 39373
12267 41226
17481 20404
13905 26136
2175 6194
1232 3581
3161 41688
5371 13992
9443 26591
3614 12586
835 13744
5951 21626
5250 11221
16525 39436
11286 32844
20061 31087
30035 33818
10349 18934
27446 29438
10778 33377
33916 38521
21002 24205
8948 10555
39196 39452
862 26120
8929 35388
8191 33207
34433 36761
23013 42874
38185 41808
33252 35036
4169 33934
30373 33032
15970 37312
9093 28814
6188 41167
10721 18698
31358 42472
17057 34197
1850 41658
10006 29306
21178 22337
5112 38210
28501 34305
9009 31560
13997 34369
14428 39251
18222 32658
755 21685
5621 16395
24853 28857
22755 35826
6597 33643
25903 41890
16208 21046
27181 30429
5922 12536
3665 4199
20818 26124
29885 33069
4996 11058
17186 19681
8061 32171
27577 33812
8338 24343
4395 9902
15231 16090
12598 13581
38366 39910
28314 35768
6178 21766
10498 23887
5302 17931
1571 38836
7601 40265
22554 41555
11363 41304
1639 34806
37688 40197
7260 28860
29120 35639
20895 37274
2943 30982
1758 19222
2610 3223
5420 31923
5919 27140
30552 33690
19281 20678
29774 37560
3947 10836
32862 33959
6188 31502
1170 11323
11871 26434
7628 24533
14071 42373
818 14813
2034 21722
9661 28466
10525 24370
4667 40172
15316 31738
9031 15238
10389 32588
1578 21856
4126 26235
16056 31713
16398 41276
10914 16194
1051 35925
4987 40527
26993 43159
21226 34004
32306 43284
29469 38802
11457 14901
20885 33711
6222 34654
22407 41104
8430 16711
10934 39477
31877 36196
16374 37657
19518 28326
4389 13224
11087 17061
21105 36868
29288 34445
37462 40392
6284 19667
15038 27421
7762 16962
13394 38724
15829 30394
22990 31481
21892 38379
10986 19638
248 20675
3876 23212
5778 8195
3733 25378
22858 41915
11956 39323
26930 39962
22122 23565
14415 25163
12985 30568
9837 11672
24399 32554
4284 22448
1434 37918
9704 18498
36780 38493
2740 30757
28301 28500
25083 33186
5363 42103
1555 39376
14166 23146
7896 18066
359 32907
5002 13050
5989 22351
34684 43256
11820 17181
19376 41051
15668 35522
34778 35721
10348 31782
18144 31165
1240 8224
4103 15647
34828 35084
2112 12879
13971 19645
11541 25875
10169 32948
18557 34717
10936 41751
15396 16525
13470 31148
12171 33626
11001 27816
4843 16561
9610 23535
15756 16279
581 42711
14957 29660
4924 29732
28224 30508
6591 30124
3917 29578
20488 27204
12849 16693
14293 36261
10758 12001
12605 36712
26631 30230
17344 23733
27462 36574
13240 28592
12168 16709
7067 12333
12401 34438
21518 42244
8898 19515
17572 42027
16318 25966
38736 40620
8774 33220
25749 35625
24483 27663
7642 25258
28460 41688
14391 30538
931 26851
14770 40922
600 22550
17220 41760
11725 26877
22008 42229
7702 27194
13893 14985
27268 34614
7835 11508
1626 32745
10172 27718
2541 40068
15194 33521
8040 26435
5767 26987
3008 13528
18707 33856
13212 18973
13955 19246
24426 25035
675 23074
20041 33816
10742 21832
889 4344
11070 25835
18439 34041
2324 32494
6683 7216
4176 40553
4305 5500
20866 33929
18620 29134
3567 19534
10288 42014
21762 21956
16215 39558
25871 33120
7282 24699
20566 28160
6635 14500
41429 42855
39593 43408
2096 13769
22079 36753
2473 40322
13018 42088
21423 35136
2466 28763
6232 33708
8489 39601
19775 30290
14494 34584
5611 28702
15188 39876
5416 17846
18068 42742
15863 26459
29932 31193
11602 37750
7032 37706
3067 16336
12949 30590
20055 29526
24076 33300
3275 13067
12969 25580
20164 31913
8440 28755
20931 34300
22899 36118
32524 34531
10273 40736
13086 42380
7575 37352
1788 12461
24457 37314
3730 17030
16804 22933
23834 31673
5153 41945
31273 41372
19644 22236
4236 28687
11070 32385
16440 29072
6699 36900
2285 14206
2202 12451
27378 36956
32428 38391
20886 37159
12012 15525
19897 21369
37886 41314
3080 42181
2199 34030
6814 25711
9166 22042
5604 29170
19219 25066
28205 29945
2513 39855
16076 41977
29089 35361
8499 34788
5997 35288
1549 27505
3357 31320
14036 40256
319 12784
4990 15886
21779 25483
3652 5604
1993 6985
3902 28410
29207 38965
9198 12316
14453 34128
37056 42146
17103 34088
7415 10251
3517 28010
3512 17086
11803 20612
24111 35872
8922 31107
22535 32592
17802 20476
331 29009
3348 8761
18042 36178
37388 37408
11802 29809
2662 28435
30353 40083
6568 39776
15964 34165
3969 21876
326 27884
8073 41338
9555 12711
16459 29448
8359 9652
23592 29241
19103 27119
3464 42305
17860 35356
11620 19565
3797 6493
6272 32436
33419 42283
18848 29983
8824 20719
2420 17359
9066 27422
34957 35657
15610 37208
23623 28712
25431 32527
13140 17436
10640 43084
13458 13581
19009 34223
37116 41392
261 8776
21803 41287
5317 26995
34958 41894
5041 39929
22259 33424
839 35585
15534 43225
702 11902
27122 43112
4934 35336
32678 39023
11987 22368
28839 34731
4735 8331
15851 23684
21713 27249
3966 38328
14950 41484
28030 32118
16841 34222
3763 23447
12415 39784
36233 38271
22413 42909
11997 30411
17045 20631
3532 13900
8136 19944
9875 24154
11598 15618
40268 42852
29592 40603
18429 33540
13080 20172
32345 35026
4145 31096
647 26905
30228 39501
3602 42188
29189 41152
10527 13005
12080 41376
1062 30530
30418 37154
4255 27477
1967 15855
10354 32675
22288 29035
12833 37449
27747 42009
5397 29741
24381 40381
11432 35678
24565 35772
1760 7648
15343 26260
30193 31559
5064 27057
26619 34920
17221 29316
17749 39823
4924 22324
27126 29998
5069 12125
5538 10883
8965 16362
23746 30192
5092 23628
4337 7480
29876 39207
12845 43286
24002 25459
9963 37341
37953 42215
23743 35556
10128 30992
17079 35275
6685 28952
17359 37544
9748 12277
18722 21495
10790 21285
2654 9214
1270 11554
17039 23044
4913 41009
7306 42067
1891 11672
18335 39516
11914 25407
22268 34775
15642 30060
291 33635
6953 27427
26166 34921
2931 4769
6621 19518
15294 26344
28614 35686
30169 39055
19166 36411
2397 36326
30544 34768
20159 27999
3820 33914
27961 37750
8932 21675
602 40852
4765 13942
9582 23477
13271 17622
25359 25968
13116 43348
11447 39877
9598 20223
4176 23346
8097 25950
16830 39243
19733 23811
30336 40107
4214 39853
28796 33074
5018 22874
11256 41248
4923 25266
28732 35533
9785 25684
305 17826
1071 41680
1232 17462
7046 13631
18728 21259
3489 21103
1479 27919
14944 29506
15871 36312
37233 38088
24778 33920
2770 37631
20937 29555
38383 41179
23602 28103
24967 40208
21775 39699
13790 37411
22670 30752
29113 42930
17009 29163
5069 6193
2642 22520
11420 31614
10062 42557
28830 39609
14815 25312
12748 31594
4714 39213
17549 19493
28690 41292
5545 32725
27830 31766
4826 27376
10809 16184
30778 41714
162 5251
8697 21003
11152 28601
2326 33776
3075 26724
8134 8997
16859 43340
11404 23160
23265 33005
4693 36831
3609 5720
31976 32953
10804 32964
25918 30230
28846 34076
15447 42908
14892 18712
15647 28444
22925 37286
11349 24392
16552 17933
9043 32378
5417 6502
17463 41010
24853 33289
29486 36099
16909 20422
9104 29621
25785 26853
27486 41913
6357 8817
10568 27210
25552 32509
68 39150
3468 33192
4410 41030
32856 41983
26516 35410
16907 31114
33771 42548
24391 29444
26438 31555
10109 10831
28748 42936
5146 29020
5990 8242
7543 26814
5871 19662
4442 34337
11118 21611
5235 27557
34902 35763
2452 38587
1313 31898
1606 14215
20418 32507
31228 33790
30939 33687
5282 22650
1900 5802
10506 17822
3252 13538
30773 39811
8119 28852
24579 35507
10823 35434
25042 31067
7448 24483
9003 23688
12953 27222
23073 33720
24831 42898
3222 8411
14947 31981
32806 38082
9858 24202
20351 33914
5822 33891
6468 15572
11749 42015
10218 17540
20904 31619
624 22412
7945 8670
1919 23198
14017 41092
3753 15402
773 40413
26262 32618
28323 38599
342 16283
22439 28859
5355 33866
12888 17563
20231 21138
3137 24703
29915 41069
18044 19956
9885 15795
8509 27852
14882 21541
3981 14478
12506 14236
40576 41505
20217 26343
2046 16715
1071 31560
24873 35738
20448 29659
33682 37729
258 38627
27276 41648
6684 12729
12974 42570
8722 42081
17126 29831
34147 38997
5725 29770
1760 39891
6120 30299
16970 26285
7567 24309
23291 30364
11761 40281
3171 19160
23882 42883
13274 17383
7695 33354
5125 16384
4714 10434
28879 31671
784 6778
11891 30713
3761 16932
7393 8291
10582 27750
13564 22033
8481 22370
2072 24328
1625 39824
27320 38321
18265 24977
14473 22783
9595 21832
26778 27384
3912 43115
16116 36330
25500 35812
19220 36460
4330 36458
12833 23625
28600 34288
11810 39742
32288 41794
17830 42203
4983 22693
8048 12315
40192 40710
13166 16860
35183 43248
16209 37460
23867 40107
5078 38014
3104 12996
8579 43442
8172 15734
9689 19373
16179 17811
27802 34658
1591 27007
13165 30406
8168 35213
554 40974
25370 27229
10503 16099
12537 32500
363 11578
13435 37814
19087 38159
8891 17299
2301 12241
37828 40181
30393 40023
20595 26406
11884 19288
423 30318
5863 27744
487 15027
14819 16199
4157 42141
13343 35000
38241 42979
11719 31494
23651 30437
2139 12852
11277 42638
4113 30700
10153 20796
23177 26582
1299 4510
6498 39222
9152 17424
28814 30968
35228 37490
21894 22588
5531 37743
9634 37355
14111 37962
14927 32132
14356 18545
20066 31138
4833 9297
11817 15972
686 18246
6409 41624
17917 24778
5975 38888
22051 27675
5839 32611
1993 39980
19641 24169
24857 33975
12957 38697
4479 17817
20704 39881
287 18133
10421 12451
30413 36487
35535 40242
15516 36260
15953 25681
23512 25905
18723 37077
15382 26646
32843 40056
3361 34047
7795 33264
2118 14203
4998 12905
3201 23212
1349 34374
16908 37918
23658 37219
21146 26643
19583 41318
28850 40023
7205 37370
16677 28371
1792 29467
9920 31309
25909 30465
35129 35740
318 4772
33616 43362
37503 39966
27878 39109
6445 34649
2642 38682
15659 23140
20404 20529
33524 34913
27731 30953
7 33368
18721 39983
16975 30630
31873 38629
17297 34064
7659 18450
1226 3018
12112 40540
38297 40362
25309 30069
12896 31762
1888 21604
7825 37586
8842 33732
2423 20450
7597 38136
4385 17535
733 38733
37990 39838
14279 39750
6757 17716
6645 24857
987 2628
8716 34532
17838 40430
18343 20186
12808 17770
19192 38413
10661 42782
22201 40935
20026 42022
15386 34069
28699 42432
15480 33704
16693 33926
925 4379
23322 31742
7031 42047
10149 37911
13561 27052
20902 40380
2889 38508
27017 31559
27443 41759
2739 25917
9778 19659
14521 39633
22427 41628
2579 22252
23471 37877
7281 37499
23855 33144
15342 29983
32225 39215
21618 32599
12848 41116
3191 12428
15413 32078
2754 10175
26289 31005
18787 25653
23654 40967
22710 25886
2656 25101
18581 39548
6699 28634
24890 42112
13685 39519
4354 43273
2783 9600
18692 36154
29772 43182
31845 33682
6420 37520
380 9517
8152 9068
17561 22378
31664 33112
28952 29830
2475 37713
15517 16751
17419 30781
10674 31824
24643 38606
21565 31783
20860 25578
17420 34389
11219 22498
7294 29574
4384 21581
17886 38511
12654 33652
9250 9875
5506 9607
39651 39768
32674 40488
2037 6346
32225 38410
27994 35580
41483 41725
27318 30867
1337 35948
6329 16999
23780 32165
1934 20928
12706 30055
30412 37634
8245 17903
27826 30519
19341 42403
5041 32818
7034 28307
19606 26644
12928 23459
15562 16470
4097 28290
6364 43007
1305 12439
6487 22661
12952 33844
12720 17279
25214 35173
2061 12193
14207 31067
28388 36042
20572 24895
8056 20983
2070 30214
3272 40635
8106 13930
22006 26025
17582 35632
2401 31482
9841 25568
19845 39061
22350 42050
261 6926
10806 19080
3118 20920
10914 25029
17560 24704
14595 27392
22943 30486
21735 32328
24653 29070
163 38821
1331 37580
37957 39599
7585 33267
4819 8811
37806 38649
20482 29674
22775 41640
9521 42717
1695 25964
34617 41821
3399 37535
4686 20710
17605 40288
8344 14044
16736 41596
10544 27539
6046 37197
24554 41492
24273 38998
19428 38749
29218 34755
26720 29739
28793 33071
1291 2876
320 15211
6403 43096
7220 7663
24535 26166
5672 19428
9267 39575
17082 32784
8516 21883
29964 42681
18168 18709
4365 26926
12967 39736
2917 38141
26021 26705
16657 41653
19425 41080
25320 30041
12722 34455
23986 42324
14816 28276
10662 31328
14141 36997
11514 21745
29544 30202
9378 42974
19427 24911
23418 42806
6345 31198
8055 28062
9083 41336
18417 41263
21211 42103
5822 34806
10618 22361
12231 34568
18713 20845
23234 34768
7626 41885
26341 36859
27211 43131
14355 38619
22328 39392
6768 12992
25516 32023
8763 23803
5176 13905
1033 6758
4460 8073
27267 28164
16120 32157
694 17091
18775 19629
5020 28826
2282 41319
22365 30764
6177 7047
11351 37565
31996 38791
1835 21382
3597 14464
8667 27663
14699 23503
4538 9834
1729 28311
9717 41450
12292 18605
4246 31125
11858 21531
4464 38932
2589 22753
9229 9616
9248 13830
8466 29070
3466 14166
11753 36232
286 26314
9978 32365
19836 39617
18699 40171
20367 39253
18445 42506
5891 10975
8500 42425
26777 41869
14384 32917
6704 17679
608 39547
18437 21862
10274 37961
19260 38868
25993 29894
22414 31191
27936 40515
17991 36270
6866 25527
7839 43066
16398 20743
6382 34782
5315 36829
962 32316
8933 35460
2106 30489
5880 10974
557 34482
7003 14686
11817 13370
7482 28684
20290 25046
31872 41892
21000 29343
723 26823
26444 26733
16649 19049
31371 40378
27579 31768
4986 32574
18730 27160
5332 30767
3927 15291
19510 21673
22912 41617
608 5373
36556 39005
7830 16535
30188 30384
10890 30888
12468 18965
7577 38720
1 2894
42585 42683
24569 34124
16713 23356
9819 30749
9967 16095
2787 18930
36180 43040
19298 41388
19128 25893
5086 27678
12344 14176
19257 21577
2826 40735
26503 38051
7369 23680
35343 40853
17752 33786
13517 42326
4264 36911
12077 23631
10000 22809
20877 33450
20008 33038
2304 11764
22038 24622
18349 26313
10411 40810
34043 42325
19876 41220
9468 10116
1626 41125
13554 21455
22836 24602
8345 16203
24807 28411
19707 24415
12011 23950
23948 23991
12387 33097
982 9505
18949 35353
8502 20324
26650 38636
1632 10553
21120 33558
35452 41146
7507 22459
5617 32575
22513 28271
8639 15145
13908 36855
11216 14038
30248 34548
8074 13646
15650 23054
487 13848
17618 28844
26642 40623
23640 23996
6851 11393
8161 34933
11472 12688
18744 36991
17733 20688
484 12796
8505 25883
3085 16247
10700 28646
38565 41897
3900 13952
2028 43333
38544 38576
18041 42883
14568 34807
13936 36028
32272 36833
23817 42732
18518 28727
33500 36397
1855 37928
8370 42812
5290 40824
3383 9646
25080 37564
23635 31357
3574 42425
5023 28402
26968 42836
26221 41855
2628 12187
6944 25678
15684 37698
11649 35746
1639 11858
13804 41362
30275 37818
2072 27955
4620 25918
32537 41803
2569 22345
8516 42233
8772 40698
19285 30683
40487 41626
36423 41188
1771 30444
5776 37657
8812 11235
5403 19359
8984 10029
13794 14229
715 33057
10280 20085
76 37271
1186 26034
18488 32998
37563 38838
4814 32735
19212 19443
14683 29788
12170 13352
15899 40861
23848 37076
12376 15672
18920 40734
39857 43300
27462 31801
29738 41154
26507 31083
3466 35671
13032 43303
3660 40640
19424 34790
4345 25467
8527 32542
6222 15089
17212 38439
12099 27822
11600 33359
3246 38556
40909 41103
26041 27119
31778 37563
2835 26944
23188 28520
28928 42453
9139 18022
22490 33093
11182 42645
11278 36691
3136 35917
32802 38071
10557 23345
6038 36098
3840 14570
15418 40342
8918 32548
13700 20205
852 29140
27982 28430
41761 42258
30987 40632
18378 40693
34603 37682
6587 40477
16918 23066
34348 39607
10076 42670
3147 42872
1147 8497
3645 17485
29721 33579
20287 36454
292 37030
28447 39497
636 38560
28784 43054
28765 36396
38515 39419
2780 6834
5998 30633
35892 42036
13246 36600
7920 12858
28180 40846
2850 27952
22075 41495
15671 39825
19390 42480
13253 38710
10724 31163
12679 15026
1728 12572
1811 20154
17514 30802
25133 27105
31091 33384
5215 34317
11059 15611
767 1459
4140 16501
21245 37446
13678 34917
29870 31958
11157 34613
13066 14159
25035 36369
18461 21456
10949 32220
11665 18804
29131 38974
19842 27678
14644 28065
24986 35164
20318 31579
4095 22393
21551 37903
18179 29879
16190 23020
12780 21874
4036 18780
10567 25887
6533 42819
24130 28763
32431 35229
20720 22699
30253 34355
13049 15094
2129 7789
17701 22118
3732 19308
16426 22738
6901 19833
36232 40168
19462 38949
2742 18569
31855 41485
26550 42941
13130 32237
23961 25729
2023 3606
22450 23598
3419 17276
33451 36749
6233 35360
6001 21239
20519 25045
100 40377
17874 22985
9508 36281
31328 39689
20196 34191
3596 24493
15379 15988
30712 32775
10875 36189
18553 23273
7419 23556
4024 27414
17948 39903
23685 25272
15257 37690
30102 41891
14319 38639
8211 16697
26067 36529
30170 37861
24956 43377
32764 42585
11804 40789
23463 36190
9497 39505
11574 25051
29911 41542
42 41311
15670 34072
1423 41117
11564 31688
31440 37836
30342 37564
3901 16619
16886 18535
4828 16255
31309 32657
10598 29091
2942 19165
1451 40132
7365 22165
5600 6154
8789 29777
12983 41585
40672 43313
25953 30361
10318 21345
6307 27149
511 6676
7090 14763
9118 27966
26614 33261
11110 34342
28338 30023
2846 32639
10081 23095
14277 27624
13293 22004
11253 41975
8914 18522
15890 33415
1682 25139
10530 39136
14613 37372
4191 35417
29234 32231
9547 26544
2629 22209
1475 4100
978 38757
22114 22285
18786 33027
757 8021
7113 39448
37180 37974
8808 37724
18495 26435
37252 37850
20982 39398
27660 32969
9935 13070
13728 28698
18186 21893
29574 35490
31714 38546
25842 30129
3021 40345
14634 25013
2832 27614
5425 19870
14802 24597
5458 6986
7389 33088
17838 21560
31724 33757
2480 13576
24263 36350
26983 34797
42012 42313
21918 25914
1892 27177
4460 21820
5630 21406
2370 12657
23106 33404
1039 15597
6264 16067
8210 10956
8165 24045
7967 22340
35354 42197
33327 43182
7186 8943
14714 30203
15509 26502
14329 23976
10397 25909
13807 24803
15574 28617
15455 27205
2020 5081
298 38193
20568 33126
4967 6725
40913 42728
8575 35405
10357 41005
23396 33358
24657 28144
7504 33546
31592 31894
2897 19125
5227 9281
16259 17581
24322 39939
14500 21764
31596 43155
14226 22693
38344 38411
4822 36522
510 25402
5899 27057
29644 34865
7011 40968
16779 37215
30232 41451
14244 35515
17206 17280
12803 13212
23980 29972
14563 39432
1776 36777
29907 34686
17349 25667
17945 38530
4629 11402
5674 37677
7890 40563
4053 39350
12396 35684
19135 41774
10087 33573
8910 26592
23206 34523
485 7036
19932 22870
1600 37460
35985 42198
2906 12771
6550 16033
22291 27727
31394 36581
15553 30907
11421 11841
8501 41067
2758 30054
11586 28123
28480 28654
6269 34480
2512 8121
11270 41658
23820 36264
11340 15824
1347 13043
4989 9062
6326 7630
22103 25397
7998 25170
13536 34273
27326 33176
11853 28652
17011 27900
3164 15631
22974 32271
1864 37132
12153 28355
13958 22073
8261 24991
22836 25167
2580 13136
9855 36956
36252 41387
18883 30195
20083 42987
27277 37606
12048 38892
13768 38164
42503 43192
32522 33066
13992 15426
26782 32150
19908 34503
21288 27291
12011 21482
2321 5678
15328 20185
2584 8532
9732 30325
29345 29455
2682 13039
6196 19426
20536 35011
30190 34354
12344 35628
19233 42443
9586 31439
1214 24541
29209 35421
8943 9870
1928 10298
4295 22213
32615 33415
19382 39533
11741 30639
13636 14451
8358 39984
3944 8400
10710 36315
5874 13898
33765 39704
9349 20357
13650 26400
13439 25399
12584 33021
1893 12182
4990 9421
33614 34058
26881 33418
20580 39605
2770 41502
768 23858
30707 32752
36884 39361
19738 42736
27589 38608
21321 25495
1714 5242
8886 27429
10372 31193
875 16750
19702 42490
11946 31394
3731 19030
30932 36253
7186 9561
28480 41970
28074 41282
33000 34545
5868 33866
16723 34168
22597 28668
3502 31975
15173 22475
23521 29541
1931 29039
12780 13311
12995 41758
175 39909
17009 33973
7495 42746
4551 35923
24257 24856
2939 23352
236 26040
17692 41550
27233 32156
42122 43045
19779 35920
3583 33253
4835 39065
26654 36421
5660 22963
9699 31450
6534 13139
20889 36172
23178 30491
11242 25168
18396 32254
6 12931
13845 33418
6689 13427
12913 30405
16440 32890
5069 18708
6961 34302
21106 29232
142 32390
6553 43367
13294 37452
8825 10133
31604 32872
18413 30356
19491 39021
4069 17281
27899 42166
6594 26372
10907 18654
23891 38627
24502 34085
17881 29714
29486 41848
12821 21175
7112 25022
28183 42864
9793 13715
309 10057
14011 19693
17928 37639
30096 36115
355 8712
26450 29020
17071 18770
2390 36103
31416 31481
2486 5074
1926 22413
22952 30656
5972 12631
1526 12091
4962 12960
8942 41054
19651 35869
19122 35525
15211 42499
26978 39877
13204 14123
25605 35236
11997 27679
4858 36931
33273 38571
17708 18243
10319 29572
11008 24721
7014 42018
38343 39692
4333 25217
13579 23045
5532 19879
9615 17361
28210 33144
18807 31168
3255 26351
30047 38451
34572 43448
13299 36991
16320 36864
24082 24585
31367 34598
10255 39386
9848 28674
9812 25045
23972 29143
14601 30088
3248 37423
3570 31058
18537 36942
8854 30445
10524 39022
20000 31677
29398 38944
28426 35401
29924 38236
16148 22235
10606 15642
591 34979
12076 29261
11636 23327
24880 41719
16013 19566
25986 39600
25019 36401
23818 39414
11469 17737
14551 31849
9687 27386
17104 36572
8486 26235
33017 36672
8068 41937
13255 14596
12757 33567
896 17306
8980 36569
14643 15573
6747 25408
4904 24228
3853 20392
28728 39499
15726 29308
28227 41203
15365 16497
29201 33303
19526 33083
20464 28936
21042 26698
7628 36942
6366 12884
9977 16006
10705 15247
2018 37762
15891 38420
19551 21247
2397 21351
3897 25013
10297 31637
20571 24080
40343 40428
1391 36883
21333 41399
29412 36906
35365 35863
31150 33566
8082 33325
30650 40568
9885 26216
15585 27733
3149 13227
8785 34007
1334 12405
8907 31718
21452 22782
11824 12020
23988 25838
18064 21395
3308 28563
23882 26351
16758 40607
23603 26936
28300 29007
25613 28256
8297 25558
9959 21442
20087 39135
3916 12581
17580 25897
9091 21632
8964 13943
16341 28426
18645 23777
1924 28836
574 25899
25490 39153
33740 38706
254 38726
8735 32550
17997 23741
15491 35803
39169 42389
929 6061
31010 42200
25995 35124
30716 37781
16284 26579
7154 34561
3995 24366
6862 15693
8267 24753
9652 28465
494 14242
2490 42429
10447 11932
39752 41434
25969 28426
21721 26181
1377 11297
11019 15541
7826 39505
5581 32683
29485 33196
3808 37722
15071 33123
461 8817
1007 32705
11974 27024
23382 42751
20036 35948
5037 12813
12028 42536
14419 20136
23613 31572
17607 33735
29461 31267
7634 33858
22467 39742
315 16347
23354 42423
25479 39529
6222 42286
26453 27657
30045 41117
10740 35724
6163 13598
31557 39686
5942 11909
17259 29238
9562 39660
23731 32732
15670 33832
19692 42904
12497 29401
29790 30395
2039 26291
12402 19715
1762 17123
31104 35395
13421 37599
15646 36629
19483 27454
126 42839
14763 38231
9911 32085
2273 15383
20528 40143
12210 16512
28384 40331
22195 40343
37138 41669
541 35884
18946 32884
24801 24890
14816 40494
10989 13396
8689 30996
6116 10345
12527 42233
38296 43123
5500 37174
6329 42883
23601 28313
21061 35129
38564 39905
763 35704
907 9819
24925 34001
17258 30302
5667 21072
735 27240
40975 43232
1164 10384
23324 33108
5167 29794
19007 35230
5346 19179
749 43353
22888 29545
2111 7454
29365 40553
2342 30772
1829 33405
31796 41149
25444 29843
2190 35104
28707 39829
23277 32511
10761 32763
768 21122
9632 29236
6437 25046
18359 19329
764 15526
13816 14692
32098 36202
2028 13993
32703 38039
13220 19542
8367 40343
18433 18497
9365 32275
18586 19493
519 41736
9630 18960
13707 38319
2762 7572
25544 41162
21074 39282
4229 11094
802 6369
6088 26740
585 39323
10346 38563
5348 30902
28054 35635
13908 18603
25530 30152
20375 26449
23821 36142
5250 15283
21768 31742
6512 19339
32896 40504
17575 22788
11286 28046
13595 23741
29995 34317
15508 22654
29076 29846
21347 25269
24322 28961
14238 17202
21255 38512
22814 35207
20667 29482
16321 30112
1051 20255
25 19859
23194 26568
28737 40179
2469 35404
26853 32582
7042 42135
8669 18585
9040 27388
6609 23594
9768 40370
14118 32534
10828 37906
17920 32972
25234 26195
21825 40735
22890 33889
5928 15504
12254 19927
24278 37118
31310 36105
10521 25331
18829 40138
32344 34672
22554 25080
24462 30819
8147 37320
1938 3846
9243 14511
13349 22530
3311 22258
38086 39983
6429 10952
3082 11818
847 23242
1660 32390
11180 28535
11778 42979
24082 30948
2569 10509
29137 33481
34909 40536
3429 38694
17371 38957
33212 35017
8710 14398
22395 28591
5846 30724
6062 6405
3649 19220
26597 42734
17762 38024
2796 34994
8990 37608
13701 25025
6307 7929
2122 7696
5004 21777
12957 37359
6483 24370
19660 37568
27465 33095
23736 30661
7600 39379
4630 28891
11970 25779
15801 31119
12318 32878
8771 17683
21709 33339
28878 38451
16191 23168
7578 20557
6716 23036
18966 27738
38060 40990
11641 34356
15423 23030
22430 38734
8527 14290
2914 17845
8724 25192
32646 40998
23054 36117
1084 36902
6190 43342
9208 40288
19700 39976
16188 40805
12755 37201
26582 27126
19434 36824
1016 16207
29454 40462
637 26010
3569 14514
4574 11589
4421 11347
8689 16688
546 13060
5020 21475
8037 10117
396 39130
14658 28983
1021 23906
11359 38965
4930 20269
20512 40012
33468 37026
5755 25078
2762 7251
10811 36127
22177 33161
2100 23347
8267 13962
32571 33068
18518 21697
13392 30066
20991 34762
14465 31971
4553 21450
6983 12776
1987 33269
8221 19444
1495 23947
1220 9190
17184 39615
8126 16174
4885 38404
17200 23344
4034 26520
840 34798
21769 39001
31159 41681
11318 23476
12483 18554
24332 33300
5377 17174
3624 9094
8491 17992
2856 17624
15768 24889
11837 15935
25587 26551
3907 13354
12094 29332
564 8512
4248 31552
35366 41646
11007 16417
22741 24235
3279 38106
23943 35410
1639 40291
11608 28126
4422 10013
1141 4551
11473 38289
12786 25129
11996 21068
2183 29774
25226 30894
26833 27071
9694 29927
26983 39847
31940 34675
1706 33003
21997 24841
8877 39504
15489 39595
29135 35366
25690 39107
16332 32178
4448 27799
29775 34006
1565 12584
36756 39821
14370 34312
6687 6725
21503 34105
23318 43063
14525 16133
16850 39688
13676 29959
18763 39355
18921 31081
23412 31586
40677 43364
16244 18186
37671 42079
30565 36727
1539 28517
1522 22686
27963 33051
5566 41905
13307 35165
25728 30889
7975 32354
5925 9758
31810 36672
1883 13051
3994 10451
12756 29400
36656 40529
1075 31042
18224 26430
2089 13119
4784 35453
42624 42800
20258 36415
2215 21337
9082 17813
13759 41863
30227 32386
20134 29963
14532 18401
18594 28592
4154 9393
26630 36295
7798 12655
20065 20744
4564 36618
24684 28574
15784 16107
37171 38881
10575 24441
20034 41810
1378 31201
6229 14491
25297 36156
10261 37083
41838 42241
21608 29179
36019 39312
3178 43234
5930 21779
7661 12542
19604 39947
560 11506
27651 40669
3229 7815
12594 25443
8480 10366
10184 35523
6017 27036
20310 22618
4583 42121
14220 37885
25796 31531
15445 30762
17116 17310
20128 32935
31418 33357
4655 21995
2797 12401
10977 41760
2330 20105
2722 25059
6346 41440
9934 16285
28056 39792
1076 26675
23811 30648
7028 32385
2027 18791
14803 31645
16104 21134
4398 40247
23641 27204
24164 33395
4815 17904
13832 28704
9209 11306
4285 37337
8120 37915
610 19678
2049 6657
11704 21686
5928 30727
21252 41544
7309 36949
12715 29129
9209 21105
14358 35351
24863 42414
34366 39144
15409 29361
20308 26463
26186 36388
972 4229
11860 31998
8839 25709
8169 41190
2617 23329
12224 37378
19620 40025
3726 24891
35554 38528
1698 6026
19864 42637
5355 24799
23116 28113
33656 39923
12674 16646
31935 40426
12559 13690
12752 36716
17647 37082
7788 34301
6789 13097
11566 38317
32397 38013
258 41453
7802 18923
9928 28497
5239 40839
4898 40546
3886 40048
25710 27360
662 17370
32872 36027
3621 17119
27674 35660
25234 37230
3033 18669
14842 21154
5297 5731
28563 35004
2916 39961
13292 19849
15136 16905
30405 38403
9077 35457
593 31536
20571 25129
5737 35050
1055 4240
10557 19027
11723 33955
6080 25590
6505 11244
34033 43414
343 18529
3460 35860
25808 40885
30576 39224
21860 25346
6404 27407
15657 25652
4739 8594
10887 32902
17012 39321
7856 19509
21482 34785
18402 40933
16363 42847
11428 42116
26843 33638
11816 18843
11061 38158
26188 42045
25144 25794
35207 39894
28249 41610
34394 40545
1886 27149
29934 40107
10826 31875
712 41407
32599 42819
10985 42485
11399 16461
25980 37585
3433 40988
16259 26632
34704 42656
26795 30564
5110 39624
41572 42740
1735 8671
7980 18390
7889 12610
35006 36578
16252 28844
35525 37143
1253 23422
270 27826
12240 23843
11932 34078
2223 22196
1807 5514
281 40258
1808 8368
9459 22676
4 24674
16920 42714
20649 25146
33706 35798
19380 37824
30249 38024
21118 30320
8600 9588
1133 26888
2640 32283
23385 25789
6755 37382
28074 42494
9606 32902
18109 26485
12667 27478
13828 27510
26423 27551
14937 37740
31379 33266
15335 21571
11125 22062
15445 28347
8646 39919
7051 37151
9697 25069
12874 42451
16028 33808
659 15112
14400 41672
16573 39758
1490 4652
8043 18688
6989 39656
27072 28347
14428 17864
1218 35455
3126 3287
7883 43316
18769 38959
19174 27933
13685 36250
15254 35353
9428 31445
20167 20275
15681 20868
41786 41864
3949 4263
17384 27141
7503 11769
6400 11153
9256 13433
4002 39552
14481 42950
21004 39616
2720 15027
24849 38438
31798 42086
24350 37559
35375 39962
5178 22896
8518 10471
8283 28324
15100 22993
8736 43353
10815 29726
29241 39846
4567 13293
774 33320
17481 21193
317 10221
34498 40039
25792 41401
3010 35892
22742 26046
2185 18251
2330 4642
20885 29694
11128 28910
13803 33064
28880 40806
8591 36963
29928 35299
1200 16166
25137 43392
8681 10061
9414 9646
2382 10659
3443 17465
7011 19951
37712 42966
1048 2748
473 15837
14120 22568
21155 28242
18513 42695
8116 24777
10926 15570
9928 17222
8866 12443
14373 26397
22176 25261
37423 39830
22275 31656
2789 31355
23983 31857
16085 40303
12938 37093
33867 38078
13050 25256
22402 38032
11950 21905
10542 38211
11285 42456
8249 19829
31090 37030
4233 7539
10123 27647
22951 40691
5676 14639
19434 36450
24358 35302
27252 33902
3637 31802
4097 16511
12502 19385
20463 21841
9604 17633
12100 36374
39670 42352
1916 17029
26965 40261
29917 38277
16029 29417
16038 18391
14528 39116
17684 24130
1936 11265
38643 41731
24710 40830
7936 38149
12083 26756
737 39988
18302 41670
16382 34416
23323 27623
4245 36007
5829 18237
6597 32338
19962 43143
13689 32130
14987 24354
6390 36963
238 12691
19043 32256
25020 35771
2076 2385
4635 28056
8511 28443
4349 31634
7259 33211
8985 19466
777 4863
3476 7159
3706 10065
25000 42474
4088 41658
2544 22640
6108 37250
8641 29455
21030 41671
10504 33731
11557 31786
10756 11321
13638 14822
17457 31671
7438 14645
9661 19456
17160 35622
17320 37789
9902 11971
2668 17199
3298 4763
15735 28539
13777 32135
6076 22436
9315 35034
319 35102
25558 35046
24896 29477
28828 39787
23740 35616
19793 42933
25467 42475
3999 12165
9319 13461
24738 25104
11118 26612
1996 7882
38137 39657
18235 42676
46 4361
24368 40288
15962 20974
11157 35585
4737 13033
11771 37730
205 449
4658 41787
40000 40146
23286 33352
4785 23812
5747 20251
27168 29612
10839 27547
15600 20743
17635 34925
13530 16928
25787 26773
27022 33924
26157 26306
8837 38950
10060 39860
10016 27510
5005 39801
10634 13559
24009 29216
15281 16267
1715 34785
12081 39060
15292 36613
13709 28944
9654 23896
21769 34789
22198 24349
555 11943
9060 10325
16452 41146
16284 22314
6734 33874
1220 18749
3379 28271
17701 24029
10056 37647
3775 11467
806 31941
8819 23445
30684 32288
3288 13069
13446 27029
3366 35391
8844 25195
27066 33068
17978 26000
12503 27799
43024 43299
16047 33863
10467 37366
13499 27040
24846 30248
24634 32809
1056 20977
2387 31808
6445 9046
25148 33030
335 11795
1772 36608
2942 32030
8480 9642
28729 39161
20732 31386
32788 32839
18285 38201
9517 30549
5206 17402
13565 38590
13400 23247
3735 39021
4383 42187
4201 27682
35990 39139
4133 41511
18817 28613
12892 36777
20329 24738
21404 33886
35216 38964
9545 43335
6097 36979
25419 35371
16319 26980
1604 2658
29627 41415
10271 28163
51 19741
11862 27779
11134 33456
26285 41901
1505 6062
2370 14434
1273 29848
25430 28555
2883 40094
26166 33319
6129 11792
14040 43178
32094 38635
42861 43254
15583 41060
9406 42587
3861 32313
5692 20836
2377 10128
20454 30452
10882 35083
7458 40455
22778 32871
28099 37021
20728 32152
1958 3536
18011 41358
2215 21097
14488 21087
20903 36879
16839 36441
18140 18548
2538 18340
28196 33921
8078 28270
3073 8296
10201 20577
11585 43312
3423 33026
752 13530
27595 32765
17306 28710
6171 16525
3272 36240
8136 41457
15880 41404
22233 24827
23203 31707
16954 27504
18434 21654
4452 30660
2010 4076
2516 24593
13052 42111
21956 36038
5350 6146
34208 39123
6619 22515
700 21826
8653 38162
26091 42543
28223 40820
7451 29461
18392 31227
5493 21915
15971 28875
28223 31960
31137 31936
31254 33275
8034 8319
23802 30696
6579 39331
25006 42506
11449 12283
2380 40920
25032 28643
5935 30369
15004 22643
17265 26992
15336 25102
194 5631
11609 12915
12689 32795
6190 34271
23718 24582
1518 4903
7622 20833
29856 35370
10116 34775
13654 16673
37101 41820
8431 37941
5171 39018
23490 24166
28400 33700
6176 12681
29272 40045
6046 32802
13176 34576
6460 41487
4964 20231
12758 18787
3552 41491
33817 38312
1105 41136
15766 37114
19919 43259
35822 40197
13149 18608
4296 29342
34165 34299
13825 14461
24934 28643
22578 37266
38904 41477
37579 42734
6500 42956
38224 43438
22722 25876
27348 42067
11308 15030
31335 36623
4043 28115
3775 24917
12479 37472
6383 27095
15820 27901
22540 31497
5191 39993
2710 34392
10018 16281
25416 27047
26847 41492
12694 28951
28093 31274
2823 27853
11457 28335
7307 20017
9956 30864
4832 40060
14841 20154
15264 20257
4786 14051
15563 23522
14795 37714
26543 35604
3279 3960
10689 40248
20168 29976
22182 42527
630 1192
3417 12003
521 2188
38883 40199
2271 38078
27230 31057
33618 36358
11705 26343
16965 21172
7576 19094
26952 40912
7763 34004
13198 28834
13301 23859
23548 36548
3405 3483
14188 39372
16052 23871
19126 29986
25046 36939
2280 15159
20142 39493
24825 41666
10641 13762
21327 27087
16889 41714
17173 27887
25882 40594
3245 20914
34330 38442
6391 43147
3061 9493
8615 8741
6389 35904
37610 40461
40843 42691
3245 5638
3556 13636
30191 38584
16156 39096
7305 12750
11216 41239
18708 21717
9483 43425
36 24373
5783 21572
7094 18165
27873 34667
33970 39038
15529 35965
8107 20019
17007 29288
30940 33195
28641 39908
16731 40724
17776 28338
13971 42878
10992 14369
26531 28558
28568 29981
11250 37790
11721 12300
1878 3636
18478 37655
22343 28084
16755 23590
27797 38994
18328 41094
6479 8937
24701 41199
16022 43418
18625 42778
2625 14416
15508 23195
96 41578
13639 27772
26025 40471
9212 27282
27305 33055
7147 21559
9279 13982
7743 32732
16920 35119
32429 43272
57 26539
34881 40773
492 26467
1841 23352
33072 36733
15746 22959
2119 29712
16089 42546
17844 34457
10959 13266
26023 35298
10018 36363
12738 41226
8783 26960
12256 39008
16995 38861
2655 39491
28871 38626
14213 40667
11647 13825
16902 39801
28064 28734
4067 25586
5463 34560
23102 32781
10041 35219
26096 26135
29007 30566
6746 29859
15586 32661
25894 30350
26281 29298
825 20237
4312 32183
5472 26917
18368 19716
23763 33429
3717 18010
9958 34403
11602 14432
1358 43331
12227 39367
11877 14637
17628 36121
9918 26868
31306 38001
21774 27509
42224 42789
1829 23476
4589 14906
21025 36281
21851 31893
26985 32245
17161 21379
357 13194
21091 28233
26928 39847
5933 12201
3149 38090
19961 29177
9708 31195
31301 34624
25566 39502
31583 39972
1688 36268
5039 8726
139 8770
18231 31846
11112 14955
421 43165
5188 18648
11110 19046
16337 19397
2536 22779
10333 38602
28923 42707
7547 38781
13086 22445
11632 14432
19033 30255
11470 16356
9843 35742
6535 14871
22863 23881
241 19785
22492 40153
20855 20944
245 39152
14856 39739
38399 38553
5649 10348
12741 40877
5069 36834
24777 26402
6024 32102
13715 29971
9998 23198
7768 28550
4899 39806
29609 29829
32900 33727
325 21361
4230 33820
14318 23067
29104 37241
17072 36182
30905 39885
18314 34890
24409 41632
4936 27795
6641 34895
15280 25141
22317 24472
1699 32239
8086 32242
386 38983
27937 38303
20509 43288
11933 12451
25110 25649
7582 40064
26677 31095
21799 30898
9005 27264
2226 32695
28674 41979
32599 38875
3810 6257
1959 25935
29142 35439
35547 42407
4196 20064
347 41657
1156 31438
27891 38308
10083 43284
23213 34035
12571 34026
15083 28360
22545 39763
23527 35134
27451 41419
24510 42249
13425 15629
21879 33671
6929 27202
35108 37233
20318 36149
1317 9290
2207 37906
301 15998
19631 24831
14482 39632
4305 36572
14078 26747
32694 36237
17233 31538
4594 8567
1864 31501
32426 42838
7513 10607
15063 42768
18957 31683
30976 42114
1099 28436
19472 41174
25370 40232
3448 8254
18493 36652
2496 14223
9666 42191
477 19233
801 3115
1152 39559
6397 25220
30462 36416
26302 29854
16377 37565
14580 17135
11298 26532
11597 31295
37801 38529
11386 15799
9079 10351
41641 43423
14074 41126
31073 39953
17670 32828
7778 25965
38696 41101
17672 32874
5294 41758
32443 41852
17569 25579
33876 40128
31238 43403
9207 13919
7133 22228
11701 27861
14032 33703
26291 37959
4244 32108
12514 37009
12306 34616
1151 6503
30693 40836
12442 22611
9778 37305
3821 36886
5263 34716
13785 17961
25479 39212
28927 31016
2449 33601
23655 32420
8290 25709
7813 39141
11562 37501
5824 30030
33375 35766
18469 19046
21570 39816
5241 8512
21852 32332
21317 28790
18579 37119
42061 42073
16261 39618
11378 32661
31369 41011
24685 26492
6154 41461
15377 23090
28859 30508
12207 31762
5586 31555
31847 41575
19089 27018
10 13300
4355 38863
7486 14021
7111 7728
18426 34810
26301 33520
13391 43297
31192 34144
669 38785
21357 36675
16085 29943
28848 32012
2083 30403
411 17027
23256 36444
12049 12305
9355 20182
32485 37486
5128 32555
5576 15941
11575 22221
10923 18094
19234 40554
12175 27878
6067 20874
13095 35957
9172 36690
17847 33763
19730 22476
17095 38854
7538 13780
484 39355
5611 9519
12198 24829
11728 33016
968 22960
23275 25732
25967 26827
14238 27489
29504 38890
7535 8032
12982 42846
6945 25694
9948 18602
13256 29085
12306 31717
14049 27967
28680 41072
31078 41720
14702 35702
28723 28876
3786 5885
18179 40544
6527 33290
14530 17690
1308 40182
28670 37351
26975 39075
940 18818
10609 33745
9055 41366
2754 41137
14365 21006
4891 33342
7245 19920
12059 28992
14089 25272
5304 15761
1448 18470
15044 21294
10199 13875
6337 27127
3102 35404
13143 43329
18656 32188
5621 21295
17219 36422
29345 39368
27712 29138
1618 19820
8043 37054
18344 40180
16058 26941
8874 30566
9252 39786
21331 25947
29505 35304
7548 8967
16630 30550
11089 33981
22018 23844
3607 42113
39818 43136
1853 11177
14620 30923
18598 26891
2949 31001
479 4621
9105 26153
30448 34103
20854 39729
17146 27784
14039 19277
1036 30553
7049 40703
18904 20932
19680 21153
21395 28941
11607 16012
20526 26277
9089 32975
19627 40740
40124 40560
15506 39768
9191 11560
9206 34314
13412 16900
12826 17742
13823 27731
15251 32079
1422 14000
5135 7041
11191 13855
19136 25604
10827 22438
38099 43311
19892 38190
19765 32753
24560 28943
4894 20161
6387 29822
31063 34756
3262 26371
25905 29092
10151 27524
14531 40276
13609 28152
16078 25068
7148 29920
30432 42995
3503 3802
25224 36278
24203 42642
6441 10056
14675 22470
20413 23525
8990 30875
20050 27637
26818 35411
35154 36236
37434 39861
9037 38046
20582 37297
1586 14754
22595 27746
13741 26012
5397 39821
7502 20245
8970 40207
12052 25272
10752 42801
10778 37606
5519 25474
1891 5187
7092 15651
13963 28276
28937 32887
12870 33074
14390 17009
6717 39159
33238 34958
19453 23567
2594 41524
1069 41939
15779 28010
100 10586
30904 35234
20920 24645
9044 24291
622 15586
35941 39625
17011 40525
24682 26438
22966 33701
31345 35916
21334 39911
25109 33830
4916 5374
2209 15268
18189 22252
6359 39801
30464 37564
37112 42038
14897 21327
5939 40181
10929 22849
1397 29353
33320 33428
8623 18757
28299 32199
22563 43268
414 32976
26183 33866
13076 31987
1124 37273
21272 43355
7040 17689
7655 37964
15945 32220
558 25750
35206 39004
37761 38138
16681 28878
5120 33820
3793 40104
7449 39027
24495 31284
29765 37189
2257 21701
15307 37598
5092 23104
17171 40756
778 21737
15677 38040
9091 28028
31348 41825
6718 28376
2111 9983
4954 39385
27087 40284
3009 4717
31397 37745
26113 31942
2624 29981
15474 33924
27005 39693
12625 23955
19180 35330
19668 40070
505 20797
26258 37958
20797 35491
15584 17288
32639 35672
723 15772
15509 33918
27121 34391
10538 30524
29266 30429
228 29564
22196 24734
35583 43434
27822 28022
6166 41984
1474 37813
19318 42882
10547 22881
1952 42541
854 43023
23511 26172
13513 20603
25524 27009
18377 25820
25071 28195
32047 42334
10482 14535
2048 21311
1511 12970
30756 36005
33426 39815
7722 39320
29792 30071
4182 19634
1197 8084
3799 34391
1938 11502
1891 19792
13599 27143
5835 42759
6090 34418
2464 42285
7976 18676
23299 34775
28359 32734
24191 40052
9187 12409
24157 28390
856 8730
32699 38705
7240 30127
5738 25830
12529 29858
30897 42252
28870 43237
12429 19828
5481 15062
14774 14988
9163 19370
19399 39814
11696 36458
6079 14230
3743 42753
1935 32522
10570 34892
23755 28760
12591 33338
27541 33391
23334 41535
2385 18206
28664 37103
13742 30238
8869 29631
12935 22036
747 7632
11474 21712
3512 4132
13375 22308
10936 39564
2010 33046
15727 16195
10283 16553
23520 36972
13581 15768
7073 28270
20261 35241
9320 27059
10348 33917
27294 31420
10393 16132
3541 35048
3250 34310
12496 38554
33831 40227
23111 24874
29939 36109
13110 39945
11139 21614
5976 32545
27511 42385
33841 41854
3659 33956
13162 13690
14324 30162
3701 35121
25645 28951
39254 42560
20233 40898
2103 15086
5068 41445
18096 40025
12152 19654
10958 16476
9258 14638
2418 32625
6186 31981
5459 15437
18504 40759
4617 41923
31162 38870
23273 42706
20622 35196
3212 15867
38827 39490
6373 8395
26518 33427
27454 35061
3609 23639
6823 30323
22736 36085
7185 40538
3918 30810
1341 10949
13321 22206
16442 34583
13909 28792
20165 28312
3002 38688
6840 39537
13119 33591
18758 20869
996 17330
15787 42236
14638 24471
8123 38808
12917 21564
2331 10375
20650 39092
14305 20097
1172 12833
5345 34906
18947 40174
36545 41804
32973 37856
18973 39143
15411 40609
47 22257
9647 37387
8765 19966
15523 19882
27532 36041
19839 41509
3607 43349
7534 20104
20346 43003
9093 18519
22060 39077
18200 37880
8952 33563
22336 37440
11536 36845
13995 29855
24762 34474
14863 28130
23737 43348
18103 20951
9100 35124
26020 41794
17940 37926
3164 33330
15778 20027
9461 36069
7263 14541
1117 11971
18912 26947
23759 25579
32378 39524
19382 36695
6378 19453
5721 10064
5394 9669
20730 32389
8093 16661
1859 25790
15703 21546
24152 35080
7633 29508
5007 27690
27240 36929
32190 37194
19250 29571
6780 7375
9864 21348
4715 11074
20105 21225
25892 36482
34586 37015
4853 27223
4524 5090
15350 38397
4971 35580
22323 33771
602 5267
22483 34992
32803 34950
8504 13936
15051 39269
12407 21596
12602 13958
17221 25006
9635 26399
9669 31645
4850 22229
27225 41909
8122 19469
9887 20204
4208 38977
15716 21377
25810 27408
39373 39918
5429 7569
3262 6265
9579 25686
34248 39063
5114 24904
14253 37195
9008 41146
1928 38735
9906 35880
1740 3975
29708 35663
2590 38854
4298 10762
6516 41802
13779 35060
3495 31349
22232 26082
10448 22873
3399 11639
22331 36641
19831 37968
6234 13042
6008 26285
5181 36864
18450 41545
10882 16160
16702 29113
31185 38560
11686 41060
26767 27044
16695 21526
20939 22309
18872 35761
36482 42878
21228 24132
9163 38431
6516 10661
20503 29326
19046 24048
19813 35295
9123 30896
6460 6565
32054 42163
6410 11174
18369 19110
7013 21266
13503 17984
7266 8880
29331 41166
11702 37971
6510 16481
30325 35608
3747 43439
1743 35548
8883 25178
8045 39385
9416 36029
11042 28284
2400 20771
25902 42407
11218 17398
13346 17219
14854 37546
19648 26718
764 1198
2825 13595
1973 29594
23204 32607
8276 36285
7309 24418
20911 43272
24402 33460
14934 19755
25479 29657
728 37381
28853 29648
8694 40181
4911 22235
33396 35948
2581 13585
3293 21927
28893 32430
2575 32264
25698 28240
12145 30970
23180 38787
9067 20949
16225 43430
4875 30125
5139 7540
260 39198
6504 30033
21953 27555
5158 26249
17211 21769
1215 11054
1442 11999
14958 40878
594 13595
10348 41435
7589 21560
1002 33577
2361 4577
4218 19396
9919 40763
24981 32921
16409 31065
22452 26340
7435 12233
27730 30608
5027 24638
25219 38162
17663 18264
15685 43085
8658 10699
763 25832
12583 31704
1495 40276
17877 22919
19821 27561
27431 30726
21414 23840
2254 15418
14866 39195
9817 20457
4431 27209
25656 26270
215 39963
11201 36776
31459 39054
24556 40477
608 23450
885 24482
15587 18017
27895 38939
18182 35983
33600 38356
8114 15123
12543 43043
5845 32790
1714 31130
14705 42660
24077 32491
5042 42265
13189 40185
26338 27014
10727 33860
30049 38668
10306 14390
27602 32651
12401 22399
8292 26914
2750 20321
22447 24252
25638 37368
10237 41580
368 33947
3041 12391
30811 41620
5407 39919
11794 28780
6266 24337
16159 38780
21883 27859
29956 29994
19181 35845
7558 12582
21843 30904
10596 23204
27002 43394
12361 15803
21835 43094
31572 37776
4299 35926
20927 27670
30427 41630
21298 28337
15271 26425
33309 38907
15279 41592
1756 16615
19121 36733
15542 38030
24845 42808
30660 40111
6561 7639
9066 11382
1189 14289
18880 43437
7802 32540
668 31556
3233 33098
174 19155
22235 25658
28872 40331
19886 28844
3855 28688
12895 23442
923 27352
986 37500
2884 32163
2678 17011
1728 19643
15014 20733
5850 23469
30297 30795
12011 16713
33775 41689
14798 19388
39222 42568
31216 38649
8370 14688
4194 7593
23902 27898
22630 36895
5236 16601
17718 29008
13033 19592
25952 32000
20709 36586
1648 13648
18841 23860
6656 13137
7314 31796
7136 8112
1996 14331
9280 36951
30858 31212
19430 26884
12367 32748
8579 15212
17964 22244
25885 38133
12716 20824
5861 33053
7989 26458
3805 18556
32772 33733
10374 26901
2320 15394
7325 14400
5270 26169
21978 37090
6195 38756
23207 25013
7859 24133
14264 39237
30924 38598
8559 18882
15165 38406
39005 43068
14298 29961
13589 24546
11127 19941
7718 34481
24693 27996
3261 39976
33309 42424
6623 33726
12635 33852
26287 41681
29914 37422
26808 34213
348 17190
7309 26325
34548 43086
17118 18409
7515 22229
32039 42607
25410 31959
24528 24926
12730 19567
2589 7274
30301 34835
15365 28264
13011 31106
29168 36262
1757 43338
3992 35886
5156 15278
9644 40395
23617 31835
28781 34281
19982 35452
12957 35192
16433 22628
25264 41182
780 42080
4935 42636
25032 31225
26587 36846
24245 41203
25864 36451
28973 32007
13187 29992
17753 30826
16275 35251
19663 24560
16129 20904
7720 26202
953 24480
1610 23289
20176 30972
6036 40358
24759 35947
5643 6132
21048 28457
12827 24172
27565 32448
30882 31151
2330 16970
17358 39537
13996 23341
8422 39656
10931 31275
3037 28351
14115 32832
5919 8632
3958 39284
24636 29316
28638 28876
39360 42612
7698 36592
17664 24718
22672 26651
2291 4560
10284 28431
9854 16015
32843 40284
27587 27669
5631 21182
28512 40256
28889 29626
2385 33242
6594 23481
28565 36884
327 32662
5912 27059
3322 42456
2624 26842
37561 40199
26625 38777
11375 43158
8053 36941
3714 21746
20105 36932
11382 21883
33463 33734
34509 37980
16887 29348
22071 22647
7937 11102
56 30105
30525 35027
26492 36154
1983 14364
2122 28294
14329 40496
23477 33063
13239 13512
20378 42167
10434 19865
33828 35552
13344 40101
26931 42617
32198 42589
6141 16157
11154 28822
12515 21560
10167 13859
12444 22848
58 10149
9786 14167
19747 22298
27671 40148
23372 26072
6302 20397
1596 31072
3796 4940
8254 40206
17988 24791
15370 39830
4338 25114
1109 15678
23181 38555
5879 33311
34855 37462
6109 36217
13415 27859
21895 42958
2378 12799
11013 16889
16226 22260
35060 39557
6700 31962
27176 42047
18183 19001
12620 17947
26052 38110
4938 13216
6399 7124
8511 16046
1185 16612
9558 39950
6640 30376
5077 7144
4663 33922
16115 32228
7523 20106
13508 41040
25313 41154
26337 41477
414 33704
15710 27978
2787 28660
18953 34868
12338 19954
21386 21739
16643 17071
14505 33501
9534 32359
9202 31620
21515 22149
5931 30818
12036 17145
13168 20411
15063 25134
25799 27434
30 31462
21690 32703
30387 43333
11583 40208
29964 36814
28892 37763
37121 43417
19164 25639
4183 17605
13770 19698
10591 39396
23122 30754
4745 26942
18592 25413
965 15683
3620 18431
4447 20869
26248 28199
8062 13567
2867 16881
27027 27937
27538 28641
17493 29642
514 36163
14839 17697
8701 19152
2446 23240
14133 39348
16784 40442
1684 20473
20666 36702
2763 3699
11779 35774
22557 30194
18464 24854
10771 39182
37390 41740
30714 42388
7117 28062
751 3272
5848 27908
31188 43210
18341 19536
5854 42248
19141 23561
3142 7667
30945 39288
1468 35343
23378 23927
15174 32855
6768 42588
22438 22551
32685 35994
617 28532
12116 26684
23463 29892
35978 38275
23630 26622
9781 24106
5342 10959
32285 36060
3201 17292
2396 41970
9941 31154
28516 41397
8122 31122
15 20735
6315 9250
12131 29409
20280 21740
24744 42299
34281 36893
3892 37562
6824 36454
13989 19755
13756 27855
2929 20741
10902 17542
5251 37609
18511 39730
31030 43159
8118 43431
15595 15707
25942 26156
6714 37979
12843 28302
34568 41272
27299 27820
6050 25167
14053 43310
8607 37179
31480 42806
27172 29176
11583 39753
15200 38748
31540 36441
16777 42630
4131 35484
6216 31471
9849 39270
993 39907
2418 34158
24973 26644
26910 36531
27167 29771
14503 34097
27558 39950
4199 18622
11282 28686
2384 2494
17715 24870
14423 42439
20887 42662
18434 32693
2835 28030
16283 23786
19739 40583
15983 38046
14342 30207
4026 5081
15814 34827
924 1082
10203 43181
3612 18273
18887 28474
6791 34038
6440 24921
6415 39386
10996 19405
32074 42390
16285 19136
24514 30452
2432 31962
5818 30270
8283 39310
35544 35673
2591 42572
1895 21177
14250 25141
27938 28463
34068 42396
12852 29303
5480 12720
10038 34604
17233 41691
20642 24707
2051 25073
2943 10193
8172 36446
13986 28451
9796 42426
2758 20239
15208 17647
6737 28675
8932 33690
14810 33816
4718 5200
6031 31667
12932 30171
12676 26044
11251 35765
9750 40738
15692 19157
18285 18583
20404 33402
17512 29213
1319 43059
23212 23560
22479 24729
11947 27332
15204 36372
27853 41537
537 11532
7298 27961
13038 20017
17286 20010
6757 22884
2144 23170
193 20767
20175 26345
12849 26911
2071 26075
32549 34523
13540 35130
32443 42206
24451 25161
28494 39274
8938 30852
27467 29608
12499 38583
9019 14976
2384 12427
9986 38362
15123 40705
721 24427
3753 7685
31105 42073
43142 43284
11874 40601
14441 30670
13672 29176
13608 38051
18591 30128
4004 27683
12466 21265
19325 38983
41806 41908
37037 39961
16951 38729
10814 28543
7297 17886
8045 22475
9249 23143
10172 41319
14581 23510
20063 30760
2190 40268
11778 12196
8087 16470
14072 30988
29870 32828
5566 39551
6072 35747
4029 11124
5736 39962
39736 40163
27768 27977
6048 6491
2169 21082
27123 40290
4710 17874
3190 20353
21584 38132
3465 28694
25725 38036
9335 36284
5836 12435
10687 33440
11373 41315
34186 35557
14917 36799
4762 39352
12927 18418
6782 30780
36408 43149
15614 16725
16405 32530
1183 38205
17557 41898
3543 32899
6620 17620
27266 36784
143 42075
25334 28207
22904 40853
30488 42797
2460 42357
2886 10678
12537 41803
376 28120
12809 37795
34130 39570
6230 11958
10800 12756
6859 36103
14385 25045
39694 41226
11604 26322
28217 33973
2478 20682
13560 20209
2458 36245
12243 31907
27064 29106
2626 42245
26969 28280
10398 34626
16035 18825
6829 40775
6314 7872
4508 39593
6010 37474
12796 28858
12590 20876
874 3276
24184 36793
5237 31108
11556 13449
11158 19038
629 38908
20386 42890
31805 41248
494 7192
40501 40918
37333 43247
4876 10191
23326 32975
1658 42204
20545 34252
2253 5638
31247 32060
19906 38466
28349 29554
10813 22386
21614 25835
16591 39809
35846 36225
1778 6284
28538 42258
29720 43167
28004 41570
40136 40389
11129 28257
3909 35635
2910 21601
18534 23288
4267 16095
9481 10579
10298 13053
11419 26518
4755 32653
5230 22558
30708 35350
7332 31546
27097 39553
27192 41133
8868 28257
14849 22654
700 32678
1095 16992
34831 36368
6885 39902
7907 36392
13807 29861
8569 35545
5377 41452
2045 19995
15903 42976
31815 39468
1761 13820
15652 26361
25760 36262
20953 25163
12388 17870
14652 28906
25257 31477
13817 32242
9304 25562
11142 15256
592 38221
2260 22808
17151 17528
18844 19141
1265 17561
3017 9955
27919 35581
3816 41836
36266 36760
3423 7610
16192 23457
15801 34189
35334 41661
8633 36095
36079 40317
15051 16695
34446 42919
28016 39836
7742 16676
28673 38645
26266 40163
26162 35087
7042 20614
4075 31335
3717 38043
2989 37304
20308 39519
14342 16383
7296 17498
31784 35967
14510 22383
19139 34873
19883 21061
12504 42904
12075 15437
16880 21737
1332 36287
30649 34315
9262 30008
24336 32571
25757 31776
15812 31695
25022 35528
25879 26289
19394 23499
10390 32374
20548 30496
39486 40791
6870 35941
38957 41201
32307 36092
15773 18154
16542 27784
18513 22703
11409 15734
9761 42379
23600 27403
5110 38209
10485 35994
39404 42829
27066 36028
7703 24803
4896 37691
7040 30875
14181 16034
12548 12974
8607 29905
22760 35276
31048 35875
27354 34216
3986 13334
5447 38733
5095 17148
21567 34208
9900 25168
19631 30393
23428 36903
16694 24741
11202 19955
8218 32015
28510 33123
23259 31432
8823 31600
14991 38655
36438 36597
9955 24286
9754 19866
8149 11684
12712 41082
12112 30729
12640 33100
16633 36516
3818 5240
23786 43377
1015 20499
33485 41739
13829 36119
13262 16824
13164 14037
5821 32127
4328 24186
14114 32316
15929 34858
24872 41545
12468 17717
16436 36352
24210 30314
19 23917
34844 41005
22343 26104
4960 15768
14150 39328
21363 30025
799 17841
16099 34488
32651 36036
18845 34156
19855 32329
23107 24221
34094 37474
21652 34265
14631 21881
8616 15371
4122 40683
6012 24151
13376 23877
16968 35839
845 23851
13814 27486
41353 42287
11865 13078
23354 33897
13832 41089
12549 22378
15387 33878
31082 34839
12414 26125
26787 40884
27895 28258
25369 34780
8805 41543
16634 24824
6005 42578
12480 27876
1080 19180
4758 28442
5089 7079
11462 12846
17250 41537
465 30396
26399 27189
14846 42572
22682 30242
19542 28957
13170 38122
11905 39430
7982 40917
8364 41019
13591 39872
1486 10419
19124 38243
12615 34867
5194 34607
17164 30624
9022 34014
8526 43232
18410 24378
22649 31233
1650 19683
35269 35468
12953 34862
25328 38512
18568 34763
22049 26515
31228 35953
15912 22745
16474 30362
28105 33329
24925 31891
30451 35507
886 10804
15133 22226
22318 28625
1038 16271
20454 27130
31795 42601
4354 25891
4956 17823
25857 29592
603 24452
11127 35729
9723 35939
19589 29311
14432 28945
14858 21240
35271 39836
14996 37389
4607 40300
1246 13941
6648 22217
2365 10364
4528 27175
12351 37803
20644 37992
29904 37970
3781 19024
21748 41462
9766 39958
3869 8291
21653 34220
276 9690
18112 35809
11769 16887
7738 39752
13666 32825
36802 39586
6200 37518
21303 37813
19026 43319
10480 36268
25676 32590
5446 8948
18144 41359
505 33312
25028 35752
8252 28080
39134 42805
8884 14027
8530 40102
7831 37849
7972 35610
21477 31900
26804 31923
9568 18631
7294 34234
25412 31204
26676 35121
26131 30891
37735 41080
15271 41542
4142 5016
27212 30405
4521 24260
11729 39688
23215 43240
6739 27192
18821 23450
27967 32940
9662 24278
36241 37051
15117 38042
6776 40845
4925 29224
10552 40062
6678 16336
13269 28412
30949 37022
7050 7082
33638 36156
26751 26970
14325 24486
4664 20000
3646 11386
36425 36579
14923 36486
63 15947
5787 27684
9562 11215
13770 27647
4983 17501
412 4989
25230 29978
3098 38349
22480 32820
24997 35634
15522 27366
4787 42472
6327 28537
15099 20847
15135 18060
9722 10157
34201 39652
10791 33820
2202 19717
4690 12711
15150 32863
8386 37828
27290 35707
1394 20712
7145 37278
7489 41252
9446 15362
4499 22942
25737 35794
25004 41127
3177 30132
27516 32263
25682 27227
12504 33052
9813 26675
7418 16876
23522 28622
4887 11912
18716 40379
26137 27807
12827 23879
12248 30588
21205 41145
10082 31229
23841 30819
12809 30655
11683 41921
1377 31281
39246 40312
7140 42946
11269 39837
30257 39107
155 7561
9247 34750
9820 25752
1916 14004
20735 23853
13448 26791
3678 36133
28564 34461
26174 41810
26150 30836
2904 21463
4233 33911
7115 27024
2013 2044
4875 24518
7345 33902
37100 37791
19950 29935
22926 34761
9820 38934
41659 42372
6664 9597
2971 26068
6585 31181
19234 42762
20511 38081
8131 42166
26239 28060
8877 13331
14360 30441
3497 10084
1186 10344
14876 29045
19349 33852
11075 23325
24877 40547
13861 30528
23943 37488
3097 13348
8087 41305
15178 24657
16933 22984
21203 40294
3392 24785
10908 40366
31777 34130
9363 32989
9524 38010
19414 35940
2087 34773
13613 39444
1027 35547
3396 3966
30187 41505
23766 40228
6055 19473
15889 39163
18807 35905
15721 17887
29958 41453
7554 38748
39861 41500
841 21047
31076 31989
15481 22372
7712 33672
32098 35649
35561 36621
2697 20180
12167 14518
2355 38910
32749 38585
196 34114
4859 19797
5903 29632
19864 26727
6769 9367
18300 43429
39883 42952
18813 34380
34924 40881
23696 26253
14419 17034
725 11423
23785 31960
11495 26139
11308 13481
17457 18042
22035 25117
949 37734
8705 35998
19958 26739
16565 20844
11363 35819
2671 4622
23534 37976
26839 31192
27314 32239
28144 40802
9994 36215
10231 40854
12717 16274
18023 42747
8777 32841
4846 16717
25648 36586
15044 31207
10222 14912
21921 32535
4466 33465
8479 9240
17966 40900
27099 28271
21044 42061
26469 38455
6518 14228
2497 4038
1063 25539
5951 20008
14921 42104
280 17731
8480 28309
13368 23532
7196 33539
34284 38053
37899 40385
988 29337
16111 31762
34115 35800
31632 32570
17288 19495
31768 34151
8573 22057
14837 22404
10233 14108
17166 38753
25729 32387
33132 41867
8804 27093
11585 12984
13977 37761
16594 37773
14652 43003
4239 37192
5755 37223
30588 33473
222 30184
5067 24017
7776 42085
1439 10900
9918 28218
22465 34019
18564 19665
2372 42781
16877 18998
1542 6302
790 42130
20233 28017
10473 11474
9930 28228
17051 28950
4516 8803
28837 30542
16507 36434
5639 16487
2375 12692
4904 9851
3314 13843
280 16926
21652 41112
33402 35877
2639 5568
16788 27035
4129 4378
478 6553
25719 36371
9266 13137
3464 13787
2101 17004
12892 32597
438 34481
11056 30898
31575 37647
7470 33468
9142 34012
25036 41976
9893 42282
5069 25352
5243 14393
17716 37826
4510 8392
3042 17477
8435 30363
10971 29255
28961 35839
7741 34870
28474 38195
6667 8419
8230 25235
15291 35540
4744 22559
16306 26887
19236 31560
22716 43089
12335 16814
19867 33120
9746 28649
3134 17416
3247 23709
13535 42623
5139 39303
19026 25307
1637 4603
15177 33159
31596 39813
1453 37505
4386 15122
2714 3998
24373 28426
8848 30882
2117 35041
455 26325
22746 34980
38637 40017
19962 32576
5272 33416
563 19442
1947 35761
4014 16647
4113 28704
25575 40540
191 40215
22342 31894
13854 37091
6020 34972
9873 12744
17124 42394
17931 37010
15848 24854
12907 28128
3876 15178
18867 22402
38745 43118
7941 16972
10889 36746
41756 42303
8670 20565
5396 16082
9061 10587
24822 38209
12964 38461
557 29611
4615 40592
40351 43042
18794 43242
5115 7926
9583 12389
24692 35884
7420 12547
8880 31894
32954 34508
4494 27241
18193 30944
20720 38418
40761 42159
15324 40510
16305 26611
3115 29201
13381 42132
18276 42498
3280 25296
4331 29694
18806 32864
20064 23969
7317 39372
27531 29300
3392 12705
1567 3059
4313 30054
8047 12830
26310 38262
12958 34832
30515 36461
3128 6216
28703 34594
38962 40500
12062 16789
23522 25536
11471 18011
17618 24189
8454 35061
8888 25719
20647 39229
32412 33528
29392 42925
815 1330
26619 30322
18885 24647
13634 25208
9127 39476
5099 35285
4527 9230
18568 22496
17663 20175
10259 25746
9905 10696
279 36032
8407 23322
15779 42379
1528 18915
12366 23966
17266 24676
15190 41984
26071 26703
21265 32044
38706 40106
17492 23676
2634 39427
19257 30827
15385 33565
1115 20439
5995 8631
2540 5268
1143 38702
20441 31782
16565 18563
8946 23980
8765 28106
8627 29862
3412 24418
8185 23101
3262 20687
6585 8847
19296 25278
7150 33731
31752 42880
5468 17223
1377 32867
29918 41062
33878 42840
1112 30906
7867 14309
1417 5878
4373 5356
30655 30940
23289 36803
3740 32770
9819 22040
3208 26493
1440 2829
512 13356
27059 41867
16865 28250
18778 34333
33151 39478
9207 11081
13023 17833
8559 33491
19187 30596
19175 25109
2103 42019
28214 35476
15141 39597
5266 8764
7709 11629
32210 40883
10018 42787
2875 25502
2098 38642
35482 36625
3944 36333
10634 12925
14356 32093
205 10553
19772 33851
5326 39747
1224 28437
5642 37509
8222 15008
2754 21950
24981 35316
20288 26039
9659 33405
18986 36325
5022 33105
28926 29646
2546 28602
27193 28634
34078 41157
18831 19418
20422 35838
7004 19545
4907 38982
15484 24256
16664 42088
1022 33591
6797 16034
12994 36851
32627 32661
3592 38483
16533 19159
38514 40420
15314 27982
28201 35779
31093 37716
10125 14337
14157 34485
7678 27568
26765 40615
30433 34637
6466 25504
3315 28002
10353 36603
7187 37315
10302 11940
10986 31820
2117 11284
2941 16649
32260 41885
3944 41944
27241 28651
22953 35675
11300 18397
9140 28652
25071 37437
29670 35001
14108 22326
29759 39954
19415 36192
14012 41277
5734 39676
9216 9399
12866 33417
435 30589
5778 15839
17097 23415
13169 24558
33096 37811
32736 37276
20842 32209
31055 32482
9483 17098
1450 6660
17071 31993
15003 32977
14305 18117
11209 25984
15106 28194
4711 8437
2375 31298
5024 35729
15529 19437
6964 14588
12551 13784
15345 17630
2167 15319
18090 28939
3594 32274
7093 8582
32785 34135
9449 24280
5850 16065
6198 31300
16891 35216
7278 36628
28737 33641
27888 42741
12856 30046
38100 38470
1248 11787
11283 33453
16706 33184
12751 18918
26888 34898
12963 38022
2304 39352
11675 16715
35474 40035
17061 26178
22279 31893
12052 28716
9164 19573
1853 14755
7014 21656
9201 20394
8793 14153
9984 41943
8982 17058
7788 14634
23979 37868
13457 14586
16314 32552
16971 30607
33553 43109
32392 36661
18578 20368
14446 37731
4646 42303
18231 19506
3415 13791
15438 25684
3243 10301
2633 33003
20689 29095
24052 35313
6440 33785
15369 21383
33792 35928
8516 13471
1182 30923
963 1014
6955 28781
2457 25607
3112 11538
40342 43277
5144 33200
23346 29445
337 7153
6855 41382
15838 36356
2811 34214
40694 42389
25254 33841
20152 40352
3000 28451
14543 32537
9961 35142
27357 39267
11632 21690
5459 11847
16017 34786
16600 33646
5212 23267
11137 33762
26442 29842
8326 24085
3928 24525
7855 11668
15074 16897
649 6866
2075 3971
15704 27092
8557 21739
1148 26966
23243 37961
6347 30187
28499 41716
12283 14453
1681 5737
3909 37465
5833 26933
27681 29191
11271 32422
13607 42772
2122 25078
28980 30096
29389 39191
10764 27895
17513 38837
22850 39548
15644 43414
17405 30444
10268 17111
920 25422
1921 30457
19293 32498
4974 39667
28943 40767
13664 39492
4853 35176
18962 28197
15665 39006
1914 30417
18600 24583
22471 31042
866 30262
16617 38672
9503 30261
18816 35727
28229 42363
4780 20553
5601 15821
5091 24387
19996 33557
11100 39491
12665 19227
5209 39160
28918 36923
7182 32462
25212 34503
37658 42527
17208 20831
13120 13391
2471 15409
12160 40410
39434 41142
17752 23146
2016 15768
16850 30922
16960 41670
26674 41064
4165 42507
42114 43196
21920 32043
10927 37469
17944 20872
14236 25731
10800 16948
26064 37348
3473 28401
1590 1781
350 32947
33897 42248
22060 37715
37985 40828
3647 17442
24627 35920
9082 14524
37297 41208
7765 19806
693 30842
30068 30538
28120 38232
9072 26079
30997 31001
34445 37357
1168 20747
9546 41985
1547 2084
10749 26967
26282 35706
3975 43322
29239 38792
28866 37298
5462 37862
13869 34955
13277 42213
29636 35230
25500 33226
977 17954
10229 11655
26637 32672
13820 40920
27757 32703
664 31952
10552 39635
15453 18316
2335 29642
29996 41400
166 35647
1128 27922
12636 29735
3366 18489
21399 30627
12046 30458
14774 42352
13368 37763
8639 21659
1593 27692
25512 28483
30558 42042
6835 37965
3055 24454
29634 30811
20310 29128
16113 31544
8269 26263
15028 15292
1131 6878
10338 37023
4707 20559
31021 37787
18609 26873
16348 29906
33932 35802
34038 43368
5143 31477
23746 24520
6839 32607
14640 26672
14089 32985
20295 37114
5994 22423
21871 30972
18805 24718
13691 29906
37080 38833
21941 30021
698 40180
12868 42701
15808 39202
5186 10586
14530 25753
15360 36568
15018 31169
7776 15376
14835 29018
63 42823
18460 32792
17461 18004
180 36992
26317 31862
23827 38041
15624 24748
14005 17422
20379 29241
24377 41891
4713 27520
35846 39612
4463 24147
13864 18880
33634 40817
31796 31875
3026 3471
16099 30841
2826 42256
7382 43156
10113 33656
2648 12156
11534 26445
15874 17167
21904 25012
8817 33399
1743 11555
110 7741
9842 29406
10913 12017
5157 19990
5666 26283
19437 22692
5116 25816
26193 33115
21165 39575
18002 35832
25225 42523
14805 42149
6468 18276
32843 43297
12771 41963
37936 39706
27686 41241
765 20625
19312 31264
1511 26831
6524 12169
2471 16027
1066 42430
32296 41623
15930 37047
6505 24170
14831 31477
18673 26618
4682 6491
34952 39119
24773 41086
16417 17163
3126 9313
21799 41002
2645 14867
20885 40847
40293 40703
1510 14713
265 1212
3416 19625
18563 39440
6784 40739
16984 26817
26691 31648
13079 39433
3911 26212
18742 28825
1420 9343
694 22263
18662 37167
26993 38402
19240 36649
7012 27542
19555 25141
19494 33533
12886 17346
20019 23555
1375 21843
8234 32953
5832 30843
3154 12650
16720 20705
8660 31075
1560 15180
20629 40453
8030 11431
6563 43372
34296 42174
24940 29656
5874 32947
4267 30354
12792 39002
3166 7907
15252 34112
679 24183
12478 32396
4173 34856
4082 28322
35724 37073
22217 39956
12233 34285
10509 31107
142 36029
7622 18402
2149 38741
5121 21948
20470 27934
15697 22835
19993 30978
7507 27497
22458 33602
11414 27951
14492 29112
7731 43420
76 7301
4661 4967
3075 38906
11809 26760
5589 31623
14205 37161
7766 14367
24794 38475
10644 39037
26647 26757
23861 34106
14455 26197
27880 34801
12388 26063
1161 30127
38913 41791
12670 16135
40496 41546
2973 3324
5907 34534
24993 36591
34260 35296
15945 21974
7856 31414
31606 33150
24677 39768
11680 18779
7508 42193
19700 31641
6788 11544
38359 42521
36244 37243
4944 19561
16857 29596
12062 24738
11895 21592
34117 41030
5155 30361
25702 26326
20070 43225
3495 25478
5344 26850
3579 26115
16507 21081
28022 40869
6543 20758
7042 15975
13271 41965
22342 32622
21793 39762
7863 42542
9727 31205
7203 20804
3020 29534
15202 16574
13926 41667
22326 37781
17866 24511
16654 33559
33703 35913
3590 26654
33407 37837
23801 30806
20342 34649
18750 35562
16281 29786
15567 24027
23390 24267
29045 41125
4399 12648
22304 40624
1483 3709
7964 40500
21913 42688
4851 15963
3493 23688
6118 33949
19471 43431
1748 23605
7976 26739
28277 34571
19600 32699
27461 33231
9003 24327
13929 30422
24154 39188
11525 27485
12958 38593
5023 29252
23691 24380
4365 39832
4788 14860
4913 13808
5261 33739
27045 40900
12277 42581
32172 40835
1309 23908
11383 23645
31019 31996
25632 29478
23285 31047
33737 36786
32500 40142
14849 25854
32409 33608
828 27018
21498 39598
31677 35379
34216 37952
33261 40240
10942 33701
1244 6702
446 31797
2181 18360
2261 35093
13434 40400
7632 41050
10062 32376
23637 36575
12224 41607
17584 27026
29357 41188
4507 40073
9098 20026
3021 16307
4912 12243
19 31171
26364 35412
28 20145
27061 28170
11808 32280
13811 22041
33067 34897
12289 30109
27535 28992
16692 23597
17879 40156
24391 30217
19282 39721
16421 24265
10995 36314
16790 32241
34379 38481
3166 34539
21814 28291
1607 37090
16396 29870
22447 29924
3467 6386
6396 13086
14057 19222
13177 30921
4293 42342
13439 13925
2387 35740
3173 30233
8183 36965
1947 9804
12624 24329
9922 38731
12541 28990
2987 22149
3293 21667
32948 41190
1216 27261
2897 32055
13421 36916
7357 13245
16950 27396
6731 35414
7344 21119
13988 40935
15459 35531
20155 21162
9037 11398
16192 38334
22216 36565
7574 27997
12426 20557
4292 37394
6368 13670
18450 41419
31255 31848
7999 38726
7587 17090
330 9125
22507 31264
20335 42448
10396 27660
21171 36304
39791 41594
15746 31050
36561 36629
11580 35031
1745 37562
8847 9961
2103 30854
36457 37969
6714 33905
10548 11435
12042 43198
23438 26111
6152 41749
3751 18172
1781 15527
2197 17657
28087 38499
21814 33902
32975 37886
1841 34237
24226 28032
12254 25526
1138 3003
11490 17960
23090 23334
9109 39358
3266 25455
5798 37437
21002 42510
3276 6171
6008 9139
2458 8922
3145 34735
5693 36862
25280 34017
17968 19929
10043 24108
17181 34825
15941 20914
5498 38084
16144 19553
1517 20153
14588 26539
8462 39897
1969 25912
9994 16487
2574 19835
23160 31778
18905 30806
21337 39174
17366 28347
12892 34427
32350 33646
22496 35935
26471 40465
514 4815
12590 20506
4100 31292
9820 10830
31057 42705
10157 38708
2051 40597
8127 25432
11597 37963
4862 7671
13780 28823
19916 20879
10462 42727
10447 27143
30691 33687
5794 39142
7173 21906
12499 33570
4882 35650
30486 34221
25983 32955
37400 41066
14538 20544
1309 7156
27871 34255
13752 34130
19921 26326
4843 33443
9903 35566
4123 5238
10076 41910
17537 30457
554 42686
24250 35326
9004 23611
37814 41056
8213 16696
1793 18465
33884 41372
3089 41353
7213 8099
6394 32879
17997 37208
14333 21428
27978 28086
18709 29308
17217 33835
30837 40463
32461 38307
20959 38194
420 8347
12496 26482
3652 15802
24078 24080
6142 38670
19316 24243
18682 42387
32349 34309
3757 14283
970 9164
28152 36725
16692 41719
15562 34584
5745 17507
18829 38650
6664 6702
25348 33854
9502 24618
8613 40735
1665 5232
562 4616
17161 29365
26579 37099
5514 37007
36477 39054
6325 9865
20185 31229
2970 8426
21224 34304
5765 15126
28052 39877
11566 27083
24862 33587
3895 25894
20171 38878
7225 40108
7499 26347
11845 29881
19071 36089
16299 28030
13276 20914
36840 43428
8593 16297
4216 11198
7837 19926
2539 15945
13590 18071
18192 29704
24 23757
16684 18422
11666 35958
1037 16751
16249 36961
26294 35960
7867 15789
27549 35627
3848 4736
12626 13076
29285 31460
142 18501
1459 8523
26101 26870
29055 31937
11976 37288
6462 32743
3896 38146
17554 34678
16182 42505
1669 5300
5580 6462
4511 11846
34222 42790
15552 35693
14339 26803
1885 39075
772 33607
5945 6560
37526 42951
36241 38157
33868 36785
5321 27112
16018 26074
6210 28708
5931 39873
14238 35796
13873 34917
948 24384
3570 28712
25915 27804
15524 32332
32666 37883
5278 22497
31110 40705
7272 16868
573 36780
22520 35045
40250 43210
994 23978
32048 39941
4393 27409
15639 16979
14045 40477
1267 22824
9518 38063
2816 5999
20743 29762
4233 39205
4011 40324
24405 33603
23137 24252
28290 33544
10210 36866
36600 40318
17952 39396
8144 14703
10369 41060
22066 26365
34395 36278
14415 41858
12224 25473
566 1435
5638 23540
17670 28571
3662 27496
29391 33683
18873 23352
635 12502
405 41087
3225 41458
5002 39544
27230 42023
9175 13322
32340 39537
34136 37865
9821 42544
2887 38430
4862 38975
21994 28532
38496 41105
12713 38065
11171 36621
13085 20675
25247 29694
21795 39434
22408 31555
34251 35344
8285 14692
2788 3146
19872 29630
12405 21855
3758 42079
7288 16946
5439 37451
34348 36216
12003 34872
14876 36567
20291 24137
31990 41760
13923 15516
1776 6031
12254 16963
10579 21783
10863 15126
29571 43426
1591 41714
9486 20165
3201 38374
11899 24319
26158 41228
8385 19595
28780 39140
11914 16491
39757 41317
6632 9071
2127 21722
30680 39511
28662 29470
20933 31309
24639 32039
22393 37824
612 34344
8296 31796
35429 40991
8299 41893
15209 28617
5730 30029
15205 38297
9559 20801
2911 41402
5225 7670
33196 41319
24117 33805
9111 15915
11551 43392
2068 28847
27530 41106
9169 12887
19376 42015
8762 37638
10689 35483
11529 24385
3922 31317
17914 18835
10510 24406
15430 41798
10257 19796
14268 25326
17710 22977
7639 37309
13197 14799
30725 35847
13376 37173
22855 33317
12128 16985
8079 24749
1125 7925
15045 31784
37013 41506
31163 37012
21253 23154
5210 34315
21557 34677
12481 37260
28146 39510
37373 41260
24173 32774
12475 24613
17595 33957
3947 34915
14967 37728
2642 7777
5537 22817
8645 40594
15383 35162
580 8741
659 9034
4030 40053
10367 34277
11035 22133
17329 21191
7894 39871
16156 40747
6430 23034
18300 21099
3892 16899
8197 20432
15736 29049
6913 25662
20102 37931
8820 42288
22753 43189
11367 23811
8834 35770
23394 26778
17693 28234
6076 21001
31099 43012
6588 37391
7648 30955
5677 19040
3012 11632
12320 16754
12562 20983
397 39774
5570 10283
18430 38326
10770 38050
15875 26360
3593 42122
12484 14876
15314 18187
28219 41277
8631 14658
3608 8630
1261 6227
29954 33475
29188 42078
4553 41117
11554 34375
31082 37531
29148 40959
23911 35002
23562 28432
11368 29489
6991 20226
18732 22799
8832 13601
27549 40701
19808 38773
9985 32239
13768 43015
8824 18621
13070 24957
7558 42150
2900 40973
20642 37629
5420 30472
11635 22821
38969 41354
4521 40239
4556 20046
797 6658
16220 40866
21609 41767
5757 5921
7031 17908
26829 39449
24405 27000
27185 35112
26712 38864
29975 39024
28827 43361
22988 28668
4892 7348
14679 24748
34078 40356
24453 29111
29060 34672
27315 34589
1972 18080
6738 40667
21893 33016
13592 15970
5435 10192
98 31358
17003 18472
16816 41277
16063 29928
5081 10603
10543 35926
9884 30628
18188 20618
2130 15441
37092 39408
11810 38636
28178 31961
28799 34523
4923 12646
31393 32831
17093 36832
19788 31839
8019 18550
26829 31289
16007 20355
4925 20828
20903 40571
489 14368
16550 25478
500 33216
31026 32256
11525 29957
21129 31465
7103 16979
5135 31376
8934 32297
24634 33602
694 35152
9411 16421
17750 28097
3899 31170
24003 41841
1935 7594
4165 37705
36384 40610
16734 25945
8452 39878
20507 32061
1224 31153
2823 16135
12119 15770
13616 19723
23273 24999
6078 11708
20678 28910
33876 37323
37749 38193
6970 24155
2277 14124
3106 22085
20586 33293
32119 33473
7931 37173
14889 29795
5249 9382
14976 41283
412 23546
8933 39400
22025 22689
2426 23265
25330 30457
4961 6471
18816 22765
19767 36573
19273 41700
20115 31429
12854 22002
35335 35507
14755 30734
23799 37473
28997 41812
1976 25688
2711 15520
41118 41408
13264 31699
10353 23104
16261 27014
15170 26223
6455 28031
20904 43374
8735 22796
10501 42415
17177 39323
9868 31168
20220 39709
27565 36941
27538 30422
11997 41979
6218 23365
64 13764
11572 30661
3576 4829
13468 30159
10968 35650
33003 36014
32975 38130
3311 23779
1426 6912
22700 23393
13133 35538
6305 10717
11904 36503
1411 13959
22582 32971
11250 31549
2386 25155
1628 40789
2992 5717
7562 40258
9074 42799
3993 6056
13561 41088
20538 29788
2629 21880
12269 21325
39458 40443
2308 18267
20224 29628
26209 39420
9108 38596
18346 32399
26130 26295
13356 43315
4373 31537
29720 37430
6672 15964
9504 20102
15401 38183
14441 29739
29635 42984
218 10043
32837 39485
28737 29002
9326 16043
14114 26900
12568 40990
31011 34310
1479 40292
19461 21883
6313 13587
9973 40600
13884 36237
23612 31365
8647 23864
16135 18930
9215 10550
37154 37336
40804 42106
37289 38692
17720 17977
4728 19054
7829 35660
22592 23055
3485 11261
27255 42511
8122 34192
8347 40726
4385 21317
321 20879
15641 20465
34064 38982
29570 33298
5005 37240
24449 42977
1717 32859
9849 32191
1775 42663
4671 35674
16004 36732
11767 12954
9301 23691
25326 28728
26724 40781
9285 14298
23324 33153
7862 14266
35965 38265
11254 25386
3752 41002
4764 35084
5031 26568
18585 38026
6920 15261
6633 8815
1518 42448
11020 12912
28899 43077
22985 39322
3272 11503
23591 26300
25162 36618
32801 35051
2287 28666
20265 36179
32210 40245
295 9458
1657 17882
13893 33266
24277 31731
9539 9869
8914 16233
4137 27230
19450 27335
42508 43073
26454 30690
5846 7654
5051 5693
29483 41758
17735 42178
10490 29312
30580 41805
13846 36079
11730 14361
37259 38984
24850 42331
17254 34900
16852 38303
18664 26776
3253 12550
2042 42202
21540 27988
20539 23707
7529 40228
38298 39026
22735 37992
29418 29655
5057 6797
27499 28453
10909 34749
16021 26482
30022 40881
2591 4702
24616 42285
22977 24693
15046 37163
30490 38505
18088 36415
8968 11342
9645 26079
5644 42959
3385 36239
20575 36354
34623 40211
13849 38605
16151 33129
14126 24361
6517 36882
7339 42174
16517 28002
24189 26383
15042 28534
7682 12712
24441 39436
4711 39529
16172 27001
914 26603
5542 29069
22357 33471
970 39744
16824 22268
23712 40724
719 30299
4889 37549
7979 31365
9517 31155
8764 13390
15748 38724
27137 34264
21022 26843
30858 37746
2310 28380
3125 42327
24854 39201
18237 30630
368 40026
18970 23045
36600 40428
7419 36811
37121 37656
25528 28565
35658 40669
37893 40387
13720 18546
8373 37304
1560 28821
10242 23867
2524 9091
30303 31458
2127 19254
4439 20882
8713 22850
14458 14496
14132 36957
22807 37440
4263 33488
18665 39563
5148 37786
11994 34139
25093 28987
11542 25936
29544 32345
2527 34622
6762 30246
45 13335
9170 32336
3641 5037
4002 19568
15336 36312
4088 33083
10717 41479
31469 33712
2901 18998
31702 38609
15079 40039
10606 35232
19825 25787
4602 5196
168 3727
20438 38819
25737 36794
415 3604
32430 36315
3726 28156
14813 28027
21864 27256
20153 39589
2221 36393
28931 35097
10901 41192
29089 35683
12445 15887
1340 28242
13665 27668
5711 7697
18032 33742
12174 22971
36077 40787
36180 41666
3708 34151
24012 37528
13720 33956
14767 43308
24167 28017
3688 43298
12266 32359
20056 36623
3478 37072
221 38420
3368 28798
25011 34788
32287 42803
2510 11771
3971 41142
34057 37466
10355 17462
8778 32239
26002 41764
26916 33059
20921 38764
17389 22911
32796 39647
34446 35706
18785 38301
16818 36119
13702 34474
31305 34196
2679 12896
2517 14820
1681 8132
21353 26528
26930 41975
11810 32651
33750 42769
27862 41955
36489 42020
13336 18286
48 14117
28393 42345
6274 27758
9467 31121
6131 25006
10199 18238
1566 33442
4878 34194
23238 31502
9045 31428
20635 24972
14678 30969
16933 36227
33418 36553
5336 7769
23495 32821
36206 42082
4965 15181
4048 11537
29527 29627
5838 31550
12918 35681
11750 30506
21801 39119
31279 42932
74 26076
13688 40029
17171 26192
2798 42924
16335 17060
3603 41631
2839 41235
15797 34912
20682 23448
3024 11187
253 34120
32999 33344
10038 29782
12385 25769
28079 41781
18911 19700
35964 40455
422 5067
752 9143
14308 21428
5649 41827
10951 28022
12640 27981
23629 28475
482 31913
11476 35757
22531 32929
1231 4647
17160 40713
13559 42251
16109 40287
3629 40758
4101 14150
24245 29912
15931 32818
2316 34670
13631 15709
23983 30666
2845 8596
16924 17990
15884 34692
16179 17836
7505 22651
8005 33554
4521 35677
986 36492
6144 12385
14836 15289
27092 40185
3607 25134
9230 17571
33413 40100
2515 43366
18806 25891
19588 42142
11244 17290
38999 41515
12071 28588
1 35373
1602 10602
17200 26906
4899 31284
3676 34538
14626 31694
8263 24171
19977 40382
28122 31813
844 29619
27416 41221
23414 35245
8425 10354
6881 18663
17021 35427
27583 41334
35126 40271
17816 27030
32294 32723
28034 30653
7345 35736
16330 29093
319 17346
3610 21244
16402 28215
13603 13637
4478 37269
10933 39628
10696 29327
23537 25637
3220 21998
35344 38629
10972 40522
17775 42655
6506 19890
4871 32999
19105 39298
38000 42541
27410 39312
10941 21961
8435 37995
7966 19989
28578 38071
31250 31374
6843 38908
15734 22050
4189 17137
18980 30901
14313 16429
10929 30245
5738 25387
15626 25900
15477 25777
10316 14180
999 14422
19513 38719
15045 34256
26645 29242
11777 32971
10184 24614
2398 22913
36558 37921
27220 32368
28617 35151
24018 37587
16002 29570
6699 43451
5581 28971
18430 36476
39947 42327
1486 22804
1647 2750
36480 37449
41693 42820
22784 37427
10315 27699
29220 38046
15090 20793
1669 19478
20392 21483
34601 40749
14342 26003
23108 28856
1625 20869
3788 18267
6076 23473
11492 31647
29716 36183
9604 42590
16917 17653
8049 14523
5359 28750
19044 31801
17112 19814
31463 31616
2393 35909
23300 29965
22629 25596
22474 28691
22515 32664
10163 25965
22382 35518
6645 11700
2316 14751
1950 35339
8044 40193
17316 32826
9 25518
19890 28038
14227 36202
4828 18130
1289 20546
36625 38338
2456 22086
14698 20511
12289 16476
19751 21463
6740 9466
10251 21998
20526 27875
6303 41922
11697 22199
316 7329
14871 30238
22356 23343
10205 25036
14940 17011
7286 34485
13681 40765
503 42618
1522 36181
20486 34111
6039 9769
9808 31227
37896 38888
13927 24956
442 42904
36407 40488
3804 36654
19775 19955
9000 16946
30883 41082
24541 40098
22194 31279
25086 35468
14758 15435
18009 26350
4722 7130
4531 41305
7978 24805
21804 36951
24416 25285
11024 35288
5948 9277
89 16563
18655 26498
510 15839
32548 37422
17701 35804
18802 35785
13105 34539
29128 42913
5099 28930
16570 27478
282 17143
8568 12189
8375 25380
28310 43220
19842 26438
19870 42981
9594 23138
17878 21329
11239 41484
20589 31556
16516 37980
12925 33790
5855 25651
31877 35123
4884 35542
29020 39034
1633 4625
23287 42295
21867 41972
5891 10032
55 40899
10993 32568
27080 32067
4524 17479
1637 40961
4502 38631
25436 39206
16980 24501
19077 36555
4292 28433
4087 36137
24724 26168
6824 36251
37185 37698
11924 26661
19915 39317
5499 18260
5621 19189
9943 22137
18599 29548
10184 18816
11651 28754
10187 22497
4355 33858
1631 4178
10631 26860
20150 41062
12584 17258
19543 31982
12644 23725
25356 43010
17882 37262
20191 32957
7354 24523
13831 41193
29655 33142
29364 35410
3886 33006
50 41063
21491 22975
21974 29545
12318 34293
13403 35269
5080 42785
19757 23990
24760 26333
20446 37798
2163 42481
33316 35792
12160 29920
12977 42974
8879 24458
19526 24057
9144 11143
13248 40993
11482 21353
15575 21052
22302 25819
2733 37349
16161 16423
28891 33096
9455 37608
8401 20669
2751 39618
30561 36977
28986 39557
29583 31145
4527 6742
19658 41330
4251 18178
25176 27335
24684 31599
16887 40851
9300 21640
2359 9939
3866 37211
24054 28170
13746 24065
17461 23595
21197 38497
14622 24702
22142 24941
18004 35134
23733 30973
6035 38561
1122 10262
15238 34999
13597 27914
19097 43141
35627 38514
7577 20757
36466 42467
11697 17340
20205 26573
27558 36498
30865 34513
22128 26174
23097 24346
35381 38458
27110 38028
28736 33501
3435 32679
10758 25988
14410 38001
6298 12718
14856 20560
7999 28744
10295 13654
10535 27636
10038 20414
7043 8930
31283 31993
5972 19149
5255 14627
30321 33302
5709 41370
6161 19802
13915 30825
298 29598
12562 23618
1945 38191
15982 21510
6623 40020
13057 25317
9045 10517
24503 38330
10922 13937
9193 10415
15291 33670
5257 23718
7875 33754
5317 22271
16399 21798
15511 29472
604 21195
18127 37927
13332 33069
5027 24195
6387 11635
7949 12011
15816 39907
6901 18272
24647 43155
9139 10529
18775 32486
22669 27817
21800 25153
4481 12358
21211 31174
2687 36734
3807 36765
633 23064
10462 35994
1300 37113
9093 19983
11603 17654
5033 39666
24102 35892
4989 12010
8439 8613
13435 19611
12537 14297
30053 37994
30889 34294
19650 37035
9964 16277
12450 23188
7510 22113
1812 4427
10885 37790
5491 29375
11826 26744
1988 18424
10917 31097
7027 24396
30307 43179
20698 26051
1123 16633
31199 33180
11435 32191
17887 39005
14052 28039
12967 36862
9129 16765
20312 25234
19596 29228
3124 6506
18364 20096
9317 20199
15543 33086
35426 36241
3811 23651
2509 4890
38502 40739
15208 15834
11102 30446
8883 14265
5764 11605
16582 27301
989 12095
12987 25621
15798 22466
40086 41813
6199 7746
16422 19849
15702 25387
14945 30134
18811 25861
12247 26750
1741 24158
36026 39804
4574 41730
1894 18738
2728 24791
26184 30776
6954 14445
42 9898
32028 34701
14084 32434
7311 10518
15548 19443
1735 26972
30633 40100
32523 38063
38562 39046
20486 21576
6709 18936
3665 20577
16030 32399
20491 35691
4829 22600
20262 26005
35454 40867
4250 29309
23347 25139
3517 34642
27591 33092
13386 38111
1165 14899
20065 21704
31573 42765
1086 42899
10379 36601
35109 38388
9099 41573
24441 33748
21960 35317
15027 39719
9577 19883
17746 24732
16615 35654
10503 37576
19218 33324
23218 42637
24118 38198
20192 28834
19809 30759
16444 20496
12915 17184
17712 20425
7021 31077
26749 30157
12060 39301
4304 27451
33639 40580
4946 11642
7408 42076
3505 21584
12918 21804
7554 34731
12056 13703
7089 36846
5636 15472
27615 42322
15456 33574
18289 38314
16715 25281
36563 42213
2686 15250
31109 33747
4534 41095
8951 34481
8421 37699
15716 39540
2171 17810
17157 23936
20246 35055
6570 24388
3093 6714
12343 43157
15468 36028
20576 26299
4775 16082
27207 28914
359 28748
12685 38198
16680 36025
26172 41264
11927 41000
9477 41128
6168 42286
30010 41359
14827 15471
20814 22680
151 1657
7818 32683
2788 7017
6392 26718
3745 27995
52 38804
3210 20481
3418 21184
4871 42558
26163 32261
14499 39734
21495 30396
5667 28879
24607 30387
19835 40974
20227 40266
10378 11408
29857 39023
19670 30549
17054 35835
30736 39931
37364 38303
30308 34758
26940 42691
16114 40875
15815 31948
23451 34082
8967 33270
10135 34281
37289 38883
15628 17038
23939 33082
20477 41380
17454 34264
602 38840
7922 26216
28334 32344
9838 23148
11376 29354
3773 24916
9340 34949
31778 37238
13531 34970
9655 14581
8989 14720
6748 23855
33956 39051
17852 31277
5791 23064
11643 40436
37919 42066
21686 28220
21452 30268
4349 7706
15372 22868
23685 39739
32585 42592
19106 41861
4432 21704
14927 28079
13318 31829
21627 22163
18345 37976
22010 36453
4633 10848
1280 36809
25191 32077
861 18166
20561 28784
16413 33536
1242 12381
15952 32195
18072 18569
6559 28655
10040 24571
16258 33433
5372 20986
16548 37144
13999 20297
21820 26126
16221 30333
8612 42854
461 22369
25037 38965
24884 31553
754 35423
290 28149
7963 42216
10621 42229
16565 27699
1883 24428
25972 36210
8325 36381
24885 31374
9285 25577
4526 16212
8300 35570
2319 3266
24301 36049
17804 42324
3257 26446
10390 32655
4694 9380
8174 30735
36045 39859
25405 37267
1227 42409
3678 24224
8822 38126
1196 9353
16324 22510
24321 30285
10462 23109
18510 36299
9919 40617
28112 39424
12028 41162
19598 43208
18114 27439
6922 8304
8758 37552
10056 19196
32885 41490
7825 26767
7059 35370
23136 36625
30904 41130
9849 10235
26465 41569
14531 41045
15457 24995
27583 34357
26900 34327
14092 31549
16444 27880
1281 17920
30162 37295
25320 30147
1245 5431
7225 14879
26107 42046
24385 33279
11532 35454
2013 10672
21900 37358
19255 31326
15104 20154
7005 24180
10478 33010
13821 37098
8698 11241
12861 39042
8538 20408
23372 29146
16193 41251
36296 39454
17206 42351
24120 24875
9289 13402
965 38221
11546 19295
743 2187
5417 19550
24520 27438
2471 24732
7018 36658
10943 23166
13348 38571
26384 40984
22895 32375
15668 41780
4956 30452
2547 31143
10187 11519
37904 39424
26668 41682
11907 42282
24155 25246
14 40069
16353 23574
21704 24183
13987 25093
6658 15562
3199 26575
33086 42661
30583 37301
28332 35360
11584 29736
14565 43042
4720 40913
15613 37535
2218 30271
16594 17220
493 15379
3079 13826
7953 19731
27061 31935
81 22982
13020 16417
8134 21240
22929 30804
17516 26311
12135 39823
9090 26532
17975 24381
15924 20808
34916 42451
10955 11633
20911 33006
27729 39389
9255 13013
6478 34411
8137 13028
10663 11232
25983 37391
33882 38407
17871 20244
18034 28344
16176 22722
27760 33225
32713 40177
32529 41588
346 21344
10223 35254
25247 35256
6408 41936
1489 3831
19796 35197
17932 40118
10465 28371
9629 12823
19131 21194
19560 42245
26898 38306
5724 10917
15275 40118
12517 36683
26011 43172
5692 17795
13488 17932
10660 40331
16773 41263
32284 38909
28822 31157
341 6074
24727 24990
29727 31034
8315 12899
25776 43305
25881 38403
6418 32424
14405 22707
12763 41061
27720 30951
38911 43445
8678 16334
5871 33194
3337 18133
3401 17394
4179 38599
26851 32424
23857 35872
12784 25319
11678 14606
19999 38508
20600 24388
16123 18119
30534 33170
7563 11170
32240 43124
627 16617
6567 36280
13112 39121
24169 25786
14889 28539
16599 31819
23 33849
30243 35623
6521 9517
21386 26236
17156 36840
4648 12632
18787 26995
9651 18947
19600 42559
5617 26265
463 5259
23948 27480
3013 41956
16859 21543
22193 29153
19571 28797
8237 30712
16641 42783
10245 17619
37458 40329
32816 37965
7948 11361
16866 42901
35842 40656
28786 30695
590 18805
17272 24341
21833 25585
33885 42380
16033 31034
14476 24586
23337 24293
11623 29959
15015 41079
33146 40728
15813 32199
25964 38764
6879 10514
22372 28522
36893 39015
35988 39138
11711 22609
12554 17636
15062 27312
7557 26415
1486 41170
11574 35143
31078 36959
15686 34309
10447 27525
14014 14325
13640 28636
11575 31581
20352 24235
29546 37923
18302 29932
20368 36257
16698 35746
19253 34880
27522 30511
29361 29475
1275 20197
378 29071
5577 38708
5591 27272
33596 39594
22544 29918
9975 24682
4314 35925
12431 38332
4342 25141
2984 11174
1198 7118
1423 20068
10736 25534
20441 35954
31623 40815
23853 36237
19706 40460
21250 23291
13249 30858
37326 39405
18861 29522
14040 23251
29664 37770
7103 8286
1169 41062
11738 15895
4094 6730
2650 6575
13812 26245
8307 10674
5534 35224
7173 42236
11534 20037
17566 29675
36805 39144
4539 29977
8492 16089
21194 28994
36321 41017
10585 29687
5740 15852
8790 27797
2622 18298
28574 30384
26408 26861
172 6348
7774 29809
13108 14007
8661 35496
13681 42916
4177 25804
14778 42963
11943 28728
12222 21727
13700 21466
11759 20505
2446 8623
5650 32524
388 10295
5787 11884
12324 31803
8383 14991
27633 41588
1356 9932
15173 37076
19285 32078
14227 17950
22542 24314
27585 30994
9593 19611
25981 35280
4829 18038
29883 31226
13259 27358
25939 41470
13166 18499
33098 36068
142 32870
31941 43325
13643 25254
9182 13102
33570 36063
7594 42242
11973 35144
13704 26661
9872 29764
25722 31794
26298 32893
41827 42422
29952 41569
6762 33983
166 12703
24914 26373
8190 25499
20810 35396
24459 39564
4034 34140
1348 38687
12456 30767
9325 17702
11298 34416
6241 29558
10402 14653
1172 32045
27333 41861
23706 38014
31546 37669
33456 37065
3886 39345
35092 42116
17429 29511
27064 27858
11534 29970
3822 3897
25061 26019
27674 41373
11712 40822
18016 34152
37959 41522
13475 43174
7381 40040
5282 31323
19017 40907
17662 33654
29239 37324
13510 20537
8097 23214
15731 24521
10218 25274
18074 25462
14993 22340
1069 37178
12682 15430
27612 37462
517 14973
21950 27569
26189 28762
36187 38303
8962 38187
190 18550
33478 34730
20297 36874
24779 31409
20584 30488
5707 7528
5309 21253
8197 37566
9189 13468
2533 29290
19377 35184
18494 36786
3510 25071
2362 26964
18440 37489
5285 24050
996 10662
4176 34731
4944 17341
24038 38729
1893 18757
8693 10039
742 12997
17875 23158
21108 21224
12014 35279
6201 15391
20410 41073
8059 8181
27433 40506
30905 34616
6572 11362
26595 30739
199 4841
12411 26055
16434 42145
1663 6402
14689 17741
25653 35706
21947 34976
18845 26813
37213 39207
20212 36335
19025 27912
29923 40184
9785 34036
1646 12622
22307 34730
1927 35495
8399 9942
38874 42036
19064 25396
7100 12420
26063 34823
7846 12210
5500 25493
15211 29342
1803 7321
33035 36388
23168 23920
2266 38344
10237 32066
13596 15719
11501 39955
23977 35578
14631 34136
14809 15941
12479 24095
31187 41253
4675 25760
8593 17513
8706 30222
17667 18267
3845 32658
2703 26452
18681 42223
3640 40362
8138 24288
35680 38606
33916 38473
6236 30637
29159 33907
4478 9381
39748 39917
11257 41665
7902 39472
14695 32027
15030 41173
32286 36650
20025 36485
4320 24256
21027 21743
25978 35250
17284 27547
18638 25530
12932 39474
10161 24500
9475 35284
300 8814
17602 40661
72 22196
4814 11178
10734 25301
5054 27634
16192 36330
32797 39956
11599 17643
722 7002
29881 35181
11309 29181
5242 36730
19276 38245
5108 21454
11363 31107
13233 42970
24581 28121
20632 24223
9198 41018
38 32384
23615 27776
938 27945
172 30886
134 20014
25415 39809
14050 25472
6942 23457
13478 30908
5538 13087
9547 42865
23168 24054
14892 22526
15375 27598
25620 40214
14273 37006
12119 32554
22231 26359
5818 29319
25041 42227
34728 37354
5926 24688
5151 38655
11437 16884
19460 19464
13480 34337
19324 22801
14855 30945
23222 33335
35830 38499
2865 39911
7224 26711
18734 38019
20907 27437
20259 42677
17121 35611
19917 24254
2181 31550
22415 22854
5683 6621
16025 20890
18526 36003
12893 26848
25243 29502
1743 31324
1142 38274
15304 39035
6575 14372
37081 39363
27683 37731
239 8672
10090 25333
14911 24996
9962 38919
18424 28529
23119 36189
22914 36723
10993 13995
794 31333
7616 20122
5023 19006
5458 24596
34084 39480
25447 39481
29344 34329
20113 40007
10184 25907
12586 17629
15869 17502
7464 11622
17233 24309
11586 16202
13303 14237
2889 40281
26437 30771
21229 29716
9851 16807
20305 27345
493 9878
3975 21480
16398 30274
19978 39001
1724 10679
16697 36757
18970 26379
23810 27038
19436 25620
23054 23497
30631 30686
394 23081
3419 18000
10944 42749
12138 36313
11373 13061
19402 26009
18462 33493
22631 30749
1518 21541
29979 33914
14104 19776
1980 21572
6193 31932
6693 42835
6034 37537
1064 11922
9703 13502
19115 39161
4110 36957
167 13626
5337 28749
26099 26588
35899 38588
3204 12534
28750 31846
35980 41960
15508 31994
20186 40993
8123 38369
10945 24261
11314 42817
6911 38749
13004 29415
25463 26377
11680 33526
15323 21102
9586 29317
2071 12426
6230 38765
12524 38577
24028 30657
7301 12516
14580 31382
1650 22757
21493 28203
22938 31966
21365 31401
19800 25092
6075 13752
5813 20168
6625 30434
9915 25062
27206 38061
7771 21298
956 8016
9939 12624
4140 30541
25005 35483
12479 42217
5239 42527
1978 39969
25169 40021
36993 38687
14617 37276
31776 38078
25453 37336
23371 32198
3481 35042
38143 40058
15298 25367
5186 25146
14384 21240
30090 42739
17847 22212
26730 32066
33655 35128
17453 20595
28827 40710
28575 36702
21817 23954
12077 12759
25629 36222
14582 16502
21971 34220
22189 42027
19940 43165
2382 36238
22678 28420
20795 37263
13522 39153
4855 4980
17984 21170
16254 43087
623 25145
1080 37664
32473 38541
863 19879
3732 40114
3540 27112
12404 40888
260 37336
20387 29517
36109 41161
4502 42018
35663 39354
2754 36002
9124 14868
14559 27256
20240 21361
24708 26578
7453 9072
28962 43355
16025 37723
15486 39135
6085 27406
28824 37005
4277 21339
1569 8377
19784 35081
127 19437
28257 42785
2700 33672
37245 42075
9577 28584
5360 21488
12386 31018
14243 18510
24354 30372
19567 39927
37722 38442
12779 30720
22808 36356
4444 5422
5372 30358
9370 38844
6736 26585
30595 31489
158 27768
15519 33017
21713 30905
28086 31010
17938 21710
6050 32673
25573 35485
332 3223
15176 19065
29683 40240
10097 20864
36426 39124
19236 23733
21358 42233
22144 43142
22879 36946
33548 34052
4840 33099
10466 11312
3632 41357
28300 31878
26431 40619
4377 29433
2571 12859
16637 42959
298 11159
34765 34955
20656 39682
37359 39679
5137 26677
13712 23546
2697 15415
17175 28490
35801 39422
16376 37899
12594 36393
31701 39327
2812 12921
11147 33523
28466 35738
19471 29615
6142 14303
12600 42065
4827 26636
1407 9496
35270 40725
20202 21203
269 23411
3388 23819
4174 22284
3496 27324
6624 23876
2032 16903
24001 31923
33018 38559
3431 9933
13262 41403
6475 23753
9154 14063
13132 16447
14066 24424
5800 28310
31668 39005
2710 8830
7762 42391
22145 42562
5988 18158
29617 41067
16090 38602
13739 16832
13515 21288
14270 22884
33913 40350
31062 31998
23916 40079
1819 36393
10143 27759
24372 34468
13126 42646
18818 39384
8250 29498
17329 37012
5354 23655
12962 37327
23645 30167
892 33724
16111 23614
32385 42187
7892 16958
14968 37185
21333 22123
21501 34539
11367 14557
11412 41095
16381 41410
17439 40563
8692 31536
20607 24648
6345 22717
6318 42771
3913 34536
10558 33077
22320 25947
25406 36795
18295 31099
6637 17641
12680 12916
4298 43237
13646 34172
18114 36945
6643 31981
24423 34783
11480 15373
22993 30362
5691 31534
4887 39845
10803 19295
6278 22434
3792 8353
22320 29330
25981 35979
4761 24430
4225 5202
1929 13876
15288 40142
23227 34915
2858 15093
16618 40949
3708 10345
15681 23629
6087 22085
32070 42152
4027 23122
3081 7968
17983 37778
3609 8087
20719 29376
29395 35719
31372 40309
6656 34256
322 6560
12712 34654
24686 29127
12847 23767
26907 39527
1254 10704
23551 42559
4361 12795
860 23582
37258 37263
23535 31476
13896 24497
35605 40906
9685 35151
12925 23808
10146 32328
20167 30741
16710 28995
42843 43179
14882 37545
12147 14092
16668 35185
5781 19884
26484 26750
2793 27284
514 11052
3595 15894
18446 30463
12165 39746
2997 17665
2673 17541
11015 32898
3218 17075
8285 13761
9231 20055
21943 41784
14588 31032
3677 43438
6853 40970
18592 37054
3384 23379
14761 40759
9622 31173
10359 19388
26511 36278
11552 40835
2624 39906
35779 40281
1241 17773
28026 35118
8803 9378
17567 28400
32189 38945
29768 38313
6549 36213
10672 21016
32127 39787
10195 27278
7424 35659
10315 24162
33635 41620
368 23254
24702 29205
9661 20928
8289 28755
19077 37661
2828 27254
6430 35740
14720 25832
8237 17453
4339 35020
15172 25175
7146 15908
3560 16034
5699 40365
632 41235
11443 13881
21843 33982
5275 8546
6617 38949
6146 26532
15754 18360
3938 25227
31835 33320
21808 22095
2277 27501
26967 35339
7113 37086
20694 23572
1107 2251
22062 35948
19473 25152
24228 43443
9279 11535
8230 43235
14765 35000
956 19051
14561 22927
12831 34456
11687 21007
21148 29377
3336 10260
10298 33391
4791 10769
8651 27427
7017 15097
5180 41089
1279 42335
27747 32646
6365 7772
7094 8147
10346 41918
14811 36284
1289 27747
25372 25751
32190 37052
29604 32189
15030 41283
7965 12577
7663 17874
16193 33282
18914 23094
15875 21107
17314 42583
15959 26470
4132 22625
23489 37977
6713 9394
23699 35343
39743 40622
28933 35367
28398 31825
19483 41681
15366 29339
12993 32131
11844 31170
6797 33416
13781 32921
29026 41193
28102 29962
6592 8286
26995 38272
31365 42200
11981 36514
19944 32627
27549 35448
16730 32359
2752 26023
23125 32223
29460 32036
17966 42364
17165 25871
713 12661
1924 18472
37988 40201
5175 36557
21355 28111
1523 40759
30332 41764
13593 31530
6112 24049
16879 22252
4400 14280
7651 27447
37380 42947
3280 11805
16209 24901
33447 36576
6223 18403
30635 38540
9607 12666
562 3982
7120 18362
6893 19137
1915 27404
6069 17936
21455 33603
12941 40585
20694 36888
24792 36156
15947 20178
18058 27966
30235 41989
31877 32525
26286 42255
6443 29639
8868 16649
32346 37699
32382 37356
34154 35098
27862 29505
13455 41745
19421 24722
38059 41141
24952 28682
9477 33911
2379 32584
1811 40236
793 25206
13232 43393
13720 17318
14158 33759
7621 30779
28393 39694
4455 25075
1677 11374
11893 24750
3812 9168
5241 23540
8787 26267
21193 42062
24140 39734
10432 40641
1802 39369
7175 35573
3894 34083
9279 36528
12376 37177
6361 24702
30751 37910
21419 32202
13837 18253
23337 36377
2415 34873
991 11985
19392 20355
12624 40662
9769 42956
9620 20956
8457 9709
34471 39477
7448 36112
15882 29336
3727 13382
3450 42121
36284 41192
5225 22633
5501 42688
10018 27418
38004 42908
6001 25106
17346 18819
5855 35080
23981 43245
1896 29740
26390 33694
19513 25196
10491 11800
7081 37981
17986 20842
6186 31652
9803 24231
13754 37035
10997 11379
5027 37328
15777 32144
20598 36725
19325 33254
10623 15110
27878 28644
6979 16012
16880 26344
15977 15990
8455 8508
28022 31806
18964 42108
4649 35655
3197 30721
13539 29684
27453 37513
12873 36239
15961 42060
10888 22174
7016 24158
5051 26775
23156 36315
29742 32741
9410 32234
19489 32315
4156 20446
19386 29184
21975 33564
760 28775
22582 23396
1221 20502
17637 21223
28080 37796
14631 26354
3486 41562
8165 14946
15900 23475
1892 31260
2774 14938
34316 34597
32664 37711
5976 38766
25359 28766
10310 34369
25597 33253
2353 14127
27080 33336
25170 42076
4414 12726
27783 42878
13334 25845
14119 14286
21326 26860
28791 41944
2881 32713
23434 43210
6150 24774
8989 20469
31980 34985
17657 20535
9874 31937
29194 42334
5658 40527
26742 38417
634 29201
16303 28187
31879 37562
2854 10329
21473 26506
10811 16985
19109 24688
13245 24460
12798 16601
3754 24357
13556 15462
19241 22363
1343 30829
26121 29624
20075 25972
10434 24582
17741 31910
12134 20758
29891 35442
6848 18292
22024 37347
18151 33471
2000 25851
898 3768
24436 25061
41290 42223
16913 33192
7027 23892
14714 37103
12623 38827
16688 17798
24561 27981
23867 32488
80 37286
26494 37160
5130 24169
24438 29079
15537 32417
20305 42999
7759 22471
20386 31095
9721 11477
22218 39468
23483 32498
19055 36479
7686 27096
5859 10207
14212 21027
941 16273
18389 21342
225 16857
4881 8539
23476 34710
3569 30969
5615 17394
32916 35033
12517 39720
15697 21156
2374 37180
15368 26350
21428 32374
13678 33336
5297 40682
3812 42216
1387 11637
15672 33931
3442 38741
35482 37739
29861 30099
20365 28124
3416 14108
5129 31649
11907 16756
1536 39464
2625 37930
9812 34576
10816 11801
3577 23101
33117 35696
12382 23438
9580 40642
12810 21633
17077 28846
20419 38159
3941 36560
34391 42960
2313 31400
14722 25801
16881 24181
19830 22488
1826 20170
3514 23691
12667 18322
10670 32513
19813 39288
15551 37145
38199 40210
25033 36970
27013 31443
2152 5818
9377 33493
14604 24210
5263 27276
2932 17270
4676 33932
4179 33126
21433 22114
26339 36602
22700 27268
689 8050
7883 40576
1359 32196
6930 30859
30789 31599
741 18039
18789 31209
20095 23294
20076 27216
24564 37781
2973 25565
4214 10839
176 36697
15902 43387
630 36867
26186 34266
22154 40691
18438 40027
13226 33346
2671 14088
23482 35009
20404 28186
36985 41052
22305 36164
4196 21752
11560 29614
34042 37837
25432 41159
38505 41956
28794 35663
10376 21462
18271 37820
7836 21108
16251 35812
15351 33835
7805 8963
2938 30832
13364 39322
19589 39529
17898 19495
2397 25755
18080 24639
2112 3894
2633 15674
19268 29500
6438 19793
1057 33305
7874 28166
25425 38086
7487 14696
32312 38412
39058 39257
35051 40107
5867 26393
8048 39838
12993 35595
460 32268
28517 38364
19596 31436
15486 20265
32290 42036
24260 31869
22916 32130
4252 14490
25192 31849
2371 13580
20668 40286
13758 42982
19282 24860
31670 39295
19834 37616
16957 38431
18626 33042
10858 11541
9801 15996
3977 10471
17257 22858
32700 35087
9323 35030
456 12123
4182 23119
18842 40372
246 2487
11125 41282
5094 7171
7099 34720
18568 43021
13249 16286
34294 35159
3105 39939
14981 29905
5286 17729
14081 25484
8092 26308
7030 24003
2747 27399
6336 34926
1084 6969
35852 40519
13022 20444
26421 36495
5427 22283
18750 35306
17985 18470
11975 23143
1334 39574
14311 22913
4549 16123
22567 39250
3921 43127
11147 11620
13156 23827
14713 24613
10764 27131
4933 33267
17398 22093
20590 42981
9104 28849
21504 27860
18418 41333
24499 27266
1500 30602
19748 25898
18344 26108
636 15450
4029 11519
6377 16776
1597 27502
3804 31588
18274 30250
4118 4394
19394 30281
18000 36097
7375 38509
12704 28779
9874 19052
21900 34626
18383 32637
6582 17181
21421 30427
19630 26027
6119 12953
11991 21932
8525 35184
9093 21870
7667 43232
30413 36252
25492 32975
6147 36851
20228 40656
940 3941
11312 34826
4752 19619
13685 25618
12086 34220
11793 39071
30695 40287
2423 28375
29836 43037
24766 29084
3053 5359
15051 32471
9629 39004
4486 5355
18180 42457
28034 29588
12456 29966
10651 27388
21970 34964
25603 42763
5870 36169
33067 34991
35718 36085
10447 25114
11319 31459
13874 37009
19577 37289
4268 25814
4381 18544
11665 12848
10699 25335
9276 29467
18378 21689
22786 26101
14959 27405
20244 29646
5459 36076
25603 37286
18176 20242
21264 28507
19089 22424
14287 26975
907 42465
4687 43144
17781 23096
13400 33339
11820 35767
3467 26667
13045 25234
13052 17545
16172 40809
4783 14744
981 35217
11315 27903
18626 19889
34 3623
2961 29690
14109 29305
8738 32846
35216 36224
18928 19473
30546 43146
15796 32601
6708 36113
3295 9564
6537 42647
19338 34620
35933 36804
13345 31538
32925 38856
5738 35060
3953 12947
10348 25643
19759 31644
33074 34226
361 27780
17825 26966
985 30613
11421 14716
31050 32476
12698 41526
17091 30354
18466 22044
17611 21530
19187 22558
12609 27713
28754 39460
9689 10896
323 28427
21432 39179
37060 42328
6744 23096
2629 11581
8266 37659
1319 13870
24529 24552
11310 26404
7433 24072
4561 40537
145 14542
31181 42731
569 28833
5448 39054
13508 15852
8956 26961
2419 8738
13910 19804
2385 30819
7680 40164
1782 34690
20710 37881
427 12161
7475 28620
29611 37926
29 2474
12142 35952
16077 27874
18097 29882
18275 42986
6440 15114
14435 22254
32151 40909
9721 11908
20878 25572
17858 34969
773 19372
15670 43176
12933 25312
12754 27821
24149 29757
34233 34346
19661 40103
17598 41431
28319 38727
2670 7394
24145 38683
5443 14335
3936 13666
2946 25759
13591 28695
11896 24003
1413 17453
11381 37143
18630 34667
8901 37594
14307 33746
15347 17798
1817 35973
3458 5905
32916 36403
14885 20396
31414 33826
17931 37295
18938 25371
3460 16531
28932 39866
10545 20814
1385 12372
21396 30234
8115 31208
7328 35524
15593 40081
19516 37096
16134 20248
13787 17845
29724 33615
16312 33352
9351 21965
17603 22153
22731 41938
6587 39461
9915 27965
33285 39094
6162 28143
18168 34205
597 14019
11170 34048
509 34551
17059 41688
3269 29953
1527 5258
30135 33334
12239 38463
35248 41507
35086 38705
7978 11847
10366 15005
16055 29939
18680 36982
967 25980
7594 39965
11397 21380
14200 21582
15576 25740
17673 34384
17893 35848
7629 17328
10790 41347
30737 32621
7374 12083
21521 43303
19615 31783
6883 29781
17930 39113
17 504
4548 22285
21946 36127
24688 43001
10673 18316
9740 37359
11521 30491
692 12162
3949 39861
5564 14988
20527 36968
17041 34292
25121 27018
25563 32089
17849 26100
17250 27461
2415 32084
6713 27276
36010 43119
32949 34957
15981 31279
33797 40716
8419 16262
7231 41202
22513 41994
13549 34430
1642 42899
143 10792
23008 39721
20123 30095
30872 37518
14538 16450
2978 37078
35569 39589
26223 31731
5196 28713
1296 7738
5272 41540
17514 24659
9802 40465
11784 25185
4819 32146
18365 28437
20301 22638
5350 38198
21831 37062
4283 34795
29467 32780
3059 36104
6898 21148
14215 23502
10601 25744
4387 4758
30511 37138
19719 36404
15269 39128
36368 42022
12171 19595
16712 42064
15079 38250
4713 28313
6460 9029
17025 27477
10346 21438
11850 15982
3355 32840
9135 13183
7538 12032
8569 35403
2417 8879
22973 42113
5019 35186
10817 41210
6323 31362
6541 11842
6965 15553
14073 36227
4714 12858
26685 28513
16900 26435
8459 20898
27376 30316
13078 32700
14468 29586
2171 16932
16060 39226
12576 41349
104 23214
2427 29195
11828 23928
10966 11855
27579 36310
7858 29541
1282 20217
27007 41746
8637 33443
28597 32092
6790 37779
14096 15835
14173 22471
18147 30563
2366 15306
12901 13940
3593 40309
11521 42063
26810 41582
426 21171
27115 29386
6150 27246
3458 42336
13960 15947
13301 19509
17154 26328
21887 31062
734 41703
10311 23830
23979 28220
34889 38809
5596 35705
39897 41496
16130 17899
33138 41355
31430 32294
16640 16658
5703 35013
29540 29578
12567 25556
38194 42578
18921 20693
12558 13170
580 38203
13491 40170
13032 26824
6264 40715
9366 41708
24607 40247
10334 17024
17166 17643
27628 34458
11455 19909
13698 36484
34204 36612
10333 23969
19200 33290
7239 26247
447 4089
5522 21796
19862 40579
4859 21452
4514 37255
19104 43381
20214 35554
11909 23462
1484 33132
15562 15698
1272 34939
16582 31363
14659 43251
699 18273
14087 17950
31066 38002
17569 21416
13241 24315
19764 20981
7517 16550
9897 40004
13420 20116
1253 38080
14113 28970
1820 5882
9425 40194
23254 24530
30512 41765
23496 30479
3558 17037
7538 10422
2310 21004
18839 39326
521 36818
11868 37582
6783 12209
18152 19148
23177 24468
1061 41643
8971 36432
549 26973
17135 33767
3094 10113
23062 38481
16168 24152
34933 42598
14708 40268
36096 41013
19629 22045
24183 28534
474 17939
5289 33063
6497 22361
27728 38206
21488 22415
19866 42145
6684 22187
6215 42088
3736 33150
4666 8174
10012 39738
4996 41297
318 20028
7353 29112
313 19684
27275 36359
16687 22623
37039 41532
14901 20287
16999 40645
19217 33778
6607 24569
23138 29966
27623 40260
11500 21856
29362 42780
33691 39729
22137 39426
6822 42658
26377 28978
16372 18266
27066 42786
6865 24046
5662 32648
15817 34259
22592 40006
29418 30257
2534 24018
6063 20914
4687 16756
1288 25568
5542 6690
456 42219
11839 40920
40199 42853
7704 13477
4584 27366
30077 39692
8490 13632
4817 7188
23031 34391
7647 10691
25189 27473
10878 14346
2134 11252
4158 26211
8200 14058
6866 22177
14717 22021
3113 16905
21261 28801
12145 37435
21577 40149
10413 41721
9657 13859
3820 31292
718 23129
12406 20214
30832 38440
12117 38770
13247 37045
315 458
9648 25824
20986 33642
11125 37204
36204 36893
14684 21699
20255 26778
34065 41609
19063 38922
11084 19675
33767 36290
11469 13070
2841 43170
7793 29518
6971 16312
19585 41478
4772 10397
25657 31267
1825 30630
25942 34634
4832 33079
20827 20938
3415 5700
6029 36740
14565 30271
18174 39928
14955 37596
7240 36889
834 34392
3956 14160
1771 10395
33898 37123
11894 21328
9426 41818
4431 33674
21022 41566
25298 26611
23622 28577
19702 35997
20902 25434
9128 22913
16234 21849
5927 33430
7376 28267
34409 37046
5241 13477
3956 15099
28623 30093
6490 9192
25009 38751
8153 24926
21072 33924
13932 24292
8648 18489
22527 40095
2222 41943
13250 23706
12865 17479
8844 13705
18734 43126
434 3317
11970 13594
12431 13989
1981 34152
31334 40505
55 10868
10954 17858
13288 33797
39991 41910
15927 24708
21642 41809
30617 32758
5209 35257
17600 41884
9403 41403
10727 22016
3997 25811
16542 27455
2098 10766
42005 43322
25253 36236
27003 38383
30831 40042
6468 26937
332 38853
1798 33105
659 32832
1168 39125
11252 15421
29776 31738
4414 19683
1899 37883
16712 20669
512 31092
6404 14120
581 16145
29252 36464
19424 40166
1203 28731
7681 34514
9765 21231
15140 40893
4817 31592
23545 27525
785 35573
15987 18134
5991 39965
23142 34490
33455 36687
20003 41721
1143 16787
30512 41578
12134 17916
6018 25546
17324 25747
22148 36261
27998 34339
10684 32468
4353 21285
18473 24264
15121 31202
30953 42260
4087 30965
28646 34560
9994 41066
13959 18113
20185 38170
28705 41556
15390 26896
23557 30918
22884 36302
37517 43064
7422 21579
1911 12579
7809 11637
1928 15966
6675 13428
23580 42421
6821 9281
14063 42787
17055 38512
16765 21969
11142 27088
10065 25441
10772 26057
36874 36956
14087 35267
21127 40531
35047 37063
29745 38036
4742 36679
12639 30452
7768 31234
7765 18131
18064 34016
35890 41889
2508 21321
21050 34834
19801 32703
14299 19093
17408 19567
22106 37324
38857 43219
38669 43168
10720 36605
17061 25121
23349 39640
9160 17054
33798 39254
7876 30952
8429 16606
21669 34290
12381 32264
6817 25912
8190 24137
11853 27449
104 41954
31346 40218
19500 40295
37327 39533
3552 29062
19064 36732
116 25749
13460 35677
18424 31676
1337 29996
11387 25929
6360 12612
4034 4670
13004 32428
16742 41741
15533 30341
30987 36343
15287 24458
12537 33716
6981 37805
5441 37188
18308 25085
805 5033
21172 24974
370 30180
18854 27473
37291 39472
3821 29637
1977 17497
1629 18477
7370 36799
4894 31542
8164 14214
6237 12397
5059 38025
32127 33993
11072 41759
16117 21882
12437 15957
8572 19112
12685 41134
8133 9616
2394 25140
23587 39939
15387 22945
6462 38529
12376 21316
25708 32173
6966 23510
5434 41470
5409 25198
1780 26378
7067 32452
19109 34007
11896 36140
9306 9658
1802 24447
10408 35713
24336 26444
348 22850
4069 32748
31513 42559
2527 27332
10811 36103
12485 33502
7251 24810
19266 19846
16434 40783
32351 40625
31637 34866
1698 26726
14201 29622
2182 5605
20994 23897
18139 24471
1491 7185
4862 39150
1120 38763
26078 38657
4183 23586
30682 40537
9100 23711
16208 23474
2641 32722
25367 41305
19810 25544
6554 42790
5722 24732
11895 32131
2518 14572
26003 36793
18491 29999
28981 36030
4805 39555
27539 33504
26248 40007
21947 31520
1905 33970
15017 29777
2269 37630
3900 40617
9895 28496
22740 40955
32850 40349
13776 29227
7861 17922
31767 39419
20740 39599
10790 31792
15566 40572
6486 12454
12957 19510
16741 33894
14583 34396
28376 43396
14690 17489
2326 22107
25169 33719
11967 28570
2603 5611
9541 17014
12237 17319
18198 33695
16987 21468
7973 18513
34338 39436
880 27918
9599 14740
1752 28601
38171 43159
30714 32854
23015 27954
20429 23091
18905 41666
6654 14108
10104 42202
1734 32933
30472 39922
19918 42766
41547 42442
6446 29620
28586 36416
10292 13391
23780 41757
38288 40711
38673 41276
12514 22673
15407 22391
10652 32393
20074 24031
396 17898
9983 16019
36492 41794
13198 20861
8340 32428
8593 34594
14741 21749
1952 18459
756 11236
28938 35528
406 30105
1015 23016
13798 41767
21333 30263
21957 25926
26291 27945
13568 41490
11942 30741
379 39020
17561 28132
23465 37558
17453 39152
14841 39484
17764 42986
4995 14307
28218 42944
3001 11268
27891 42549
5692 38556
29219 38557
28200 43304
5269 23177
20826 21922
11362 38918
18239 34584
20716 41941
40771 42170
11369 18397
11023 17760
7048 19057
649 15287
537 19018
5981 9238
8569 35647
2116 16365
3355 42883
15841 37504
23143 29936
13415 28392
21228 27190
5755 25672
15585 41456
7485 36212
21317 26481
22046 34992
20487 34133
20920 39088
22899 41095
5250 21972
6850 22640
2368 5447
8387 31819
44 29823
14502 29414
13349 26991
13406 21109
7331 7637
20319 22656
14185 14431
6422 30457
12284 23634
25546 37724
1747 33063
1244 4893
32359 39791
3386 31215
19836 37182
4628 36339
31983 34027
21779 26138
8590 34780
3502 41189
12598 16627
10608 40125
3231 14308
24211 32786
23970 27247
25695 33279
2760 24522
6198 19802
15203 18507
5822 22706
7191 36273
9105 13911
36755 40594
7094 36340
20829 35536
10750 39427
5047 14981
10777 37086
10760 31255
7408 31777
29278 29822
5851 18159
23980 36421
13510 42908
32574 40510
1559 31857
31270 37137
18081 18452
22724 30086
9889 11899
17858 32932
9716 28186
13756 21622
693 26431
4611 11768
6009 30237
18218 32686
10026 32549
15460 24333
11476 43072
2414 28557
15461 19273
865 23690
19576 24372
2830 17131
29926 38502
8343 36727
3319 38233
9811 22946
231 17136
9607 39920
7890 35469
3079 40466
22062 31256
32862 39233
40809 41983
11714 42836
23443 37478
16708 40175
24060 29718
9020 37127
25503 32654
59 36250
7621 32019
7632 14650
2637 17086
33696 36399
24050 41081
10942 17100
36579 42946
26225 27162
18912 39267
19485 23853
14841 20854
15962 40735
28340 29407
24432 35898
23011 30277
27711 39035
4953 26942
2401 38659
16443 23288
20663 30655
18444 18638
3006 31828
3078 37366
21328 41625
19049 25393
26675 43024
35801 39804
2668 19940
9652 17947
1422 15074
33601 33664
27892 37511
11607 30857
31622 40547
5197 8993
20801 34911
18658 19506
8282 8881
884 30482
614 16069
6089 15024
14588 40945
923 30410
839 22603
30234 42953
24054 34383
31387 32544
11644 25262
4159 32157
29449 34510
4206 12755
27364 29663
1704 40020
14344 28692
14033 18442
36881 40786
6024 39889
17203 21821
7673 18572
3709 8916
5897 19176
5950 24664
12828 42432
2375 8175
34133 38978
29968 32072
5189 6257
11767 36565
12422 38711
30180 31174
7439 33802
12930 15732
20868 22900
7010 41798
39828 40336
21483 37725
5042 20732
4361 4533
13933 35365
32047 33125
32981 34686
3358 20336
32351 34290
19741 29245
14219 28000
16306 35202
3174 40406
33556 41976
22197 40451
8350 27428
20712 39541
28319 29603
19479 26801
25234 30469
29729 39761
2592 36294
1813 19560
5457 23576
2738 32147
15469 38842
17542 42174
19354 41035
11454 17917
30636 33268
9063 40317
28786 31671
24119 41520
15472 23083
4894 14953
5160 35074
1093 17369
20858 38962
22299 23358
5331 13264
8236 32402
16617 24864
6688 14928
19091 19872
24083 38830
10857 39511
26784 37035
12428 22445
26951 27349
6881 9092
980 31428
24113 32064
21874 41272
29475 42631
27705 36856
11697 20654
644 26783
28847 30230
446 11492
22793 42710
27332 37779
10682 26274
19465 34958
23302 29755
18730 33048
32897 42289
11181 19047
9604 33824
19972 38172
2795 9245
13783 38184
11500 20490
30004 40881
2971 25686
936 37141
2321 2946
15186 38503
31201 31710
34537 41797
12699 12708
4703 31199
22256 24950
8827 18856
14387 34134
12310 17097
20359 38059
15349 24157
4056 4970
24533 27523
32385 39081
4290 34413
10908 17353
16903 43139
16702 35501
3383 18433
13889 14609
10255 13755
14329 23017
19956 39517
15370 15585
1219 6877
18805 27341
18065 37919
6949 22566
15441 43344
4382 28525
27376 40306
400 22235
25284 36732
16492 32658
17867 24348
2694 37055
879 36233
2032 25824
3115 41249
23798 42767
17778 31446
12764 37804
8706 12271
4171 37323
13536 42979
25426 28679
12058 34380
29323 39742
17897 23409
247 19145
190 22775
13554 17894
7962 15910
5903 39049
25712 29423
891 33210
5022 28454
11396 40273
3297 38637
12161 41833
9879 13252
27248 42349
11192 35555
10562 35351
9249 37931
2417 24480
2765 8948
6274 35959
26652 35121
11913 14377
28868 38007
16085 20010
11984 29304
7469 32377
7183 34989
26318 27139
29927 37762
12956 23987
6902 38911
34426 38128
25720 28910
7000 30586
3204 40516
6654 29949
35807 37934
2817 22320
31357 42156
19377 30899
27964 39671
17610 31057
6050 7554
1361 14234
28459 33234
29479 42483
2574 14456
11709 38117
13504 26421
4126 39027
26643 41609
1361 24033
11211 15394
23278 38139
6601 18395
7511 25032
36643 42528
1304 5971
22560 42060
512 15605
18193 37649
32763 38235
1869 21241
1475 22068
8591 25664
1808 7002
6357 35970
2233 18485
28025 34820
3974 14662
8300 43393
17610 38762
37674 37791
29608 30411
9055 33877
14161 24075
5818 19073
4442 42242
20785 24957
17120 20818
23711 35146
8212 35817
5125 40020
4316 5916
3247 17716
2203 43344
10267 33847
34358 42292
5803 10844
5684 40923
11815 36045
5496 9381
8647 32712
4380 29471
8295 15291
24271 36651
1778 26549
19871 38738
16636 39845
29896 35550
18015 38824
10151 21779
13075 36995
1138 21678
14037 24574
9761 26697
28669 42977
14578 32068
11622 32590
17272 25130
13767 26376
22352 41491
4199 20391
13814 40717
16989 37115
786 1978
13027 35581
30818 41608
9938 18638
29403 39939
13717 27952
18424 41853
10778 31861
5139 9874
8559 16626
15430 33223
1985 41148
8820 12237
2144 16295
4684 10233
4112 22085
18046 39426
34338 38391
3441 4884
34004 36825
605 9672
7543 34853
2827 26124
827 40044
16603 33265
21070 22042
27847 28616
12682 24245
718 32180
17275 34826
6644 20454
9231 41003
6327 20747
1701 16664
1389 17301
7781 17648
20511 30157
33399 43252
1898 23594
22167 34140
6102 32148
9921 23895
11149 29121
28621 32332
6385 6580
20893 37025
3477 41293
25516 32731
11443 30507
24249 30960
3556 19894
3305 9695
7157 12694
11186 26909
13247 24754
26431 38399
14606 24801
5801 36515
3219 20474
3330 5029
38077 39954
9409 27288
34997 40440
20993 32129
740 38331
9366 17792
10254 14282
14649 35236
4932 12159
31488 36060
19270 34279
8 29522
4760 25638
24517 25648
31153 35023
35678 40020
14201 15074
10757 28839
18024 28632
19588 33807
1897 29734
25226 27276
16081 34226
20124 33787
27182 33995
8984 28428
6788 39026
2383 38295
14981 22769
4042 4834
32700 34717
13906 32280
29792 29803
6656 23042
25281 28676
3201 19679
6603 15302
6868 8403
1194 35626
13491 20926
4054 13704
17890 29756
28160 37733
5702 13100
9211 31975
2493 41257
32686 35758
6860 32082
15558 18027
14448 22656
7627 40885
8957 40726
4784 5821
4301 36212
3178 19668
30887 37324
852 7754
12401 36760
10693 10895
6962 20466
4190 21297
378 41082
25760 36608
15556 18139
16481 29972
8403 25241
21649 33880
4514 34226
2637 25356
916 33029
1538 9398
9262 34542
5076 26759
1238 13832
8547 11407
36388 41068
1155 16049
9592 30512
8486 19799
15010 25927
285 32408
4081 16816
13318 21506
2107 13463
4247 21989
11921 14027
11422 12394
27125 27960
23613 36895
7725 32129
24833 34878
15121 18561
6317 42019
2436 21286
8827 33274
2657 39944
24578 40960
9323 40271
8377 27561
33184 39394
8124 27115
1023 26079
25040 34575
12460 19381
18918 35809
8815 35142
20689 34861
38669 42420
6552 18100
3775 10451
10665 33706
6174 38119
10451 38850
35322 42562
3769 16298
4159 27595
37708 37723
4918 14815
2177 17211
12056 25340
23334 37079
19006 42422
19579 39840
20576 40969
21750 35601
10873 18544
21053 36427
9004 22367
14573 37953
19289 29686
10728 35344
4435 14065
27184 30768
18318 20329
8962 41554
34124 42998
31469 36278
4571 31861
8136 28414
47 2391
23536 35843
3295 43368
27342 35491
18691 28424
23911 38938
24412 30818
11756 14094
31557 35344
10848 37331
22428 26023
22765 24854
12514 21091
15706 24983
276 17123
22624 24622
22334 35406
1848 43292
8558 10737
40760 43274
6633 28214
20652 31141
33647 43167
4943 22176
4720 7609
8398 12707
2069 26672
18073 41220
3729 28145
20649 24427
25509 38570
8486 24605
4206 4355
26572 31651
32922 34216
28113 28706
26800 41866
6136 32484
4895 40794
8291 8299
16593 42539
15366 40167
2862 7999
1690 43241
14330 31913
16175 20334
9303 19350
12248 22611
6202 20457
32321 42105
25265 36116
34084 38041
19402 39496
27943 28675
7342 27721
35050 35161
24226 31728
2066 2588
18920 19750
869 27974
14721 34171
8222 42063
1146 24310
25753 36055
8563 23108
19674 38117
34768 39612
287 13474
1316 7725
11728 33313
1063 13695
8509 17395
20203 31264
1565 14845
20456 33430
15557 41990
11419 41603
22064 38123
6770 14848
4730 11464
12592 25430
8097 41775
10655 13099
16206 32987
22803 25630
19503 19926
5537 16633
12436 24136
7028 11881
3621 16668
12102 41229
8531 22230
26808 36226
3526 17562
19316 39698
14058 36836
25145 40871
37330 41014
3717 32591
16586 21315
21700 42922
29353 36335
10854 27430
33047 39714
1637 15256
7195 41041
27677 29441
4635 31175
11044 37353
11597 11673
2559 4160
13537 28439
13919 16463
11760 42404
8839 37285
14229 37068
1634 6290
22388 26677
26615 43351
30060 38856
23580 37164
39392 40400
5704 7482
2386 27802
7276 23852
451 42871
7633 39173
31157 31521
6207 29236
2995 12045
7421 28148
3693 21243
31904 35885
6341 9988
17149 24996
12450 26262
13942 17763
29029 35083
5649 8714
36384 36975
11493 17335
30790 37362
1465 25887
1848 36205
8171 28087
30077 36931
23251 40264
13568 28849
1415 40295
421 26605
16756 29616
28461 32532
436 35773
21647 34936
10570 32343
1621 33947
19602 39287
12716 36153
10664 26528
962 15817
21577 33416
2284 33510
14787 42822
10473 17134
12936 42343
35382 41487
2279 20334
10948 42502
15880 23502
10572 20523
1284 19251
14435 41616
3437 39316
28981 37644
18581 21707
23946 38961
24022 33321
10705 34638
25978 40040
10710 28566
12179 32915
2397 5279
14291 17516
5420 41442
5176 29970
3141 12378
8049 34109
27808 29092
38172 42366
11299 25174
10956 35388
17234 18637
4796 21054
8091 19998
12209 35948
7605 23488
8172 35613
8988 30537
9083 16811
14027 38007
688 22007
6129 15716
33808 43329
28932 36597
1661 29158
37490 40467
4477 43151
29193 42788
16573 26475
35416 39916
26641 41673
650 29070
25397 27054
17675 26866
27568 34893
17473 40503
15038 42417
3093 25519
2658 12759
24015 27023
17507 37081
27963 33702
7113 31512
5157 24601
2227 24092
2470 7046
21369 38324
20955 32857
5471 32870
7386 13362
15617 19843
16172 30453
1715 4669
11180 36570
1796 11424
24312 40199
18354 23340
1678 27418
20356 38540
9187 17699
26708 37768
22090 39962
27623 38333
12240 26909
15079 18632
1245 28290
8601 14569
4295 37229
17437 33467
3903 25859
18321 38883
5766 29381
2968 37659
22311 26540
8097 35977
32985 34378
39253 39385
23468 33054
18346 23637
952 40496
6527 17401
4204 25972
12172 16013
11607 33008
21811 41651
12737 28065
19514 38611
1140 36760
6926 37297
6977 42712
7676 25717
19956 23680
29506 37195
7241 16929
9840 36549
4204 20495
12973 33445
17509 24079
10074 28085
23097 29327
21579 26217
24934 25212
13592 23102
14901 29448
35382 39877
29972 42071
23649 35667
9131 39243
9442 30245
20784 26693
17972 39237
8096 30625
428 21628
23137 23626
12197 38300
30867 38227
5537 21923
13684 19843
32790 38582
3962 35083
14039 40945
20600 27515
18208 23649
14272 14351
13043 28148
6436 23675
13046 27665
35931 37059
4928 28231
25255 30114
16206 32800
3893 5118
40240 40711
17186 38678
20154 33063
8123 10729
26169 31208
31395 40948
736 42510
27231 43312
27270 42486
1346 10948
6258 17145
10314 38633
26300 33354
23875 39928
39446 42543
741 21162
801 21213
17516 24445
15097 22728
4017 36079
16720 30927
19330 36184
36355 40396
13021 14372
3860 36095
19304 22131
22397 38876
6155 25476
35392 38070
19544 34423
14973 15687
5 26382
18945 26924
34789 39497
6523 39643
7989 33895
29011 37323
30243 31179
30172 34911
33332 40046
6043 16560
27976 36841
18257 19353
1556 41094
12605 17318
1866 35658
13960 30987
8576 38566
5440 14769
9509 13107
19819 30282
4072 33103
41680 43325
20244 22352
2980 13428
23683 26902
25542 42548
34506 37280
3610 23623
22667 24750
8623 37042
9676 35097
24980 40566
29547 30513
20262 41590
19638 25925
29593 34830
29988 40055
6175 12141
20542 37443
5947 30973
21623 24714
13041 24422
2546 5215
20896 33245
24260 32548
139 25392
8570 16655
37591 43180
5907 34957
16891 26971
19081 35806
9342 40297
4156 12428
29120 35522
537 12606
9554 19242
1172 42393
14968 37169
6100 20581
4904 34922
9378 24678
38890 41641
9462 23625
8545 19981
2601 36763
2197 30294
26758 28300
8499 37541
4129 23033
2786 4271
24240 32431
19730 40574
30366 42458
11105 26814
2747 8480
30158 32895
19802 22892
5704 10812
2980 19039
16795 41384
22366 40047
12186 22164
12452 28699
922 1463
9830 21927
13214 37158
24163 39539
10478 22902
5273 21556
2285 15215
525 5964
3454 21524
3574 32960
25552 43370
25999 42369
8224 36905
28814 33506
1306 28406
6914 36750
18444 26079
4103 27073
19476 30427
30477 32244
239 12925
15456 40649
25938 29069
20232 43013
75 8002
15384 19081
15860 25426
8419 8484
3151 30009
32672 42362
28727 29538
1180 30337
5297 40235
19273 38362
2760 8661
10452 22970
2070 8214
31322 36392
8400 42392
19350 29914
24244 42887
8575 30315
31152 39364
21971 34017
5893 12912
25252 26647
40953 41386
4733 7066
3115 15426
17661 42191
27207 40311
5354 30539
30044 42541
3449 39623
9256 37065
33502 43169
7089 10686
3535 32227
8752 22256
425 3235
19801 29971
22105 25322
22781 34007
19932 26290
9562 14891
7380 25387
29158 41401
33414 34839
18858 34713
16475 32653
14766 38643
27608 34589
28097 31370
5008 6897
29542 39297
21190 41157
14281 17660
25161 28572
15930 34250
21007 35788
28001 40707
14032 26755
18568 21553
19761 33174
11418 35342
16272 24565
21875 42953
8484 26763
26684 30713
33786 41773
5938 10187
9007 22374
423 21447
582 38473
9514 32004
13704 18029
23051 35157
894 16114
13775 32956
22163 27555
444 24953
10103 28612
5657 17492
2498 20129
15157 35616
30019 39986
7828 19669
18087 33681
7640 26788
8125 27769
17940 27969
11571 16494
4074 30010
12383 20344
3296 27464
32722 38237
18181 40863
3127 10659
13020 18686
25089 31678
23005 32129
21510 26559
38624 42140
13142 43000
5077 10393
7633 19551
23365 42271
15687 21444
25614 39966
10204 37123
22575 33484
9558 11119
3537 25991
1397 21437
22213 42702
16911 25962
10208 19337
5340 23800
9303 17016
10397 28658
14029 36232
19113 39503
9758 42671
5376 37228
37839 38773
6654 37845
11618 29680
1436 2302
363 23028
15156 31957
17195 30043
6862 12884
7906 29135
4947 13144
20661 32252
19288 21195
13828 32162
29851 42788
25758 37448
4687 10938
6701 21045
2304 37925
1984 28121
6695 30090
21617 40927
12999 29836
4011 21686
13141 41031
7237 14609
13968 14422
8735 31030
12015 27222
17530 42757
5967 15573
3295 9438
34044 37597
8611 26830
9246 18710
1580 34861
29303 37671
24731 40210
3982 42798
3008 42592
779 21751
10660 24291
1829 41200
14035 39968
17481 27939
2237 27439
21362 24728
1284 33937
3969 13704
1805 35329
6804 21523
2720 4403
18678 42153
10635 33279
7327 12408
69 24220
3119 36165
6202 36916
26622 31608
3840 29509
6383 27128
12091 43058
4830 40047
17976 20189
38711 38836
1748 35734
1298 7390
20306 32976
10343 13630
18492 33288
27752 37430
29256 31974
24125 33583
10392 21628
12898 35395
14689 33379
37785 42993
13288 26690
3140 30976
1431 5475
31409 34511
9136 24153
7883 37364
12214 25314
23104 28835
26236 38338
1489 3201
214 37002
24973 36309
6672 9861
15302 16051
2280 27085
4097 19874
5090 11462
17099 27621
14693 34437
36886 42557
26580 32671
2382 32465
7113 39782
94 8011
7255 13070
6265 25163
21860 24200
23420 35083
17105 41372
27444 38374
29396 41379
12963 30663
12717 35360
7284 14939
26756 37219
13025 16265
30049 33838
8876 17409
28720 40049
39415 42348
2219 15855
317 26900
26996 34427
14666 33903
19288 19585
26791 34961
4503 26015
17503 33689
13717 37137
3787 17739
17924 33719
6152 32991
16945 28443
15520 41362
191 6789
10333 24380
948 37505
2298 13115
14217 39180
8776 33393
340 35370
19332 28932
2628 40576
1959 25700
7886 40240
665 1195
7109 21889
40857 42780
25928 30772
11704 21963
22660 40067
4263 41238
18668 26673
32282 40626
8577 9771
26007 34448
10249 20895
11707 42613
15613 28879
16323 37148
8440 19107
3964 39858
19313 35456
12882 23103
17588 20564
1910 19018
2062 42043
21436 25319
10643 19479
766 5569
12774 33369
38904 39900
17572 42662
14242 26004
7891 30384
12430 18283
12321 32111
21734 28359
30655 32843
24891 29813
2273 14347
21898 36869
7194 33839
1664 39903
18440 23409
26008 35962
5749 21216
12502 20788
38480 40511
7727 19026
13086 26666
33187 37628
28849 42283
1084 38281
14250 27935
10046 42012
7640 43166
12419 19972
8111 10506
15653 38642
12795 35535
393 33445
3274 16534
15489 41429
27153 33956
22924 35925
10219 35524
19914 39594
35086 37774
30768 36288
15236 28905
28871 42981
9731 31239
27477 29357
16164 31395
12377 23883
6375 32581
3847 41686
19454 42992
14694 21159
15827 31975
23702 32405
11832 31142
19523 25601
18895 25278
20792 37244
4731 26134
10867 15938
4776 18737
28803 36811
24145 27498
12939 26215
21746 39457
2909 4893
21035 40385
9194 15731
10314 15762
8369 22973
16452 39382
7876 35872
9448 10363
1584 6150
10778 38497
24670 31291
16413 24343
18262 34383
3207 32816
12307 28375
10454 27261
27742 30163
15467 33510
5729 20698
1532 29530
1992 14239
25434 35070
25577 27242
6092 7918
14386 30963
39141 42606
30427 31807
13725 35418
11897 17365
109 41741
531 23714
10538 22421
18835 42731
263 43147
6106 29666
8403 34426
30612 31937
19917 33610
36606 37873
6308 20001
15768 37006
31331 38040
4853 30045
18862 21896
18703 39579
2048 41316
6459 7338
5702 7359
17014 17928
2545 28536
25258 39166
27860 37302
7839 18785
2134 41999
16722 19971
16119 32510
21357 27580
23640 28278
13830 15590
19694 34477
1619 4400
16015 32160
13266 16945
5715 36052
36740 42949
7386 26572
693 27805
4712 30190
1690 41204
163 18191
9227 27117
15820 15854
7723 17297
8699 43213
21748 29838
11092 37101
34836 35639
748 33339
27773 28671
25159 38756
13721 16936
2002 18286
23911 33063
17393 40713
25370 32560
11625 15872
11231 20671
1331 5057
12842 23383
20166 32378
28972 29934
24985 32160
18359 41997
13974 22485
1123 14153
21671 34694
19389 39102
33326 35049
4150 26114
17255 37746
9112 21286
2943 34008
32106 39483
38930 39487
14773 32674
8762 14491
27828 29667
13012 30368
14335 35831
32029 37923
34382 37108
3583 21694
35409 41112
11839 37277
15229 20997
10106 43435
18888 30017
284 18844
1957 41682
25940 38516
4732 38870
24268 29112
9971 43210
387 17279
20949 23166
21150 25142
4148 34123
33678 41866
22720 27099
25923 40040
23758 41815
12045 31868
29469 36351
17546 19212
20772 41182
7520 43086
8207 35156
26724 28425
11179 20615
6330 12488
7833 32471
10612 28115
6798 43101
16920 35904
3237 15930
13529 23666
1950 6337
2644 26905
14125 41447
4165 16168
13597 19636
18292 31460
14283 26757
11276 16202
14668 31294
20072 33227
1071 6368
7543 29864
261 29948
31372 38309
4901 31485
18777 42994
1085 11901
8869 9769
23567 28260
22507 28280
16392 31439
193 22085
5938 27317
12182 14180
14382 27675
37881 38460
22812 41159
26620 31054
19510 34628
19035 38307
17342 34442
2083 11188
1545 35456
5755 35719
14819 31813
5067 22513
17207 25357
5017 14290
27359 41192
2111 10203
10199 18096
1374 20298
15652 37449
9767 12023
9154 23874
16007 20644
32159 38288
34674 41965
4830 11431
31900 41969
29006 36953
12394 39326
6254 11873
11680 20735
2934 28148
15570 25746
11843 13559
34197 39532
9526 32498
23696 39004
866 32515
21062 33161
14605 19587
24262 24863
14479 27584
12592 16306
11433 25180
26219 39354
31883 40460
26659 38872
11787 27398
1252 27074
26804 29427
14896 23708
23349 32480
9949 24872
2906 36838
40201 42399
16795 21225
32216 33695
20105 29337
30872 33956
1595 20243
14743 37429
10324 15889
20749 35266
1352 18795
17622 35906
33981 36093
19708 21006
10472 11034
26952 38343
2036 42058
6689 22889
18614 25579
7126 21200
2463 17959
27382 41310
16303 41300
1605 27727
16644 22345
34735 40123
14573 38307
22232 24395
6839 32632
2500 27825
34793 37849
26522 37419
6426 30773
17556 29028
10633 24349
5383 24546
19295 28542
7618 14842
27882 33904
26347 33631
23 17435
14545 37198
5240 35757
13540 41843
1284 41268
8132 37694
2187 42762
8231 12598
12291 32542
24045 40046
10842 18457
25882 42347
14338 16159
13474 17811
20268 23800
22830 23913
18700 33967
5026 7131
25264 31388
25271 29361
9388 38525
11725 29098
5113 16175
22734 33250
5953 42230
4130 22831
680 13396
9682 12584
19393 39788
1288 30248
5900 36153
17710 34167
7132 30009
2536 36880
27076 34571
12701 19177
13147 15322
30446 38762
6789 13805
5649 39725
33450 33558
15421 43261
6686 16309
16859 29049
7664 38356
1537 24694
18364 28167
2628 21543
33336 35149
19380 35954
26353 37744
11211 18273
8929 23435
29352 31442
28030 32216
5725 21411
12844 31886
14735 31040
12932 21153
6116 39726
32212 34595
24597 26922
15247 24018
502 25151
10016 26177
2346 11627
23087 25393
3928 32657
14622 15298
36405 38072
30295 41575
6183 35471
3248 20066
290 30341
1389 39883
22303 24530
1280 40879
24914 33395
14118 17458
9247 15234
1487 8900
22069 30715
12675 27539
8081 16521
2622 11683
12668 15980
8228 36196
2675 4339
2250 41316
23737 29797
15847 21919
24458 27113
6324 12671
4798 39279
14652 34546
22080 23145
5761 7081
27060 40588
4581 31882
3387 12654
21738 33769
33900 42788
10920 25398
5344 7143
12135 13423
31683 37233
34107 43266
5057 32750
11143 16775
6597 14119
29829 31730
12852 32662
12152 16975
20071 37891
18977 26249
27696 33228
27121 39901
28697 36011
19346 27809
3246 3939
1871 30716
35888 43164
3985 42185
26490 39280
26767 31452
18856 29113
16364 36909
10710 40463
13590 43329
4936 26165
38170 41385
13915 17233
9914 34113
8059 37834
19983 23118
1899 8039
14318 41035
5118 35446
2167 33868
2925 11818
3365 12090
8289 13386
1491 34228
23518 34731
4625 13821
13414 42507
34754 35856
9579 20429
2022 23506
22546 28155
19172 21748
19829 35109
14233 38079
5651 37787
7919 19895
5948 39471
3030 29897
5125 6415
27667 35657
7399 24555
26364 32509
39892 42746
8372 22846
593 22124
26635 32972
14030 32243
16867 36725
25644 33351
5669 14392
29137 30782
3804 32674
1950 10956
21054 37004
26878 40277
4677 42627
4295 32911
9770 25450
22964 29203
5091 23204
9417 10810
1893 13081
30512 35654
1988 30846
1215 3569
8415 11000
6206 10059
7891 39138
16468 39086
31063 43112
4029 8067
13883 41241
16813 35334
35309 38868
2395 24030
15234 22711
29149 39810
21596 37179
5279 42853
21823 23572
1405 23291
26327 38080
13959 34820
22841 23326
12019 43129
13713 16859
18057 25982
67 41275
20031 39134
15578 37423
27644 39564
8943 38072
36718 40318
12478 13091
15292 26449
9394 27391
9453 11756
30562 36306
40 40583
15022 17728
18105 19233
22502 33844
1104 9191
19435 40951
2949 33075
9350 14260
8045 31445
22327 36472
4868 42356
9372 15739
6282 9091
9120 22843
14958 19406
4656 32085
8261 27313
12520 33854
28894 43209
12773 29604
3896 35780
27462 42125
24298 30832
29298 32712
28878 35536
1635 13149
32336 36164
30969 41891
12843 31474
19471 23992
10360 32216
25718 27368
477 26597
8059 34130
16125 42264
423 5423
34518 36221
38356 40288
11755 14924
16109 32871
12712 38346
3698 3900
883 37838
23349 28589
15861 22943
1183 40759
9337 30024
14758 38542
5143 11046
10279 42026
14198 43049
7233 8131
9926 40218
165 819
27314 31650
37570 39729
27083 41351
17962 30393
22306 39516
1578 34091
21864 25585
25225 41556
21051 28680
15014 19664
894 30426
25381 39625
9731 27295
8821 24630
30676 36138
10037 12291
8230 17746
21347 34865
9811 22336
3910 6765
19507 42092
1939 13509
26009 27301
4252 38959
3689 4322
24333 29267
28477 40022
513 28455
5676 35429
37890 37990
13797 28718
11815 31166
110 28250
15559 19356
14108 23884
29393 39499
32679 36637
22798 27681
9938 31129
33601 34209
4330 9953
32596 38854
17310 26020
29488 33320
33364 40123
10542 41631
12185 26885
18983 27920
13490 42157
32100 32207
14001 32281
10260 41918
15564 42681
17912 20611
17751 34249
5719 38108
16530 21334
12905 17560
14838 29745
4821 33760
7185 29162
31844 37879
24438 42623
22236 36437
13052 27409
1796 15429
250 5198
28347 30126
13662 27338
24096 42105
24577 25439
3075 21374
21375 23276
3225 41320
12745 22913
16157 16780
29339 38458
1403 4773
25858 29710
21808 29170
25433 26528
22924 38881
11382 36895
13932 35685
19940 37355
14773 36301
13051 31506
11826 19381
10039 40764
11119 12349
3298 27431
20987 35595
20474 38228
5349 18172
17339 30871
10995 33224
2750 31763
14101 22847
17241 20914
7700 27864
13945 16672
19744 30246
15208 37168
18260 29938
8029 38885
22785 31525
270 16938
3817 36105
20638 21074
3028 43004
1578 32481
8045 13754
1300 15763
33167 39154
209 41545
24531 42009
3318 4112
13331 18849
19708 41519
3640 29238
19211 31853
7664 36693
150 35488
15687 28885
9346 40369
5743 38828
1252 43049
27763 31744
29020 37900
7180 12148
19079 22285
26435 43061
15747 38735
24278 25506
234 33846
9266 18159
534 7720
30340 40436
14886 31990
7213 21895
23422 25521
25646 39602
6385 9406
30742 30802
15457 19913
5266 12229
15312 34084
6530 28254
13383 25024
32615 39738
26684 38288
14166 17556
33688 41643
8197 11650
31151 43280
2273 2511
5405 12014
18974 41308
20356 27753
25529 42585
33528 41361
25357 35685
28669 40460
23093 28621
9614 31300
23925 40263
4330 25497
10404 27255
18578 26032
24471 27190
6671 33747
1973 9574
7337 23974
13877 20055
19341 39789
27424 32032
26421 26924
22258 41002
10566 18134
32852 32861
11023 32373
27292 33798
7532 16521
3035 31477
11450 39765
6996 28784
7552 26033
2728 16273
1846 29397
3332 33915
721 16190
19327 21582
20131 41756
18369 42258
11463 29612
23865 25286
3249 29716
15347 16119
25186 40125
19895 37315
4194 11464
5206 37037
12813 27853
16465 42118
5471 23722
25445 26241
4209 10052
8681 34636
25247 25502
31757 38902
13464 28345
9373 20634
1363 32811
11970 27349
37609 43442
19517 35827
9237 16774
9755 18457
9173 25649
25194 35640
21710 37763
36141 43078
22160 34027
2068 12039
396 36378
31198 35124
40628 41175
2662 28993
12275 28335
16919 17748
11164 41599
24294 32350
24528 30302
22743 39488
4112 11408
12759 20985
19561 34005
24126 27289
31587 43163
6787 37439
30329 43198
25271 28316
11157 28535
11640 40023
23231 41871
2834 36051
1976 23188
17105 17322
12956 37714
1740 25163
190 12716
21473 24587
741 3959
6909 13458
5300 19652
18876 27671
11624 18552
10626 19450
9687 43374
22674 41953
3341 16607
2540 35015
18739 37953
17141 37166
22673 23823
14608 25713
4700 34559
15019 22049
109 37610
14833 19415
4251 20211
32548 40289
1426 39875
12211 17716
20776 23319
32124 33545
8334 28246
5805 13529
31442 32959
2419 9771
4626 13857
15284 28332
36746 39414
12990 35389
36551 41390
19258 27564
10179 42681
11374 16468
11864 18547
13685 37873
27931 41745
18366 43383
6141 42875
19610 32338
19574 30429
547 4601
31798 33910
13919 32792
38067 41771
16079 24257
2260 38357
14045 20099
24911 40939
1520 31939
41077 41485
903 8585
11478 31693
2142 24523
23819 35759
4023 12601
13248 32772
4922 30191
12687 23845
10585 15611
27779 41509
10689 24070
11894 41178
33738 41974
8439 31399
21767 23855
7267 39314
22542 34963
24456 29405
15581 19412
34957 39732
20058 29818
27673 41463
25116 41694
12288 22234
17828 21584
11183 20791
22662 28090
28974 39031
510 6947
7644 33006
28678 35505
24361 32901
9507 37282
24177 28650
7095 23150
16313 42342
12532 15397
554 40430
3421 31757
8516 17659
18837 33303
16880 42197
11665 40163
17260 35248
7458 33755
24092 42283
2442 39286
33440 34938
2629 14037
6332 39571
23146 30539
6523 32723
5518 5877
5203 38296
23575 38758
6483 33324
13863 20751
11739 32915
1610 24611
10000 15873
757 16064
11919 31570
18956 28649
18866 38555
6595 36948
6965 32317
28219 32308
8763 16196
2065 41406
15952 27410
29689 31405
7378 31143
25248 31017
2828 13284
24618 33065
10629 11321
16931 20820
11912 12282
23446 28148
18735 27899
363 3463
9855 11146
1086 28933
18307 28361
24542 37392
17871 41794
19735 26293
31672 36914
22492 36673
5800 9481
6809 33093
12287 35729
29876 31389
14289 36377
33265 40548
34034 34872
3789 16826
3128 19561
33965 36987
19482 20370
24718 41940
11790 31890
13300 36048
7557 28233
20415 23958
10616 28398
15001 28662
4146 21944
26029 41916
14106 31947
20526 20756
23306 28676
7355 17172
8774 21966
6005 35146
11565 17435
8510 32473
4715 9794
6998 14656
31011 38494
9494 22255
8688 40881
15290 27452
1421 15424
867 7668
27070 40341
2051 34287
5228 13762
12723 39800
6202 36599
9257 15145
2157 30741
22480 26998
1133 21558
5251 37508
8495 25375
5606 20703
4324 29012
24958 39683
13804 24038
16453 28469
34424 39729
24457 35725
21086 40169
2909 13757
10056 19672
1567 6739
4067 36711
4134 31517
20201 25668
13428 34489
33478 33620
26850 39412
9703 34271
18617 26442
23190 33173
2219 7833
11728 21347
26373 33596
32814 40221
14585 28925
1828 5733
13845 32333
12505 30838
18430 25303
15749 23778
5918 17191
10078 27917
24508 25460
14399 35336
2083 32266
732 38718
22728 33492
19166 21372
24869 43374
6752 24183
1739 4348
3328 15969
28284 32786
16259 28202
11618 31136
27177 34680
325 11949
33 39656
23416 31799
15623 38349
487 8335
6908 16028
2292 39960
6509 27808
15855 20390
25395 29053
13822 39088
10853 15239
6972 39583
3550 28032
29205 41652
9821 35966
4550 40978
16085 24235
17668 19072
3593 40187
8897 38506
11150 12200
17090 24693
21278 31613
36924 41727
560 26876
18285 34697
26970 40594
616 40771
16848 32515
5162 25677
1418 22965
13849 23541
7761 33219
22193 35561
25185 30532
24240 37672
37657 38279
7162 34388
6488 16916
5893 40650
12340 43148
30368 37192
8175 22656
34752 41018
19826 39861
68 16995
1156 39180
11777 23684
28931 35764
4877 42662
33215 37666
1876 7978
28928 41128
16296 29908
10444 31003
25728 26206
12942 20743
5846 30631
8845 24329
16449 42955
27475 34471
29078 41826
32242 38035
4419 31611
38976 41529
1956 6402
11954 34602
3747 33433
20844 32795
16164 30139
4686 30420
1857 37133
21955 22160
6215 30878
4251 41045
2363 14081
18508 25828
14114 27730
7756 41519
30562 30618
33468 34705
34784 36368
9950 10846
23827 25209
10315 23776
15214 41257
3318 41779
421 26666
10067 14814
4653 36514
13906 31349
22571 27734
11227 28207
3536 23922
8575 35556
22427 42507
7250 26233
7838 39235
21201 42989
18363 22821
11895 29834
11030 11828
17576 31109
11758 41614
2456 4981
10259 38554
1063 17623
27055 33080
38321 38578
32399 38934
26609 28075
2259 36897
17665 33029
4836 35790
3855 5366
37766 41739
22068 30681
12800 41173
3977 4043
16063 35698
6614 9403
38058 43079
19560 39472
12453 31266
5684 28717
28388 36787
38779 39429
26180 41898
89 7968
3627 24575
34184 36322
3596 12430
15455 32028
27970 37967
9874 42476
15256 31818
43 20051
23273 39279
21444 38559
29625 38507
895 35543
38503 41601
24947 34234
33145 37569
22725 37195
21791 22802
9511 32975
118 4360
35865 36016
22735 29023
6682 25910
14412 30123
16816 20228
10803 39125
16325 30756
24267 28998
32713 43015
12357 29060
31309 36809
16558 33933
5335 26065
972 16700
20692 43246
8575 22858
14681 25063
10818 33017
10530 13891
4366 32619
17413 25587
16714 36166
22951 34690
9596 24573
10441 24399
8462 33534
15873 18554
18400 22056
8562 17900
5478 38424
39648 42978
1500 33034
1259 34665
12908 14826
13175 37047
24668 42524
31762 35973
18354 24340
6705 31347
19862 43169
20375 29202
31725 36091
6260 38810
15544 16019
8677 37256
1588 3992
26284 27860
7826 12540
2025 29630
7063 19162
3 24543
24822 28065
6572 15892
11244 38844
17450 35803
2354 27819
7504 15872
16488 41084
21665 36410
3177 10136
8541 22284
12192 20109
23365 26170
7742 31501
16009 17637
12984 26690
8248 39186
825 10772
7090 30003
12884 16660
23663 26766
9633 34038
5905 12581
27618 33862
27291 31747
12342 43438
27564 37763
12989 34389
5855 33405
7255 39869
42394 42595
20321 35331
20311 23501
24650 25864
26236 37968
12855 37018
9681 27289
5390 20244
2618 16157
8538 26308
13573 18575
14598 20998
10332 30225
3795 41797
20931 36980
5624 40073
29647 31610
7491 22591
6410 28150
8711 17376
6634 18998
19039 20605
2915 28394
14770 21455
1164 40574
12470 33393
24004 42843
21142 21335
28674 37641
1673 34035
3664 24725
25289 35771
21225 35333
4795 38878
3660 27235
9365 29096
1821 4859
7038 40177
11922 33938
22918 23333
1155 8381
9384 13281
16563 34387
7110 37020
11033 22701
18429 31764
13493 24981
27278 29956
22467 34953
4493 11344
35095 42459
8380 36995
2458 26963
36382 39220
1776 5466
4648 30880
13352 43435
4883 43020
14861 25491
18935 34753
13903 15430
23107 25864
21033 33419
33830 40734
7217 30851
17614 36691
30394 35169
5616 32210
4131 35464
5591 40259
18957 29789
25784 29310
3105 22236
1518 29909
34224 38594
4189 9778
37374 41321
926 32249
13016 32532
6227 22915
16468 17130
19110 22834
8801 13431
12011 30761
4113 35043
12625 28180
14536 42296
17666 37231
15381 25126
10065 15870
8432 15062
12421 38738
1321 13530
8920 26894
16628 24178
22709 22943
23233 31988
31429 43356
28756 31923
26646 37569
3661 33421
27895 33284
12197 26952
19242 36724
17943 39202
3820 12540
2134 41145
5191 9938
6353 29820
7825 9365
22535 26173
5810 15837
12512 38075
2096 25577
11445 34672
970 37809
20436 40087
234 16049
34964 36475
24539 30839
1445 40519
17695 20791
7247 31201
29667 41764
38182 41588
12080 23519
29507 38099
20168 24996
10436 24242
17168 39741
5913 16874
7513 18296
35521 40715
7770 42273
24677 27770
20107 20556
7802 13703
25093 26702
11918 35242
40787 42714
8656 23414
32074 33271
32679 39272
5575 30815
17456 18681
5110 36148
2728 12813
21390 36042
10008 33779
6082 25169
16844 25472
21751 24155
7408 27520
4467 24378
19903 41852
26735 36055
5640 14621
7173 10095
1042 23109
3546 6248
3252 30876
30514 36509
23557 41079
10344 10666
7906 17035
10925 16835
10485 41638
2745 19933
14351 41337
23826 36019
18191 35651
148 14157
21618 34714
9736 22302
15178 24527
6434 15017
13069 40197
10135 40478
20301 24720
9754 18155
40238 43387
2839 14091
21001 24165
6891 8288
14521 29855
32098 43440
2298 18840
22139 24213
2153 20179
14892 20908
26290 40111
6362 41909
12839 27842
9009 25356
24447 33077
27975 29748
4902 29917
13118 23470
29363 37141
28666 37967
14742 14898
12313 16657
10190 31675
28261 33717
4663 41420
16287 42462
19279 42351
5739 17959
23209 39591
39246 39727
11005 32790
32438 37250
4813 18733
13053 13434
19447 35519
30768 40724
16009 31571
12318 36599
11696 15153
2134 21226
18706 39456
35440 38766
853 30137
34715 41516
20569 30146
6155 37243
33249 34432
16043 37756
20659 38707
8242 31613
16941 33244
13063 18444
10344 27015
10249 40741
8634 23735
29841 32578
16725 24729
28801 30032
10833 33595
3912 8775
33916 38278
25709 37109
18262 25048
32415 35145
36016 37771
7019 23883
5601 35529
94 15159
2122 23444
36292 36888
127 40182
24303 34213
6395 6528
5423 34476
27749 29354
11584 36388
19445 34668
3910 29266
28302 36885
14443 29517
21361 33852
2656 5069
28107 42833
24800 31986
17904 27410
11883 42282
91 21462
28879 39148
21551 34915
2497 33305
9966 26631
2043 22777
2678 14657
35142 38304
13664 38797
27161 42551
15662 21798
33247 43380
36681 39450
9471 17011
20215 36922
24335 37669
12881 32120
1443 23132
14307 35641
3942 41390
10014 19101
4657 41335
11655 24496
6330 10024
30981 35839
11434 22053
4534 27157
20308 24439
25234 30534
2188 41194
21056 29028
19030 39283
26214 29996
2318 40486
16058 16671
12383 17506
14103 15058
4863 38178
20138 41963
12057 26381
17184 32732
4522 25053
7636 32287
9623 38319
23980 24272
34936 38212
10595 31282
27693 32589
28917 41079
2482 40328
30531 39925
24917 25350
15245 35227
4647 21557
27948 34801
15751 25007
15606 32762
11086 32273
12834 40009
22113 39475
13352 30550
23349 24405
10628 28197
12803 27110
19640 28073
10595 25805
685 5531
2592 36709
35 28834
4613 35909
26433 38563
12512 26345
27703 28739
7581 21626
3910 42582
1610 25473
18569 37733
15907 42674
21127 36384
7331 7865
1028 23805
29009 35541
9223 23459
10890 19687
3744 21352
24469 38557
1042 22922
11461 43073
3283 38670
18515 41819
17944 28232
14265 38747
13351 34620
21030 37390
21911 28737
21694 30200
548 33152
16444 38533
18215 19835
11477 23769
14341 32326
2448 9202
28351 39863
30101 37846
16381 37430
20037 42769
20688 24794
20521 28064
36485 39241
14409 25290
16513 35105
8528 22237
22468 28281
16000 37738
1238 16044
1805 28169
5459 36845
21863 32079
12840 29570
36425 40129
9004 35183
27092 43056
11932 37531
18826 40526
25060 33117
34349 42161
22050 37540
11453 42966
17494 40612
9619 31514
3022 32455
31392 43212
9931 38956
28883 29147
12202 25499
4777 40581
23003 39528
14791 33851
5684 26733
11682 31125
13091 31259
6625 32683
35568 36694
3872 29592
7656 18147
6461 37944
6346 20436
10532 22557
10453 15094
23484 41329
16673 18367
15309 34191
37432 41572
11682 34508
14306 29083
9060 27736
15655 26722
14229 16031
32024 42149
12028 19869
14730 28098
6722 30522
6367 40911
11885 34086
22881 31587
23564 26921
19260 39828
15158 39098
8973 29430
34268 39297
7773 42467
9159 13570
20598 38998
6060 12094
26477 35562
26974 35614
13731 22328
18854 28937
19510 21694
5118 7639
8908 9006
21059 42776
13014 34021
12416 15413
1330 11980
6498 22304
14829 19567
27218 41609
15997 24742
28373 29583
11393 14002
23395 25018
7553 38155
32315 38137
19537 21238
28127 35943
7311 35589
19971 33773
19020 42596
12553 20198
5144 25425
3983 18977
16906 22459
3928 12100
15650 18403
6429 24769
26689 30126
19811 34989
199 14392
11280 39358
15386 16078
3941 12335
2299 20301
22364 24628
15646 40326
13049 18335
7925 18671
23356 31829
5780 29958
12258 35741
20066 37201
20950 36201
23896 24603
18757 31232
7681 10582
14373 27406
7687 20196
4008 26739
22237 35591
7263 32700
16773 20775
2504 16919
2822 15508
1640 14599
278 41638
4434 16001
6411 17373
23967 34053
35045 36090
16263 43304
23569 30782
11738 31891
3289 28745
18438 30139
29674 39178
4257 15550
6001 18414
10572 34144
22086 34082
17386 18908
12120 39540
516 18771
34991 40176
15537 27335
1905 22602
6620 15453
3065 13172
30168 39686
5049 5135
12072 12704
2421 17042
6992 23138
15592 43257
12642 26066
15167 42327
17809 20704
1031 25229
6272 13400
5430 26145
5002 14364
22267 26142
13710 35706
5652 8996
3901 33042
620 27580
1284 30778
521 4189
13238 36650
16805 29866
22696 38333
6112 18780
9029 39995
25215 37810
14940 33653
3809 27037
8808 17395
4752 23234
7169 31294
19922 31921
17616 39907
9207 10496
329 13818
2652 34294
7006 10362
20033 30971
24146 39407
17514 18662
3872 13995
17966 38973
10981 18864
6892 40061
4792 14904
249 29515
24767 33863
1242 21103
32419 39883
9434 35735
20226 22883
6169 11558
10309 43317
18152 28748
333 31845
1158 11017
1446 34115
5269 32212
39902 42714
17269 21490
21353 25024
27386 42966
21358 25368
23233 41547
22082 22955
4722 14323
28232 33568
21076 25655
3797 15699
12740 15970
22858 26559
2310 3574
35882 40481
5005 30072
19919 20080
16262 36770
2765 6598
5778 35657
1061 11242
703 15698
539 19239
27746 28383
8502 8936
24554 35044
15368 20463
33048 39653
35469 35589
7179 35149
10246 19182
7591 18878
364 30003
19433 26229
24945 34111
18240 22687
4161 17265
29041 36716
11918 31969
10628 12279
7035 21814
12833 19702
16752 32059
40208 42208
13746 37190
10759 28977
6375 25905
2744 36646
8032 27107
712 34069
14587 24974
31510 41741
12680 17393
10886 40803
3086 8467
27638 28641
28647 41673
11935 42122
7705 13099
41021 41715
7717 12170
2909 27264
6783 38158
12698 43047
3295 28239
29279 31003
18085 31043
31382 42845
20943 41475
26341 27378
32464 39386
2904 15027
31256 37256
9689 15800
9831 30967
6612 26383
12487 36569
5653 33625
28130 39060
25780 29970
24519 28768
40411 43075
16434 18140
5711 24181
3227 39974
636 32515
8329 24603
20622 41275
32464 39736
46 12270
5679 22953
11 26801
8308 22036
21807 28869
9823 37118
25416 42498
13424 29918
2239 18178
9982 41312
181 17598
18936 28940
12250 17758
9017 17248
6065 31475
1282 20770
17272 35612
19247 42573
13801 42858
7006 14013
29580 42204
29630 41567
32574 35558
23346 40753
9862 28536
2523 7175
3727 15013
9533 33730
15587 37465
22313 32770
14340 24827
23216 38428
26583 32522
20824 40978
8647 9959
16858 30495
21758 35369
2780 35097
3099 7493
22830 40055
2674 20526
4725 17683
9184 37144
22776 40758
5681 28637
58 23368
16097 34719
1009 37176
16229 38810
42546 43447
31684 41974
21662 33567
12159 36837
21450 28958
22308 35405
12192 16783
18416 32041
3786 28960
20747 37883
32481 40039
22029 27884
23471 24960
6996 40628
23351 43325
17307 29166
30887 37873
13581 39835
25403 36920
22048 31509
31640 33192
25690 27528
13639 30391
1828 16691
3352 27163
25096 33959
6835 42373
24925 33323
16376 22591
23342 42458
2205 26248
103 10844
27875 41654
3146 21810
18519 35552
14885 33944
37467 40119
5892 18068
9125 16134
15711 42388
9986 36842
1636 36119
10225 28722
11245 37971
14086 19941
24483 36361
20491 35045
34412 41601
10275 15253
20721 41923
1855 42084
4005 10173
29595 37893
8760 9216
18267 26067
7308 22941
32132 41359
5974 39196
8694 36677
515 17554
23315 35508
21362 42858
4773 18797
257 12600
15046 26291
11837 33537
4496 7377
26485 38887
32996 34230
3827 32882
6058 6063
21585 25345
17700 27124
17350 37857
11162 18846
10180 41380
4718 26445
1276 41037
18566 31934
39338 40849
8513 10628
24621 42495
9758 16023
32474 36750
4216 15846
26200 43040
598 4383
27929 40146
12570 13278
4935 31748
12949 38938
36741 38456
12067 25489
21887 38865
3330 17150
12710 27810
2309 27486
36816 42013
11995 41828
26727 29910
6710 24311
3020 42773
15446 34869
25059 27795
27576 37025
11958 36284
3185 28288
7592 9652
14742 21692
1288 41397
14035 15414
12978 25531
17914 32314
3344 36454
18366 38073
15171 36327
18626 34994
353 2458
36370 38893
10432 40446
2429 15887
25327 34376
18055 27823
6075 7706
16757 33155
17519 42338
12991 15378
1042 3434
14742 18659
5967 24388
3247 17273
2975 23001
32 34308
10378 16239
2605 42881
18847 39285
6926 20529
927 41576
12626 22046
33439 37378
63 2103
13266 14270
12447 17385
19583 33691
26988 30974
7642 25580
5203 8127
35654 43045
11578 37352
16960 40280
18832 35220
17478 17989
4718 22607
29922 36328
15504 27468
15896 32422
11980 28472
1060 10025
1588 16560
16670 31816
4974 17874
7903 42324
5941 8241
299 17282
13566 14912
7937 34738
19155 35092
14606 33673
14076 30475
4719 35260
14733 22114
5722 36426
14095 15441
491 33667
3679 36686
650 12786
3451 8943
9856 15911
11703 40622
6421 29230
389 16394
5687 43006
28077 37145
31193 32182
1755 4780
24489 40608
5062 30122
13407 24085
9667 39020
5553 43191
31584 33501
13234 23376
30491 35293
7152 16095
17218 36128
29859 37268
7120 29389
13707 14928
19394 38649
12352 22170
18890 34420
4189 38077
1610 25717
4146 23855
12098 37337
24639 40525
27728 30733
34491 35157
23109 42316
31132 34508
4283 21874
1051 8757
16562 37894
32443 42243
13584 25825
28876 36195
32157 39405
12930 25035
15670 42416
30780 39718
30059 39958
3384 25225
14152 41558
27676 42062
2176 12515
3327 27834
23818 37528
32436 35787
3288 28146
19459 41868
12222 36999
13419 28582
3206 14723
14151 43026
7755 9726
17753 19267
11707 22031
21550 23525
28700 35565
3583 39556
1743 11320
40348 41919
4974 21391
7461 34354
5020 19292
30472 39723
17762 35036
18680 38316
5288 20992
35810 37626
9493 20157
13321 15400
21009 34663
20932 32753
961 29751
11955 40977
2440 36508
21459 37343
23694 37061
30201 33194
4833 30396
2286 4550
14499 22202
18905 26541
15918 25498
32827 38395
6478 11589
15481 18327
31194 34581
24133 34664
19374 23047
162 24069
22630 36558
2588 21103
1942 33006
21393 27082
27688 40328
35193 35563
9896 18453
178 17597
6821 15311
22976 32472
5268 21814
12755 43073
1255 33207
11915 14574
16707 40826
34181 39946
22098 38390
33511 42595
517 7614
19091 43296
6597 18986
12127 13676
5448 43100
30137 34498
14377 16146
3830 9581
11507 22104
31463 41013
1431 27956
8475 19598
1369 14246
9688 15656
3000 14981
25007 30293
10683 37118
1161 40146
10601 20312
22370 30568
15595 17651
35105 37971
32204 34982
14907 30082
27809 43075
4414 7538
9673 34222
11822 21334
6547 15085
7818 17729
6640 42603
3218 17311
29262 40283
7446 19843
15338 19688
516 3605
14713 30216
21070 29788
12040 38940
1321 27387
18406 31650
33927 38874
23192 39428
12568 19811
6260 18411
12588 27633
5965 33015
4907 17620
4996 33153
3340 34805
16286 22995
33866 37817
406 5315
11584 11720
6218 30428
8235 15923
7060 7325
19686 33252
27136 39168
6402 17713
28600 30341
23149 36698
24212 35441
12619 29548
7121 43441
9365 28161
119 17501
23582 28629
20831 26365
8864 29865
3918 9562
28913 42357
26974 35053
3190 4659
29993 34853
1612 39213
23857 40353
16876 40365
12515 25411
4200 5461
17165 35772
33514 35271
9292 19173
6995 22549
25150 31644
26855 34580
812 39537
27279 42455
6226 40468
8923 24968
12722 19473
6834 25075
37411 42362
16985 31640
29985 41758
20250 41295
15899 31193
13526 40209
3008 36294
190 21474
21946 40173
29062 39797
1929 23240
7485 16899
6261 31040
16180 21040
28225 33446
13595 30365
8464 18388
22537 43243
9176 14652
7719 9374
2694 17795
2170 4054
26673 29971
962 12312
19381 36537
1974 22609
28007 38821
18580 40423
38676 39899
19370 29208
3971 23667
9623 17034
1191 6887
1413 41231
39002 40823
33943 41554
9601 22910
29583 35870
10492 27053
21759 38603
3100 31695
11918 13770
11105 37833
29668 35419
10563 22732
24704 33004
25282 30766
27097 33308
4463 21281
26952 28231
2313 32978
1137 14356
29890 41655
49 13082
15535 32363
6601 39725
11225 13210
24982 26717
6262 31399
9167 33541
8318 9652
22908 26166
7647 9447
14487 22005
2345 23252
10709 13293
4346 18602
1961 26295
10827 19930
11880 18739
5957 34146
18519 38211
28214 33391
5760 14384
29250 29779
9738 12604
10683 34703
10573 28681
12831 25377
13147 32029
14869 30408
1398 1457
4180 41695
34211 38312
3921 13885
24266 27651
11816 24581
3197 39683
22132 32711
6990 13240
35091 36412
17520 43021
12135 29996
7067 15180
30383 33428
3706 11452
7541 7866
18177 25800
8831 13970
21294 32551
22970 28333
7037 34936
8507 13846
13266 16795
11273 29442
19222 32827
15531 33129
22467 32408
6413 7193
18251 42718
17635 34084
5837 27971
14732 33678
11755 37295
11206 38019
17877 27201
17577 33325
8945 18394
8243 18122
15676 42528
37335 42635
18596 35933
10572 14469
5074 20980
2586 25542
8416 38429
4293 43046
10298 38783
3756 8132
11563 28615
8535 16429
40387 41040
19573 41513
16327 25492
9230 26110
7065 38273
8070 24960
16564 27125
5618 18599
7735 43171
37377 40767
12498 20198
33781 35479
11722 13561
11909 23775
18572 37417
16924 24435
32125 34687
26552 32945
6535 19210
566 34272
6570 7153
13568 21051
6706 28891
18827 35657
5325 7393
10987 19006
3827 31353
9125 11922
17379 37258
1628 36927
7565 15002
5738 10945
2949 43098
10106 18210
12770 34253
25258 36117
23161 32199
8555 25540
962 28206
22479 38029
12110 13269
26101 35116
12679 22996
18503 30241
32059 37608
19521 38855
24194 36368
14741 39001
17682 22141
27738 36016
23001 36798
26602 35260
13144 32400
1274 23755
16695 36225
8297 20936
19637 33553
6335 29486
18938 20720
9697 10404
5423 23742
1468 3060
59 30253
26274 26534
6463 36087
19622 20598
30127 42967
2357 37867
5454 28690
36374 37483
27733 35830
33583 33908
18168 42386
15018 39659
32332 35114
2654 20303
29310 39712
40373 43161
14088 38971
29220 43202
41154 42972
1068 6509
10151 34144
14822 41410
12208 13588
37654 42872
10918 42947
22088 38349
24749 41851
22593 42988
9781 17837
2216 5555
2296 21534
1266 11597
17536 42294
3121 30507
20318 31039
14621 33957
191 19418
23704 30101
2962 36112
12300 19943
33865 41326
31010 41900
13726 23464
536 26246
15130 23254
30412 34626
39093 43033
4410 20144
31637 39554
10493 22365
19223 32697
10036 26061
19397 36479
41807 43136
10721 42379
28049 39984
28331 36664
13588 17464
30469 41145
1087 2563
25492 25693
15557 30272
12089 39479
6176 28055
866 36337
15857 32227
3576 25960
15809 24831
995 19189
113 39483
38106 43100
22050 37060
8709 30813
21049 25609
32375 38328
7397 42855
20992 41290
29182 40600
12545 15559
5452 35544
16368 21038
18907 30027
16193 38942
9586 40885
17320 37700
1200 35809
3475 8508
4412 26582
10986 34325
464 6879
32495 33145
26672 27064
28798 36638
2649 33275
257 33381
14536 25093
3891 22157
6070 41191
20313 40628
23333 24815
12885 28809
11692 38099
3430 41195
37184 40209
4254 42396
16204 19479
15625 37330
5852 40739
2203 25991
26416 36119
941 37396
3194 32967
1492 2975
23278 42262
10413 38196
17280 31454
9964 32708
16226 20931
8433 18059
6618 6657
2599 39173
17291 30300
1303 41168
16605 24899
24491 41703
6582 25659
12731 32664
15767 17384
5037 35278
7422 27585
2647 25631
15390 24042
21960 28633
13429 29030
24592 33649
4316 9100
21940 43442
3005 6091
2520 42263
25957 36894
34613 37889
33809 42036
6066 16882
35060 42550
10919 32298
39991 42573
22441 42677
11158 24178
11407 37714
1813 28034
38184 41612
20039 30953
5058 22919
11605 16761
8932 23233
18040 36403
14535 37649
36309 39958
12211 19200
12443 26905
4735 16789
3604 27711
10323 21283
2992 17533
10061 32617
25116 34184
13097 17337
31401 38606
16399 31947
12827 38387
30719 38020
27309 36120
7364 32087
14451 33225
30497 32723
33 17757
38516 41011
35663 35996
1258 4218
23443 39804
7889 40576
17095 22790
40530 42450
5116 7971
38146 42609
1404 26674
28377 34648
33552 37283
4682 6955
13041 26423
9176 37714
16647 26949
8357 40829
16417 17627
6707 27774
36087 42366
5836 34863
15210 25521
28754 33817
24076 29544
23489 32228
5395 33400
13040 23754
11398 31720
23091 39537
23267 33347
15105 35304
37381 42927
582 26458
23179 41047
3849 23354
2155 37546
28046 39365
12135 24816
7142 15247
29682 40444
21955 39912
3414 39641
4328 24520
4041 10692
2230 31489
19040 38745
5084 33134
12180 16830
36303 36864
1006 27136
23017 37494
12948 42073
2648 6338
18011 37297
22882 37269
12700 24975
23491 38316
28948 42327
9138 23435
4386 19213
20148 21396
11702 17959
14963 25398
4577 40658
17869 23069
34030 36103
1362 14124
4477 37044
5091 34463
198 26818
2395 25490
6414 28437
39276 40079
8201 24959
26492 35443
2902 5292
7089 18403
2374 25552
314 37731
8578 28854
29827 38889
42113 43248
528 19001
21599 26263
16464 40962
3439 4184
23866 34564
4437 6504
3127 8793
28570 31390
19347 43345
24857 30243
40198 40475
11297 18970
18199 33160
32531 34332
10920 43341
24205 30997
26784 41105
10251 33383
17517 30322
11679 31315
1224 5091
21264 35025
18508 27499
6694 38411
9800 37648
31267 36242
25883 39657
11160 40549
3386 9434
4220 15487
1340 12621
3554 4292
15420 29033
9613 32345
27568 42318
21101 30308
8654 30919
11303 41766
3622 10842
16794 23696
4049 37482
8421 35821
11733 34934
3784 28139
20282 39250
26910 31014
12690 14033
5057 21996
26406 27539
22687 38625
12337 22805
27334 38889
8854 23810
9829 27624
29385 29630
12306 35735
27418 37836
27987 40208
8488 38736
32051 34230
32827 40867
30676 39342
2399 23114
5336 22350
17210 42980
3221 21236
28626 39377
4936 24860
15946 19815
30616 42674
35523 42111
19797 29005
3807 36794
5990 40486
34369 42469
23831 28288
13293 21277
4343 37528
28540 30184
2752 18664
29016 36529
27128 33694
1094 34041
41558 42571
29043 34188
9052 25838
17085 37242
14900 16673
24779 28966
1695 7843
32390 41401
33753 38938
436 35761
3227 15924
18737 27685
26648 38160
14625 22103
18690 29559
16021 37493
25627 31692
15955 41569
1145 30973
20580 25078
16659 20222
11205 22898
8584 21424
32050 43403
21080 29565
5602 31113
5865 33967
17374 22419
17078 23589
12367 23340
185 29884
24651 40458
17733 29707
2590 22843
12597 42461
15689 39356
29318 30986
14156 37466
6537 38911
9006 35827
472 26127
9552 22754
5726 35471
14385 15072
5236 27730
719 41310
8267 36427
5369 5628
20374 43295
3488 8882
165 14306
18368 21937
19211 23380
6142 11213
6229 29117
1061 14629
2705 30121
3299 11612
10120 33010
26061 36656
14884 32139
10164 42916
2254 15138
16109 37848
31205 40170
18923 42346
4753 24728
3737 31436
8749 28415
12627 27185
22816 34042
27783 35974
26556 40018
22804 28555
16333 27915
7598 11543
33791 35392
1761 30666
37220 43196
29081 34025
28714 42899
2262 29901
15531 27412
5541 32284
612 13840
19207 40011
12440 34125
7814 15490
26652 28587
20989 43167
19209 21398
8501 39051
7110 12893
33196 40063
20841 27431
22782 24614
13370 31780
17054 19165
6250 28250
10399 23319
7380 11441
26372 38746
8209 12986
17360 32454
430 13018
34231 42615
2749 27925
4471 32720
18083 18519
8009 11420
515 31061
14655 25647
13935 31185
19093 40821
11267 20096
19845 30068
4118 11664
27740 40010
1420 3554
10815 30552
11864 40731
30398 33415
21247 24335
15469 25571
2736 2965
19290 36639
18712 28297
758 21370
726 41080
17962 21383
3230 16305
10015 37292
15404 15535
4071 39552
32340 43087
6472 18806
5283 12754
22381 43108
1358 23994
8162 41813
6425 27850
1278 39314
18780 30094
1091 24404
37298 40769
3143 8200
31914 41932
6557 10219
17945 23816
18549 26963
7390 10974
1119 31333
11380 40510
5107 35159
7438 41001
2857 17413
1278 42697
12560 31924
19721 36983
16423 27942
22983 35979
23523 37421
29387 31233
37000 38079
1204 30882
20994 31594
14352 39178
28206 38096
31434 35818
29264 36495
21936 32262
21465 27015
956 14538
20473 42445
17836 25751
21270 29957
34058 35466
2702 33690
33877 41312
16103 37736
25895 38541
12281 14200
20772 41731
17369 34586
24836 33501
10208 20667
10385 28473
36506 39614
21222 37995
4290 33974
13992 34297
24434 35184
22672 29270
6386 42393
4868 10044
23044 40927
493 26683
11369 21638
13230 37919
12274 13379
3595 32402
7248 24638
11800 36908
2802 19934
36867 37526
6800 32584
9842 22946
3014 42448
750 29722
22258 43401
19207 19742
3622 14977
8680 23443
6196 7745
21394 39391
14178 31427
6332 33647
4626 14833
23807 36375
27450 27923
2760 3843
20582 40644
35296 37946
4264 27434
33360 36605
7759 24911
18359 28104
9092 21293
9910 20205
7652 40505
4050 15023
1255 26982
13912 21485
4363 6852
1712 33085
29379 30136
17740 41803
10308 24415
5211 31270
33337 39223
3749 25648
6307 34879
7215 43133
6939 16662
8635 24208
1724 41955
23152 39655
20554 24609
6136 19721
17121 28175
24008 34163
23746 39081
11676 35286
7605 29705
27686 28149
3344 9505
7930 27021
2351 42992
24710 37818
16665 28309
14757 20126
23970 34810
35463 40287
19954 40270
32361 36288
12707 32993
39895 42841
360 34774
8920 37559
1665 24005
6978 13742
26870 41526
1776 33635
9459 41974
8323 20307
18171 24619
19559 27848
27993 29962
14173 34600
17267 25152
23117 23230
27099 37599
5262 29114
15713 22385
32913 40184
15499 34699
1444 38531
38819 40823
6914 10724
32597 41641
33201 38372
1097 18421
20585 41426
11701 14940
19290 21392
9566 10730
27975 29541
22395 39460
3992 32707
7700 18988
7544 21858
23739 36166
27395 34335
23823 40775
7321 28202
14567 16595
819 23553
31959 36816
15298 15353
6102 37991
33082 34112
35360 38630
13331 41464
10746 15326
19849 23234
12301 14531
13125 15732
3034 20552
17782 30270
21340 38484
20927 33619
28347 39104
24199 38029
15496 34936
9793 17660
7948 37375
30554 40938
19871 41682
24592 40175
24695 38610
3298 29643
8823 11157
4054 36567
19682 31580
17418 18100
32 7493
5805 27016
1403 42798
24198 25911
1874 4476
9960 24374
23048 30175
27685 32195
25923 32697
20690 42135
793 1929
227 3238
698 42982
15700 43225
19195 23733
26230 28653
13395 18602
6746 29933
5387 14610
23573 29996
24536 42121
20839 22229
16164 28053
12906 13715
7097 22054
2375 32758
21308 29123
15850 36753
33291 36679
16279 19897
4215 8003
15335 34587
1799 41458
6575 30990
26192 39099
4181 30461
28663 35152
15484 16401
20616 24816
9478 41195
11037 31474
9868 38906
36824 41049
22323 40822
13712 28458
430 3166
11125 43372
27553 39192
15320 31461
5398 5700
17063 17885
21870 22568
5488 31257
7730 21566
4767 31497
3761 5150
18479 39377
3498 37759
16893 25021
22144 24268
26639 36004
4203 25682
33674 36228
371 23123
13311 26020
9435 12047
99 12047
37374 38833
11149 35448
11917 18058
13532 35064
4094 4986
5691 34218
27426 42426
172 3665
25067 34536
36954 39186
396 21086
2061 33483
31510 33882
183 4763
15949 37647
7885 13344
6770 17629
1184 36593
12442 21262
30521 39969
13103 14363
29633 30647
4194 38751
10042 42418
1297 30054
30844 36458
7673 27424
18891 27778
34456 34520
7571 22229
1735 4801
9203 25818
2521 41173
958 17941
9456 17596
15341 37360
27629 42354
23065 28761
24198 39577
22301 28365
8484 43100
3887 31811
11506 21698
9027 12760
12925 26492
8424 30217
25239 32899
12477 34438
10654 16005
1256 14373
12134 35038
2154 9107
11348 23741
4923 21002
38606 39054
8863 21404
9385 38482
4771 18918
2576 4077
31036 37917
11866 28807
22994 43231
32048 34473
1881 21191
5586 9453
29053 30314
6659 11358
596 42034
16750 42755
10284 40207
4145 42026
19165 21907
21153 33991
12313 24773
4345 21146
34184 39258
4603 23656
10528 36403
23639 23906
28657 39389
29212 41863
15569 20756
3876 8775
30036 40812
9555 19803
22939 24434
120 42455
12727 24009
23527 24604
35961 36031
24857 26165
37473 41016
29669 30438
10576 23238
20496 31368
8483 10394
10185 33970
20973 24382
8400 30516
4609 7593
27593 33224
6047 7919
23290 26354
25915 27947
40768 40899
15554 15910
34415 40480
6083 27763
30236 37840
26428 41529
9802 40998
23052 35049
3151 13595
7280 19346
1520 42661
20137 26712
16753 19617
12293 19179
28820 42362
39575 41494
1378 5802
13417 39331
30883 32174
16471 43316
17897 42865
16411 39101
381 27304
11156 35948
6522 6872
38386 39414
22510 31467
10758 32677
2133 31749
3959 8786
4105 8611
3487 9730
4601 35610
36961 39686
9026 33021
32730 36856
11039 33858
16290 29133
9101 35824
24671 25005
21859 37549
3472 18497
32220 34310
5110 40560
2859 13544
4774 5178
182 29696
15331 41478
9801 32236
29305 42942
13497 18692
2386 7847
2554 20263
833 27936
7442 9070
27957 36079
28253 31711
10577 39812
1732 19108
1639 20637
10117 28685
6055 18494
26364 32603
8309 16010
13313 34039
15737 40072
13578 24888
21971 26247
12951 41005
2454 23415
16583 28200
33482 40409
24637 30847
11945 18630
25683 30175
5568 21789
2643 17460
27164 27933
17028 17704
33634 37016
15747 28867
17358 20090
17025 30238
6283 40201
14292 40631
970 30462
3261 42355
28511 29094
1230 16803
7991 33986
18621 27754
18354 27410
15476 25371
24475 38783
4533 14110
18388 23988
22877 25918
22892 35086
17811 32086
7080 31096
6355 7243
6913 28704
20801 30394
5401 22965
1162 41185
21074 29240
11946 36359
5826 17452
28141 30665
7803 15626
312 4047
558 38977
4272 12241
22108 37606
15642 41474
11276 19760
20119 28495
7596 41162
11358 13154
8931 36651
19535 33170
22090 25134
11870 27854
26277 40689
22168 32372
20252 38823
9360 20734
13127 37393
26592 36536
24124 42474
2150 14278
1814 12077
2208 42741
242 24754
20797 42302
10511 41928
31013 38150
11947 31053
25529 37389
20904 35194
17793 38057
7296 30855
1240 17625
11499 36555
8531 16314
12178 30427
36200 39267
33547 37346
17962 42969
4522 5195
16777 24793
24168 33512
4298 10405
13863 35340
22156 29113
8617 21161
14876 28334
9176 20401
8780 20401
3012 33467
10987 18071
5302 25722
36505 37809
934 28256
362 9371
14029 32784
15691 35084
19177 20764
9274 36370
38783 43236
22825 37731
36641 37855
10645 27352
7308 41014
20521 23132
7812 27715
19085 24558
21659 27152
3016 41880
27613 36133
5961 39479
13533 39908
11677 27943
24333 26917
12634 38533
25707 28750
40469 41584
9849 13273
25309 42475
13701 20244
5373 26662
16460 30697
15846 20446
4510 34366
40869 42457
1387 32496
1436 21835
1392 40976
14443 30680
7222 28788
4825 18162
6939 32637
6727 34444
7139 24589
23578 35093
9068 36278
13421 30403
13134 20547
24475 36018
21913 36659
15772 37651
5585 18789
5559 27956
11703 20065
21219 28142
4784 31343
14139 21005
34895 42973
15435 31815
11815 23689
539 2951
22091 37870
11861 22344
4867 17233
22870 35356
10718 24581
31235 41083
1537 15070
13994 41942
31102 35077
12487 30885
18788 24698
7241 29538
12228 16661
21328 22800
10276 27619
3428 24023
17393 23681
6629 33885
12861 21677
10273 26567
2826 31502
29092 39614
10264 11929
2938 6079
2533 21077
21366 29858
26424 31154
35056 37979
37442 39556
5522 39162
12811 16837
15844 28613
19839 24750
28059 41430
27856 42791
6515 14508
11838 25901
8592 10634
14787 26652
6018 42749
31775 37398
21311 26926
33724 43138
5983 8231
18587 27983
12489 30557
11358 40725
7401 30550
5824 7420
2445 38576
21512 42111
21211 36521
22687 31461
10218 34565
135 5503
33540 42270
15314 36907
6599 42879
7840 21737
17366 34666
5395 12383
7559 21495
9649 35576
37754 42652
840 15091
5462 42652
5856 35601
22072 41926
13722 27617
3393 33023
6242 36576
33964 40504
3013 20724
3559 11623
12441 33118
14706 15709
26685 31437
17009 19503
25065 43134
8068 15306
1368 19532
21849 29961
2425 31292
20390 21604
12917 27570
8199 32758
11661 27678
14723 28306
30128 37799
5509 30955
5670 31812
14381 38930
1190 14692
35047 36307
19095 40416
2102 2908
37668 39444
29750 31962
24712 36980
14838 19369
19452 36489
37017 38171
6872 39200
13452 29984
31055 31958
6511 22979
16032 29148
29084 38702
1406 21113
32809 37230
20013 35967
7902 31609
11606 35676
4488 35225
8622 34150
11052 25476
25697 31309
501 21421
4927 41688
26369 39286
6699 39430
619 29778
9474 40782
19178 33072
24598 29122
13418 14508
18670 33605
9100 35653
2210 10146
2645 16490
492 21308
15411 26212
4861 33871
11133 20338
21024 27730
6016 9013
15952 17676
907 12101
14884 25914
20982 21842
35162 37704
7208 30797
3117 19868
24778 34543
6838 23350
18235 25921
1224 17443
17910 22189
25165 29327
27205 40847
26766 31351
21326 22591
2084 34516
9522 34191
28343 43147
14197 30087
27524 40600
15943 33024
10373 37215
12559 13097
9563 18916
1965 21992
1448 29579
33646 41995
19484 41234
31284 38560
2733 23261
37679 38424
9523 13855
8662 19188
21913 33089
28778 28930
2729 12939
27817 41761
279 9657
1617 28075
1900 42693
8172 12356
2166 36396
33692 35173
33002 41142
9650 41142
15524 37362
26909 30474
6150 37070
10330 15237
5034 12083
21084 34146
8380 16442
26363 29025
5086 33184
15155 28605
1297 35425
33215 38402
653 3832
11919 43073
15987 23473
27564 39975
21461 30871
6422 41326
29817 35546
7779 11499
22331 27721
4998 19192
2321 12713
1741 14124
15685 42541
38054 42219
34272 41467
38859 40926
25148 32490
3078 34569
3771 39451
12876 14443
11968 39932
29339 35921
13729 26962
3328 9834
31510 34126
12627 23538
14906 33354
2053 4038
27621 30279
23254 40420
20694 34526
20864 26801
23942 31372
7470 15066
9323 13928
35643 39804
3096 13648
9040 24193
3904 24704
15936 21599
14075 40781
4678 28262
28588 40833
32919 34445
31735 35183
13392 28481
14128 21167
11413 24784
2587 8294
20397 39608
20592 20636
35997 38989
96 18944
23411 31894
28125 39796
13391 16178
10311 14190
32108 43278
12000 18313
26677 35735
13082 15608
7814 41829
35677 40704
23311 40523
2767 10332
13831 31911
21314 24943
3772 39652
2963 5548
5693 11853
5742 22103
17318 22919
18607 19753
10380 33393
13424 22892
1295 30760
19753 33248
2382 38979
30661 39038
9464 37329
22709 30282
5196 18402
1548 20094
24410 29504
18219 31133
23565 27234
11791 28877
8106 12028
23389 33424
29679 38190
9425 13400
7381 14970
25895 40021
13196 22661
15943 28381
17457 31749
15580 21913
12222 19422
26378 35644
2843 11616
19387 27798
8856 15350
13737 19982
33271 39168
22212 24349
6637 21992
6495 39844
4844 16765
6022 26600
9870 42689
17289 42122
20374 38038
17686 41758
7675 14262
28727 39032
24851 25059
16040 20743
3473 16334
1071 18196
14906 18562
28813 31636
284 28928
8819 41482
30777 35964
9146 29045
603 39261
16656 39176
6667 18609
13171 40108
13880 27965
5840 29942
16351 23264
6253 22941
11795 16702
33451 33477
13865 41428
21011 35067
27213 43396
13593 34324
23889 30690
2928 8290
24437 42573
16387 29310
7454 23311
16267 19594
7436 17255
20697 42232
21862 37310
21050 28764
20862 42299
1831 35977
390 14428
1906 10487
11286 27563
10895 25463
28435 41610
7605 20447
10031 10311
2582 28971
3031 24633
2929 33216
18512 26766
24408 35577
786 4979
6520 11742
7268 22747
10712 17061
23062 27097
168 28729
17865 43170
24746 29156
16800 36430
5090 22782
41058 41605
101 14675
9018 29775
24745 35347
22613 37070
24514 35222
36076 39550
7909 18764
14063 26113
32562 39744
2610 37004
3318 19563
2416 27339
26655 34716
11211 35094
10897 14747
18783 41939
30803 39763
33036 42818
9857 25033
15098 18866
25973 35850
26850 42539
31862 39518
26535 37051
34594 40042
19197 32130
25444 36260
4026 39248
2198 14055
19489 27054
6478 32053
19012 23682
28043 34188
25587 37477
33278 39318
28925 34805
6236 23071
9928 38455
2862 20636
35 11180
32384 36597
21357 23945
7064 15531
18216 27131
3629 31102
19240 28420
29014 31063
15834 38505
29750 40553
2409 21041
874 24932
310 16488
6588 25401
28385 33521
34118 34986
7031 29354
15102 37832
4160 13210
12033 19229
11910 33159
19198 34021
7995 38671
25600 39028
22181 38328
11093 11437
947 37461
5257 27752
8996 32594
21456 30690
20400 25756
1050 23064
13777 25476
17428 21049
12788 13096
28626 36966
4008 35420
26861 31535
24411 27499
26654 37658
15923 29286
33402 36886
1542 1834
11229 34868
7908 34703
33009 40567
9058 42490
25110 26719
10537 24926
1423 16637
21339 40089
27122 43361
4886 17609
19602 19710
26561 38598
3168 32181
24909 35296
11165 34294
29991 41150
6960 25515
4528 29420
7719 42536
12233 16607
12849 14661
12143 26513
2814 24486
23555 38252
32263 37717
10443 15061
9207 34103
28293 29744
11010 31158
4918 7883
11948 12459
11586 33011
40169 42341
7982 13310
154 33637
28338 32192
26250 28506
14428 16145
1072 32221
20582 23494
25776 26371
1660 32391
8746 8983
34221 35999
10547 43118
14218 26134
28013 31797
5527 15696
3546 30420
12099 21114
10027 18916
17552 40467
11750 41871
4498 27834
17344 29406
9157 33585
32231 33052
10451 17931
38050 39953
15869 16352
17475 37968
17351 36212
5500 11779
3627 29446
4122 35841
25953 28296
23571 40424
17060 42829
15157 41406
603 35691
16608 20074
8420 19147
13662 35836
1480 35964
12704 17639
2781 14873
15974 22188
28745 38862
41 26539
34844 39896
16622 33743
13281 16896
12574 12870
21791 42949
8478 15338
259 8682
12511 18183
10647 27268
11838 17151
16574 31982
12069 36497
26966 28056
2538 3976
18189 28986
2989 35174
6153 31383
6083 12894
2258 10752
5596 42577
2548 24851
8585 35587
27045 31732
8826 25096
392 16566
3480 16163
24522 24939
12787 36898
18040 30556
2842 30401
7191 37424
8045 15836
1561 28732
2984 32736
6606 15271
10596 23896
26576 33132
10077 37826
36516 37033
6868 37902
11702 15361
21304 24902
37425 42479
8318 35593
11624 24338
26291 33902
9526 18475
25449 38511
32722 39839
16994 37240
13665 29852
9978 19538
20691 33720
2170 7498
6848 15743
15384 40765
18817 31537
10476 16782
28954 35198
8153 18937
39905 42378
18093 37333
105 17798
2567 20905
12349 31545
25635 39051
21103 37047
31129 35804
7032 37902
15660 43265
32093 43401
35505 42930
13319 23149
26854 40781
26415 36947
23366 41442
1481 20643
14075 35735
33385 35056
17569 32610
5103 38641
19960 42667
5996 39447
15264 43450
5528 31465
7991 12351
1189 16270
15058 21882
18661 25897
842 41072
24486 38440
15782 23633
5957 30824
5680 21656
32343 35066
9572 12188
29896 35465
22104 23958
24874 31382
3488 12216
14210 39693
32565 34886
11732 38527
34201 35965
4251 38024
9070 37052
8127 40855
23244 37638
962 14951
18396 26538
16617 17237
28242 38883
8813 10823
11135 27691
2704 27568
17186 21329
33274 42930
17123 39474
12369 34425
4391 20476
9674 41138
16 5624
6325 38925
21873 21931
17482 27514
13054 37911
2411 29386
17610 38811
2373 33066
829 41375
1091 28543
11841 22605
28351 29377
40346 43386
6583 6911
26461 34797
26149 39406
15660 43399
20889 31745
10952 11368
11755 18108
6340 30538
15475 16292
4996 24383
16386 21811
22552 28231
30843 41179
36617 42645
33661 36751
17579 35152
11985 34785
22052 39959
38306 42604
30402 30856
12076 27733
29419 41676
29756 40507
28595 34059
36891 40181
13306 32096
18221 38002
16390 42871
21736 28584
12297 24699
16375 18619
3870 14896
20006 38423
24060 31003
34264 38892
16020 29008
32208 34975
5167 9339
26776 30994
3557 28894
5386 27170
21196 34497
3224 7551
24317 38738
5094 10554
1460 4974
16693 30979
23379 29329
23955 36844
9502 37597
9655 29703
11261 13412
10856 28410
25353 34345
6452 8656
1373 41946
32777 39040
12865 34955
5996 36898
4895 12788
4130 20835
18417 33376
5150 27078
9969 26860
13208 40956
1332 15527
6712 21792
23019 25761
14643 31199
14094 23787
9194 27803
15905 36009
31722 38091
2781 17719
8935 25068
19327 30564
6837 36955
2476 17083
13446 24505
13523 28135
9285 30550
13657 22473
25991 27812
14869 38308
21342 22779
14728 23551
13992 43108
30319 36432
17203 22167
16635 29065
16728 25846
6062 21279
14954 20861
37023 37051
6242 32766
18707 26510
18197 39994
19357 34728
670 21800
35781 39474
26708 41574
15800 26924
30476 34322
15354 24363
9905 20967
1146 6453
29156 29507
23516 25789
4 31546
1681 39042
30869 36468
23407 25065
18014 35564
13490 43247
21360 39169
400 37373
16709 42169
15719 22771
2032 15887
26444 40188
2599 28012
32712 38025
15596 21617
4483 16361
22192 29873
5210 30461
11689 37378
35156 37328
28883 31977
492 25069
33411 37245
21482 37819
6387 40825
3338 31734
17077 25976
24480 32046
18176 29102
11330 22923
20711 36629
11566 37163
13662 29367
6754 26474
7411 30945
7034 35159
23807 40059
14549 35054
20175 35868
23960 41055
3448 28869
5497 25391
7840 30304
3381 7645
9955 12170
220 9455
18997 33388
11151 35608
10858 42711
34258 35023
2411 14728
14816 16335
9965 37209
26109 29106
13451 22889
1411 5165
5088 8375
3691 37083
23127 25963
6274 29405
10216 15328
7455 42921
2234 12557
9645 37204
3987 14221
16650 25508
5248 16177
25063 33161
18709 26690
21293 30726
19184 21321
10920 18864
14558 39839
17857 23441
1254 5366
21703 38703
9150 27584
469 8065
8218 8356
5142 41041
9366 32312
7959 22425
11176 41680
28982 35123
13798 31456
41872 42629
19075 24946
6229 32264
33577 39361
3521 20056
20151 37702
34261 39993
2914 26437
18470 19884
3622 8996
2163 40798
30657 40479
17732 32198
14154 16192
20218 33447
23797 25734
17167 37115
11907 40034
4170 18600
24319 34706
2399 21268
15216 31679
28119 29621
23924 28700
14263 28378
11732 20970
24568 41045
20045 27261
14620 24451
6056 43424
15274 20545
4852 25006
3668 34604
26453 40384
16052 35334
14702 19565
22877 34782
15157 29005
3815 26895
15379 27886
16702 28276
33040 34002
13306 15694
12378 18085
13717 39357
9155 16011
15879 17097
21984 32663
6153 34847
2414 33977
31209 40002
28038 32234
6590 11436
1924 12650
24309 40188
27483 41057
596 20025
17238 38994
13331 17040
11033 38473
6550 15420
15228 26562
17923 42480
674 8015
24442 37684
25461 31247
23501 33454
15294 25869
8476 33981
11982 37309
10094 37672
15629 34426
1668 3396
37134 38008
18351 20676
24147 28317
5952 22267
1619 30272
6852 13664
22484 35214
11005 23219
4785 19946
11884 20155
33411 34830
17921 30891
2695 4367
4407 8474
9846 38509
19849 22730
33739 34137
15501 29703
27264 36007
29724 38287
9795 23645
7024 43168
8877 42030
29464 32698
6934 19331
29885 43308
21866 24440
28281 35536
9923 10998
35770 40626
20195 34105
17406 31357
33526 37412
4652 11846
708 18872
31246 33787
26550 40986
18682 29649
9092 19179
16467 43415
2669 13103
11240 38900
21385 24517
14034 33132
2704 36509
24242 29651
2354 40826
9510 41569
14940 39061
758 28034
43 173
32106 33864
29398 32236
14544 31891
7252 38457
7773 14774
9985 19204
20086 23208
34063 41185
8668 24486
10142 33151
34407 35333
11636 16619
27592 29433
601 33685
27326 35141
13923 23852
19881 27879
17964 30722
8843 39012
11754 43443
17911 18818
26045 33472
17073 21883
32564 42262
6076 22437
36041 40688
1654 22291
22997 34405
8370 17100
13528 22764
4324 26101
192 35328
20404 26873
18781 38299
28917 29280
38772 40987
9401 18779
26965 36074
18135 29264
25860 25963
8541 21304
24295 39811
1446 36490
16921 28817
1699 28076
1345 13026
42355 43192
2908 37978
3255 41469
21541 41221
30885 41836
12606 34395
12086 39055
11144 18385
12301 33759
22143 24293
9619 20520
2522 4142
14689 28057
39905 43293
5934 35162
9685 41519
3017 14701
24910 39333
26181 27482
11913 42510
32718 38541
33003 41154
7442 36995
22370 30873
19498 32032
22576 39609
14001 26902
1210 29955
3137 28766
10889 11635
1434 20049
32477 38829
10842 19925
983 17898
11764 11835
16586 32102
20484 38664
24966 30947
5325 42409
15202 22576
6128 8990
4251 41033
10042 10423
6759 10550
27122 39417
30025 33407
2563 28652
14046 19855
8093 14482
29394 35230
17860 20118
4629 15729
10077 41908
439 19124
3308 32943
7990 22840
4284 18700
28082 38412
15797 37661
27318 31600
4108 17720
1445 38466
10996 36930
15146 36388
5288 16304
33888 36191
3218 12489
34409 37583
10639 41796
33782 40868
9467 28743
11570 26090
21160 30144
250 23739
21559 33825
30201 41338
24847 34042
18160 42637
5661 17983
10828 12621
36384 40757
28867 34373
928 43050
11396 37988
17764 33777
4418 12634
6012 39151
12569 37845
6448 12886
3961 29162
2908 35079
2428 27272
21940 40283
26049 39740
7298 42103
2901 17104
25256 27272
14876 15185
6131 33366
17564 38792
31191 36011
16202 17536
27068 38376
13813 34155
28145 35327
19451 27624
1421 28057
14963 35526
29046 33742
2997 17751
24744 41060
30976 39240
2303 35090
37168 40465
29600 43161
31390 35847
13885 23828
4004 14872
20535 22713
25617 35737
11176 35561
8212 12056
37541 42898
21924 26352
766 26261
28981 42365
28945 40456
23876 42189
14785 22772
7611 35221
30713 40708
14230 38765
7327 29046
3973 39321
12596 12849
1656 26769
1421 6715
35614 42020
26805 27951
21070 30577
9417 23687
21442 23575
103 26856
20734 28184
18223 39902
5785 35149
13861 28695
11104 32810
14271 43088
12277 35885
2086 26703
10728 27046
18562 27475
18275 42694
11995 40336
3234 31411
26004 28023
248 15317
10890 39647
11260 38426
25881 37257
24439 37175
19933 36392
25010 33766
23613 28731
27076 40845
3383 5089
14220 28197
11828 38883
9960 17267
10230 14876
17929 34328
4987 27598
6010 36556
16272 23512
1258 13086
34362 37847
44 19809
8120 27877
13602 17423
16027 39896
15009 24866
29838 39676
26459 39341
252 19758
5259 41468
21415 38852
10210 16102
12812 41655
14839 32002
9136 13972
18677 42485
38231 40446
16847 26079
33460 40146
19945 26172
26453 42909
12206 13737
3161 8251
13159 42867
782 27278
30110 42434
22230 22412
34323 35044
33158 33550
19354 32497
9135 40515
26546 29487
27653 43054
6329 24766
14641 21033
16028 25380
15293 17054
24698 42488
12571 41569
12850 30404
29154 39020
6061 28923
6606 24293
7573 21076
19787 30285
23687 34264
2752 10833
13680 39721
2102 4335
30335 32322
6287 21507
1793 26211
33869 37698
6774 19905
9020 37717
10981 42528
5570 35452
4944 25376
10336 26548
42417 42543
7947 39195
19410 27302
34184 35989
31254 31316
26832 28918
6808 23838
19103 27559
5224 38198
34085 35229
7013 14444
34198 40768
8648 11134
30796 34787
25651 38218
24987 28604
31216 41008
27314 36956
14226 24739
17548 24540
24535 32644
6495 23499
34565 42632
14053 24030
12721 30724
5952 28175
6166 9445
12498 41040
31412 39607
3987 14900
16770 35011
21259 30717
21582 40038
29075 40366
10698 28418
19627 43343
23537 28065
6029 12365
9505 35264
19253 19747
3940 6056
222 593
31138 40896
10484 18286
14375 35011
5303 18088
4017 28907
8354 37051
36590 40446
13559 25565
25253 32264
26607 31967
18184 37559
21653 23824
12625 25135
27260 32532
818 26638
2230 40841
30919 35136
23187 31042
21473 32524
22121 42359
15637 21512
2857 9448
28833 38924
37320 43116
24039 43336
30861 35131
18332 22154
14648 21183
19646 23182
20253 25846
5308 17277
23327 29517
410 8534
7203 36552
3038 19258
20322 35250
14613 39097
11060 35199
8388 28310
27605 31604
5610 8947
11571 18153
22785 24215
12797 27470
3386 11081
32621 33428
36328 43428
19274 38478
31858 35886
6483 27945
25865 26388
36924 41207
7370 33632
715 38567
2424 18991
15049 29986
20604 38504
4059 29267
5276 14147
631 932
11872 21649
13274 18360
7907 31770
18731 36923
12878 15916
15273 17047
9644 37627
24922 43373
31173 35379
12677 36571
31013 31714
2055 11927
10834 33701
11392 15535
8872 29419
16190 40289
30820 41118
21375 23455
590 34492
11136 14791
24996 37845
11626 16116
6250 34890
12182 39194
31634 33495
6460 18670
9098 13143
12228 41821
16454 27503
32947 38270
1671 17010
8457 23700
4833 33360
31428 38530
25640 34914
18984 32242
2281 19413
594 42720
5684 13726
10039 43387
16395 37661
3722 19270
2823 33733
15677 41582
7616 41928
7342 12120
21601 39609
4632 26661
8161 10725
942 30571
1029 3398
31256 41806
626 2227
23001 29077
25016 30741
5561 28787
7687 41579
3161 14480
5005 28340
13035 25675
8126 19749
22045 31140
773 40369
3444 24402
11720 12344
34483 43440
16116 36152
5161 38652
5205 18013
7828 38027
34794 40858
11938 42782
6608 30410
1809 40894
4961 33868
15756 26949
20580 37463
1087 18278
19584 26356
32302 33378
17608 32756
3037 20456
3947 16513
28901 43083
13537 24731
11946 13037
28010 34244
3157 21312
12781 41192
22726 34857
14226 32123
33651 34400
5087 43025
32656 36535
11154 32470
6678 10396
16538 29055
6929 11927
16358 29619
10418 43167
4688 8230
13820 32374
14695 38236
17207 36734
25927 32072
33301 41376
2031 33894
30143 41949
5905 34208
26354 37774
16523 24209
16881 23917
423 32584
38012 42564
8178 25550
3676 40162
39264 41960
3587 21431
13213 32312
28161 35702
35862 38231
13605 28406
28238 35168
17374 43448
33580 36977
3754 34376
20125 40050
23915 39165
17532 31956
6921 34266
16598 24733
5636 31724
19917 21819
7303 15120
24580 39555
4865 17325
1111 42942
1692 17058
9307 14151
25784 35527
16666 36164
9563 40909
29116 33572
2580 25599
2117 30793
3624 29018
23426 34463
10785 23689
18011 29897
12376 27277
7286 39275
2616 41471
5887 33413
10070 29601
36752 39089
30358 42079
21401 36248
2344 28705
12973 28664
7631 21193
9143 26178
20777 36798
11345 29920
32179 39713
6066 32597
2466 39433
27881 28491
26256 42288
19214 32033
20241 36037
2728 24157
833 33929
3870 23947
4769 36811
13397 23515
6180 41744
23763 25538
31672 35186
23010 32656
7894 12154
23250 41942
957 26236
29155 35755
8930 27009
9623 31891
8046 8761
4682 18348
200 13233
10513 16184
1123 31409
9838 16769
39326 39562
2851 35460
6123 11789
13458 42076
9559 39985
2267 41825
17307 38388
15853 36791
20499 23621
4599 23948
27874 37469
10774 21594
10971 28524
2333 3225
11438 37035
15797 24589
10223 33734
22437 42943
2516 11977
9394 19357
7946 9469
3444 24081
1854 34489
4274 39060
27876 36202
32313 42106
21344 37538
2238 19553
17803 39127
23068 34300
8429 11508
7005 24083
34442 39331
17237 21188
117 32954
19293 19443
6937 28086
23351 32144
2033 10638
29621 42859
34451 35660
26476 27644
24155 24210
7304 13735
6087 26603
31761 37055
9207 11960
12831 37201
30407 32656
15935 39583
8090 22780
1047 40408
16761 22363
9534 34986
15843 39994
31915 40905
17426 34831
22734 30640
13237 23367
16606 18288
15205 25185
10335 32231
9670 17319
2180 16700
2052 34450
19509 28493
17620 26968
3402 41359
2383 42134
3006 34943
11461 37934
33952 39295
8844 31506
7168 20640
30355 43204
6518 10732
31274 34843
18093 30571
24200 42046
27358 28641
28947 39508
6441 26727
18858 28159
2506 24979
30659 30783
8942 32980
17035 34801
38891 40118
7391 29730
7809 36659
26556 39250
25130 26869
12286 23680
12699 19877
18909 42619
12470 19825
37815 39635
327 33679
14348 26853
24108 36980
8385 34725
7313 38148
20394 38052
7162 14567
19470 39653
21334 24152
22917 26159
13896 18061
15939 35514
28060 42280
23394 28942
21410 36979
2234 34440
23290 43114
8390 42424
9509 20353
3556 18390
14804 42530
9291 35177
4961 15372
12436 30390
35691 43289
10779 39576
27537 30612
16371 17616
7539 18839
18991 23561
7353 15451
27187 43065
7896 27744
17086 19813
1178 36272
11479 32982
3954 15403
36482 39065
1219 34583
10759 15165
6349 10872
7405 25440
881 6480
580 38797
7150 14341
2204 31191
24968 43264
2388 27336
6330 20429
8638 41563
34402 37945
11420 37478
5577 38127
13953 23267
13280 18071
7158 19305
33344 42175
5035 10194
14172 27512
19892 23265
31717 33453
17437 19639
24399 38044
22467 26057
22193 31150
940 30041
16494 33241
192 23008
6752 31799
4969 37840
12518 22070
34982 37069
1250 7077
23168 42319
34381 35913
20267 40296
24723 39272
8841 26215
9500 18681
14288 32948
24898 39835
6459 11925
21395 22660
2030 17024
11632 30729
2640 34703
24708 31043
9263 11571
28255 43040
11117 26873
21655 38048
3642 42592
30199 42020
993 18159
7479 30973
4715 6590
326 33911
2141 36453
25092 28939
1015 9058
6394 33380
10909 37689
37376 38887
2387 27060
27039 33852
2388 36330
13697 43218
1227 23466
18837 20195
6178 26585
12288 23836
8572 43329
9034 16033
14300 26892
12920 24278
25167 29463
21216 40980
3155 42100
14417 15399
12862 21075
17462 38489
3700 5390
1903 19669
9748 34974
10092 28368
3569 35674
9825 28024
29976 34377
30760 38623
23850 41319
25770 38959
7159 21145
27755 41912
19648 27361
27228 38985
16434 20677
9230 18954
12804 38224
5241 13937
1118 22718
3564 4189
7584 18850
10644 42063
3011 5703
11386 23452
18958 23881
9979 42612
16412 38796
10327 20664
30245 43253
20195 36740
27679 41486
18029 28521
23168 33943
8923 30673
7693 32756
29905 36954
37826 41701
5612 32724
34509 36582
3478 37784
7574 12096
10874 11384
20092 34548
5763 26477
6183 20647
21394 32341
11665 14357
14660 23397
10179 39640
8769 21346
4128 26754
6288 16499
9372 31438
8792 10218
17650 35291
16499 16699
8664 17388
40706 41534
1956 29078
171 40708
6240 25318
18123 41338
1316 13442
19420 39753
3404 35741
10071 40457
29553 36098
23519 33769
24379 34627
20905 37438
20344 32675
5303 20426
15540 32427
35450 35685
3959 20687
23432 28108
2350 28601
11689 28872
22807 32220
6666 33424
2578 32400
12638 33185
15592 38252
17223 38987
16696 41722
12466 12699
9359 42099
8199 14376
8954 15218
26835 29968
8172 28014
8738 34841
246 10091
741 14234
5925 14703
24377 42286
23142 31917
3282 7054
4639 19106
22676 42475
6659 39019
32526 41006
26399 31508
9777 15635
20574 40842
14664 36297
13968 39977
1168 9733
8856 39384
28471 32925
13603 43262
3580 7835
29153 34420
16834 27669
8192 20910
39015 40882
11005 21800
4406 24358
23998 39607
258 16867
16063 23850
12484 25147
94 28544
8913 36885
28765 40727
23428 26430
26012 30466
14314 22305
16062 23625
14024 35563
3897 23168
5847 9693
5391 8888
9076 23293
7799 19114
8312 9311
5468 17244
25532 33212
11 8480
9103 30751
15808 35759
7536 17199
5694 32459
664 2629
312 23869
30444 33932
6285 39316
10745 26922
2091 13922
21607 21979
40978 41201
6739 23456
20415 38287
7323 35750
25222 34110
8629 23139
3698 16700
3220 34603
30866 39667
15424 26320
15348 33680
522 18387
3555 22249
2966 34686
33165 35583
15423 30821
24662 29168
10901 28751
11914 32857
13645 30790
15627 32314
16650 41272
8403 11657
9293 39519
16697 21116
1777 42405
18412 25494
4908 42638
27021 34025
8511 35319
5435 29323
14679 31986
8781 26512
21544 28581
15853 20202
9127 24705
27323 34363
1194 25998
4150 36580
3958 17162
9557 11457
10833 14445
18205 32748
19336 22580
3025 16957
13809 27407
6767 17344
11947 26739
5362 33167
15488 22706
28063 37556
14391 32458
18519 19325
13053 40835
679 34377
3560 21438
28779 41109
387 17007
25135 30677
21028 29603
14753 30595
13447 27176
21955 35655
3544 12045
18161 23000
10878 13814
1487 17325
892 13732
36434 42704
32731 41491
13771 25021
22277 39089
10345 33730
5297 29924
4512 28651
24515 42488
20836 42615
16623 23395
12093 18054
10053 35019
1726 27140
9859 21190
25065 25370
7654 37152
38287 42505
21764 33027
6072 42725
1140 13430
2974 16968
29587 30823
12203 39510
29555 35449
6206 10645
19297 26543
12449 30117
36 4483
17995 37583
34736 42036
8466 15523
15414 41200
10676 25734
28535 36561
17291 34232
12769 36888
12095 20170
33066 39094
26046 39178
14954 28383
4029 9592
4070 9593
5635 31208
928 22033
40745 41864
4641 10348
7553 37635
10026 12793
7285 15189
3013 11604
40143 42173
10048 16524
7384 36136
17652 35150
8520 12726
2869 18241
13836 19730
12591 39218
20086 39427
6081 23566
16821 26362
23436 41276
35455 38875
10560 42713
3549 27799
11018 33957
24256 29903
3781 29088
4815 34071
28753 40022
28894 43445
85 33772
5183 21635
12791 28137
11986 24734
17058 28934
2911 29205
5770 10091
4173 6688
15460 40390
12004 14925
19271 27550
2087 41775
33610 33865
11237 39141
26326 36320
10253 27859
29220 38892
9455 42374
2490 39913
34355 38156
6614 33986
4667 16241
9020 20754
10854 20128
9984 42903
1794 41149
11515 42468
4723 13140
38233 42753
2416 40903
35671 42448
3616 15788
14509 16574
27889 36547
7506 16073
15088 23606
31022 33443
12218 42396
656 12404
14249 35868
13934 40960
6703 27800
26319 30803
1456 42258
2985 8751
19121 36250
22991 27023
287 5367
4094 16729
3891 21096
22383 35246
1549 16593
10625 18174
16841 26209
11805 24672
10965 20494
26031 43353
6046 13880
33206 34512
30090 37031
24955 39554
12268 36447
27493 40869
13159 32454
31717 36112
6776 25245
7525 39104
6574 30214
6482 11966
14287 31814
17645 41660
9254 20934
28532 40157
10553 12040
36106 37249
12246 20069
21543 28974
9241 28808
8924 33073
4936 18859
12923 19530
4185 33220
18968 36543
11816 22178
8348 35357
17204 28304
3564 6714
12195 28590
16397 24074
8059 15252
1521 11138
22557 35375
10395 13524
1861 36843
27934 42840
16248 40166
18084 26781
27628 30490
12046 35822
5634 19547
19935 25570
2047 7397
5225 9728
29143 32740
8742 32628
18178 23972
614 27588
28000 42147
38103 40562
17786 43339
31527 35964
5094 25460
4188 6699
9437 11727
427 35309
12051 30689
19088 23604
25244 31588
6875 26139
9296 11495
28665 32334
13240 40124
5574 7788
11092 32454
9843 30323
18551 24338
14720 39909
27434 28530
19326 29030
5109 32534
20831 37762
8554 8791
2286 4538
6506 11905
14088 23602
2659 10004
9606 16989
2930 16883
11288 31053
30105 42519
14173 31819
4963 20816
9092 26567
5660 14328
21445 42536
12907 16687
4035 32097
9748 19324
15810 35752
13962 34982
11509 20849
13678 35223
1064 3449
13690 34294
6404 15011
4767 33709
20916 30114
22616 32706
10820 16840
29162 38593
32545 33974
30607 42356
12979 13530
758 7314
455 3341
26993 41188
798 16512
32184 33214
9934 18144
26134 43184
27460 43283
24761 29875
13921 34577
13575 27524
36680 43108
23838 34330
14514 39817
3835 24465
1750 11482
12145 31239
9805 19427
18557 36934
9008 15885
2751 42558
25365 25825
9074 36884
21475 23288
25185 43385
5592 22838
34600 41988
9766 16466
12255 30064
4163 31851
23660 43076
4857 8096
491 23535
18298 37582
28336 42580
28329 37437
33260 43122
2389 5174
9260 21963
33049 42121
23203 27524
11407 18828
96 40160
5360 30035
19437 32378
31109 39318
3683 41198
26035 41461
5177 11834
16174 36163
1279 33565
20446 26162
9195 29832
9758 26562
5479 24250
32235 34441
27344 29121
146 37244
15215 28321
13368 39073
28158 34707
5701 37094
32012 36089
32743 34093
13189 29716
1069 26558
12122 25347
1352 39678
5790 23553
14713 21694
30008 33271
2070 16509
3614 37247
1745 10333
15689 28362
8364 31782
16044 34188
6043 17768
23456 43030
24072 32416
16247 20961
3575 10874
6077 19072
9 34098
16883 29281
16287 36575
32469 32928
3361 43375
3410 16664
9654 20331
34469 35223
7339 27265
21666 27339
27175 31540
13634 25205
19441 26619
22355 30567
10595 15112
35637 37365
1915 11279
3155 18774
6997 20331
16272 23061
17997 35509
5352 9340
13828 33557
21146 32938
21178 35105
29562 33692
17360 23554
36126 36775
32110 38071
7709 28646
34295 39392
2068 9242
4741 25401
10428 42706
29938 33979
13914 38212
2761 32591
1540 18922
3191 31421
26436 32490
6122 14627
14779 31308
16481 21141
3448 5413
6967 32358
6465 21382
24912 38233
9713 28616
3152 29214
3565 28629
25430 27084
17292 17384
25818 34548
7772 43116
34923 37621
8573 22456
21437 35157
20537 39057
4836 9581
26392 35574
12685 15206
15800 38126
3540 40815
7403 36833
26754 36155
5194 19088
34491 35897
11511 32093
4343 32279
351 30963
12810 20755
33115 39818
5646 34646
21172 42214
10646 34274
10188 26226
36884 40338
26877 35215
930 14805
15193 15618
3435 42869
7650 18401
5556 14192
22026 29671
16504 42012
9735 14388
6172 37321
8596 11863
18671 24068
393 22679
340 14939
809 26529
15152 16748
4113 7277
2101 16464
4897 11523
4530 27567
19011 40351
11747 21581
12803 29733
34568 37406
34136 34743
413 26714
26070 31335
14127 35421
11621 19964
26405 42171
16376 22205
31848 39336
13596 39168
16287 34965
12070 42421
19052 42045
32722 39900
11309 41542
31997 32262
578 23748
6584 35171
19282 29675
13527 26007
10113 38483
7449 40345
13571 26279
28319 43379
23600 28717
10561 33920
9683 42282
10265 35090
1849 40163
35711 42120
4212 16681
24383 35744
8423 28658
2053 43376
16747 28914
36287 40775
949 14242
1661 18420
24491 25663
2875 22250
2222 26566
16814 37491
20626 38617
3472 36469
9778 28182
2945 40924
23308 35082
7024 40704
30233 30974
8769 27201
21472 29219
15651 29627
11167 28603
1318 28230
9024 38273
27701 36927
1326 43397
287 21074
2039 13468
508 7487
2174 36324
2100 23543
776 40486
16421 39078
4044 15353
14133 31428
3522 33738
32656 34311
12195 21316
6852 28704
20224 27848
9679 12496
21345 34897
5825 40915
6530 13377
32162 34907
20340 28962
2706 20505
14237 30438
3634 43189
2574 18888
35583 42069
10941 39937
7308 19306
6422 17227
4681 8218
23088 35092
9220 32334
6775 13558
39310 42363
30793 38494
20546 25805
22897 41159
13976 34985
20942 38048
35290 35781
18332 36763
27167 35249
17178 31486
6358 7793
9083 34665
19567 23912
21810 34071
31175 33311
3704 40144
3822 19454
24965 34698
2317 39769
31560 37848
77 33291
18755 33833
9275 13143
8235 29845
27249 30336
35927 40724
168 11717
38349 42712
10639 13534
3887 23232
13195 28354
27181 35305
5071 16108
31231 40009
17393 22376
9528 37940
9793 37457
25016 38800
13903 33544
4855 21179
9034 21567
1595 36751
30010 36139
13105 39199
13657 39904
21 5224
17937 19995
23451 24540
16596 22971
6582 40089
3096 35161
3916 9825
5383 20517
5617 17715
17617 32822
1057 7247
6366 27632
10918 33486
4173 41911
364 23498
19461 39485
8804 32782
5321 40957
7746 16633
9770 38762
4485 10857
18772 27562
12769 26044
25585 40017
6131 15842
2381 2762
13168 24063
15788 30008
12467 29843
28140 30291
15719 17571
15388 19686
19680 36755
6179 22679
21226 41324
14251 36455
11359 21686
11693 20808
12295 20876
12787 13202
35661 40931
24780 39216
5694 37159
26182 42343
7042 43433
11908 38897
312 22153
1720 41310
6816 12353
8938 37269
36367 38878
23138 25490
17434 29681
35245 38774
15364 32282
10507 19376
15756 28376
24384 40155
17123 32448
3868 11423
5989 7629
3740 5761
19066 27793
3651 29101
22412 31398
36362 36440
11557 22236
7033 26509
7671 35656
28359 32792
33192 42860
1150 23787
33186 38127
2531 26599
3879 7798
20703 39081
27081 35558
14778 18198
4303 22089
6561 24420
33988 38980
19929 43070
26856 36379
23800 43113
4006 10202
3171 23926
1929 43123
28385 38335
40384 43418
33777 39699
17322 28470
17879 34245
3801 34121
3798 16854
13085 18655
6627 20694
5052 33854
1605 41686
12027 25891
11077 32687
21015 35761
16507 29425
20160 28831
20786 38153
18823 23847
13714 35603
14725 36630
20530 39661
21903 37132
761 31158
11344 39632
28800 39866
21634 28047
7894 22091
8814 25444
24161 35521
39539 42437
1982 10303
14448 32565
36655 40583
17798 20828
2491 3764
20473 31398
13074 37313
12710 14405
16675 33331
27420 27803
13500 32991
5089 42380
34774 36640
28408 35262
31739 33863
19612 40114
711 14425
17372 29472
32616 38862
13306 33125
10714 11478
3865 30857
16169 25996
36843 37786
3901 30322
12861 40588
36775 38783
2517 34382
1495 24306
21849 33462
731 30326
19676 34622
25352 29137
18032 39317
25907 39747
26181 32402
20230 20686
34477 38524
3183 6327
9405 31146
16308 16891
12232 14938
15141 29876
32095 37820
6076 42417
2660 13907
21090 31343
8196 28791
36150 40424
27865 37844
33476 37626
12869 23860
7480 31095
28579 30017
16238 32367
24109 28891
14228 15771
15337 34137
2088 42728
6073 39867
28119 30032
138 7716
4981 18472
25801 32531
29717 37043
1923 37965
12378 43221
2761 22068
4973 37078
922 15934
1986 35281
8907 12560
5643 34806
3006 18866
7739 14178
18879 30679
14843 25873
5080 29970
22846 37600
5343 19992
16819 29272
4184 34528
35638 37401
8873 26158
14283 17548
4927 32357
20426 39822
30257 42999
27740 37741
6677 23924
19232 27010
5588 12626
29897 40212
13303 15807
7810 23628
12558 39782
4468 22394
4459 31730
20183 26451
1501 35589
31402 40993
130 8363
33353 40952
3282 15889
10825 39901
2145 32658
12787 19081
8542 26179
6761 13607
26562 29195
32807 38160
7337 40535
9569 33566
29973 38113
4608 9757
27325 36536
19502 25716
12167 33336
19775 39838
27648 39441
28799 38785
14733 39984
4964 28051
3821 30288
4095 16527
18972 32317
13754 20186
26948 33553
26106 39128
1778 16218
5623 27872
15550 41145
40380 40884
1720 41123
19002 25743
5094 34698
12016 31073
1515 35995
196 21791
13445 15644
16018 30633
2402 13601
2070 2282
490 4710
1533 35820
2355 36386
6757 24576
3468 39410
11677 38962
15705 33327
18790 28489
26245 34749
13602 35980
4164 12318
36030 36827
5887 28103
5032 21173
15012 18057
13236 29241
27583 29755
360 8801
2537 20592
4864 38558
30960 39089
23942 27168
9304 40973
8414 16329
19507 41312
23607 41215
25656 35293
5565 23329
2389 15217
18212 33329
13157 39686
23339 41400
7162 38975
21933 36811
21849 29758
1108 24128
1388 32813
33703 41842
11099 22110
16656 31455
3251 26701
4107 11410
5785 34592
4519 28882
4196 13145
19022 23520
14716 33348
7422 7788
25390 35524
5539 16631
11138 24667
18296 24547
23615 36730
19458 40265
8818 37673
11679 40297
15384 22143
11123 39850
6104 37728
15657 29849
1330 20161
28547 37917
8531 31200
30210 32683
5375 36572
30853 32560
15499 30202
5622 5904
2738 37039
761 1924
6932 11694
12752 30309
4644 41951
17979 35578
15971 32641
34135 39378
19495 22777
17673 19064
3022 34354
5390 14414
1077 29487
15299 34463
15635 17416
13708 16353
8338 12496
19258 24527
10736 13898
15998 40099
21475 33465
4341 43081
3693 12153
1668 18062
15944 28724
21969 33219
12088 25017
5577 37810
1602 38353
1765 14962
10126 26397
12280 35575
9988 32879
8219 28238
2924 3055
24456 28462
1110 1677
32655 35405
34490 40077
30915 35666
34237 39631
4599 24249
3615 14465
3954 13931
32786 37551
21052 23317
32979 33250
3278 34293
8161 33336
7918 29414
15560 34746
19382 24539
5337 26615
5011 42660
10055 12759
20653 31155
36630 40874
2409 3521
8096 37822
721 3972
8384 13379
25666 30988
3748 31209
9051 20258
8063 22598
20924 35590
43 34087
12535 15691
25100 25881
1882 33805
7873 33054
5689 7260
15390 33776
9168 15181
2920 14024
7017 7994
7130 13533
16105 35973
3777 33832
4531 10128
3345 14173
12035 30802
4131 23218
37943 39206
13567 14562
9347 38686
2863 14429
3597 29700
20023 31109
8297 37704
9628 19488
1033 35176
9622 23615
4886 41029
32777 35344
3607 15112
17555 28187
6675 39906
19891 27957
12671 40253
7057 29620
27378 42800
9248 16234
10407 22609
10989 19581
15321 16801
8106 24523
13102 42691
12150 13197
4854 30379
40357 43181
24778 31091
5157 23772
17680 36934
12706 33077
12349 20762
12271 40319
26007 39925
14760 28253
15598 18018
38658 39309
13946 25296
22872 23708
3471 15601
13315 34289
8972 34436
1744 31373
22775 23775
27538 34013
26751 37575
1560 39365
10561 24365
2046 18879
10094 25653
2433 4241
13505 40987
22819 28396
13931 14034
24419 29818
2155 27682
7047 40020
7501 8699
16223 25775
14198 17007
144 15779
8124 17723
18545 28121
19671 35514
9494 27728
11017 18350
4587 26601
12674 13890
402 34504
21788 34422
5436 28798
3263 11464
18138 37007
8032 19073
4384 20765
9305 20100
26315 43437
19768 39769
29128 30529
9955 10568
8788 25243
2039 39376
14206 17248
14744 24471
6645 28497
479 15661
6338 40620
31653 41340
1999 25425
14846 38519
21628 42993
30102 33394
21070 42665
3038 13224
28376 29389
15050 24928
24308 34659
27381 34722
7262 27126
5378 20283
18226 40395
7030 39800
3597 40922
4550 37807
13308 30219
24648 35666
16441 19945
12683 30167
21404 42137
39716 42356
10147 12027
1535 25856
1385 29295
24293 25117
9163 42624
22645 37210
17535 32526
13473 26499
4736 18722
49 19059
13194 25394
2087 32196
7204 25027
9381 22323
20903 31948
3874 39860
11956 26805
16744 37100
20658 25701
5276 27711
1133 13394
1646 38088
16937 32018
18157 20387
15427 43321
20775 29669
14391 38073
7156 34031
26557 32716
29382 31711
10845 16098
33120 41024
11437 17730
9694 18474
1682 32268
29906 40756
29025 42993
38741 39804
5641 28748
7046 10481
6030 17189
5414 23107
4170 21320
7850 20075
11122 35065
3583 17588
11564 28802
8219 34467
18230 21804
14474 17547
21818 40972
2927 15971
20249 21867
16826 40673
3604 28264
17969 25412
14473 18076
1269 12100
27634 36433
725 13168
19872 35880
2480 42986
14556 16798
959 40167
16236 34199
3763 42257
4871 9474
9874 11063
24463 38464
1782 12096
3894 42740
10797 19625
19058 42722
7610 33046
8898 41521
7215 42316
18286 24715
35971 37833
2614 2800
6358 32307
17176 17266
7307 13797
7952 16945
11163 36163
26755 29267
1269 39053
6841 11523
15514 18349
20906 30101
11353 30810
1882 43417
14792 24780
17739 28868
31775 37626
14514 33137
11319 22531
5211 13083
20721 26534
5098 23005
18358 32296
22757 34902
16064 28965
1637 24523
3300 8766
23008 29825
19104 27390
23371 23461
4261 16846
21966 39284
11651 40424
332 26432
4916 22964
28270 37532
18263 42989
18486 19649
1900 5685
4469 32044
27578 35504
756 30143
23457 41702
10566 42831
5137 17456
2184 15243
3480 10804
21089 29562
32799 32822
17295 33149
13145 31247
1936 12697
15870 23622
20916 26601
33230 36980
24501 28502
29468 32154
7480 10668
3591 19653
21825 33767
11897 22521
8434 15133
36793 42505
36189 39358
6510 42634
26011 38517
22878 28789
5848 24233
10969 42847
8139 28956
19441 41281
14004 36202
2935 37634
22003 28562
4568 35032
5958 42306
24525 38136
13880 21614
12389 42581
18774 37031
18258 36737
7047 27940
10875 29599
15492 15691
1813 21500
25784 29843
22203 30313
17225 32164
27326 36922
18605 22700
7246 9841
14439 26681
32816 34465
13480 37895
8142 15082
25658 37059
7019 26831
24871 43095
3518 12735
27135 36573
15385 39364
19689 20041
2409 27388
1813 34682
366 34256
16870 31414
5014 15497
9096 31036
12549 31320
24476 30673
765 25859
21957 24780
6405 19963
19152 29635
21657 29214
10393 10957
20530 24040
4857 27564
5969 20564
4660 13464
22885 28024
37425 38759
36033 38040
5849 31759
7135 18496
17710 41604
6727 16981
9469 28773
6640 30568
4629 21698
20413 30056
2573 13617
38031 39508
25884 29269
11074 14509
18418 33962
13423 42814
596 1887
27700 37671
33550 35749
2456 26803
13179 14346
26676 31686
33544 41596
318 21541
12257 15993
4802 9733
22220 28923
548 19751
18621 43339
19256 41635
24001 36018
12936 32496
11305 25345
8955 14565
16489 21118
28322 41747
19878 22141
11967 19048
11410 40822
24645 26671
24326 32553
14705 26934
5831 6054
10555 25032
27211 40489
1044 42936
5363 32781
9349 42196
1237 31465
11345 33230
5767 33396
18245 19266
21097 39332
38034 39001
20381 22388
11972 24468
16934 26056
25590 26297
31890 39887
15275 18577
11626 39292
5624 16499
10714 33548
17570 41169
33805 39600
6497 20036
35999 42727
5147 42174
12751 22139
704 9660
7914 28167
23323 41566
21859 22477
16886 35060
18985 37361
15918 16175
33771 43399
1745 25613
18544 35898
9752 38240
24266 41146
12888 36373
24386 39750
10421 20844
11576 35391
4577 25964
30139 40147
351 21034
6655 25698
10139 21131
9628 18175
4323 32463
36726 37929
16969 24333
19310 38033
3342 20698
3906 33114
38203 39695
6795 16818
13074 39919
31119 36576
1606 32220
9379 37069
14279 41943
5473 41943
15218 42902
2816 3097
22129 37398
1993 40213
6838 41216
11234 39949
16339 37119
7274 18923
16695 36754
11249 36285
13839 25614
1565 3522
14806 15981
3217 4380
5913 32012
34789 38965
15147 34741
792 36029
5550 12712
20921 29791
20011 27126
11552 37225
10485 32856
2366 27370
23279 37456
11420 12196
13221 21256
5438 36822
29127 34707
21630 31419
12840 17592
16701 23363
15721 36144
7671 29297
4851 30646
1429 23259
8778 30032
1617 33109
22780 27128
280 23961
21417 37727
513 10199
32079 34416
2694 12310
822 42445
1179 30439
6631 34106
10525 25465
18722 18776
39211 40400
980 41341
376 38194
10805 27734
15942 30077
28010 37017
9657 23211
29656 42756
16256 37592
15346 34927
14700 40414
17935 32891
13050 37939
7259 38778
2798 17736
17829 25325
19401 24699
14098 16402
16021 37725
1877 10186
4004 35446
3221 7481
34608 43067
2478 32283
3075 23871
27018 36390
29838 35041
35003 38678
29948 41063
21472 41921
3696 15853
20022 24228
20395 29694
12931 25600
32483 33314
30380 40693
39738 40452
9245 24556
18018 26136
11039 33391
4382 37499
2454 15832
33714 42975
21937 27913
39985 41083
7047 25659
13734 42893
6926 34000
31482 34668
16630 32706
12072 31733
6514 34995
28849 29427
11504 25799
13675 36836
32491 32616
915 27868
12244 37852
2399 39695
23578 23859
15415 32788
17946 31336
39248 43449
5137 7954
22016 28556
10992 39587
5742 43002
4567 36848
5287 14314
9546 31435
38069 39024
11958 36707
31949 34669
25648 34440
3257 21417
27014 30740
15896 18724
15069 42889
17113 28487
26662 36704
10911 13742
11142 38750
11104 42430
5638 32449
10157 21416
395 41953
12650 19672
32358 40731
3986 33311
6258 25741
930 32663
28040 32829
35553 38505
3621 22044
6345 21953
20011 31932
14930 28178
26324 33676
3366 27187
7534 13453
2722 24641
335 35671
6639 36171
29466 33317
25491 33860
27458 30380
12607 40886
16745 34857
24560 38454
4176 36037
5417 35863
4959 28569
11173 35969
35976 42930
9270 22468
21590 42461
9342 21590
23674 29178
4108 19314
3522 4695
4616 41412
13914 34512
3305 31233
10742 15222
5381 7509
23721 34851
28923 34862
15701 42176
13829 40820
7087 13299
2033 31370
18647 28134
10740 30610
7688 25008
25898 33810
22784 26576
28422 37603
19093 31604
7759 14860
36816 38598
32850 38695
12137 18117
10862 17017
17143 32809
4084 25494
1237 16352
36528 41349
11027 19528
20955 42071
36576 40077
9717 25789
1208 34081
14013 20346
16696 37193
25528 29554
13435 13724
28700 33760
19767 28515
21962 26360
26239 38425
648 11234
1617 2236
254 29774
1813 30441
4947 41525
2589 17830
23846 39060
6882 15876
19462 28818
23942 38768
10911 23675
2190 3037
32259 33689
3318 7093
4727 42690
6956 25624
2322 27285
7615 11674
9375 10345
9035 37072
61 31072
3575 43121
21666 29600
1403 9982
6141 23196
1972 21244
19344 24783
2516 42053
6187 14681
22215 36231
15210 39821
1727 5383
13058 18446
17091 17319
18838 35942
1234 11866
29213 33355
2647 29677
16090 24335
18389 19342
121 25057
12614 33681
15871 23473
16465 40427
29058 32663
15383 34272
8400 36867
8722 30502
2998 5933
1803 24976
29779 36368
353 5593
27025 39468
27660 31348
36321 43075
11235 39209
17474 32898
797 5984
16503 34653
4605 37758
34725 36110
11368 42936
7386 42308
19264 20077
32250 40877
1747 24293
4566 41967
9884 38464
30722 32915
9012 32119
13659 19551
24730 33441
9123 32889
35707 39590
25224 32286
11771 15218
7151 16777
11862 14582
21291 27578
1086 26624
31010 33732
9797 27326
12347 26116
1421 33518
28941 41661
29192 39028
3330 4204
7578 31524
5787 20708
21282 33127
36063 42793
14843 35408
25724 26543
10098 14607
7978 19565
1640 3239
16427 33099
1369 18991
16292 43262
30509 40512
15547 32528
36102 42906
15598 30773
19398 41718
10788 18467
21598 42381
10312 17949
13634 16996
15726 25296
12689 21692
3816 22914
12176 25079
12088 29396
23350 37404
1817 34026
34747 36003
16103 24465
27869 38422
1447 11303
27903 38006
4722 25810
13655 31055
19947 34204
25007 36327
29100 35251
33568 39714
10336 12277
3395 19070
27809 41754
14762 30100
9178 38557
16283 17643
28527 37052
768 21753
2592 15713
11869 25686
11924 12561
12340 18663
13311 41983
14868 42015
2979 5801
8558 14905
15507 16109
4094 16977
19228 19591
19790 27208
4163 38247
5398 6737
2168 14604
1965 20691
17509 39388
3956 4211
17690 31852
26516 38920
20009 36371
23121 42778
9694 31095
33277 40827
6003 22537
19208 36093
5184 19990
2080 13444
22973 43065
5999 12969
4796 21571
4931 40455
1739 8455
37682 37771
6900 17800
6539 14411
13229 38544
8229 40636
8134 39810
3932 23223
7801 19221
21095 37168
35378 43174
25149 30502
14826 21201
6344 38264
959 36573
4242 30030
2513 26508
13848 15369
2072 30737
41918 42638
8 1073
17071 37068
3900 34238
22040 30967
16525 38063
23060 29828
25520 32108
6152 23949
28431 36539
13342 29911
13481 41589
25116 26016
21440 38492
266 10349
9977 28693
22375 40463
9604 17565
27069 32437
11601 21841
30874 36556
6198 33342
10615 22564
3866 35943
1609 23634
10052 16974
7801 15033
12833 27940
30456 37736
2351 24244
27393 32911
3361 8831
9413 30987
37107 39475
9841 36352
17623 35837
1865 15868
28765 33917
27762 34471
3248 12337
8958 24930
28500 31956
1205 23931
1437 27472
38599 42303
31178 41289
9964 25613
25987 36431
23830 25292
2741 20642
20744 38765
4153 24457
18579 38096
9922 14999
7896 38840
815 16017
3004 4248
2100 24783
13960 24604
5132 33116
3414 12225
6075 29313
1294 13019
2073 16921
3255 17830
37189 38911
8904 11488
7275 26075
4633 13955
29416 42141
17383 29560
742 19861
6654 12401
25085 42113
16418 18328
24801 42354
4611 19831
39639 42166
24259 33669
6009 27912
31967 38123
15863 29595
4228 32336
1451 35075
6704 24007
15991 38640
9089 13870
679 10652
5479 9438
1455 3703
199 2845
6092 33050
11096 19588
1762 13245
8648 9963
24514 29465
22606 31862
7588 13181
13309 37452
11180 15529
24324 39921
6821 22313
20772 41321
25647 29169
41823 43235
5119 16450
552 34639
29574 34971
2877 38946
4742 30463
9224 30660
21954 36753
9521 33098
11913 17716
8258 28817
12245 20175
1684 17876
12411 27792
20491 24490
36875 41703
20647 27447
17362 37327
25117 30293
12486 37765
24315 36021
28570 30577
10465 12901
24125 42313
23793 40820
522 38530
5115 30452
9067 25199
18621 23180
5148 41889
6161 8280
1177 38232
18880 22128
1862 12671
5099 37274
10542 18224
16672 18571
32638 39243
5194 12436
27805 30895
38955 39416
12321 30908
15705 31587
9799 14918
7464 18002
25111 39496
31976 32893
7440 42491
22240 39567
6155 27871
5500 37968
2630 37510
1985 38526
29717 36726
27874 35546
36974 38275
15770 30669
27041 37265
8308 17576
26590 27944
2750 16866
11734 33942
5231 20023
19731 28885
17558 34771
17477 33651
2574 16640
7032 16251
3892 7796
6447 6930
8936 20528
2802 22691
962 42750
2043 26803
17242 23396
12393 27347
2688 10511
3890 14516
18058 40197
15338 28918
6481 6699
27856 40982
8147 35536
29666 39016
19592 39279
28811 32086
8572 23634
202 7949
39056 42450
30037 34987
13277 21624
781 2903
14914 38389
13185 28451
503 16922
12295 41714
36453 41555
23145 24868
26288 32840
7229 30886
23920 39948
25720 33322
28517 38405
9756 29692
8323 20836
19126 31528
30904 34922
11258 39624
19488 29665
24777 25232
20140 27376
16958 34725
27421 33483
8114 34433
4942 14389
12154 31279
4701 16020
19062 34926
13446 34800
7313 9272
700 25730
11173 25930
7614 12418
20243 42780
4455 35212
23500 35016
6661 22858
2660 39738
37260 41624
20167 20504
23607 42992
10273 27336
13257 16030
6844 25948
23401 34256
10295 35985
12695 33296
21110 41584
9841 22983
32369 41939
10747 34574
5611 35839
5753 11571
616 2812
338 13421
21292 41066
29042 36132
10563 23907
3664 5262
4058 4435
3979 35633
17553 31528
14325 27390
30773 32530
22452 40873
15026 36105
22856 41488
3521 25895
5990 26975
462 22532
6663 21591
24676 37958
5926 18854
32907 34825
5932 19800
39054 41757
11315 31998
9126 41323
13254 26470
24825 26188
12572 30048
22651 30129
23184 30592
19510 35035
15858 18326
17561 18183
5042 15508
7119 7470
19790 22028
33597 38096
164 12113
7009 29933
7621 31251
14828 36655
30072 37155
16087 29116
4088 17617
3609 30414
33512 42869
6676 10283
1627 28698
1822 13890
29124 41553
18405 36416
29253 37991
7106 27772
12032 33867
16396 21011
37838 39520
17323 40060
24558 36932
18686 32679
16612 34572
8927 18990
23071 40113
16027 29223
25285 31784
4751 9451
15359 22119
3708 40377
8283 41519
38290 39802
21580 34662
24102 31404
560 8649
3149 23417
18504 39963
5041 28623
14988 20671
1208 17760
15560 26724
21217 37993
5209 29927
10878 32131
32772 34734
7222 20376
204 10707
14350 26241
7497 22301
2234 10959
20867 27034
17465 36329
5870 28855
30534 41888
3066 13933
31389 42402
23858 28950
36865 37041
32204 32937
10448 14238
24575 29530
24298 30942
11721 15265
23268 41916
33117 36839
5030 32786
27495 34424
806 19793
35537 38000
25210 37625
20864 23703
22901 31542
8885 36268
2509 26066
5002 17906
8639 13581
1676 14953
4275 30409
11151 16051
16124 34767
18247 41626
27447 34383
15214 16264
18097 25817
16598 35589
14928 16432
11052 40366
14145 19204
11825 30490
23580 26353
1815 12264
12549 27323
5873 38551
24649 39628
700 41624
17977 28152
1070 9666
31364 42880
14098 41989
24489 28793
15442 32868
27543 29368
15667 35430
31894 33246
9740 28272
31059 42244
38225 41985
31396 34467
14218 34177
5654 7107
9770 36782
9554 41853
28477 35810
37226 40439
14542 35994
10657 22467
17529 24205
20420 43445
15179 40752
27927 30647
5726 32243
11234 20758
819 31116
18252 24011
8548 22861
13813 18034
10351 19916
8932 42449
2069 33849
4940 6424
2459 7239
10027 19038
9060 26419
14385 34475
1520 24747
16625 21705
616 4369
11907 26893
34131 36578
1049 22910
20138 26204
27211 28198
10695 29525
1710 38642
20344 34940
1790 7080
14258 30169
13909 18681
27144 36021
11596 15862
28770 29996
8738 14475
15950 20977
18839 19233
4954 10644
18079 38204
13004 13327
18274 19232
31580 37004
16589 24118
15222 36261
74 31497
30320 32240
17087 34194
6487 26305
28787 30350
24408 26868
21522 43435
27420 42493
10971 41824
2873 20411
4781 26150
14905 25442
181 5730
22093 37774
7948 23596
9917 41100
11375 24911
23797 36513
728 24558
26669 28938
9558 9676
11142 16981
38526 41293
22795 27843
34190 42611
6046 6533
17556 21059
1718 22264
9292 19356
13784 25159
1081 23141
12385 23269
10833 17165
104 6422
29051 36408
10976 41794
32581 36912
31299 38805
10658 23957
10129 36445
28740 42181
6502 32598
5745 26957
6033 14592
11153 17520
415 11387
15277 15757
15582 41468
7299 39523
30346 38133
27992 40975
5637 21947
4215 38547
38924 39245
21419 33642
111 40962
15517 37094
15729 22455
14576 26448
26776 31787
24324 38258
1984 8166
10997 21329
9161 15466
21631 28802
18799 24664
13961 14252
12107 41583
17226 34487
8619 42244
10486 11176
25012 36565
1999 43201
38243 40200
27197 36920
8928 23751
16407 34569
11421 22007
11947 34131
33118 42755
25173 31006
18618 27477
5045 40852
22745 31647
7145 21686
3983 13472
2956 9468
27024 33959
37454 41437
7273 37147
408 27720
31211 31764
31147 40639
5215 19571
16741 24242
14569 35426
6400 17745
17328 40217
5835 35494
24735 34163
566 38859
13564 16659
34891 38628
25268 38598
8348 23822
2169 35102
36401 41288
20293 38468
335 22896
24393 42535
124 41143
4703 37331
14080 33922
16710 42275
17331 40673
29040 32219
11508 16125
9195 25384
19099 23212
2738 15782
37000 42556
36303 43382
1022 16629
30163 35931
35204 37812
26630 35129
25940 41098
1029 2524
21539 25025
13265 40539
14848 42546
33149 34470
21601 22870
233 25221
32400 42488
4705 24730
27142 35654
12137 39866
27515 41120
21151 29989
2523 28810
5803 37245
26543 31161
4357 14598
24685 24785
37666 38825
4869 17190
2408 34687
27250 32743
7134 41660
9322 14205
15040 37239
31284 40886
3109 9659
20615 26976
27545 34354
7966 40470
36292 41129
26848 28010
30516 36584
31252 42102
35712 36124
19036 36230
9741 40203
34892 41458
7292 42219
32932 40255
21060 41363
1679 7867
6338 13618
2324 8571
9591 21196
1505 36761
6472 38693
3412 16234
7790 34767
29044 40982
4518 19777
8246 24430
37645 39826
22506 30452
8438 42158
31538 42092
4512 35238
2695 4542
14211 16604
12042 37885
12557 29471
25015 36566
9905 39264
11236 14632
25431 40416
26771 42665
29519 38996
21664 42416
11098 39773
25102 26362
15205 34431
10903 40995
17282 23387
18907 41835
7676 8974
3052 26629
2661 34355
12859 36602
434 19976
1541 9222
5927 38196
13536 25675
7681 27253
15575 21317
15690 17103
4655 38333
10168 20776
19834 25606
11086 38608
41884 42308
151 25545
30153 38171
25439 27071
28059 33770
32152 32694
10895 15628
1973 41309
33304 34892
33335 34205
19221 34424
18473 23419
953 16784
387 3541
10336 23743
12937 33610
9606 43145
5556 28053
6219 9149
18869 40388
5030 7069
4421 41485
31935 32844
38137 41927
19901 28706
5842 24660
14251 16918
13235 27790
6550 36266
13683 36059
32635 35672
559 17769
2740 27050
17829 31611
30621 38582
25334 26846
23751 29565
30020 39870
7028 40213
29323 39942
27630 40049
28912 32494
228 36099
22659 33245
27205 32703
8515 9678
21654 30720
487 42217
11313 26475
1982 41371
16184 24003
25244 31275
1226 38584
5745 10555
35040 35397
2444 30290
8655 21177
35896 42737
1962 15240
19255 22650
2893 5950
26109 39832
2344 13844
3571 37127
340 1981
9078 13174
21935 31120
31444 38218
6252 12988
14529 16616
123 17215
4088 25753
24667 36717
14431 42876
1731 9830
34880 41716
15553 23732
719 38379
15456 20389
30598 39860
15549 18136
15994 25168
16343 29486
38045 40305
7071 21577
12783 24417
15004 24429
3451 12485
4584 27273
22579 34955
2951 30629
4013 42733
1389 3835
8540 25899
1565 21030
32813 33826
21236 21296
4496 26113
16309 22146
260 3691
4987 26350
5060 37940
34012 41505
10801 43430
14986 29111
17001 26611
13325 36835
37760 42646
29565 30160
16664 37771
27619 28855
2242 33673
1414 41398
4467 19117
1936 14153
16664 22495
19390 26392
8971 15131
17471 35770
23049 39576
192 4846
13059 34622
16815 31709
17094 18292
18989 35847
10682 33508
3439 19025
16918 24482
21245 27774
12148 18900
24048 36055
8757 35709
11381 34448
8952 21655
13468 27098
15536 27834
10157 35757
3441 10211
9578 11729
33780 38472
13207 41286
1541 13223
3226 41548
13276 36727
20019 38055
21259 43106
14052 24116
4660 42678
26787 34717
40625 41016
7221 20689
5977 22312
29893 30756
17271 20032
33032 41238
27903 30842
1178 9384
17751 43300
12856 37272
14006 16012
1789 4842
30500 43219
11308 19044
17041 20509
15141 25965
19990 21260
18900 42571
121 1007
15201 38848
18407 29052
15748 38428
3055 10525
3639 32453
3737 29578
41133 41607
18221 21722
14845 21658
20798 24587
5427 42971
1343 22633
3289 22248
23161 26934
14138 24425
10389 12479
16291 38074
34467 35214
18814 23175
21798 39196
15448 21547
2872 28726
3565 30410
9135 19803
2342 12696
1914 5079
16266 25185
8571 36434
25834 26474
18387 27245
13700 27582
5437 35149
14291 34439
26309 35600
34043 34105
31732 41747
959 17166
30242 36521
13288 22161
21338 29762
7369 26198
6204 24704
1225 10869
8437 27759
19748 20922
10528 40530
16817 28856
263 24229
3471 9433
7508 30679
19025 39960
16869 41289
22235 22581
6401 38989
11159 22088
3578 30995
8030 38897
18715 26148
12049 35620
21112 22252
39786 42300
1673 38736
13415 19842
18530 28088
22038 24107
10274 31164
31662 38133
33568 36067
23248 32699
10011 13034
10495 29628
13841 25319
9413 35716
9370 39052
27744 34487
22281 34603
31008 31866
2360 20576
4141 17872
20302 24490
3269 40574
18732 37994
26225 33404
17548 29842
4906 13016
14530 27234
4653 6154
3640 30129
35050 36837
16060 35242
3310 6051
25088 34897
40012 40145
8193 36393
3575 28199
7295 19967
446 32176
28742 40540
1560 7317
13026 30596
2502 7985
13565 15598
1448 22537
953 7282
19749 27293
14744 16209
10340 38334
30577 33319
4589 5738
24994 26725
10021 35548
17819 29150
13703 32686
7105 30773
15374 23960
11144 36816
11786 29867
5886 29982
30001 34849
4989 31686
3345 7334
11142 16741
765 21167
25310 32034
15725 32296
33627 36781
7884 18618
12967 43356
32764 42041
7126 32000
39481 39704
4267 10009
14008 31228
12814 24832
13132 23421
16659 30070
7242 39530
13441 37762
21093 25123
7458 40094
34247 39091
42750 43062
26551 34462
13420 21609
19861 38622
26248 38625
25544 34308
30606 30650
4413 6801
3697 11549
4159 24412
5791 34417
8933 26703
23611 28512
29000 29413
12520 20571
23237 33963
36237 36911
16524 36419
3292 17098
22623 41617
16358 40853
8881 22756
19266 26519
4692 42029
26817 38903
3821 38538
70 30683
2002 40226
2159 27378
17114 28529
9276 34774
16103 37301
3657 18135
28319 33751
5407 9702
11254 28420
32436 37987
13052 32301
10144 33803
7539 37026
13551 22600
6166 32385
31709 42354
35701 36500
33985 42073
13178 40519
3989 30393
12308 25387
9223 19837
24525 41283
27622 41932
28286 34742
2709 16117
1437 18698
31727 42371
37126 42270
5755 30572
7397 16382
3484 28945
21341 38383
16990 34505
19638 29666
1678 37254
7743 29070
4815 18808
14271 30244
23603 35760
15238 16447
14032 14952
318 31320
1611 16784
9158 34122
16571 17525
16416 20620
14530 23530
24256 28411
13333 41746
12723 22569
5642 37461
4077 23982
11566 35488
11103 27850
9947 21746
21414 35636
19593 41385
24846 35043
9799 41473
10254 25838
3693 32852
10376 27521
20560 22892
16651 20113
11811 26624
12997 40484
7080 34768
1053 29446
208 27368
36090 40001
33693 39955
17356 29701
3005 26035
900 35997
33639 34242
709 25849
7510 37735
8748 12158
20767 29759
9502 37695
24770 36337
10165 14627
1106 16625
4634 19712
4820 16684
21882 32829
19487 28692
23076 26393
31601 40703
4052 12382
17215 29846
13825 40464
16334 32083
24966 32492
5019 34048
4698 7804
16528 22500
6148 20801
32563 36361
1755 21585
638 21071
18367 23938
4274 13892
793 16286
22084 42762
3373 25276
30327 33008
28976 43432
4358 41886
16720 42857
15115 41845
37133 42794
11571 22195
15109 39556
2604 39997
13812 35691
8175 25828
6929 33794
14023 30249
4335 18490
35067 40818
7050 12621
765 12925
2968 28381
6791 33860
3578 29064
24276 41440
38018 41615
5049 21216
409 13263
25883 31009
38472 39341
12917 20475
2126 4882
6819 22295
2032 27878
13252 22643
338 10579
1494 14239
19670 30627
5997 40388
26116 28736
23421 41865
6285 9529
16149 43391
14562 25989
11217 18822
4961 13640
17715 19565
25705 37503
5053 28690
16603 28285
364 39534
1548 30690
5291 40347
16329 24518
15095 23419
10317 24392
1451 30757
14573 35388
2403 41003
21015 24710
19020 42946
20918 33445
36098 42820
4665 34408
16360 23050
22800 24377
7914 38080
16097 36411
5025 42298
21582 40026
5259 33080
33923 41840
14728 39059
2950 18137
26290 41697
2489 42625
1191 23074
24021 26153
21483 24182
12139 12987
910 16416
17568 25530
14156 29973
6506 32105
20085 21928
30389 30987
24045 40510
15193 25051
7015 25566
6625 18241
9731 10308
26338 39644
24694 25872
3511 4591
14252 39480
29264 40411
18600 37233
28593 36042
3321 8631
23249 31908
2229 18727
12664 22607
20552 37794
36023 41491
9000 27738
27284 36489
9215 27168
21768 24701
14956 27932
32060 35443
6317 20690
20909 21035
21162 23201
6857 9300
8566 42937
4743 23872
976 38704
6207 32603
26888 34984
36612 42236
6365 33189
34635 38612
29757 41633
22592 43056
31085 35951
22117 40511
24377 25010
15684 27331
1261 6793
28762 31690
28431 32839
5473 43346
2761 42508
19220 41613
2371 28767
6337 25664
27491 31463
25947 37520
465 40070
3346 27885
10176 29367
966 29506
13545 29014
5184 33794
15397 37073
3842 30718
11122 14723
14112 19447
14457 35697
1033 34111
23299 32910
4452 24985
2824 36067
3173 30559
9769 42225
15735 17066
5106 39738
35290 39603
17974 36905
18308 23195
18920 30367
12171 13009
3223 26889
1181 18706
27354 30037
687 15165
18981 35746
2633 4392
14141 28671
6995 28616
17179 35129
9819 13645
6050 33312
261 14010
2469 2483
17791 35885
13002 31781
14907 17035
10305 40865
38230 40426
22659 24979
11629 15062
29126 40961
10052 29839
31208 33267
4476 18000
16358 21552
27966 30951
7905 42019
5934 23688
16912 41551
33505 39690
711 42704
4987 27749
8531 36819
21261 33490
6586 31952
23293 23989
30708 33294
20068 34674
2364 10926
23433 38521
13439 13446
19500 24768
18273 28812
24871 35451
16471 23499
4713 15095
24624 38203
4748 32809
8276 20620
28014 31722
1163 18261
4464 33989
3396 14900
5211 9306
15524 17919
8716 37107
23869 39963
20300 41948
13314 13535
22083 22321
6899 29042
13884 38763
23067 36077
14199 31227
15608 41941
14987 24103
22123 39655
1065 37324
7666 14625
17837 41090
34201 41621
26330 29821
18878 33658
25982 41381
26701 33898
37855 43127
207 10875
9779 35291
7611 34351
4478 31793
12742 27080
7892 11181
14840 40268
13815 31237
16799 19931
34812 42714
4522 22451
18642 32600
3517 16708
29189 32749
16850 40807
41662 43350
6047 23699
19436 32838
24534 31089
17320 28678
5927 7567
16504 20922
17983 34095
17902 32975
13014 32090
3855 35170
12316 16476
18430 33094
5114 39709
9820 37170
14180 17190
7671 13814
8129 39767
6896 20611
5087 32409
8047 9375
17050 31419
20145 31241
3782 36762
283 18575
18537 29177
33579 41062
4595 24218
6105 35546
39291 41650
35323 40920
41020 42728
8960 14970
2115 22225
2831 11061
14963 40617
21978 33773
13607 40309
26663 30357
14510 41803
22072 31156
5109 27822
10928 20171
25253 26588
12187 24710
3377 36834
17632 31370
10371 39501
27506 39155
1714 9988
12740 28831
16403 21755
8419 35153
11303 26649
636 41859
6914 9647
16144 30162
1064 5153
13405 16389
2543 14916
1599 37742
13750 29633
4401 11678
15663 29300
29973 30713
36780 43353
5882 31313
15553 34043
5709 24188
36653 40545
1694 7427
30156 36432
7637 33023
5743 25492
16856 24332
6535 36015
9404 17589
34988 42111
13710 30392
4615 22345
7874 19380
27462 29757
19967 43346
5018 15410
1184 30710
6967 13980
11895 41813
15782 23141
6455 7389
10812 38439
643 9603
12564 24417
8410 33885
10785 18334
38425 40357
10310 11625
945 10133
16649 37221
4237 40859
16907 33315
31865 37393
6846 39475
27563 42267
843 28323
8937 10367
6434 42914
4080 40094
24813 25861
11426 40180
842 15266
4963 9822
28814 38028
5241 24850
9240 24139
14240 38262
1567 27041
6070 8867
11300 13653
617 3255
6090 11963
17128 36293
16502 26971
13865 42522
2089 16011
283 37152
27232 31708
1732 6325
7298 11060
11371 38379
15284 23372
583 30439
5513 10612
9570 13289
29001 39732
27327 32699
20849 34298
9033 9674
19905 19971
14918 32848
15349 19071
25324 27662
891 6648
10878 23170
18667 21382
5529 20190
21331 42151
295 12252
14632 20184
16082 24291
33906 41917
6016 26135
6660 6989
1364 41742
707 36517
4975 17537
14027 39443
41859 42977
5663 40542
19101 24468
23435 32903
4488 34388
13209 39750
19377 36417
5814 32043
6099 41072
26762 28352
2978 26251
7788 34615
1119 29264
34331 37343
35542 36738
1453 21970
12110 24731
14734 17054
24231 24327
10224 21225
6365 13083
9248 21882
31068 38122
30020 31551
12835 29336
29378 31330
25133 39182
12916 19876
6592 32495
40005 41796
29671 38722
38215 42694
1396 20123
24277 39197
740 31338
19315 31193
2490 18933
35832 42354
8256 18626
22188 32888
20347 33097
5432 9653
24429 42220
8961 38040
31270 37475
22031 22324
6730 20536
10460 25824
13841 20570
22870 39109
5818 21208
16535 20048
2925 32632
17390 20562
24757 34357
20099 38630
2284 32047
33538 42968
22752 35855
466 14712
37228 38469
7309 39841
19301 35617
11319 37010
6882 27696
8557 38337
33101 36928
3510 42303
8595 23545
33121 38334
29243 29950
6380 23513
8955 36131
33399 39776
14578 20432
179 5206
40055 41859
1237 7769
2179 25995
17518 39564
30070 32553
23607 27078
25886 36894
14250 27167
902 12367
15198 24462
12372 21078
6574 13556
15644 31904
15331 31407
14037 27059
22839 32575
17501 25223
29030 40745
11114 33356
11419 27576
8803 31172
11208 32991
10570 24598
7355 7890
34890 37067
5373 37665
3718 28430
9806 39663
22155 34013
11189 15221
8343 11185
4929 14993
5202 28923
1723 21002
10927 40296
17566 17889
19532 25296
4937 16574
19685 23848
8913 12469
5647 18427
37688 41971
29873 39340
9328 20790
5629 15377
39098 40263
26507 35268
15456 27480
17569 25515
9711 28664
4950 29052
28793 39647
20724 36722
31610 32365
2217 37725
1487 42575
33058 35645
3853 42776
2544 33424
4007 17579
11227 40938
14090 40225
24777 28111
7193 23935
32676 33099
6532 24418
21853 30800
6159 8372
4595 11333
5140 13119
5058 37630
12903 17280
14279 25602
1584 3288
35782 38937
8199 11786
30968 33837
25266 31685
27898 37455
25 27504
13266 39963
20421 20856
16840 31906
22054 42575
2548 39932
35254 42201
16793 27364
7043 9065
37755 42038
437 1030
3273 31705
9579 29834
25015 43336
8116 40017
3851 24771
15909 16471
4263 35827
4102 15722
1518 5270
5458 38661
5416 16558
3387 19160
5318 9045
16774 33888
2861 42499
707 41457
1324 14072
16166 39667
6972 29951
6145 11483
35163 38491
1185 12974
17636 35381
14823 41284
35740 40754
1310 21721
9551 28136
15977 40899
24733 35894
6074 18598
13546 28245
22950 40245
30773 39731
16691 17796
8057 21478
5662 13177
1455 21321
22702 27311
32555 40635
8668 37847
6897 11468
8410 39309
8310 37385
26383 33646
10730 17635
18036 36604
2948 43033
2676 38373
19434 42241
14624 21045
301 2431
19878 37559
3744 39934
2702 34117
31086 40608
22925 39784
9761 37371
3356 19823
14233 36880
11805 33357
19197 22299
2564 29457
26048 35992
22364 35021
37893 42860
7213 11300
1326 33342
15008 26296
18872 34782
15708 29905
5689 29875
1187 12996
12431 39646
17305 39135
24 30796
9916 23137
16800 21472
22500 26961
17424 34131
5209 42255
25555 29828
14529 38312
21474 23559
22074 28250
161 22399
22900 27080
23502 26182
31621 34886
15044 27646
161 28815
15251 39236
1805 31475
38721 42867
426 6640
10256 28840
28915 39720
10247 37422
10026 13102
2325 4157
3872 9917
9170 25949
8475 20432
11016 19668
25410 28134
7774 30184
7889 20308
5396 15636
17479 38914
22429 35015
14688 38749
11223 26562
420 9454
9583 28747
557 26721
20679 21756
10964 30997
11379 20659
23498 39430
5944 17161
975 14402
17891 32442
35867 41572
3875 16200
16546 37928
32833 39959
151 29416
11932 22528
771 4958
13778 20219
6809 25718
4662 15267
19859 30473
17474 32504
21065 30278
11700 18206
6166 38858
3179 37815
13720 20214
4200 14455
8135 37868
588 13360
30229 33177
916 27943
5120 41193
16943 26637
26232 31517
4737 22207
4078 16909
4505 12058
8392 40153
41150 41646
20847 37905
28210 29327
5374 33381
9676 19647
1897 30259
3296 23289
8549 37104
19073 21808
14658 18669
7604 41800
13384 24587
16601 36672
26052 39628
16653 26282
14834 36830
38610 42231
9697 11075
8800 23359
22251 35628
30453 34009
7091 25939
32474 42069
28253 43145
260 30648
1087 41946
38244 41881
9704 19601
23843 29992
32210 32382
13421 34453
21430 42053
17767 35543
5164 18645
10887 42023
5198 24645
2494 10893
14151 37712
26420 42656
933 6955
23762 31501
318 1175
19455 23199
24076 28658
25557 34330
20545 30935
9532 16461
8672 15603
16608 32524
17144 36668
2163 34858
6409 41194
20508 25391
30416 38614
8947 33743
4332 36400
4572 6059
7135 26022
3004 13974
32941 38845
7999 9094
6710 12260
14156 23130
96 6616
23118 26861
5076 28223
24602 41132
14570 25399
12838 15944
17386 37140
34540 40042
17861 23635
19872 36669
16129 20596
7754 31894
2612 25235
28836 28957
8501 13627
23039 29951
5347 15854
3068 35085
26294 29496
20860 31296
13683 40064
22785 25870
32470 34914
7441 17784
27855 30401
33529 36921
4666 43227
36333 43175
6863 36237
20882 38410
18745 39789
10010 19253
15817 16695
19882 32819
11707 40987
29210 41791
22022 33431
8934 21214
37364 38438
2857 15775
28456 38885
4772 13825
13600 17556
24389 32514
25431 41522
4432 26966
608 41264
692 41901
5404 14267
2257 15221
7995 16276
5044 17896
3935 35959
369 17304
37233 38894
6725 10824
1737 3851
10236 13530
35128 38468
17095 28804
19283 32086
2360 19291
7109 11164
3899 39685
1804 15626
5536 8155
26691 37776
4023 15777
33258 41130
4731 29635
25309 25667
1946 40592
5164 26484
13342 16335
20360 26004
109 24705
15702 27079
3776 4007
23255 27458
7649 23344
12941 36178
19574 22062
18827 27497
7985 31372
27106 27788
24398 26160
13143 38756
5673 16912
7538 17851
9158 28031
4321 38223
3712 34732
20708 27626
18176 23780
380 13275
18368 36782
5469 14638
608 24244
4655 11681
9172 37728
18417 22122
8602 40581
12852 34793
8837 9896
24259 38052
21145 34982
5543 24386
18233 42192
31776 32358
7993 38029
20589 41116
12991 39274
7771 32732
12252 17243
2265 32212
137 18593
23318 24373
9919 37369
9959 15076
28700 42762
10296 17879
150 43149
11446 21694
23135 35219
11904 16910
24876 37812
22330 38232
34021 41250
4327 41020
23217 43165
1269 5802
37205 40363
29282 32537
27494 38234
23192 36692
17721 22395
9049 18423
27023 35616
9449 38544
23210 38961
27346 43439
12041 15868
35940 42802
13644 27387
13020 32633
14864 40831
18562 23950
5929 34005
9703 18654
13970 14725
22777 27967
20209 43123
2077 12512
20534 32303
3833 16137
14296 15649
27664 36551
16910 40273
7920 34494
15981 26978
12219 42154
29838 31829
10432 19214
14036 28527
7345 17001
23502 38961
24178 37258
10145 38597
3597 29631
40182 41418
26449 30217
3304 28066
31123 43416
5197 17467
11897 43042
8988 30578
28667 39565
18459 36630
8779 36066
19911 30984
12953 26284
124 19431
14808 41996
32496 33720
15481 23780
8602 12957
13125 17127
18123 19126
13708 24123
19040 20518
7934 41316
23688 30052
2342 39332
19825 31590
22701 41662
6698 41110
11606 24934
30690 32580
31922 36050
7248 9497
3382 38845
7466 10888
5712 22585
727 29681
26905 34940
4190 32373
19126 28556
16638 24982
14160 35894
1567 3499
29731 38509
27993 40351
8786 35301
18499 25425
10419 13451
24952 29431
3990 30972
899 12610
3945 35925
15002 16174
2030 22599
9702 21946
19746 26170
3113 26912
3781 14768
16335 39883
9697 29681
17268 20840
19305 22263
28458 29726
9273 42185
23883 28584
8055 41619
10201 29214
14211 30355
14946 19433
1772 3500
6953 25363
2843 13438
2865 24339
9591 12666
35400 42002
13391 30027
10420 22347
21868 39193
33698 40303
14950 17862
18039 39561
3177 28775
18143 18973
5470 34325
27791 39247
5959 24690
11240 13980
14823 32050
9940 31509
6592 13491
2986 42012
19402 42733
30969 40989
134 15530
34818 34857
26781 32379
7884 33227
15469 23530
21626 36119
7176 10509
8761 33500
35963 36638
23730 31351
23296 35031
10062 14129
4342 28175
32970 39722
6172 38919
7634 35681
21810 29924
4486 20949
14165 36372
6888 16643
8569 15021
13482 30680
22267 39999
59 38926
11363 34328
31246 35231
2772 32230
26476 36065
26935 27719
10933 42853
5422 41989
3866 9348
13638 32132
10262 29816
5145 19989
5418 31667
2193 2725
4751 11956
31288 37335
11845 40868
15563 34253
42042 42658
8621 10084
16787 35573
15419 36194
14911 39171
8929 28896
5342 23162
23397 37311
9676 10629
15193 35659
25141 37923
2961 33980
1540 28359
5756 13353
18683 39208
12229 42147
15781 23751
12868 22657
36733 40181
15433 26451
24820 31866
5663 29377
7545 26725
18348 38171
17681 17706
763 9419
12207 41607
32869 41494
1078 39790
9524 11928
8074 24036
3763 35772
22314 38451
26779 32817
931 25218
13629 26138
11287 28051
10607 34708
29268 39999
12694 31522
31749 43156
30997 37105
5422 18553
16246 30122
33191 38512
15441 41214
1868 28016
29355 29795
5531 12080
7128 34142
6865 24872
1169 2351
6424 25129
16850 35871
10209 19736
13612 24629
665 14337
20351 28467
29077 40589
20631 24320
15879 20098
27640 39161
6716 36268
2919 25594
10925 23097
3128 7274
7669 33907
12801 42322
11234 23852
4031 41979
37544 42062
31505 34663
6557 18461
25190 34536
30104 35144
25484 40675
13655 32031
22249 42536
7293 19283
27323 40393
17962 27531
3244 24603
24331 32590
11303 29284
4622 16002
904 8095
30013 36719
16544 40086
24461 34511
1808 35074
5708 43217
13155 38282
8734 9691
5981 13016
1238 4184
20639 40776
1636 19506
9294 21399
1928 27262
8832 22470
28501 31330
9566 42274
9208 42566
418 21569
39128 41796
2216 19034
6051 9032
19660 25859
18044 28630
9092 27307
31598 40088
25012 30076
3904 21212
32568 42804
10911 41834
33860 39909
3787 11767
5941 38850
22544 43369
6731 19529
11985 18485
4210 12809
6432 24565
15912 26007
16454 17696
27095 28060
7841 24884
33454 39756
2207 38704
8895 16159
10137 28453
13848 33499
6202 19535
26420 36000
10921 32507
33584 36604
15424 20941
23918 29522
947 21108
91 33201
10832 43015
23718 24738
7850 42316
13720 19169
23077 34541
7964 19972
26688 42581
2607 30128
12614 24671
8145 39231
19576 43076
17993 39379
32115 43185
14880 39163
13201 20452
32963 36112
10812 40269
20871 22170
12278 32077
25802 28609
5315 26279
35481 41780
15147 38726
32453 34320
13224 25539
4339 21274
10879 13383
3172 29533
5804 34549
10405 30496
19441 41346
31146 37846
8992 28900
23655 25513
4758 22389
13663 32756
23847 32099
26703 27963
14803 33439
8188 18525
18633 23093
30162 37861
17764 20429
16472 16908
20115 42953
5925 21485
19398 33513
3584 3813
15590 38922
13552 15397
27460 33769
21068 37394
6933 40900
10915 23778
11577 37483
17014 35392
18115 28765
4576 20813
523 3760
12368 29876
28899 30547
18615 26836
16330 36453
20607 30768
1356 9396
11356 14102
22828 28336
6623 23863
16162 24976
16426 33128
14740 30242
6906 34539
14967 27023
4054 14473
2696 15028
17413 27153
25516 42494
21189 32786
10460 22043
31359 37149
18266 20424
6536 38389
21428 26386
25369 40754
2962 7041
14700 30062
35720 36827
10380 15109
17571 37538
906 23281
231 511
35566 36360
12693 28481
6545 34910
15401 23693
16113 32789
17815 19212
19194 31215
1087 20848
29546 34838
13459 20063
12435 26910
37293 40186
5844 26353
29766 37995
24689 30041
20850 38581
19477 33940
30318 34536
911 13425
12567 40800
12920 23168
2642 39651
1882 8637
21261 38300
5672 11724
10860 25144
9123 42672
7365 27078
1464 11507
16125 17873
5505 31209
18173 23592
15328 39406
10837 39655
4832 6765
31028 40711
36974 39251
25866 34339
18705 26082
1345 4618
21302 39213
27285 28021
20259 42812
10730 13370
8413 38725
19592 33489
3708 12627
12798 38989
6297 8901
13385 23473
37579 39775
7857 12614
25416 35981
3711 30833
24323 37773
5772 26426
26886 40740
14598 29330
6641 16258
35740 37778
791 15736
29513 36744
162 27054
19630 34131
6931 23187
6371 28448
10681 25909
8146 36287
20665 39716
12392 42623
10549 38033
11919 29379
18068 36384
29178 31543
50 34168
4480 42311
35390 36618
38535 39001
22377 34374
8156 37914
13475 17108
6526 7044
28204 34720
32047 35159
10043 33916
7851 29172
13340 27271
6475 25014
3146 7238
11026 20844
38542 41111
19339 27135
28349 36764
22754 31099
29065 38432
40425 42067
21513 26577
8950 39845
11028 37105
36350 36552
7187 13327
1654 40031
17425 35352
17523 31723
2915 4080
21793 36201
8074 10346
1335 35555
24134 36315
29261 40414
14436 20650
4885 9354
17334 25785
11085 25746
21298 29025
22136 30124
4582 42564
3235 29510
695 39544
10672 17471
292 6882
2237 30408
8570 33558
27761 37883
3573 35167
10399 21254
23397 41125
4770 8091
6486 23429
29708 40352
6999 11936
8983 39362
587 35288
15995 25831
4635 39165
32429 42407
527 28067
9353 12477
4203 17254
23481 37039
15630 34751
6223 41893
26175 30101
20087 30919
10348 39574
5418 15078
29486 35405
1230 41931
28174 38587
2952 33894
3316 12479
5093 21145
9477 18555
23000 37116
20890 42762
2375 37296
2247 2587
4625 33350
12404 20486
13186 36737
31073 32054
21763 30269
9412 40010
3606 43170
30879 38604
37866 42544
26307 29065
13981 23587
20052 33153
18006 40312
20467 22815
4259 29213
9379 38557
13262 40115
29310 40440
23906 33781
4518 30605
15628 33900
25558 34612
3624 21468
23672 30352
13250 22735
11462 28432
8336 15711
12942 18418
20150 40262
4345 41415
10834 22447
1246 2224
14234 30075
10616 33107
2603 7860
22306 28575
31173 37896
10927 34689
19084 34051
17453 35790
35778 41132
25105 41810
4997 36847
16030 22926
4441 42816
10985 25999
2944 32447
33804 34581
8025 16199
1231 41701
6321 33675
21266 22996
4375 25200
7554 26413
25726 39649
32895 40597
36923 39126
6114 7718
9259 14265
1572 42933
13821 31195
17951 21141
15114 16659
34672 41157
13067 35459
33728 40348
24856 32596
2570 22033
31597 34817
20862 35371
12414 31107
21510 38790
35584 41424
17380 39984
29393 34385
16002 28583
1583 21750
23658 27397
25153 33721
17868 30124
3921 19903
33791 37328
14583 23008
31578 41341
15680 31915
15174 33275
5496 22958
39179 40256
34005 41229
21967 28304
3104 27228
22551 35680
24655 31909
6825 30710
5870 29026
26770 28327
22132 42112
9042 40402
28533 31433
3644 9422
28400 34287
20745 40047
2301 9319
6293 8191
7203 8412
6545 18992
17153 42048
6424 31305
5268 21229
12606 23706
25417 30919
27996 43279
21292 39627
8662 21872
14119 25883
15123 42735
31832 32189
4406 16511
11740 39248
5130 18262
5584 7852
31133 41233
31095 34525
9931 18212
7799 17683
28941 31793
17629 39883
8846 24783
21359 38755
3467 36678
15581 26967
7828 32384
8495 40017
22143 27725
2886 23312
12439 26575
24993 40548
30318 35772
32500 34166
33840 35661
14284 33655
26161 30447
16577 30345
25293 37807
34143 41297
33197 43139
3343 9443
21508 23952
16389 23878
13488 20889
15284 29605
3240 33639
13386 39860
222 15755
28779 31034
1356 42257
10429 27325
4153 11877
17623 42855
785 19810
17506 39826
25589 43403
22838 40193
16801 27205
3246 35524
22652 41723
10476 26390
32822 37950
21812 33381
2312 9053
16300 16831
14862 39122
23620 30780
22698 26792
37274 43408
19251 36876
15065 25895
12546 27172
12523 31884
25427 32680
2529 8529
15672 16481
37479 39841
17995 43373
19205 26328
39354 42434
25538 35894
4579 43368
22900 32561
4335 27732
1612 10520
1314 21443
6102 16462
6321 34293
3010 3325
15113 31951
36138 39060
13503 17009
39140 42855
1644 28902
18133 32353
3366 12005
14946 38604
5150 19398
11344 23702
9085 24152
8800 39444
21420 25020
15109 31428
19422 38986
16630 23135
21235 34285
17219 39745
20634 41989
865 29322
17319 24111
18632 21339
250 3385
6901 17956
10335 23660
4504 20162
3674 35920
9136 10504
14209 36998
12559 31325
10973 13559
31297 36836
2679 25977
21409 26709
268 32449
12362 23806
31941 42765
14470 42408
10248 34968
27646 37476
9142 17839
8693 13317
6307 36815
13726 36248
27556 36270
19013 41568
13575 20803
10235 26812
2716 30181
13533 30191
9570 36221
19754 36318
24525 30956
24216 43218
11496 32151
2026 28199
30880 31421
18074 18136
4272 42793
3305 5097
4824 5591
1471 35524
24499 30674
26132 27318
37604 42306
6585 7116
16543 19702
21895 32587
29275 30594
8712 34096
27356 35808
29914 42595
32883 40026
4197 8095
39808 43088
20744 40790
31283 32750
23077 36879
7580 18937
11253 27855
18452 22818
19883 38017
5697 25528
10803 34974
1430 23041
13508 24253
8217 27859
18129 29712
17198 32586
5655 17920
22772 37182
980 23744
18216 30620
10205 37499
1160 35231
26428 40269
6083 7255
12168 12555
18879 34347
7592 31190
22112 25997
20828 37643
499 39097
884 4973
3507 15353
22479 30894
35584 42526
7285 19369
7696 13985
5953 18701
3651 11345
28937 32238
27137 42836
14198 38821
6006 12111
36684 39838
9474 10983
32000 39692
1575 41458
2173 21405
12465 25731
13816 17027
4896 26539
20171 36740
3055 26748
207 32465
24980 25254
21951 26429
4791 41240
12412 20620
27540 40193
8030 33644
6295 7676
9078 21721
4758 17156
17593 24763
5261 33992
37284 39237
3554 30229
10944 36094
20329 40682
15135 33109
13466 25666
14804 39920
23614 26106
18079 27100
37937 38304
33094 33964
8646 26413
25127 34699
10380 30279
17037 23727
25467 41183
19051 27418
16317 24569
8636 27388
257 22729
21518 24453
2387 27349
9695 14900
5964 18809
18935 24991
4584 10745
7241 32787
11509 13807
12511 32276
23136 23448
20594 35853
2213 32831
21374 23950
23403 42259
858 10302
2180 11191
3851 13045
8165 36289
6782 22824
309 25521
3928 6095
21828 23339
20362 22671
20057 28451
26404 33751
6007 21515
21415 39385
19229 24098
8069 33548
9896 37413
6352 18517
26129 32765
3858 27206
34630 36101
12272 19054
7574 36760
7202 41318
19403 28600
1478 28827
29485 39532
26428 28860
18264 21911
20137 26875
6664 8431
358 688
9161 26054
25289 31970
231 23736
37016 38617
16498 37166
20505 34626
14378 25128
14454 23460
8495 39964
24696 32395
13366 28602
2939 33473
33666 40905
22443 33037
521 34802
5060 29117
13439 27360
27663 37135
14501 24969
5980 30780
16651 32685
2796 9221
22220 36937
22065 40032
30606 33907
14845 22500
14832 42452
17767 38609
23214 41932
30384 31993
16256 36478
16435 38695
216 13413
6285 31766
39122 40934
36002 38581
2397 9862
2719 34988
17742 29055
32514 32826
12770 37185
7677 43250
1316 38806
23027 23797
3721 9134
29265 38953
23052 27991
10592 23479
38521 43161
26241 38028
5102 37987
8799 43327
16605 20797
1147 17305
31077 41197
7356 31531
3019 16971
41249 41469
23076 29516
16356 23476
14150 22244
21476 25650
27962 32048
20537 34298
23909 32900
9711 26066
36465 41846
29165 33245
7879 8079
24566 29265
32475 34941
6400 24145
19285 27143
14599 14873
1368 2378
34611 36343
7066 40221
29095 30971
4006 14756
24855 36723
2606 37339
12452 18193
1492 7517
6374 23863
5964 34353
31533 42537
23758 33643
32020 32267
7138 16153
26149 30868
21183 38206
1786 8903
16248 35031
767 16094
40640 42650
3351 24102
8673 9229
15906 28851
17489 23688
5040 36304
18283 39010
1526 10669
3424 14502
24056 30452
5055 39056
2942 9530
1047 12886
26307 42946
6385 30037
2035 35621
617 29517
22481 22674
13463 26925
33825 40106
10460 29321
22939 25215
4335 7626
6454 26609
2977 15351
33117 33603
10127 24947
3146 34785
28987 41213
13877 33331
20424 30583
5663 27019
12786 31786
34668 36072
11159 13265
14721 37628
32214 37744
11696 40265
25204 40236
4312 17441
41305 41885
40522 40685
9987 34177
325 17223
10781 18008
5639 40396
29271 35495
12584 15063
13426 27393
12057 21962
11719 38936
32280 37051
34757 37992
16193 22276
17326 33092
10617 18543
3486 25966
14066 15675
6822 16051
12 9529
38111 38270
16327 25659
8985 25692
7063 24973
8816 28889
14513 30135
1007 36626
1055 3863
5102 29961
7994 31898
27386 37445
3685 6554
13355 26587
7344 9158
1148 41934
12616 29631
16506 41058
30088 32842
11465 26345
11508 26981
4785 31193
3859 31967
8759 36841
22630 32700
186 14381
18076 18105
259 23527
28607 34525
15713 25557
27120 39396
5861 21503
4640 42331
5063 28693
26490 39000
3310 4583
17041 35151
8235 15903
11592 40800
24411 24519
12969 21239
5195 31249
6527 19085
24847 29745
34718 38013
7778 13183
5444 25537
2034 20227
37444 40412
13556 23436
20875 32279
2385 8376
3313 35032
11445 23784
13558 15403
10493 29753
40814 42913
26535 36649
12002 18225
10582 25072
25468 40416
6548 33144
8060 38129
23871 33815
10698 32602
6852 39971
19761 37139
8600 28459
27124 28534
5230 22925
11186 32541
16418 38154
9813 27900
23849 36658
7532 11033
25690 36449
25299 40765
8128 32786
7192 21730
25699 41638
8828 18645
11260 42289
2798 38127
5802 12012
189 38198
8644 25883
21586 36585
33019 38813
8661 26052
21304 24821
3097 26116
8872 36852
30606 38042
32125 37782
30597 42652
17818 34025
12267 42793
24112 31002
658 8848
4188 15014
28710 41173
9528 13744
7906 41610
3825 27205
7628 10340
22487 41766
13727 17790
8610 12127
16985 29876
5483 25599
30524 31412
35766 41685
6671 40286
3462 43368
30556 43001
7106 8723
1189 40914
5305 35126
3067 18895
25293 42239
314 19776
23826 41346
14635 33591
5027 38565
8954 15320
11465 37567
11784 13935
464 18000
14465 34119
26395 39597
10270 37362
16631 25564
39636 43196
1638 16015
8597 30739
7351 38705
2989 38610
34427 40950
14928 39478
4320 13978
9498 22738
6137 38258
24560 41691
15534 35501
6737 18251
21303 23791
6299 37273
5494 26488
3809 39288
1256 28149
10153 32239
12584 28863
19230 38926
10713 43193
18913 43191
726 5703
18860 35451
13373 31009
8704 18154
26420 26421
9780 32408
16165 27612
4842 28962
5617 40070
1995 9240
35235 41244
25877 34315
20753 30679
8685 14879
27875 38227
15643 42210
7637 43017
4327 22073
4988 19338
18251 38726
33068 40879
14180 37117
5712 42000
3399 13352
23367 37748
40256 40379
2264 39616
10666 13145
18776 20797
9889 19869
19966 30457
24530 41798
8086 18118
19581 42135
22856 25151
13873 17345
12336 26825
15832 23773
18623 25658
4349 27874
720 27364
37321 43203
14399 41712
10609 33929
20808 41474
24343 27827
9012 32778
27369 34460
21794 31891
2115 10072
37356 39870
8098 26207
20056 24873
12655 40541
2605 34782
23210 40551
2931 5905
3999 20298
26490 28075
10821 20229
14062 28736
16208 16331
7892 14438
20465 39041
9199 27127
1202 12182
21380 33944
19783 36203
34703 40551
16576 17666
27774 39999
36098 42507
20508 37398
26401 36112
3500 26185
13926 41091
5216 43243
7188 41827
3173 10514
17921 27614
37667 38577
24255 39068
13700 19056
18340 30981
140 20615
10699 22087
3522 28603
3927 7189
4681 34224
30286 42819
7380 7473
26513 30287
4100 7117
11140 16545
8745 8998
15682 21711
1024 29414
21401 23278
30435 35745
29167 30366
31725 35433
14497 26920
12861 13009
21239 36691
4358 13010
15326 26021
34023 37385
1524 8045
6990 11610
22858 42327
6897 9167
34124 34993
25846 33392
24968 42508
1924 8918
24278 34891
9678 11273
29601 40622
11171 16016
36502 42344
19487 42984
8447 24243
36846 39902
14589 23661
17434 30478
29794 41202
14636 31586
5771 43249
23273 38755
18689 38281
28644 32634
30958 43225
18623 42357
10202 10677
2620 34635
52 43375
13374 15637
13752 20693
12747 21366
23082 29738
4178 35831
11474 11479
12215 17341
13495 23511
10859 17033
26077 26700
16537 42920
17544 23826
21377 29993
13784 33413
16666 32188
12948 30697
36404 40846
18242 30772
8321 27113
25908 38942
1291 15929
31916 42332
4140 17230
20337 25003
598 40286
16329 40904
24089 40630
13729 40307
20672 23761
32091 36671
36232 42991
12499 27838
18122 29135
8462 36393
11222 27823
3966 29128
30686 39662
12500 33166
3596 11101
15325 18575
18939 26132
37519 40883
3393 35093
30676 35187
15901 42305
26706 36828
31978 37144
413 9365
10956 32026
6938 38349
26329 32182
26437 38131
9130 28571
33575 37514
4733 38281
7939 15276
22417 24379
11346 39536
13146 32910
14574 30842
1870 38213
6494 18868
18672 21442
5718 16395
17254 22508
20539 20764
37050 39250
31370 40829
16842 29919
28247 38959
15840 36525
10698 14590
8998 15970
11892 14570
24094 24708
18441 37532
3004 26249
17969 34504
4850 24694
59 35039
29644 36265
8240 43123
1073 10700
15394 32651
9611 40521
8279 42297
23259 34645
9406 41055
5613 15039
26335 32727
4807 22523
31116 31271
15555 37480
12985 20510
21432 36415
418 5521
1302 11691
5790 36808
34908 43264
15071 20105
10196 33977
41255 42148
10555 42955
23011 29066
25827 39087
10193 10294
6540 11642
26236 35350
14715 31023
1588 6046
8959 39962
120 43212
20275 37441
6970 21025
16467 32462
28872 41239
4300 6103
1750 8067
6699 29607
15183 33528
1458 29358
2066 9993
3004 12262
36808 38158
15727 26044
332 41590
16151 33919
3040 14171
9999 33813
3624 13633
15788 27451
21344 22608
17182 25799
1043 4418
24543 31643
3062 26203
28641 35075
20568 41076
34408 41786
15601 18176
26328 36228
1904 37931
11249 26905
8178 18809
32502 42509
13866 14085
19165 24892
6832 14271
26676 43327
14641 35581
8181 24742
7177 28269
26435 37788
42 21987
28415 30009
30774 31483
10788 21033
15930 30136
25076 42844
4641 36732
29830 30897
7595 36137
9261 22341
14580 43414
28770 33391
19382 36611
12934 18427
19919 27956
10325 22440
16911 36424
30799 42278
10437 16265
14852 15994
746 26654
23196 27260
1658 19566
9794 32603
6825 15170
30967 35446
10803 39219
4511 25712
13074 25762
3164 15876
8204 39978
52 38516
30841 40410
19451 25986
25793 30942
18885 27295
166 41247
16653 31820
24810 37598
1308 7294
7868 11921
31488 43412
35533 41356
4081 36866
9180 13842
25891 34668
17238 38108
1749 39467
36281 39529
21658 41591
7422 34465
3388 12736
17303 36251
58 23405
26775 27252
9360 12497
23107 30012
939 12308
21874 29323
31338 32706
34261 36208
14098 17760
8528 22705
7676 13040
34557 40673
23430 39683
20985 36745
26103 43010
1745 2730
22280 39251
10606 31484
11150 24000
12922 19490
25464 38364
21042 34246
32986 39430
5377 10304
3019 25270
28270 28449
31413 40585
19440 23891
19285 19816
27586 31200
23018 28785
33415 38789
29609 36889
25270 32082
2252 31958
8497 40923
1188 37686
18616 26073
14428 30295
30272 42868
21883 29385
12291 28668
7596 10428
2855 26744
15570 31805
4774 9452
357 9650
1240 36341
34779 42563
6835 42760
10280 12601
16375 33895
3688 11442
20360 20454
14454 35276
24511 36352
24194 36645
4236 21073
30973 37438
10478 20695
33824 35402
19614 22327
17034 38412
16237 34870
11639 11867
31569 33527
1064 36465
2210 35465
8148 18646
18249 29820
28911 32171
6034 33972
2412 27463
4323 43299
16856 23214
27664 27834
13588 28345
17136 25483
2407 5427
22526 28272
38312 38423
6026 19744
446 19275
2681 18993
16836 29163
36417 41779
9041 39050
8413 35509
21145 39231
8233 8746
8169 17621
3215 13450
36221 41840
4895 16521
8791 29426
1789 17284
35611 38124
21623 30346
40012 41365
8051 26418
25048 34998
11878 16555
10957 24089
29630 34867
6695 19694
10667 33375
13375 35003
14256 30322
4656 33659
1261 36763
24809 27253
16272 22008
3466 8723
4520 27382
27293 34091
36723 40896
30412 35253
2788 17146
16397 30755
21734 37882
21061 36850
20118 31793
9783 16251
3167 14698
6989 31818
5619 37274
4959 22706
21531 29602
34128 42713
1320 41665
10898 12905
7677 13910
13509 30630
18085 41042
786 20231
15577 30585
91 14522
13017 24691
3118 35343
20337 36388
2835 3729
14293 29399
29361 35335
9816 19932
4431 39152
21764 41265
34761 40532
6591 30617
4050 10413
4978 39321
33 24316
11110 27663
22501 40777
41680 43025
4344 32767
5507 23046
8425 26204
31198 32913
27440 42381
6945 25638
1929 27197
1401 28798
33446 40972
19479 21431
311 1814
20070 34704
1075 32011
15186 15279
3994 40467
23562 42298
6894 34159
14422 23928
3798 4311
6744 36844
3506 29574
8485 17745
11694 15417
2951 22347
3200 35883
6862 23509
21049 34880
7840 37420
7237 12052
10144 22191
23903 36333
16042 29385
19032 34109
6175 41238
27999 38938
23108 27202
4002 40708
17634 38271
24833 40404
28380 42013
13539 19272
4899 31053
12657 30898
4183 29385
18493 30798
22531 30015
21734 39305
13866 27214
2289 6548
8638 10231
8345 15082
26117 41940
35537 40887
36022 42622
10987 19096
5623 42603
24458 28045
24353 36919
31503 42543
23644 25842
30634 33463
14592 20151
16670 23827
4670 4778
3955 10660
23256 24979
14148 43300
19859 27448
24234 32474
9995 29049
19403 24953
8321 21262
21999 23896
2151 4520
6142 18443
5641 27317
10225 16679
10423 33633
1665 3314
19605 39582
20146 23721
3007 18441
2476 40682
18239 21590
5124 16595
21813 28994
15065 23350
10055 10202
27645 39298
11820 17353
14782 33615
2964 17990
7378 26354
17028 41039
7658 35039
27594 41238
7698 16910
10621 20412
3459 38348
22539 24375
14574 27435
2695 37952
2212 20048
29508 37343
24999 33071
12747 14710
16894 41978
17774 27273
25970 36951
36362 39441
1712 12528
20149 24527
83 35251
10854 30944
13012 17610
2587 22554
8852 26509
6606 35300
606 34245
5764 41629
22650 27747
17302 37235
11613 12687
15353 22827
3222 15373
666 29600
26684 29474
21045 42196
14526 27744
12239 31808
18789 39911
3056 38466
4373 18100
16588 42995
10813 13011
5535 38544
37059 39904
13351 37613
242 28491
6481 21426
29794 40157
22344 34995
21692 23698
21552 31797
2956 31819
20716 29081
10339 35759
29843 36077
3746 14942
19336 24215
28945 32483
6340 21386
11997 14905
1849 12775
9114 35153
26459 28201
28446 40649
1231 13894
16891 21462
14726 27401
5516 23376
3097 15435
35515 42901
10598 31674
11857 36967
28362 36225
19549 42416
10147 14247
37730 42152
5283 31661
11847 35498
30491 34204
16627 22520
19951 26366
20396 26982
17825 42621
455 17995
18615 37822
13903 17915
7185 32859
7158 15760
23869 41504
11287 14341
28581 38191
7809 33248
19718 35405
30134 41487
3702 12926
7225 20365
2442 14578
19853 39013
10899 39307
1479 3419
16460 30112
30928 35117
6491 29445
17549 22162
29749 31473
21707 28651
14734 28581
23514 27168
20956 43012
27615 30117
26954 34572
3964 30080
161 34113
2294 10169
4563 11161
21148 43182
14361 15918
20864 34563
1384 19747
4315 34444
23444 37137
16822 18800
11139 17452
19968 37623
21069 40822
26083 28048
36848 42420
20229 39650
1342 7443
21449 38599
26170 37092
18414 31658
41304 42150
36015 37723
24857 37420
16499 19086
18052 35214
25844 26719
15273 17316
15207 18948
260 33718
21065 38609
20679 43269
17133 34126
33951 40489
5413 19036
3644 14395
15421 23603
15647 41851
529 26938
21384 27220
8956 40713
8706 42982
10327 38111
28333 28424
25564 41604
35373 38606
7683 8360
20344 28646
11568 42044
15722 30132
795 6119
31184 33743
23125 24336
26427 41420
2337 42245
26011 28710
6344 34979
13619 31472
35045 41177
14042 32329
39155 39516
7673 27270
14538 20667
6803 33049
36486 41034
9756 20178
12274 40930
780 13351
24807 31425
12896 34268
7827 40919
30702 31875
10925 15937
22180 35798
1918 7737
2229 5155
11315 11396
9836 37850
29333 34523
5891 17856
29512 36740
4736 28192
13509 36188
2324 18224
14027 26729
4739 6798
25305 32052
23947 42995
37937 41020
12310 15862
7490 25469
8758 19736
1115 22847
8756 12493
9063 23001
13712 19928
4544 21202
19361 38661
8814 32096
38839 40010
29047 36761
23333 33094
8885 31747
22744 37425
34717 37123
13085 13764
13839 35137
22421 39401
22388 43425
22672 30352
18393 32958
5380 36376
582 21421
16022 29969
36649 41913
8672 18807
719 32272
3403 29342
20497 26743
36458 36683
2108 2892
13452 22044
4278 17676
718 15051
12629 26703
22589 33700
2073 32884
2609 7789
36346 43043
15435 27176
24887 37150
30842 31080
21752 33765
31256 35793
18453 37331
10712 33683
5557 6625
8001 14788
22744 38714
25402 40979
26797 42935
22995 36081
6346 17631
32067 42424
1658 36025
27836 38840
33668 34649
16466 41098
21365 25368
25499 41851
3234 18579
21008 39848
23457 27252
69 31759
9791 10857
25196 33182
207 10001
17369 25064
9184 30070
4876 17194
19045 23098
3890 10747
6436 18463
10674 41685
5248 16019
23601 26627
5798 32701
10988 15457
16694 33004
11790 41974
19554 19942
9882 29819
23674 31801
9327 10349
10462 25964
25508 39311
1060 29286
7965 27000
7224 10558
21080 43292
27360 42644
2111 31432
11093 39013
1174 36743
23072 24004
1531 7179
20964 23869
21955 25210
4003 8530
33783 39079
1918 28758
19506 43441
34474 38438
33185 35188
9930 15873
16218 30392
5705 40215
5264 10671
21312 42487
23418 28963
13003 39321
1339 4915
12299 41420
19490 19526
26277 34924
29236 41089
14515 31474
11933 19405
15219 22959
30022 38800
7285 13254
5459 29047
7689 17279
18311 36069
14906 34513
5507 17195
32197 41850
26801 43188
24324 29415
13259 25139
10200 21776
17360 34504
1782 32438
3121 25417
17716 35859
8123 42619
2925 40000
22082 31909
2745 26069
15178 16892
1995 14237
13334 38495
5386 13643
19888 21642
6853 10749
12274 19267
4808 38512
23705 31248
7570 36404
12411 14842
22865 25380
7261 20373
10690 21761
18684 19439
16557 25670
14813 35611
748 9119
15730 24171
9068 23963
71 23429
12629 26032
8268 11078
16040 41366
32750 37838
20257 29968
14703 28276
7396 14532
1428 3401
31617 35101
5125 10461
10807 23450
1622 1954
3588 13525
16445 27307
8131 26241
23502 36904
5574 24028
13526 37510
6520 31076
4096 11457
6548 9712
9364 20699
10679 13092
11584 42740
2956 24545
7529 31276
858 35678
27379 35449
23722 39307
20022 42529
18248 37544
629 4300
7949 32801
18956 20103
3359 7407
14787 43034
947 35908
19627 37277
13027 25115
12377 15207
14164 24561
6119 19024
25815 41012
9096 36318
10059 42781
8181 20477
29032 29685
22626 27942
10961 19729
27753 35259
12747 17369
702 25874
23037 24278
7350 34320
6572 38190
31018 36246
26138 41638
8632 13179
24656 31577
17857 43149
20111 43109
20593 31741
25770 31039
27833 33683
10078 38485
2223 6442
8893 27479
21528 31992
10914 38757
14678 32487
8413 42303
18136 37087
18891 42847
7016 26688
12834 42978
4582 39592
26159 39078
16641 22068
13566 35730
5004 38534
16169 23012
15171 23910
12263 29576
14687 32199
21993 23087
33988 36130
9443 18847
2145 42372
7566 12229
4360 21436
10543 37659
36651 38015
21921 40180
12597 38497
30928 35548
804 39898
28894 37806
17852 22402
13953 24475
15196 29043
748 27696
12040 24027
31382 32685
4035 39022
12512 37608
8435 15243
11693 30335
29814 38156
4015 9508
18181 36806
6811 43036
22188 32014
33868 38815
22432 28210
28092 35024
3488 30932
10868 13633
5836 36189
25648 43076
25108 35218
8818 11224
26046 39150
11318 38944
12721 27020
18672 37982
14238 32349
2339 5216
8667 14438
14337 32328
18896 36909
18087 40712
17329 22603
3229 16304
2565 35737
36269 39360
19881 27855
1167 14824
15555 27417
25370 40449
14698 30994
19756 32290
19217 33702
10367 23796
28653 29210
23295 31594
19809 35334
11268 35043
29129 33111
5503 41210
17887 25755
26711 34440
9044 37177
14443 39520
20028 33917
15143 42375
20386 27209
16831 39480
37877 39330
22557 42218
23314 37471
26125 38288
17806 36878
16932 33870
2567 36722
9349 41196
3292 25112
36002 39366
4854 19072
5281 8559
8527 17410
32050 39923
11151 16149
17566 38357
13257 21873
8881 20382
27965 36164
6459 37053
487 42018
15425 35830
5133 17706
3535 14667
1179 28016
28507 32017
14757 28726
11347 27580
11447 14198
6138 37412
23294 32281
22659 33985
26698 42472
13189 14949
33365 38328
11774 26112
29189 41621
5001 34933
19846 39888
11323 30377
5902 9027
15008 27032
10172 11785
23886 26908
2323 3908
8439 42264
5508 14735
25714 32129
5758 6804
17386 38547
23938 30481
18485 31285
12054 18932
5613 26802
31132 39595
3867 17449
6529 16480
1133 11402
10951 39257
6940 33727
19253 22004
6925 15891
15103 15376
6857 35944
14167 42981
8278 32897
8055 14166
1781 35008
2942 9965
7066 29113
12445 14774
5774 23902
16761 37155
12112 33812
29844 31470
15404 16243
17165 34764
14276 36508
19179 40899
12853 30814
10494 29340
26561 29153
4067 36354
8051 13643
16889 20536
17928 18693
8746 39539
16222 26674
499 30835
12131 43072
2420 9452
14355 25662
34381 38894
13571 33659
16498 25037
11837 16961
4039 20161
6895 18277
17342 23672
29270 34739
3776 8447
26636 33060
6530 11174
32160 42265
11328 30855
29199 42443
4029 31524
10067 16067
5659 43146
24753 33043
17616 31788
2159 38320
522 15139
5122 36525
3584 36735
13249 21715
11205 23285
7034 20506
16769 20777
38998 41386
906 38699
6126 36381
31148 36290
14811 35862
24128 29958
16934 26479
6808 33934
2608 32669
10302 36471
18076 30433
11821 40937
11188 32888
10352 30172
19899 32836
8884 39257
28741 41191
2246 29055
18448 42090
10549 28242
5901 27753
22367 23865
32227 35916
46 16499
18447 33005
29940 38482
17402 34811
9173 27467
6575 21281
1624 27961
6257 32491
18655 22539
23727 30903
12759 21864
21060 29084
13221 21895
6779 27877
3500 8498
35214 39029
7487 31347
11622 21637
31785 37641
3068 41298
9236 37965
13089 14047
10161 35276
436 17973
31412 41193
2984 15936
23475 31217
1374 34737
4432 29796
17262 26671
3454 23964
7 38212
8692 12618
24467 25586
15709 33174
11613 17737
12257 30082
5999 41069
3449 35863
10110 23603
6863 17725
1655 10254
21397 42975
4834 17883
28338 29012
20270 41773
7793 16878
15583 42110
1220 28793
2204 24991
15139 34714
21357 37160
14229 24879
17794 24438
1140 34691
7514 12767
16563 41572
13366 38999
15049 35760
22147 26699
5191 13956
25062 37665
17562 37112
18183 35510
3841 27234
12471 26254
4869 34092
5187 19849
10740 38120
8498 37985
30256 33345
15379 21527
9843 38134
24351 26700
3294 31387
15720 18787
12196 19791
662 35416
6306 20594
14045 24361
16311 25644
7938 37015
5864 24413
16850 42137
25373 27327
3050 29714
4536 39894
11721 42129
33065 40882
7005 30394
23782 37510
16692 19105
4267 32307
33687 38192
6684 40367
2824 20511
26877 31670
22558 29959
36511 43378
28614 36773
19631 28967
12012 30412
6043 30922
8635 14662
3412 35930
7714 26360
7925 39412
26180 39097
21287 26726
7035 35871
1192 36520
15718 40941
14607 23468
1196 5902
999 17631
1622 10440
8175 10890
9011 11162
26859 42768
32193 39798
965 17266
1643 1868
3754 30567
12165 12318
13984 34981
28099 37616
22531 43388
9090 35779
12458 12570
24146 36228
16829 21796
15617 42178
717 41488
13843 37193
6799 7644
19411 29169
21110 43402
27243 28771
1676 8582
10136 11163
8833 18595
10558 38213
8212 16033
12771 20614
6587 27386
5036 36968
788 34723
24931 28806
6289 17341
9172 27860
24897 39775
547 3520
33849 36402
18777 20144
14490 38882
4760 30095
2274 20178
24238 37106
17253 25133
15575 33442
14571 18310
19611 31832
11770 34396
3380 40690
16963 17423
17327 26745
18384 24764
26067 39519
9207 41036
32636 36530
15460 23289
950 25228
3043 38826
36255 39735
2613 26410
25536 29680
9970 35545
12678 31511
6961 11331
291 32173
18946 32731
15010 22679
30706 35354
33414 41146
718 30705
3451 15616
508 37311
4417 34428
3291 7033
28782 35528
21131 24226
399 38307
541 20455
26204 34690
32935 34503
6301 15607
26350 36959
11273 26019
26152 36220
39584 41831
11356 15696
22544 26199
21644 24222
2861 9142
19448 28404
4180 16930
3389 9261
32885 42495
8208 8289
29797 34230
1288 41788
1729 26255
22472 34432
9154 40220
12770 16359
6362 30785
9100 43367
13879 25091
21 29437
6896 40518
31187 37505
27440 32802
29083 32608
37890 39434
16079 25754
41790 43413
2890 27226
19345 37701
22877 41284
2120 41537
35687 36029
6828 22829
5826 39823
14454 17105
6336 17671
3992 21201
32066 33128
22241 40319
15691 37134
13241 26682
6175 16033
10279 42665
25532 32139
11812 35695
523 1166
17092 35872
40330 42186
15714 30887
15599 28685
240 4261
3768 23378
20481 32199
12315 26867
2496 29931
18149 35554
1681 11288
780 24362
31015 42474
13976 42528
11584 13587
16745 22932
14834 15232
30862 36782
4023 5588
26252 30923
259 26353
18330 38783
1545 6674
1585 39284
21202 29488
23784 43277
17103 36411
6474 10034
13760 18737
10579 14445
2414 31969
21438 37312
4651 19682
39791 42258
13155 16119
16038 39470
9616 12119
9874 14629
14415 37098
20059 26440
9680 19459
6554 21290
20486 37804
17646 23225
9886 23499
32294 35745
6989 8386
6914 27460
13519 31298
22799 38344
3785 25021
3022 40311
7445 7848
3244 32776
12305 21991
6097 17789
30069 35402
6548 7862
37045 43125
11904 37862
31524 31747
11950 42179
10972 21852
30355 39179
18887 37896
4109 34917
23004 41378
2782 8020
21459 30029
3270 40763
10857 14897
1996 15190
5650 23112
2865 5022
6512 18381
828 43226
5581 18811
1603 10011
12631 33653
27937 35031
18375 41104
14687 24738
1893 21104
9539 23926
905 29860
1424 30425
4197 18707
20256 26738
28624 43316
4783 9382
9745 10970
397 5483
9519 11381
11511 17757
20290 41783
17245 34908
15975 31900
8862 31793
2635 30759
14777 21598
9614 15590
15558 26135
22909 32981
9351 35367
17112 38701
12366 12794
22132 39705
17062 30478
25000 41056
1825 38474
9185 14137
19301 30315
2972 3175
6076 36294
4564 24893
1686 10022
3409 38639
15541 19900
35301 41149
21198 27005
29940 33436
15384 22168
14016 29205
8869 33499
8288 19224
16848 23729
666 20960
30778 42614
7321 9609
30298 42943
5526 18299
22939 26565
9573 41953
3846 19365
12527 40604
6226 40375
12862 38608
20801 27719
32764 33145
17623 22944
5405 33995
1221 15705
11696 12568
27550 30555
28837 30726
18604 38846
30462 42004
1472 42119
4265 21419
14483 25042
274 1080
23333 36668
14967 39384
15293 21649
21302 36753
8148 35028
12052 31047
29997 43338
14919 23128
33003 35763
27759 28827
9424 37292
4687 38266
9482 36708
35036 39696
895 36072
26793 28482
16917 17426
12512 19893
219 11357
6121 36952
4674 30110
14342 25187
13999 34647
23534 42966
32235 34844
2412 42340
8673 42204
28117 37553
11430 17121
11634 35610
25662 33927
13007 37807
24242 37576
6170 17596
13771 25371
24918 35873
7181 25039
28569 32200
16919 25019
16513 24331
1543 5152
26218 32307
13306 34841
15045 39051
3235 34621
39243 43421
16196 31979
7068 38344
30841 41784
2483 19710
19871 28700
16796 33472
25067 27486
34524 40810
6672 31928
5474 40874
7295 22293
10086 13036
22537 32546
16076 27898
2867 30438
21162 31996
8184 21637
13904 17390
11229 36621
37846 39298
3389 20162
41349 41389
10998 35934
13324 37460
21256 34260
22428 28065
32455 39290
12164 41036
491 11240
8827 19235
13713 24211
13295 17282
15437 27389
36298 37285
34868 42690
1064 2242
11390 26366
1613 3238
7510 22073
6006 21113
20052 30559
7830 10909
11482 29338
24668 31510
24429 26798
3989 13926
19581 40773
13073 21784
1718 8135
12948 39805
36619 41248
16764 37697
19914 40424
28039 28197
23360 41981
17885 36610
30657 35035
15325 17884
12071 22913
35812 40401
4550 12623
23016 35940
24697 34318
33475 36242
26556 37132
10620 37802
24259 40508
10460 33383
12210 31366
30128 32412
7210 23070
14784 24326
20891 42217
12227 24365
20355 22989
5507 7937
1897 14085
8460 19949
35615 40237
18628 25929
16770 19553
17125 38211
1956 5805
26667 34869
27519 31702
23622 27240
27049 39135
12284 38081
10589 40559
7738 36179
17280 26421
20175 34291
3867 8028
8880 24857
6274 8230
23499 25305
1323 17354
5642 40942
22798 39221
15543 21503
12344 26993
28971 40958
8603 31904
25394 31748
4305 27852
10051 40102
15724 34346
11722 30622
9955 26808
30168 34039
3770 11478
15862 25420
20617 23497
19542 22485
2912 33324
6654 33711
31781 41550
22884 38214
24801 41033
12475 24443
17382 19908
326 9967
28828 32921
19783 30653
35173 37394
37136 38868
1218 19408
11345 25387
23667 39791
9246 10254
3443 5606
7681 38654
1672 4302
6025 40306
1566 11231
5452 34028
5132 24224
18332 26294
15970 22859
11226 29078
35337 42871
53 41484
26359 29747
24993 30249
10891 29539
1197 33241
26224 39910
11370 33149
15400 32313
12364 41177
3725 40351
5300 18331
5223 40742
12014 36634
21353 41069
17943 35759
5214 38936
29729 33187
26967 41122
15314 23844
8292 33681
3601 13897
19826 20500
2568 21190
8400 26044
18948 36217
7041 40522
7960 32161
26422 28941
5087 21606
17989 34599
4455 33407
27524 38946
12656 40423
30984 31541
8882 18621
25172 27339
1933 33632
7136 38315
9312 11789
17711 19544
30222 43269
4140 41882
4972 22033
29560 31284
17148 24534
32039 36058
2562 38529
11037 42896
29642 31848
21251 28118
4168 7686
2990 32560
17035 34456
18990 25489
18893 30252
11355 32625
32447 40956
3173 10575
25682 33453
14405 42318
9506 12971
34993 35840
4793 8677
21827 39016
33152 36049
29310 34492
3344 7424
12978 19132
10119 42218
26237 34614
1377 18259
5747 26351
22830 32985
10040 17981
31395 31418
500 27785
5843 43028
17472 38752
38516 41939
4020 10043
18147 31751
9133 24632
12931 38160
7404 8278
1978 30907
21412 25568
20078 33687
7820 12128
12170 41445
7393 16225
985 13655
13685 33869
16240 43391
3934 5546
29989 35315
12020 23192
4878 17429
16609 19314
29347 29432
8946 35736
5322 41986
15314 20945
28578 28692
1454 43180
7056 43408
5231 27346
32785 43179
7914 37023
1487 9328
16855 40631
32996 41147
28805 28856
17057 24550
12708 42410
24310 29363
3351 36837
3156 6568
23623 28433
6440 10049
30272 35761
30790 31028
27304 32516
8758 27929
17344 23267
7789 34483
15105 15479
13724 42468
5739 40180
28208 30448
9860 24156
9338 31399
1843 39326
4086 11578
11083 16206
2803 34938
6882 34718
150 34680
25616 41985
8879 30326
8372 14280
39184 42761
4742 32793
7474 35761
18656 34206
23724 40162
7092 13213
23261 32524
14853 16547
22772 33299
8652 17488
3977 19340
28852 34283
11153 26185
1586 38330
6094 37496
20196 40458
25733 27459
31479 33293
16509 24694
15881 29821
188 3831
18747 36953
18795 29073
14635 41170
6013 8268
17385 21332
18527 35674
21696 32227
1709 12507
5917 20049
10688 28485
12386 26278
20940 39828
9669 26816
21762 36230
4554 5738
28684 30161
10983 17264
23606 24426
3533 9658
18365 34565
8076 30510
12804 23758
5366 24083
9767 27324
30417 34556
18969 24880
5922 14916
23316 31268
11444 25960
19307 24121
2926 3207
1144 25688
6753 24643
34999 40060
179 14456
31026 38986
3629 41796
30955 42718
3125 37567
4536 36084
25269 37689
19281 28535
18080 31548
13915 16506
16248 20731
15578 32240
22795 43058
593 28968
14150 19032
33602 35964
7979 37343
30395 32703
19161 35788
8386 10148
3055 23215
26344 34190
16530 27210
8633 20605
15759 20917
26727 33928
3511 41925
10347 24004
8328 42600
13873 42294
12015 30256
5213 42311
25341 26049
8527 30917
16851 37589
12044 22326
11692 42812
22725 36061
16436 30177
815 40307
2497 18908
23414 36283
38677 41751
21110 35270
15659 40873
11751 43392
30010 42287
13904 29714
4718 26275
9244 41296
1968 26865
16193 32112
28696 38980
39074 41572
38019 42690
10627 12101
14779 37269
12137 14007
14829 32660
5354 17976
10806 36195
14830 39678
11668 20884
4050 7278
25418 33974
28208 39576
9134 36590
12411 41344
39706 42953
27912 28668
8368 24979
640 8761
21022 40876
25279 36259
33248 35570
29838 30260
40536 42656
2112 4521
8820 9046
19565 38227
7878 19867
27542 34238
8949 40193
20637 30862
14668 39508
5335 36019
23513 29822
15402 35531
7666 42615
7078 16027
8341 16366
20537 30631
40404 41389
12617 36874
4664 35033
11822 19607
31393 31535
6173 31641
14783 16985
24498 43399
29541 35527
341 36586
3185 39795
12368 20305
925 3803
33110 43341
12644 37916
17061 24886
4986 16775
23342 34262
6940 16443
31908 42719
10210 34578
31254 37765
12486 34297
6717 24507
19544 21673
7816 21217
7248 21699
20939 41534
210 35729
11134 31664
6615 36281
10622 31489
19218 21099
1066 26265
20296 29764
1529 11245
21119 22661
8720 27258
3164 31347
1732 42341
4486 17741
21225 21367
16654 40346
5711 37945
16076 36168
4803 25527
41110 41564
9565 32157
1479 16231
10265 25186
3577 34145
19191 27008
16612 21626
1316 20936
18139 35779
14498 42614
11515 26229
37323 39125
20641 23009
15608 25153
13354 18777
21223 40138
13541 31435
9667 11681
12015 42767
306 17478
6439 30928
13376 38723
5107 36676
6053 39752
17845 19467
13642 39596
2529 34340
13921 25425
23311 41499
14388 41106
12428 32733
1819 33426
2218 20111
15911 32667
4952 40121
19603 30493
30136 41324
12610 39570
8204 29569
6800 29779
5016 9554
24483 42070
3857 25810
17237 41811
5817 17187
1277 41895
1470 16626
27550 27766
5826 24820
1297 39329
10563 21594
27561 33028
4327 15344
296 10882
3051 5940
128 27513
10254 14608
15854 21371
3636 14672
6803 20786
33402 43071
34140 43000
16281 32735
9596 30823
9227 14741
36258 38935
8094 28246
18405 36786
13229 42594
13684 16571
17138 26879
9370 15958
33467 41187
2128 17161
24816 35840
24618 34135
3999 25462
6974 14602
11366 36039
4771 34609
14944 15858
2569 29177
5817 28275
5312 10612
5987 35102
8658 18381
14802 20878
34808 41594
6081 6656
22343 35018
21129 41741
14932 26586
4301 12968
15923 24517
19581 23513
15587 22316
10139 34606
15924 18703
8490 34231
21592 33514
27750 31745
18669 27568
21212 21215
14020 17809
26863 43027
5953 35868
25084 31282
1487 12792
15478 30667
15253 15273
21303 36794
21477 24115
4448 35245
1316 6494
13548 41384
5838 32885
35889 41266
3906 30724
4084 5921
5779 39660
22307 30234
4774 40333
11980 25887
8756 16795
13676 33433
22097 36840
14867 29732
4398 43237
6437 39071
26633 40471
2113 35296
8764 18376
1922 35728
7056 25530
613 1274
14770 33182
24558 32525
5621 25838
14804 23152
23131 35757
5866 17563
33164 35685
3892 19872
6462 28174
10792 41563
34082 34269
7185 9321
3040 3791
29 8578
7407 39693
4625 42088
8667 29181
1426 4945
3592 5058
25924 30518
6568 26880
9715 23674
4806 14550
1231 42384
12348 25128
4657 25007
8017 31516
11792 25435
1359 13522
23600 33202
13667 24056
8478 12663
13453 40342
16340 33799
1051 38252
123 6900
324 40367
5309 30073
9979 17489
16372 33522
26446 30041
3343 5670
24403 40881
12057 22885
19255 29489
26397 31088
20287 27421
16932 25982
20737 36517
697 42046
11077 14728
9840 10914
9020 21698
15992 24606
36786 39696
10398 24239
34248 40731
1255 25600
7152 8972
393 7111
1081 14867
19347 29428
8197 8829
22891 42662
29701 42768
4394 20998
15310 40235
9534 42106
12318 38848
4542 13514
23352 23809
15399 36520
26932 36700
29664 42886
24179 28691
8246 39458
9658 18952
10137 39366
26338 31797
5793 23827
23605 35774
39038 39179
15467 19658
19909 30070
2089 29559
9054 16744
20518 24701
13621 31766
21812 36374
12221 14190
4709 7396
17702 22759
3685 7827
25783 31925
15080 41062
7553 33236
27007 39661
17577 33610
4155 15855
13282 39655
7508 18941
15770 17565
24095 35759
3643 30232
1440 35687
7136 10667
26873 36628
1343 20478
32152 41306
15101 35873
17539 37640
12567 28948
20781 28844
6860 9456
13299 36976
30921 32776
7094 42871
39248 42937
5667 42131
12399 15751
1812 22619
15289 23277
5209 35803
4302 43235
25336 41570
15 24066
6162 37414
14072 16897
8539 37185
10126 20652
7372 36584
6897 36291
19992 40819
21791 38664
18689 41835
26653 40802
5059 18489
6832 27945
15827 34822
14230 41807
32301 39685
9079 20318
14245 33979
6153 39930
3252 40159
31010 32602
3198 43306
6475 20733
6898 20836
6261 32293
2178 38783
10530 23337
187 28845
11946 15782
14062 23914
22193 28471
16224 26537
40915 43083
6829 39166
18680 40187
5607 12063
1038 19037
30411 39628
29862 32216
14231 19936
11444 11599
724 27737
32215 39537
9060 22146
28376 37497
30181 35379
1573 36350
7908 42579
25905 37502
10473 35985
18306 19974
8881 43314
24876 27009
27224 38682
41188 41902
7355 35425
16295 23155
13908 40601
6396 33807
39563 40423
34659 42223
13483 26839
111 10891
2991 24145
4857 30382
2073 31388
11688 14561
18396 25502
3532 24469
1250 37767
30004 34901
9167 43304
18187 29300
27953 28884
1522 16763
3278 20388
6557 29187
2949 39424
19435 31206
13752 29858
27790 33027
27122 38755
17536 23331
2212 27009
24023 41443
13243 18869
11334 28743
12267 26696
11745 38665
30351 32915
37033 42635
25903 31548
21509 27034
23501 33410
4901 6895
15908 36076
85 5132
19813 42119
29118 37144
20300 31657
27915 32914
14988 34386
7614 21140
10970 32603
16314 32041
23368 37203
17492 37904
23296 29221
10024 14443
31430 37459
5477 31564
34876 36572
37666 42928
2481 18135
10366 34559
13107 25747
26501 41454
2633 38908
820 27579
10136 43142
20686 24903
967 7627
14943 41409
915 42900
1211 41730
4660 15477
11973 35617
16853 36641
7281 35610
27303 39109
2362 28242
25801 32560
21455 22610
2880 10677
14785 41008
24186 42157
34921 35941
3428 22560
17332 23285
12179 17965
1345 39451
2019 16010
18701 39296
14951 39957
24141 27862
18243 28804
27183 33530
27902 38879
18318 38777
7725 27141
5158 10442
252 28411
26857 35989
23147 43219
4192 20677
17521 28819
14031 38267
11020 36638
4642 29773
16713 42646
27962 43067
11024 18098
14780 18383
36200 37133
9388 11357
23428 41926
9605 27799
24567 33339
19603 30924
4026 5863
28824 29476
18534 40472
10676 39457
1846 28483
20418 32793
31940 42418
6942 41405
1581 22550
1318 4420
29866 34697
6897 7862
25349 31281
10863 33806
14569 28120
7262 24764
707 14065
31267 35909
3308 20522
13392 25111
17834 35523
19097 26972
37818 38730
11665 22416
2699 7609
14145 27792
9935 21675
8489 30519
187 28524
2112 2187
2046 12679
5578 13256
22452 33514
5211 15714
22166 40098
396 25665
3500 28047
4193 32175
89 4045
16149 26042
1871 31522
22773 25234
21044 21712
1581 8563
21063 42865
39623 40934
13949 34454
8847 40965
576 27703
21262 39318
26417 27715
37065 41502
9923 40135
19330 26577
4664 36082
33308 41746
11810 25557
22757 41855
30971 41751
9497 33318
24849 42985
9386 33487
15083 24153
12615 36507
18350 33881
30268 37844
2057 6398
31326 41161
8278 19695
29953 36520
16225 25663
11800 15420
18065 41067
41501 41704
8097 40036
12134 26785
14815 21894
4691 26766
985 9040
672 4379
2289 4462
34218 35901
10904 36947
19378 33010
6363 38799
6498 13360
5701 27568
19779 21276
34983 37461
25769 42554
6027 41324
26935 42930
16588 36453
3828 28239
10697 19126
10569 28740
16577 34574
15187 30518
4039 32623
14622 34681
5017 15043
33147 39145
10317 31902
4092 28285
14951 23071
8414 24063
1703 3025
6505 38101
8236 40006
19713 42506
35293 40511
20904 32389
18361 25910
19345 28524
11172 39771
22278 33468
917 36990
9163 14732
2315 11136
28881 40451
2213 9139
4726 20879
4321 35877
27631 31679
5033 25725
16435 24668
5953 26634
20536 31589
3513 21788
3970 34307
9495 32625
12017 42199
12700 37503
6841 28759
20953 31877
31111 33005
16727 33363
5658 34795
166 30009
27600 39132
27368 33147
15055 32038
24824 36057
6329 40103
6572 27029
19321 19778
24890 35364
12503 38278
21879 26565
3057 35666
420 16720
16286 36222
11505 19928
8048 33488
22729 34814
9535 15785
32770 35357
13174 14539
10676 41014
1718 21187
11310 17208
20669 33407
18408 39446
13174 33198
12309 19164
10677 38206
34125 37914
40133 42994
3356 39116
541 34393
1818 26494
16062 37645
12356 27089
8300 37092
31523 34238
25110 30570
21583 21669
6181 41494
23420 35112
2475 34348
27716 28703
29517 41927
20572 35167
25721 38271
5075 19669
21320 32586
15393 18046
414 6675
4041 39569
22097 35661
6429 39529
16123 29411
2645 6651
601 4057
27310 28200
6126 29140
15434 31818
1198 18276
36426 36535
1757 19960
5467 8566
15583 35324
17947 30726
28783 30978
11439 12491
9073 9846
11306 14591
9118 36384
213 15437
21583 35790
15062 33343
6895 9881
659 14211
2995 24561
2705 42515
39520 40269
16504 36808
11532 28116
13207 41201
6176 19993
3543 28338
2585 9387
28071 33374
15668 21260
17838 38488
18315 29782
6908 20107
40650 42681
19392 38222
13605 19555
22933 40605
6512 39540
23296 38967
7516 41840
18021 19132
1565 24462
24751 30586
9706 37843
523 6594
6724 30536
30607 39998
6119 15113
733 21865
240 41180
39593 40905
1284 38183
1626 9839
5570 41474
21389 26633
39023 39062
8084 27021
11106 41082
12115 18651
22789 27243
16002 40330
4379 10651
13919 19314
5418 12972
17554 31158
35117 38429
9555 22556
21404 37494
4532 27108
36747 39693
28999 34120
38424 40581
1753 41263
16067 37722
7920 26216
17787 33022
11223 29185
4768 16246
6348 38893
207 15002
40844 42708
19949 34891
34147 36063
27929 31173
152 25094
12273 34112
5502 5853
13337 15552
16354 27549
29425 33181
7923 37252
17529 31451
18241 35629
1367 38194
1824 12806
4966 9256
20102 39270
767 10845
28694 38560
10962 33732
16728 24757
36230 36326
561 37572
32054 39619
6815 41927
1456 22209
13488 19104
37854 38334
25471 34042
4440 42394
13213 39810
16505 25651
19366 34691
13035 42167
871 22687
38618 40423
4961 11514
13385 41233
8529 9304
11630 32326
27944 41630
17991 26944
28601 39685
11887 12734
6123 13676
14971 29925
2534 37640
8808 24934
4538 11596
18152 25549
36890 43138
30237 31904
24060 33431
12619 27178
21321 26074
7972 30297
8398 9760
19111 28106
19981 40040
2307 41798
9398 25150
12927 22046
28064 41173
19403 29446
28265 30317
19319 40860
14472 39222
9193 41899
2542 8080
27014 36404
3752 33668
9101 39866
21100 40785
21084 32146
6524 40384
22565 35566
42103 43382
11098 19232
6375 9524
25414 26287
20868 30801
17262 24825
31250 32603
91 14372
23087 37368
396 31223
6759 26668
6960 27890
23000 38877
28482 35805
14183 17777
9212 20607
10287 29755
35811 36476
33992 37198
18412 23917
12741 20886
18453 27890
16909 32227
1470 2212
6446 34435
20639 35263
26785 28007
3411 28248
33209 43353
23923 37990
23352 34791
12728 15928
5046 10443
517 14372
4666 36051
12941 16975
11270 23257
16634 35405
3119 27847
36783 40931
21618 40724
25471 25666
13056 39556
21956 43163
18507 18677
15174 22659
31230 33425
7537 33886
21661 38327
10996 19463
21032 23072
27941 32017
10807 16558
15605 18681
6572 16238
29057 34558
23358 40813
10970 34457
21158 24874
4827 41230
24979 29526
25345 36265
23325 25589
23253 23269
3149 33509
22624 35341
26053 35039
8308 40529
2117 4251
2148 3564
19177 30149
3574 13501
16847 35297
14806 32412
10149 18628
9992 27312
22144 34889
6579 15315
17250 29271
5990 6060
20552 22970
15857 33777
10312 27667
3505 41630
22562 38785
25179 38797
282 28976
16393 35477
6802 43064
16591 33772
20923 41572
26420 40286
6230 10593
19662 20368
35406 42159
15766 32346
7199 33086
3431 32232
3604 7085
16879 24790
4184 21135
17108 41057
14509 29573
2606 20226
13146 32036
6530 36899
2934 32365
9303 37424
2723 37780
7462 24047
13826 35178
9479 9542
19575 20372
38502 40866
30556 31336
25697 34599
7495 29822
5696 14981
3592 5920
24864 25738
12037 26128
3029 39957
6083 16558
16445 36175
34060 37220
790 17085
3922 8683
6077 29575
17716 40539
6200 42972
4387 25227
20809 42732
879 9960
13932 35954
20431 21646
18171 37147
12856 20919
25723 37109
10350 30537
29685 39714
14519 19657
23169 41583
18894 21677
4938 29652
38530 40416
10799 12613
914 19753
7580 39328
7314 30541
2849 23343
24956 35661
29732 38779
10537 40162
10764 36943
6756 10019
2553 38284
10840 14307
6531 19700
17824 36443
9346 11591
9534 39935
16988 23339
28507 38173
24247 29687
24192 25816
2128 42427
3374 25601
21808 27695
10185 38175
2241 39860
6126 31665
16510 24468
13126 17373
34183 41733
9122 16986
21554 30030
17183 41715
23899 25190
7693 25999
28057 35843
688 27115
7832 27097
1960 15674
25116 36673
16337 32804
2169 16013
19345 26056
2972 26725
21986 27216
5148 22076
2991 7719
5097 42490
13898 35538
5927 19562
3442 26085
8762 27381
9755 32908
183 26606
39463 39816
8995 34530
12157 36328
3490 5373
2732 25171
25157 43248
10392 10895
25114 29780
33663 38822
7061 34925
28807 37630
4024 38491
4985 15080
26319 42192
13615 24488
21629 38848
17904 40320
19013 37718
19632 40207
14113 28902
4754 5533
15329 28641
22481 39064
1850 20740
15053 32907
31216 35434
9529 13122
23637 28172
33418 39368
16362 29427
5424 6267
15273 32681
17785 27015
21182 21540
17193 22939
15130 17851
28711 39992
858 8062
4046 11081
14153 38285
13930 23718
15683 18966
5017 8737
27557 33934
37493 42597
15128 24571
21523 30851
4623 40863
5844 17591
23298 38690
1711 11132
28494 35978
753 1071
29854 37159
24390 28759
7068 13249
14021 43434
14689 24874
16161 39128
16787 42034
24081 34605
16733 20860
14460 18406
13971 15963
17487 26395
7830 42030
25838 30726
14807 38866
7969 8631
6751 33140
26312 36244
30880 42631
17233 22314
9376 41903
19307 39080
15044 31639
28163 31835
21418 37042
539 32202
38140 41253
23125 27219
9754 38099
3364 32163
6180 39740
8000 14333
938 23051
15342 36177
11010 32541
4711 22559
15886 22277
20499 23711
22832 23964
32972 34312
26444 41274
30888 41179
38109 43071
11744 15732
29935 31462
3188 3829
808 36941
20567 37586
5615 32764
599 34323
17580 37998
9472 37073
14890 35494
9599 39100
18542 38617
18606 37878
9289 31704
28523 29495
15629 31861
6639 35716
1703 22517
1917 35278
9921 36118
7930 39012
30626 39085
9192 14775
12316 30833
1231 42120
2679 18073
19046 28701
21863 31807
6161 23259
27697 33324
8170 35466
6123 16551
14770 34796
6401 17993
6108 30014
12270 20285
22331 36756
376 666
34383 37501
25143 42871
24777 32722
1698 16107
34450 42695
2537 26476
5533 10077
6862 33105
14956 15149
16220 23038
5940 12121
23379 32188
2796 19008
24643 32907
11362 27465
16087 18752
19138 35995
6184 30948
8145 42175
1552 27020
11927 26685
4043 30865
242 39697
4326 11740
20694 42972
37740 41645
1925 19654
13625 15056
6832 18337
27920 42764
25491 29217
4427 28761
10358 31931
10727 10860
22211 27363
12019 32286
186 5241
6030 25004
7821 16572
35898 38596
19831 42755
1130 40509
3745 4231
137 4598
4086 33571
25015 29638
16479 29691
11336 40365
3694 22201
25297 26318
9272 26007
6081 37212
19125 32915
8201 29810
27077 39227
22719 34370
5375 42456
22061 40786
11101 42942
9170 11178
12963 26614
2476 24264
4040 30193
16471 30769
8093 21582
2187 42820
9084 16507
10119 26788
1808 1884
7848 22717
19303 38290
11820 36398
16392 27443
29803 38593
24070 28268
30751 32690
9361 18478
27731 35671
9903 14331
18749 40333
18806 34451
21723 23421
12872 35736
20957 28806
1262 23258
16954 38443
16055 27269
9520 20228
19000 22424
4293 8543
2328 40207
1652 24352
12732 33632
9338 17713
5036 29003
17624 21649
35180 38329
1942 32035
2450 15472
12122 37086
10650 19634
26926 28454
7724 35082
22307 40037
18426 25720
12959 37960
4807 34778
5042 15427
32400 33600
31247 31931
14569 37626
8403 28954
6643 19703
15187 23675
6874 31879
1366 6211
22702 27734
10913 13039
11650 34997
6184 25016
3299 8974
9360 24268
17995 24194
404 17319
12433 42990
9459 17831
5942 20006
8634 29237
6209 42227
5212 17686
8433 18401
3204 23639
18403 22676
5494 12676
17668 26428
5920 22876
16513 40928
4651 42724
30735 37768
6212 18554
303 29695
8355 30761
10188 42742
5192 29492
23538 35711
24157 33474
10395 17371
11229 29648
9307 21759
15594 30980
28164 35098
4177 6065
31292 31650
1917 23064
2876 38453
28288 42489
4601 38823
12751 40424
5666 10285
28187 39404
9769 18033
26098 39511
41242 42059
1290 8794
13944 23937
21247 43389
18952 41176
16646 41026
22268 24193
20137 41602
3639 27485
3843 8067
6437 32793
1170 28125
10181 13813
11664 21066
17240 17821
17220 43018
16779 41555
10501 36614
11565 24470
1869 33761
25108 39711
5012 33065
21944 30670
11548 34854
19502 31413
5008 29159
26112 26735
1637 16607
13966 32182
8855 18982
20305 27041
9778 36404
31823 33514
14022 29081
31365 35854
13157 15047
23431 38981
5801 15182
4705 19709
6900 35304
11280 27088
4888 35631
2886 6845
4722 7046
3014 28722
3302 17111
21550 28649
32652 42414
21270 42595
6530 33492
34031 37421
26681 27013
14271 17892
7204 22856
27661 32891
67 15185
3124 19441
79 43303
10052 19768
36615 42396
31447 32072
10306 27232
13246 36565
9666 26148
2316 11768
13287 34876
37368 42633
1289 5320
10616 38011
1370 27351
7081 29057
17395 42968
27438 41140
22815 39772
31652 32477
10469 11196
14420 30416
1716 31960
12121 37129
2870 22907
32599 35209
3259 40395
9721 9990
22294 35347
4355 39840
15128 29190
25024 28066
5594 15619
12483 16018
22745 34465
3652 27265
8120 31728
14870 21203
14603 27275
1885 21007
22190 40070
17714 17996
10644 22689
19272 34468
23548 25929
26049 34626
15573 17913
28213 38076
11163 16838
6536 23642
7339 35300
2131 27829
17961 34088
24243 31823
14673 33871
11476 24882
13544 32034
26323 28220
25835 35047
18879 26256
14270 42499
17544 40566
7935 29854
24282 32690
10962 12768
9275 25687
14444 17954
5641 31249
9598 32756
6522 26568
790 38537
12580 20623
9379 34146
26244 33939
6887 12171
23441 35457
12934 23595
2971 32542
2948 6517
2740 34861
20718 35958
3710 3834
2997 20931
7212 15122
19298 33945
22827 35005
21863 41903
75 37252
26825 30659
10563 11157
19731 23624
14725 43429
8638 35050
14369 42104
13610 41298
24149 27034
17554 32020
4177 22898
34305 37915
7220 35362
5828 35397
13564 24149
24854 27789
19060 41886
14876 38902
25220 32276
11892 30960
8212 25035
29116 42737
24354 26685
5204 12535
17237 33252
8980 19888
6070 31897
1524 29241
14360 15573
1435 15428
439 38064
10476 26622
3884 34323
11403 22286
8197 35465
1072 34035
5975 32010
4626 31927
13831 25028
17034 37969
23674 31248
4460 32389
495 17435
12550 34693
32648 34804
35232 38840
41159 42800
3002 39718
3513 40422
17544 34284
16433 23227
23659 29627
3517 12248
7554 32740
529 32480
7047 18414
3942 25229
7989 10976
3788 35150
26816 38436
994 15254
5804 29280
10221 22666
2110 28375
20823 23276
38907 42327
14788 38250
3985 24552
30121 41451
3319 14111
24765 38246
5045 42999
1700 42248
36152 41038
19945 21997
5289 24111
4934 34500
17224 33905
38951 40532
15790 31994
1110 33522
20774 37505
21946 37726
404 38958
20950 22455
2899 34843
16746 38976
7725 28434
16741 16940
18737 43437
17008 39915
21222 30498
8326 37699
17407 37180
10824 27439
32057 37695
37129 41141
9827 42525
312 40308
24254 36387
20271 26489
10615 27265
832 29232
14175 23474
3498 11201
9106 23517
19388 19985
2367 31168
3273 5606
9211 37274
10684 30253
8293 10582
13539 43420
11818 13186
23192 31049
3463 13085
21208 32670
16770 31991
12060 12719
10910 26809
14852 23874
12620 17257
31839 36839
5681 34676
673 26327
4427 28037
3286 27129
5518 14498
17880 25857
12111 43394
9015 24688
7026 21993
12634 43169
767 42177
3837 21755
7339 12132
11469 32815
17254 19918
7648 19303
37898 38447
331 36362
11353 28668
10391 40365
18884 25124
4147 32534
16716 24938
20255 24242
28800 37484
19992 37603
5841 15309
5781 8842
20057 31582
4799 35348
35158 38220
39805 40928
20545 34554
34302 37481
39654 41698
3388 37770
7677 40770
13354 21924
556 23806
13666 33530
32093 36705
8971 23426
30221 34595
2896 9954
7281 19078
8742 12986
9055 11231
1960 30389
16767 34860
27257 40891
12398 40202
17705 20325
7130 39096
2386 38899
22667 28329
32102 39642
3864 25806
2678 40993
6073 24303
22766 23612
13676 19881
2396 12233
1972 31153
575 21954
23609 41270
27986 39953
7436 26721
3751 10818
36401 41825
24278 31980
340 24531
5875 22783
14174 39756
6916 16105
4291 41307
13842 39017
8699 35139
9750 42947
20716 23832
27479 31262
15563 28126
4079 30282
9495 38456
30744 31495
4499 15592
17442 31592
18535 25104
33288 36132
24666 41137
20508 24822
10107 17520
4197 12783
3946 40491
649 13393
22131 33021
19838 21055
762 13270
32715 37933
15682 27444
22598 41532
30194 42547
13008 20482
31844 39360
18026 38409
20529 40571
11128 33006
6864 34200
6751 15075
35726 41255
16706 17564
28106 36648
19463 40776
757 38940
15902 16049
13306 14662
18095 30817
1440 31800
4185 11618
9888 29648
1375 11403
32833 40813
26392 35851
6843 31818
2813 37380
13988 37098
24020 32637
10445 22776
23818 31190
14910 39773
26138 41569
30715 32204
881 2358
4070 25227
4051 24985
20541 25655
13526 33253
25381 32730
18789 31763
8454 16221
1630 24353
11083 30388
32713 37836
26386 42048
4238 18395
21946 26801
30736 36464
42103 42768
35238 40511
11806 23778
9831 21543
412 29614
14984 19693
3998 20628
40456 41530
27452 29950
19747 36347
38625 40175
35017 35816
8957 41166
15415 32711
867 30194
11113 23033
21524 36153
5025 40847
22267 25846
2461 37463
17857 18355
10450 17993
36029 38007
2912 20366
2267 6830
9617 21210
14794 43331
33545 34552
10009 36717
18748 32297
3101 26654
9824 16026
2495 33260
20009 21421
26756 37952
8961 10144
14948 25489
26718 28800
26241 38260
9979 22730
7491 19156
12072 36328
1339 36955
26281 26547
7134 32882
2020 33906
11797 12711
15153 28338
8687 36178
2974 7072
32845 35265
22231 31642
6055 6996
4615 39040
18019 28862
2898 41759
16158 35212
1796 37581
13266 20443
28983 35715
26474 36926
18360 32538
21729 25015
15216 33009
27086 34272
825 28224
5234 42660
3035 42407
22089 37601
32237 34069
13061 34748
11293 15248
21709 25302
19776 27612
5432 18509
19531 34197
1972 15556
29775 40761
6499 42291
21847 32591
14246 20844
16140 19515
22673 28203
96 2725
4701 30304
17108 26322
20226 21432
26989 28862
12356 22100
23682 30847
4738 32815
19016 19229
1979 8776
16331 33046
11173 14550
25479 27333
4797 8320
22952 23050
10911 31519
29343 43174
6688 36686
8385 18039
12240 41523
18553 34407
22551 38921
19153 42508
3660 22056
4553 18890
20161 39854
5462 5677
18534 25497
3230 14366
10905 22090
9371 37503
24412 40118
5736 20963
4226 36962
182 8883
19391 32473
26801 36516
35717 36684
485 27351
31486 33100
5055 27395
7556 40064
9590 31390
5046 23145
38030 42886
5403 28078
8247 31287
9636 16459
15626 31321
5089 34334
502 31869
1733 37366
40960 42082
19026 31944
17125 24932
21171 38562
13821 28154
2511 9552
27110 42347
24060 30402
501 8232
26986 34175
9257 39444
20076 40281
22203 27634
16458 25408
11072 42740
899 32444
8485 8605
3909 23268
23678 33491
28726 30127
4082 37748
20827 26859
14658 41833
1501 38147
15161 24926
8939 31406
4660 35510
31423 38012
37039 38138
22001 35986
14672 20039
4973 15261
14359 14624
20920 32685
8380 39521
11959 31808
16594 39417
5319 42501
23263 31936
10223 14283
10071 27475
2868 3531
1600 38311
14599 32743
21451 24215
8058 11362
17489 40269
13491 18951
31460 35046
9368 27732
4749 14240
16678 40993
24201 31172
8332 26648
17459 35142
7009 10982
6437 30004
7554 19184
19057 33485
17706 35019
3113 22960
7254 23618
18611 35650
26469 29495
10498 35806
1746 15855
12926 24053
2944 35956
25091 36753
9010 9715
25268 38143
4738 28761
8164 14390
10346 37105
30721 33552
313 30761
11202 40473
15108 33909
3865 10113
7692 37965
1920 24494
2650 13228
29480 29784
16235 19081
9986 19042
19907 37196
6362 12460
140 18940
20812 33101
3277 42373
6271 42143
3 30720
20458 39928
33163 39575
36284 41372
21315 34661
20943 39219
10661 29919
7527 10921
18199 25102
11120 34405
619 42737
20879 35262
6285 28428
26627 31343
10380 21009
20674 30134
24445 41839
19030 36519
34424 42470
654 852
41927 43294
9794 29021
15907 25789
19585 28635
388 4116
2654 27468
15585 41953
21977 42300
32405 40283
18838 43115
36304 36712
11593 34975
27242 28613
7134 22896
17509 17835
21840 32388
649 36321
13419 37117
35602 39823
23278 32728
33592 43229
25540 38965
5845 23029
1113 21903
6273 14616
9643 19561
6315 39193
37070 38093
26788 28793
23243 41752
6808 7046
9371 12457
14749 30727
37040 39382
19643 39728
13704 34253
9924 27158
28947 34528
22462 35710
7366 27726
400 1443
5561 21176
29450 36842
2761 22211
612 21513
5141 14174
675 32415
3751 43329
8312 30987
32234 42629
922 25876
2915 6813
12657 30886
23632 37898
4219 35446
31998 33492
2282 22361
30965 33615
36682 40963
25999 35291
38848 42796
226 36911
3279 21238
516 13295
12767 31431
17393 39486
5894 36638
13461 43139
2388 18034
24171 34392
5072 10408
7706 9835
1005 31364
32304 37332
5044 15530
12772 39130
15686 18949
14844 33192
24446 36317
8930 37573
10583 25235
10423 17406
2382 34434
9039 27128
30124 34288
11021 22236
35146 43097
20931 27426
18479 25761
3443 15576
15623 39696
8133 16476
2889 43283
2240 17762
4658 28676
10227 32928
16349 25278
3744 28521
5053 30703
17322 35647
6323 17661
18823 24258
23974 28751
16637 35544
17740 36160
12561 23203
6122 31900
18842 30135
12239 14292
14577 14889
29535 32553
37258 38813
8425 18166
29551 42131
22450 37123
36084 36267
1181 25712
11953 34839
9966 22391
27116 37629
3972 5875
985 4832
4996 38655
14920 37859
25670 36647
25171 32762
10173 31537
28512 43193
12592 26838
5327 39923
17922 33548
5616 37582
6444 23441
18315 35694
4520 22861
16350 37557
20605 30393
6105 8699
40895 42008
1065 9672
19455 36377
24219 39670
15415 36525
4748 23250
6668 16918
5670 24986
2592 10993
17858 26558
26877 27413
17522 30581
17892 22944
4718 5291
1248 34639
20744 30178
7969 22622
17586 42085
2947 7959
11730 16643
16198 28276
30153 40078
38150 41437
14090 21725
32224 40331
12801 29055
36762 39871
5091 6970
284 597
31932 42374
9168 24639
7882 37902
8251 16831
5258 19915
19411 27006
6426 22646
16087 20716
22795 31657
10634 28690
9836 15878
19319 30423
19068 20224
33809 38597
6343 12031
5830 14664
3753 22702
6049 43075
22444 42919
9251 20328
18368 28134
5233 16071
430 772
1276 12312
33941 39655
8474 20636
6748 23047
5308 17184
10872 21284
14317 17543
18000 27149
7974 32364
37254 41622
13360 16752
19009 27349
6638 30988
23219 33274
7974 42163
582 15314
11884 16305
25472 39425
15700 17395
9056 19456
8583 17546
36154 39210
30724 40028
5192 40771
6063 27266
11713 32638
1040 40486
24188 39902
11893 33737
25634 32778
5639 33354
24312 39968
11250 18584
17346 26517
15734 23580
216 17593
2575 21511
9304 14081
2206 27306
1000 9007
10807 11598
6949 19896
10262 38859
14909 34959
14367 36854
35387 38701
32178 39531
1221 5219
1663 6318
27582 31096
20874 24127
31711 40065
33457 37340
21024 39347
804 30945
6682 14075
16704 17786
14637 31238
23169 29723
11094 32192
28645 42112
11172 14355
28894 38652
23910 24473
15804 29772
24176 37424
27629 33544
27035 32805
31907 42047
2121 26013
6937 19670
4931 11144
31153 39895
4376 29581
13522 42289
26561 30670
2646 38666
21230 30713
24507 39631
34211 38337
9342 28844
18198 21791
20608 35096
23373 26870
28313 28699
37069 37280
2548 12467
26480 26517
5745 24839
17056 25384
222 24904
4617 38688
26296 40171
31030 33264
9998 14596
4196 26388
36601 38343
12885 16189
22869 29996
32390 34445
15077 15271
13745 14603
25714 36813
6383 36615
3428 14916
4738 37702
18639 23604
3354 8551
25988 43209
26140 27765
8184 26427
11800 41227
8223 39187
20204 21807
3682 3886
9684 30651
16184 32221
15322 30536
11815 41535
5354 35167
3398 33174
5288 10226
10247 32454
23162 25495
29670 31652
10373 34256
26584 42681
6482 13589
38001 41932
32280 40292
2884 39719
5706 35999
4604 9944
17590 32996
18764 26874
4001 16067
29059 32437
4415 29670
30566 30662
15550 38657
26770 27006
11555 17610
1938 33610
11121 14120
22464 30418
7101 15674
35930 39585
4359 39345
29793 35815
3891 37779
31300 32320
6647 38135
12917 33389
6062 32786
10940 23349
14646 24079
10152 21613
24119 28514
4176 25116
15314 40982
4563 23310
24834 30711
37459 40952
7988 28716
6716 41123
28872 33900
14576 19553
2547 28591
886 2572
6966 41271
11408 13022
254 39256
2205 35243
17293 26370
17976 23394
27635 34223
6209 19600
10033 41519
11434 24042
18303 40758
528 28878
7694 34281
17266 23234
22924 39801
3648 7819
24209 41397
20956 27403
15854 38078
7106 24408
2295 13444
129 2751
4994 13266
17476 25673
14719 37924
12235 22980
1719 6868
12198 23098
35463 36685
4307 30271
36610 40983
29346 36011
18821 29205
7906 19992
6913 25960
8189 28194
17612 37992
15307 20539
16268 25421
10845 12858
2890 31158
7059 18026
14204 29722
1068 12361
23638 30819
1430 36162
18042 33789
12706 35932
1153 20578
13803 14102
378 34545
12730 28412
25260 35383
37214 42975
24043 35419
3014 37236
15256 42077
1427 9446
10750 30906
9719 29412
17511 32059
18199 32433
5082 15314
19381 26926
6995 14227
13173 33304
16285 33295
13500 14451
40751 40863
10583 35115
26045 37006
21489 40832
14714 15083
13050 19126
2117 27801
24654 39895
5789 13863
11687 12921
4639 18127
28532 32249
16645 17773
11343 29326
15612 19616
3227 23357
3853 33433
15117 38104
17767 27676
13226 32534
14682 26098
23957 41660
25536 41451
9230 9599
8353 34401
29491 42885
2846 18003
3362 14133
18826 23267
9693 25316
5283 24241
6313 6851
2942 4879
23157 41984
7893 10250
317 19501
28002 34127
6455 27845
6450 27501
16394 40943
29759 40606
16771 23897
1923 13009
12799 39263
2647 42087
34536 40162
10102 41177
2860 42380
6275 10881
7571 40185
13107 17916
7186 23570
30582 37640
22636 40942
3805 15992
11133 13809
41376 42362
27082 28650
30426 42762
19268 42459
18951 42752
3941 40204
9340 41793
46 25989
15365 40626
37094 41472
33133 38503
2223 36282
15762 31402
9749 18808
26341 35970
21190 25061
26308 39994
2033 22572
16522 22230
8257 10503
26891 35848
24340 31760
24403 36246
6566 29904
20302 39124
28019 31798
16828 41935
23402 39290
19409 35874
2380 5125
26343 27156
13517 33598
3268 17830
12387 20047
25000 35189
29055 33821
7336 31219
3651 24950
1302 28890
20625 36552
7184 29135
7319 10112
12161 29311
6789 35961
14102 18194
20383 27570
17635 28795
4553 36772
5930 19463
22333 40136
26094 31905
10210 18213
38270 40822
19548 37507
12117 36559
23141 23276
11843 37488
29720 32117
26242 39882
16428 43290
14699 26936
1013 1029
4522 19150
28747 34765
10046 32519
240 39952
1177 5567
10991 35178
941 2092
665 19944
4191 31064
34650 35298
20689 42929
8251 41182
24323 34923
15404 25412
39004 43419
24440 29846
30852 31569
14727 26890
870 9207
33693 37890
34968 35580
13934 24221
23740 39419
14006 16927
11975 30036
7469 28499
7687 32334
5750 32835
9898 29214
3375 36520
30274 38129
7971 10401
6453 24095
19741 22602
3122 19078
4766 37014
1462 42488
10550 43140
6391 10385
6429 42168
10058 29846
19347 41142
23417 24621
34648 35760
32819 35040
17931 23033
4805 21666
9433 24132
17566 26318
36137 41515
2073 5866
2708 4162
18624 19055
10330 37889
6693 29382
5474 35007
10771 14442
27484 29679
7829 38991
7607 36892
26184 36628
3808 29555
6574 14414
34301 43007
6287 35295
20772 35743
28007 41505
24869 27461
1432 6974
653 42699
14948 21358
9030 37109
16998 34320
1490 3946
791 8109
13252 36443
11717 36170
24067 38070
6049 8527
23350 30350
14909 17431
20123 42652
23623 34646
1606 5060
33335 41349
22736 38758
28911 29988
4253 7166
16260 22498
15365 18613
17428 21257
14721 31151
2939 15937
14446 33661
33469 39070
7321 37595
508 21942
15205 20583
85 15423
24807 34288
3618 31686
3507 41469
19884 29430
2061 18822
5756 40331
24390 34939
31895 35836
31208 34906
307 24103
7666 17069
13226 32347
4203 8927
15908 40890
18783 35276
6113 23572
6312 35301
4005 23437
17707 30629
656 31612
10680 29734
35590 39036
18002 42066
2861 39035
3475 36454
746 2458
2229 31588
7327 34003
22496 22840
4199 31789
7894 8975
19594 38874
6720 18507
14195 21255
38907 39432
705 34887
5524 33915
29788 30799
23669 31742
5065 14153
36886 37199
37328 38298
5698 16540
621 39323
10260 27054
26684 31800
11037 36545
17138 38406
3934 41290
11357 33517
34297 36202
7051 7882
12089 41545
4560 28920
3888 8111
7550 34398
18833 32895
37420 42209
31403 40985
1054 37111
9862 24914
10945 40339
18965 30570
17359 38001
18598 33028
21069 24355
19334 32130
11170 25181
10000 19371
13709 34170
1664 16102
21403 35720
8395 8745
19462 38731
19526 23440
12442 19567
24146 33370
2066 35515
5058 34650
29705 41852
20022 30437
10424 36853
16510 27294
20682 26511
13612 31204
1751 14943
4534 32960
28436 39254
10394 18894
7907 39142
13884 26415
9607 12098
509 4342
5827 15391
757 37655
36393 36461
27900 41122
1861 9045
2884 28391
14152 17720
8974 34035
5403 14282
29364 42848
19365 27255
31615 38373
19530 29574
6682 24923
21244 41833
6397 40969
7955 25950
26196 36317
25348 28114
5392 6953
14230 18542
11075 36382
37391 39885
5828 19349
3194 6336
9239 38655
37509 43324
39653 41426
6306 41790
22564 39673
18187 23994
10830 18269
9003 30427
30338 32100
16584 26438
4403 10761
21060 35488
13256 22658
2955 19532
3520 30830
5305 12784
2508 36748
18783 29128
13014 26508
12644 43190
2760 24137
16683 27356
41209 42145
36331 38750
27640 41898
7565 25741
30873 39964
21266 23663
12594 13275
378 14573
839 8552
5744 13770
5893 15556
5937 36796
269 9153
5949 42283
36255 39105
22239 37415
33018 37133
25358 38577
21543 34679
13062 41609
13858 19851
14690 31493
32891 35079
3229 28937
4347 24169
6253 33245
34795 36912
580 26169
13918 23285
163 39652
4998 28825
16106 27321
8625 30228
3488 15807
168 6253
22767 40136
3965 31422
9644 10959
8321 33200
2644 28634
2276 28238
30180 33338
11691 22869
35453 42924
1518 3713
23084 30394
821 4539
11666 34890
20906 23104
13949 33336
7731 24474
25172 34788
27584 41750
5253 25560
4335 36775
18599 27455
5426 29652
7041 36078
29933 37783
33735 42385
5715 14479
12048 19881
26626 30908
8882 23037
9174 30793
9682 14984
18895 28914
35933 42221
26420 38387
3524 35220
815 21124
18662 21738
12345 37780
25827 42946
8226 28775
27537 33394
22728 43190
21845 40628
872 39536
14947 27311
5311 39097
35368 36935
16793 25002
15567 38316
6876 9973
10987 31168
31007 40448
1235 17896
2250 16413
5079 7448
2943 25267
2983 12800
15157 27306
19876 36306
18039 20419
7517 34852
1751 41575
20587 24798
5743 27615
16755 19233
16990 32871
36551 42391
23220 37586
33134 35348
4670 41925
4788 9901
12190 42164
13266 29091
13830 31119
16513 20639
15320 23513
6852 11191
2548 22644
19081 21698
3223 23396
4293 38188
15782 18848
5234 38476
32901 35527
1409 36334
5457 8720
23286 35358
28587 34160
22728 41446
28511 37548
9862 32082
7164 31142
19507 36035
12954 24251
25971 37756
30835 32585
9997 25302
23323 23347
8413 11581
4822 13807
36801 37439
5585 27564
18023 25147
1230 22224
9057 17510
5456 11878
8480 29018
14060 16655
92 19143
7956 33744
22292 25990
3678 3741
20245 35368
16314 19998
5112 40334
14159 40985
3515 43347
24338 32602
3005 25340
25042 32947
17571 23710
23532 33670
1187 32326
28886 40966
5087 40277
13315 40071
652 11788
14776 20393
18583 28345
27149 38492
1678 28399
4022 14289
38735 41716
14498 24586
12939 27891
26772 33846
22715 28163
4331 15798
19241 25312
15807 16410
13951 38188
32977 37750
23545 30872
24286 34482
2611 14459
13937 27178
20624 37242
13564 43377
29296 32354
29552 36481
942 36817
14915 28257
10892 38962
20928 38407
21903 41467
14129 14516
11123 19647
13173 36581
15028 25690
5142 16390
20786 37011
12302 33090
25779 33748
11027 36154
14806 20393
25591 43311
11935 25160
24111 38049
3473 29134
20469 22028
8092 36210
30983 32617
17022 38528
8027 18819
20764 34219
3470 37696
114 13401
13888 35745
19060 23557
3565 12858
21897 29759
1514 9285
20703 23363
17169 19707
2832 7611
11654 23605
3362 32686
3656 42023
5639 21518
21276 36996
5124 12936
5409 37271
10014 12958
3983 16754
23915 27907
2163 35745
1600 42987
21454 38988
11542 30719
1283 10291
6070 36199
16641 43158
12853 25622
3678 42721
2056 35124
19975 39024
18577 24527
1460 29586
20049 35563
7090 25446
17249 40762
13543 35868
25627 26537
7827 42708
17557 38663
29367 30261
1712 21701
4891 33494
8352 8564
13146 33199
22332 37392
8570 14119
11195 18718
4868 22930
6048 33592
21892 40503
1038 7612
653 36848
23751 40873
1257 3751
8885 26181
19753 25190
3421 39658
15312 28966
12193 14972
24489 28155
35166 42680
1311 19448
8221 17506
24691 40155
2949 14938
6825 21741
703 30145
6736 41671
17471 28285
10434 22538
31211 31797
1518 16708
26003 31496
31190 34892
2982 10133
37549 39263
6325 7805
3544 19470
6352 12634
3038 33827
11684 29216
20827 35991
16807 42241
12638 40289
6414 14451
20621 41750
5440 10273
11669 40427
33262 39692
37503 41712
8338 28240
32123 37167
19479 22712
28122 39495
33346 34667
18479 23537
4830 12973
19564 39789
6234 6347
2893 12720
24541 41685
2296 26959
11508 19541
4275 16134
3379 40694
23030 33138
26022 26611
1732 3239
26968 28741
14041 40793
6718 40876
8921 22589
10737 27019
24575 38236
10422 25695
2989 26364
1346 21862
20258 26772
16302 38699
6445 34301
16873 39454
30206 32254
8680 23631
13972 29295
11025 25207
10861 32912
8170 36361
17547 24092
33845 43251
15928 16766
4509 11992
22787 32040
3165 30912
17436 19565
12325 31440
2946 30050
22904 36008
13463 33740
11887 31214
5175 35615
18533 34861
25456 41260
22029 29365
3434 11330
33656 39006
11497 25552
5919 23466
18391 27049
21204 27939
12847 30209
6253 9756
28934 36124
25152 28202
15321 19363
6083 12728
14544 31749
28864 33850
16096 25775
11106 28555
31016 31813
12104 26903
17191 27439
18254 26936
7850 19925
34301 42312
27069 42513
4926 23368
13369 20118
16447 21279
13115 37729
22062 33046
21451 39308
38469 42349
34226 39694
10129 39540
13939 23654
10685 24711
20234 32928
2363 17176
36426 40357
4013 42282
22358 32815
37034 37961
18916 37793
38914 41652
6946 36114
20788 27071
5404 30698
9756 14075
1561 41748
1935 29157
25363 37258
15419 15710
13292 17777
7082 23328
2537 5813
28738 40103
11404 26276
14819 26268
16811 26228
13327 28351
25895 31642
845 34603
17053 32177
6627 10855
21918 42692
24542 37267
15545 40143
5112 24066
8765 19500
4488 9155
7932 20465
36049 39444
4282 31910
5629 35138
35104 36004
25219 43144
1157 28459
1551 32550
9440 28714
28712 30961
24311 27720
2593 35142
27980 31012
36512 37633
4331 21222
16447 33306
11090 40988
5592 22424
22224 34289
19648 34278
9438 24854
2879 10249
13296 32771
27613 38573
1035 31852
1271 28187
5115 19991
277 13743
1961 15802
17742 22199
3047 38880
25855 39948
8417 36321
7031 9753
13599 40127
11428 22674
10571 25497
27678 30273
5331 28102
8158 24726
4163 16511
1113 8538
4227 15772
11486 42277
35142 40968
41644 43173
2979 10079
38263 40513
4831 20582
9428 31117
30943 33889
11314 17849
7044 29586
11039 38555
24027 42432
18294 39277
2839 15145
30622 35002
24476 31678
10760 19892
6418 30063
7400 31850
14973 17420
21853 24681
20099 42794
34732 43140
16068 25500
20834 29428
21009 43015
17592 29556
2754 36914
6624 21271
24058 38520
8509 24552
9735 32149
1243 21951
30370 38349
4094 12745
18737 24921
26150 39815
26491 37664
15973 36001
15586 21969
30535 40079
26143 33948
29634 30552
11216 36508
7654 12899
8809 25194
21327 39510
14230 33712
27741 39616
17983 20702
16955 28339
8464 33827
399 1974
29484 34176
22677 37751
13549 40144
274 26411
12376 28209
14131 26536
1763 2365
24543 41544
19537 21190
26475 35037
10127 14071
16195 26372
16751 21369
25199 25633
32992 39994
24598 26167
9087 17941
35595 37664
5441 10846
7295 19732
7914 27883
16092 25870
16293 34262
5835 37568
24383 25986
7884 23510
11660 39531
1957 16352
11014 24107
14413 33954
19879 37519
38702 40694
9576 33566
2011 25448
21472 37770
29598 41229
7117 39058
27457 41146
12457 39286
37378 38389
16810 41547
28307 41316
6507 41758
28245 34022
22290 31986
11044 36000
5242 43066
947 3068
13756 15870
32611 40460
312 2328
1924 39974
23493 39599
17513 22981
2005 24098
86 31032
25602 33728
6351 12356
3258 3747
8950 32730
31890 41831
12729 12805
318 15325
9277 20293
3138 22112
19370 26688
18620 39931
12395 29898
10776 37124
17830 42286
8715 17557
11306 26736
5514 35244
12784 26475
18961 24948
9393 14991
9591 12532
13874 34965
22057 29132
15855 38708
33701 34024
9761 35574
19811 42996
5463 11520
29068 34597
3045 17575
8891 16443
3651 35290
12985 28801
23033 34487
22797 29292
3753 42922
2389 30453
13142 39338
6373 43205
25918 28837
19301 19512
4233 31481
36657 37824
2240 6975
41137 41358
3079 42419
12611 33471
29872 30046
15479 24434
6310 26826
15042 18017
8994 25616
5995 19086
20426 37233
19564 35548
19877 27377
32934 38029
12221 17451
12330 35114
1046 11317
2666 28667
3869 6479
7655 17526
5564 33802
807 25264
2668 27959
3359 4687
2511 34391
13843 22015
36908 42896
34871 39221
11496 26028
15037 15579
1075 6770
774 1180
954 37742
12309 13484
5177 17299
24281 25789
16301 27817
5650 35424
26101 33401
34118 36890
6793 11495
10491 36685
11322 36613
15988 39371
36891 40633
32653 39076
37271 40854
1604 25177
20539 29539
17516 21669
4856 14625
9817 32018
16472 34465
10329 10501
19149 35282
6894 13240
20941 36120
11561 29432
1445 2674
20543 43429
23938 33909
10770 42674
26763 36122
2317 12402
3894 26672
916 14603
13409 43384
6725 37001
15543 19076
16319 19297
11023 22559
3968 36420
164 24767
7372 8704
10779 31998
13105 37496
22799 31542
6213 17578
1830 2865
20939 26783
23284 26861
4028 11561
10655 38378
31375 40687
30413 41242
17206 42165
30532 36992
3169 7141
23080 36665
25391 26579
2438 37430
9179 37931
6042 8836
2980 33283
4905 40881
23520 30521
13876 42446
14551 20169
14898 30830
2498 29567
26272 34141
4992 5602
17848 34435
10210 42808
6622 23640
21334 37111
13139 35013
4482 5500
1837 17026
186 10189
840 23976
8544 11527
11325 16077
29585 31412
34347 40294
10766 11949
1268 13311
34682 39052
9704 41135
11719 36383
21067 25628
8216 21460
3073 20800
24596 40429
3969 22069
2555 4595
4244 17578
23594 38175
8086 12719
12604 16545
3397 18645
31295 35042
10910 28293
29156 39758
11089 20122
10271 32507
7620 14417
34812 42666
7577 42828
14535 35450
10121 14254
14655 39716
5815 17666
5288 25319
16421 40087
263 37712
38468 39522
20411 31716
31443 39262
29105 32249
12853 43236
39596 41888
1588 12511
1559 43072
17012 18082
18640 40211
11248 13362
34440 42686
19275 32091
16493 33732
29264 39826
252 33766
3411 31883
14543 30965
39995 42536
13772 35814
10640 37800
11687 19825
20482 41166
13611 22125
8352 30150
15189 41693
7203 18801
11703 39017
10335 21888
16637 32141
1344 3641
23430 26416
22430 33657
19598 23103
31394 32553
29186 36910
29337 39523
16929 20649
34189 39253
2356 18856
27532 43361
13503 35774
33767 42004
5046 27260
1654 37051
6917 41977
5437 5948
20396 32882
27557 38695
855 2137
1606 16823
7827 30120
1679 32385
21650 24999
15791 29087
555 34864
885 39694
2589 22218
5067 12272
10146 11227
8901 34879
569 21930
7318 40042
7307 25166
37508 43105
16888 18554
5240 5784
33138 36733
17840 41632
20373 41007
5976 15274
25147 29712
8972 21698
14657 42340
37269 39332
23343 26016
11023 41486
35251 41534
31118 39047
522 11130
15826 23015
17467 28410
3023 10967
539 40346
28858 39272
31578 39971
39747 40848
18586 34632
15280 39471
7461 17473
655 36734
1491 5515
9091 39483
4157 33527
4441 26870
11527 41369
27885 29088
27738 42624
1179 8626
278 32088
9858 25066
38577 39949
1555 4187
11459 22926
6681 23899
548 8005
28714 40432
133 43226
3895 21634
3486 42340
31712 41075
1572 18127
3192 35477
17161 31871
17571 21189
11763 39552
17320 18160
16235 39061
26177 26793
26135 41843
2976 33378
30142 32887
4814 10240
19262 40634
31941 42066
709 3385
8125 34792
9463 42630
10271 15971
2052 9315
18464 26132
10825 10895
10700 41748
5715 6965
10690 19338
734 36626
10046 29624
4282 27348
31081 37421
19514 19917
20384 36015
4281 29375
2662 26213
12739 36047
3696 24026
36684 42977
29060 39914
9093 29706
21549 43144
4963 33344
18798 38436
11489 34445
36263 42166
25267 34277
9675 34757
9069 41363
5220 38635
8850 39747
12248 40132
17962 41547
24937 39246
7946 9543
14581 27553
30230 42102
8557 19496
10863 37551
23473 36180
24053 28353
4864 15029
4893 19931
3107 22291
16698 24017
3248 23462
389 4669
18073 40782
2923 6898
11236 27741
8350 26750
2726 9767
5576 33170
33518 38562
35928 39035
9667 24851
12096 38398
11328 11465
10494 30487
18230 27375
38929 41639
9171 14821
17009 41033
21462 34076
21237 25098
8605 9714
2458 38999
14676 16836
908 11276
16096 42234
12397 25679
28752 34792
27783 34930
32315 34682
12845 27532
13151 31022
14404 19531
11755 36011
9681 9823
45 26335
12407 27306
6999 27883
32953 43048
14518 23016
17351 42840
10522 39486
668 35359
12389 22004
33309 37233
2304 36438
10896 14063
4271 19372
2937 31655
8207 18312
7071 28136
5577 32590
147 22266
39303 40136
17640 18218
6898 27427
17751 33510
14276 27051
13281 25968
4200 24043
205 9412
10300 39265
8752 17065
14154 39893
15537 38806
1652 35879
10762 39296
12179 20100
26375 26861
2526 19639
4345 17227
2988 3485
805 24868
15479 42019
13567 39544
588 7083
18125 27685
18987 29178
33479 34769
14202 25008
10136 34323
1039 39035
29953 41554
1987 35576
4285 16395
25616 29438
8813 19411
33098 37521
9025 37761
18741 19323
24646 42937
1291 32840
13358 17678
35788 40263
13907 18674
7018 11105
14576 28632
28936 39931
5030 15990
881 25802
22023 29524
3884 42065
34464 35514
28177 34429
991 12576
3107 23714
32676 34795
7959 9858
7915 35415
7808 39490
16855 24835
4841 22884
28367 34526
22675 37034
29876 42246
7883 42293
10277 23574
480 22425
7977 14601
9583 21665
7130 11696
16797 26550
23390 30371
10082 20854
1273 37522
30676 36822
24136 38297
19104 25390
28355 29978
22713 27877
29287 36374
8529 14525
33958 37224
27640 37580
5599 26067
870 9963
18252 19108
6388 15381
5014 43349
11931 24828
12504 26410
16437 30337
26960 32344
13274 41146
699 19880
513 17246
312 8854
32184 42977
13185 16945
22594 26091
13546 13726
24120 27564
21248 28723
18824 24410
27653 37411
25091 37298
357 13700
22505 33189
10314 12852
26970 38135
7417 32448
2201 10564
21675 37835
14969 17141
10252 33851
17644 22793
6712 43212
14167 15138
6078 12307
5952 26720
28090 39105
5847 14626
5417 16762
22090 30880
20035 43403
1250 40520
1997 28669
19462 39569
5853 19544
8344 16973
2261 3640
20645 36916
14035 33488
22476 25439
20020 36864
36422 41851
22567 25557
1015 18931
6905 11712
30689 38696
5347 24287
13688 32626
3315 17546
10228 28919
30403 35858
4189 14138
15093 33018
19422 26557
12402 20225
11857 15995
34509 37461
12678 38590
14726 29060
9692 15326
3944 37904
22752 29659
5809 38843
16485 28260
34017 37938
22524 22827
30347 33455
14408 23274
12260 39016
6121 36863
13907 29896
9819 24900
20300 31377
8101 31336
34202 43353
5610 25801
2283 4688
17179 20720
25520 29059
1334 20754
1528 24003
20515 42296
17485 40425
12041 41537
27597 34984
21773 31711
26530 36277
11861 14774
9686 15107
21032 38092
15339 20750
14407 18326
10605 35793
35080 39505
23134 33494
1558 33452
26916 32556
5281 31345
15458 31961
4347 16952
9330 17165
462 18731
21516 37158
30631 40165
567 7413
30352 35088
26446 42406
11177 24880
16732 29426
5111 34317
3545 7404
13287 37893
16930 21305
37621 39680
18879 27045
7585 33297
2696 43299
736 14769
9663 31311
4725 34281
13342 18352
2841 26684
5972 29169
5492 22116
5318 28379
35447 38925
11157 36656
5789 19104
13256 24435
7107 42505
15727 43089
14039 37124
13623 35748
959 40074
12928 19651
22134 37328
2062 27858
24420 35291
26737 41427
34815 40496
17602 43403
8198 24987
27532 28866
28292 32526
3227 6317
39225 42510
6288 8063
12834 31508
28067 35791
16772 26357
27110 41416
21234 42117
7943 34267
22819 37781
4139 19416
2202 17665
3040 7430
36297 42047
33720 36738
11034 35101
26677 35118
11624 31934
2763 38643
11235 29907
37098 43264
18952 23335
18764 29700
35954 42647
103 24409
3559 4053
25200 27121
1561 24435
1785 21699
26316 36832
39724 42049
5664 32183
23773 23937
17998 25444
28691 37496
3803 28707
15869 28404
22383 25708
29547 41618
15099 42715
19360 25008
9106 40387
493 33612
17362 24479
14387 18343
1838 29789
397 14656
15983 32855
4699 5086
2984 22373
26130 33794
8606 32113
23530 37361
32940 33900
14719 33045
21856 34300
29619 37707
31642 32816
5696 28846
23691 35774
23312 43325
16051 34652
14917 28307
20055 25425
17870 25824
10523 17377
18518 22073
882 24123
6142 14788
31504 32293
22689 43319
17260 20388
32894 40321
21845 32606
20829 41034
3405 24473
3074 35256
12339 39742
37516 42218
14881 20921
12301 29836
24205 40317
3485 25176
8595 23444
15964 27486
1965 34825
884 25108
30314 31681
2779 8920
12518 31756
27459 40391
729 15371
7629 39314
16403 21117
27941 32029
2595 29744
5728 25886
18417 34422
2896 22502
5040 9270
6084 12689
9439 15848
30902 41650
376 23362
6302 11636
3725 37818
7215 11566
11540 24611
725 8432
21715 31570
20991 25123
9048 29963
8453 26370
31145 31205
16566 33539
20915 31894
1783 8524
9606 23316
8561 24368
33036 34496
3152 15675
30878 34998
3920 36192
35537 40749
18944 23362
14076 34241
14379 31798
13439 35118
25961 42228
2147 21229
4520 16185
17542 42866
11147 17338
18758 24111
20784 29317
10735 11917
10942 41257
12107 32171
8933 18470
19155 20549
38906 39992
14029 24222
231 39199
11378 12548
13170 19802
7221 36994
12451 39528
18237 35901
21135 22377
10046 17707
24106 31777
5167 40505
32579 39481
10959 22363
17068 36917
20781 34122
18027 39474
13934 25274
11897 17435
28462 30522
7525 12680
250 21105
699 20177
10106 13035
37302 39740
15339 21502
18616 36836
37448 39565
26611 41532
12696 18017
16639 30768
9390 26828
23467 36341
18020 22438
22293 43429
3755 11376
12045 43347
31119 34255
3732 14398
358 37038
10247 12112
19891 38094
21560 35149
11283 36581
13559 36300
2818 20070
13645 35320
15789 22088
8041 27849
3214 36285
10243 18759
18195 25071
388 29683
32449 39384
10601 41098
9286 11552
6599 41538
31463 33691
6336 19436
10866 21367
18654 41800
11929 24274
9332 40944
1542 17432
9776 29092
19697 26335
15956 32000
2009 34611
16947 29177
26418 42399
9361 33014
1026 39015
3908 9497
13846 35202
15302 28766
28871 40502
12461 18658
19150 33521
30146 31776
25547 27796
10580 15496
14096 25928
4003 29921
20262 28938
7498 15155
3379 42337
19264 23420
36182 39843
17892 39383
7747 36770
3931 34182
24371 37440
11997 30982
17825 22885
8354 28322
1579 37070
21968 39831
2909 37877
32773 34354
16017 21699
9812 34764
634 6303
5117 19934
4194 37975
9138 17292
2369 21159
22525 27856
5021 42857
37555 40670
27409 42585
2805 30357
8681 19268
14856 21078
32667 36587
3171 41260
89 43363
9108 39492
7227 11255
7603 39650
6574 33321
35529 42065
21625 39842
5122 21217
29689 43177
27962 36318
23807 26902
24610 27226
12225 35131
4758 34526
8982 25797
15492 39197
16975 39280
31958 35309
27763 42524
34602 39396
23644 31799
11937 38636
4211 19081
19807 40974
18467 19477
2726 43246
36496 36569
800 19962
257 30300
38727 38797
7614 40189
19130 23204
20153 32162
3764 8189
29604 32674
14546 18004
34769 37065
4570 18610
16426 28111
10994 30546
5462 31057
7347 27013
17945 36519
9099 40318
30684 42166
41404 42243
29415 39568
5447 10777
17727 36067
6698 38618
12444 12961
20531 42321
13114 37107
12983 35870
12045 35321
29101 35436
6077 18528
14256 24065
519 21790
29895 37926
12413 21195
3664 17757
1636 30383
21030 34313
19763 34986
1969 22864
25012 37570
21137 40037
33112 36398
23609 41388
1085 24803
9192 22358
10864 29510
6816 12801
15274 21725
2532 3729
16567 21684
1431 22407
19326 32137
28144 35180
17045 19242
2568 15437
1950 20528
5251 40420
7717 23267
31290 34755
4640 29686
27912 38028
18137 39856
6471 9541
3458 9529
32236 41988
22867 41286
42776 43410
14876 16552
2730 28977
29231 39585
26401 36836
18208 20259
14557 19990
427 34228
1856 6721
1426 36184
18546 20254
13604 26488
8208 21410
20293 28519
20003 39303
19828 25716
33568 39808
12833 42826
890 16175
13568 29460
11816 35568
14229 20309
30594 37280
32958 36846
2868 11541
35688 38987
32966 36707
17018 35862
26137 38079
17763 34518
2397 11367
39624 41145
17639 19176
22852 28711
40580 42465
20706 34700
11627 14354
36624 37396
8812 43374
27837 33666
10630 25276
161 3318
8529 19896
9661 25414
3539 22676
3630 16378
10068 23294
14931 37146
27166 34400
8491 26959
27557 42135
19379 39452
30337 34217
1504 2990
10361 11623
1709 42083
15560 25232
4666 12924
16291 23990
12984 23723
27792 31048
8361 40068
170 29044
19029 31876
26369 35180
25744 31156
25689 35421
20407 30445
14950 15854
12049 13831
37190 42479
1247 5993
32558 38551
20984 31954
8758 22176
4657 5641
24899 42849
24581 37844
17412 19146
5071 33739
20713 22042
37135 42957
12770 35441
343 17079
10466 38592
10382 20205
478 31267
21381 32529
12750 42144
12357 14334
10750 16659
35864 36314
25573 42012
25029 36664
3210 5373
3366 12302
10538 34681
32222 40480
20132 27365
10064 34798
13330 22424
4966 27687
9715 15396
2304 19796
19031 28515
26964 30613
6096 19546
25047 34210
40033 40336
19488 28202
13457 42386
6581 14111
16645 35017
25680 35843
34391 36545
5746 11031
34573 38279
15676 21569
12667 20767
9797 16145
2932 38963
516 7184
6750 37682
9373 9401
20229 22171
31608 40378
16256 27513
1968 41165
15089 36526
19814 30065
12623 38373
4558 16908
2779 26855
16952 33632
24844 39893
9882 38325
21150 34824
6820 10313
16537 26974
8289 15416
29532 35994
22360 40410
2792 32917
9593 39885
16563 42158
21501 36744
24515 42054
11205 31710
1690 32711
326 20242
568 32607
11996 30519
6377 13126
2021 33979
32606 34188
26285 28611
21238 37273
1679 11584
23302 42771
536 30817
17745 31174
12337 40611
21258 37925
20845 32094
30315 32848
3642 35689
16941 23243
11469 38357
29007 35772
20991 24749
14628 17226
16922 42626
17795 33920
10469 19934
790 39220
512 20782
9405 32078
32438 34954
7344 34233
1895 17251
1346 24391
14690 34319
110 39461
20524 42252
1853 19469
12833 37967
11090 38711
24782 34827
28517 40459
29840 30461
937 4157
29058 42503
2926 35145
17554 41563
5942 31456
29538 31062
19903 21381
3256 27143
2638 28262
11004 14966
9300 21300
19431 22325
26987 39217
3253 9876
13472 31659
14480 32415
556 10100
21281 33721
13791 38020
11154 21326
14658 20609
10871 22923
12714 16933
25120 26312
8657 29717
4596 39376
7022 36410
449 6446
11137 41509
661 28960
27827 28469
9708 19031
23639 25521
9410 18606
17156 21114
27783 29860
11871 28672
18318 24754
26452 43380
4215 8358
26380 27262
32159 39460
1271 1535
14254 15456
23941 42074
15987 39099
26959 36014
4635 20995
4403 15010
31179 41129
24799 33437
20711 28441
4613 37451
10909 30920
30905 33198
26765 36148
12960 15245
11385 21989
38629 39094
8762 23852
16024 27997
479 21907
3463 10601
15172 16642
3413 37841
18838 30051
35826 37579
20957 36202
24966 34489
10893 34709
38143 41271
2503 9512
9105 37962
12862 43353
15171 39048
4018 36645
9669 20742
22621 25716
5473 11490
5201 17218
5877 15515
2640 33545
9445 18755
1318 33565
1679 39960
2955 15621
811 19239
19435 42176
499 31018
29533 36837
10857 13710
16648 21007
13679 41481
7574 13837
14127 27119
5232 15750
16439 37637
7187 15828
969 6966
16275 16480
3720 7732
4411 25585
17819 26638
30915 40436
7680 37803
3834 8019
23215 34345
788 22611
9652 23555
27999 41488
5495 22926
8248 13185
12380 29033
40017 40205
3283 26575
21079 30664
10337 39873
7249 30642
18325 42432
6225 27875
11634 30906
27379 30668
9709 23308
6949 21490
34065 41850
17124 32613
10243 40211
3318 30733
8622 41884
21776 33221
11422 17437
19403 27153
38026 38376
2961 21047
12973 17654
8066 15773
5434 42248
7753 36187
15038 33176
6990 7154
4268 5628
24217 29028
28453 30704
9993 27389
3315 33818
4645 34625
7549 40329
5774 32490
1754 7249
4237 33110
21150 34637
12963 34844
11036 43415
14656 42873
1258 40064
8095 41027
9212 17375
679 32251
4326 41446
26823 28100
8987 31028
19264 23180
30203 35453
9925 10077
31395 34606
7198 24422
298 35942
1851 3021
6833 21291
20580 21810
19441 25701
1429 12188
6208 27655
1412 33684
10481 34094
15234 16849
30443 31126
2227 41215
28674 41037
7799 20855
31570 36300
13846 36251
23462 39274
11979 35239
12135 28582
25091 32012
5623 19273
24708 41107
3482 12774
19732 26789
15412 22224
8316 25696
4941 32650
24452 40363
20133 36932
149 27309
10891 14902
15752 35097
1510 10433
26552 32686
9107 34304
6737 9286
11640 26509
21680 33243
6447 11964
29973 34186
11646 21601
17667 38220
9880 33473
15542 32254
38578 41817
33332 40470
5894 8782
3750 36509
4110 34600
17987 19916
12475 30693
16589 30494
27941 34046
6173 43071
19887 20287
3344 14129
12042 34783
28313 39287
418 22407
25916 41493
6746 31629
32496 34721
4777 5989
453 41841
11873 31564
29476 37702
24815 39260
19580 42209
22581 36734
1194 38843
4196 7929
4207 32439
9522 25255
23713 29420
5345 6446
32616 43124
8683 35265
8479 20748
15381 34938
11166 21499
24027 30519
26047 26111
5643 15148
2098 28861
10395 24096
23705 40856
18362 31440
11429 40568
3696 9454
10752 12999
14337 22070
28211 43332
9041 18916
1380 4674
6077 6745
3918 39102
6351 19557
1930 2108
15833 20136
7165 7238
13506 27245
25026 43213
28397 32353
31533 39346
6403 29546
25157 33116
22051 41241
30277 40208
15952 27183
28071 41982
28009 33934
5466 41273
6257 21615
23876 42027
22168 22578
7564 21472
30705 38965
25421 30910
23027 39049
4245 8356
30883 43401
7345 15692
34347 34984
20037 21493
3926 8576
11587 24538
14317 30843
9913 10335
5898 31481
8205 32765
14599 29775
15628 24992
12050 38757
22210 33542
6748 14655
4043 18960
2534 17656
4270 19905
13654 15223
28849 40182
21447 36000
36982 38958
8066 39022
24988 25551
4864 30443
10337 31981
2543 22845
7971 16504
25420 37259
21153 38936
9048 9483
4256 10558
23694 38172
9199 9652
1566 17615
13940 21629
11880 29836
13979 32137
3608 10522
23683 24427
9300 32335
22889 40404
19054 33602
28455 38723
4860 14644
11262 15679
12825 32495
18214 33396
9644 28203
435 33640
392 21670
35653 36659
10912 11136
7418 40090
11093 32085
31005 33726
10912 33767
4487 41608
7327 43355
15613 36711
3961 32867
1193 30996
18928 38751
11141 21926
32818 33162
4559 38451
22439 43177
10390 42703
5915 23675
3388 42804
290 12883
40575 42389
11248 37449
14189 25315
27103 29243
27241 28453
19054 29414
21913 41791
5581 41707
15175 40807
17322 31256
19325 27433
1879 6195
22793 32721
256 18375
905 37480
31879 32546
23632 36674
11204 33363
25562 29340
5832 33597
4179 20271
18365 26344
19304 33911
7253 30358
2335 35458
9825 35323
13058 26973
11622 12184
16139 38231
5893 24424
7874 13672
29187 42913
9341 30780
38019 41690
7753 15597
1271 34046
11323 17220
19923 39783
2992 13541
7829 34840
9300 26992
2142 36002
28036 42256
17878 30548
2438 9168
702 10891
8134 26027
1319 19161
17304 33659
33109 40642
13707 23073
2879 26846
11282 32091
25206 38164
4380 42784
25489 26209
10334 20274
15209 35449
9207 12656
14032 28468
3278 39360
13130 36244
24622 35669
30224 40815
5919 37514
4700 26924
19692 30586
2753 31810
20308 28640
9191 34754
1731 22488
25827 41665
7345 21787
15822 24537
23402 35407
6906 12291
3329 17633
1987 4923
29135 30456
32381 39307
27168 33936
13970 19861
32675 41474
14130 21836
13726 42132
17366 23583
29982 38434
27154 29342
21704 34581
9072 23169
9949 29858
30453 35575
9082 17441
5017 43196
26710 27581
15891 24492
34240 43060
8523 23112
33002 40529
13291 33694
8982 14766
2744 24685
25945 40731
3065 27709
7387 30657
42 20593
5540 7666
4825 28100
10735 28673
4460 23249
28804 40276
22247 38364
5779 35009
8276 27557
9545 39954
34937 40140
1054 39026
8233 14089
27372 32776
9018 40437
21156 42454
26191 28305
32302 41242
9323 15409
6177 35055
30163 41986
5556 30241
15082 43170
13921 29552
13411 43036
6407 26849
7817 36253
8723 10691
2733 18460
29626 38748
24962 30209
2443 26800
15020 36061
38089 41600
29230 36304
19549 20054
38118 40840
30463 42628
28607 30663
5371 18568
4073 5433
16081 26063
26977 33536
10482 25352
15740 25770
12819 20651
19563 32003
14843 36364
22773 36501
10435 25536
21265 36331
3757 28767
2398 24024
1362 21220
1378 40412
19007 41355
11143 11478
9261 42423
1437 11945
12836 39664
14301 22202
2254 9723
8457 40908
16428 41046
9316 18910
1426 11032
31457 41392
9529 26373
4088 27002
8115 13063
22814 36660
33170 35521
4659 21341
17128 22209
31754 37414
22604 30434
23650 34680
13760 26170
10228 27313
13614 24655
24871 35517
7479 11132
33284 40726
2067 3831
5812 18287
909 1064
7777 13418
20047 38774
8559 34395
7946 35858
1448 21529
12785 13661
5573 42622
27722 33666
4132 14657
2472 34095
1909 3430
10493 40012
21316 29479
26415 37192
23800 31591
24766 37571
3579 25970
8013 25187
576 34782
8515 19921
28681 41858
24060 27731
36427 40188
24958 28881
8069 32666
7414 11272
9446 10631
13664 21335
26814 28014
14753 26217
5823 34287
19618 40704
22201 28300
13537 41939
7629 31613
4523 35574
17832 23816
11758 36610
5708 40164
18132 39569
17735 23883
5275 19371
4146 19786
5163 23102
26614 36247
16344 26018
3745 4166
9787 15246
7760 16231
22664 32878
19089 28467
7220 33256
22366 30969
3193 4592
39688 40837
29255 29678
7002 35248
9363 26969
14740 22383
9364 40403
4701 6425
38020 38722
5008 16933
8629 25661
1882 40429
33282 42477
3892 20027
32998 36302
855 17177
2143 40204
7293 21841
20401 37154
13134 13949
35215 36380
25908 34112
7653 21595
19134 31219
37824 41412
19564 30803
25537 42278
6421 12463
9671 9944
25346 36294
2086 27777
10672 16699
847 19918
29430 37384
22493 23173
1483 14652
30350 32631
36000 38003
4832 29108
30131 37431
31602 42415
13423 20094
24544 36545
14854 23959
16242 37768
36042 39168
3961 20921
2336 28302
14364 34123
9335 31313
13695 15305
40536 41819
30499 30660
24526 36124
26899 31080
14708 29210
12710 35097
6608 40181
27447 31070
562 18779
7788 14599
1539 1728
18695 33750
6738 11365
23361 36508
13274 18816
11863 14637
16260 33220
9188 37278
481 18790
38668 43214
4143 33743
30361 33705
2452 28261
3969 34344
9264 12198
10053 23204
12770 13806
28543 37281
7762 36948
23920 28743
1017 34985
2180 35652
7778 7845
12567 38552
18476 20995
2999 10845
9572 27977
11328 15417
9221 20580
23372 36458
9010 42991
7739 33931
22140 33742
21375 23322
24230 27629
5273 21256
28892 30645
8778 36225
18386 35223
14141 35905
291 19955
18093 33658
188 1518
6854 36399
2516 43306
849 34246
689 26417
23863 37634
25318 35669
19406 36713
1089 29734
19404 40050
6268 22689
26154 35941
13708 27917
17369 30594
986 15269
1484 7632
8082 9545
11130 24827
14443 39626
4382 16739
14021 35961
34110 34266
9556 28763
9016 16741
1933 41386
32831 42284
11565 34554
27575 29669
30311 31093
32843 41355
385 28076
18404 28982
6256 40772
6213 40136
4406 39175
12918 32312
8544 33146
11827 26603
14380 35490
16526 29501
20705 36867
3297 13669
40916 41019
941 15876
17253 30769
18817 32534
9968 27172
17225 35137
10023 27633
22591 41504
30752 35912
8232 27397
3030 38400
33799 34754
28936 39561
19403 29625
19478 26766
16161 16729
11955 30171
13476 37716
20103 26037
13778 35048
30952 41046
5872 41132
16914 20349
5281 19753
30612 38911
1101 28000
17386 35620
4336 24449
27756 30969
2433 6222
20395 24344
22606 26886
4788 16622
4384 6181
28581 28608
15714 38267
20358 30878
7527 11901
14049 23618
10741 41216
17932 28182
6882 27412
14677 15081
13951 41742
17152 32945
23110 28082
30183 31042
1904 7571
6420 11516
23647 33390
33915 40540
28015 40655
12146 29715
8195 41986
15083 28951
23037 29674
26617 38401
16106 41881
35574 41788
18881 36817
22486 23909
27706 28007
22230 35997
32966 34133
7302 26843
2730 30136
17953 33731
10904 22497
26495 34624
9239 36895
5568 26360
12553 25501
36862 41753
10981 39898
9023 39522
588 8136
14839 18768
2228 35752
933 22134
10198 22456
182 42911
21039 27024
34569 39586
5274 8328
19557 36211
34985 43436
14179 26077
5291 20575
3942 39151
330 6565
3893 13625
28441 34589
18395 23122
20180 42983
7361 25329
19566 32732
1099 28438
12733 28478
26354 41158
4331 29285
434 24823
2054 42173
7841 22933
11261 33657
6124 19236
13434 19665
30219 41386
7748 43121
32762 38251
27782 42473
7150 18851
6713 15844
34239 43215
5323 43279
19761 26942
4574 20560
789 17817
26239 26309
16568 17163
12177 24998
13537 30343
32277 38179
36231 40731
687 11124
15393 35892
22995 32780
12575 29208
31284 35479
15148 43443
16668 28132
25527 34182
17418 22968
12669 28843
8261 28595
32352 32876
13798 17848
34485 34761
4369 12399
15566 18292
31513 38722
26407 29276
8839 42572
25893 38854
11091 35289
22034 31466
14026 33890
21280 34976
12407 25810
5405 14422
18398 29785
2574 26724
4440 5634
12443 16607
9144 33759
22410 25337
39978 41088
23989 25128
30843 38338
17853 33634
12177 26287
1187 42564
3536 28798
3025 25842
10596 23417
24731 37816
194 237
14509 39901
26472 41163
19403 23827
7847 29113
15030 37129
30777 31110
3441 12696
18211 30309
25444 37688
795 40993
27271 39301
34356 39612
25170 40337
4183 16716
3582 23666
27006 29204
14206 36867
20268 32384
35276 39023
9967 16426
35754 38833
26814 28445
16966 19437
14069 42231
13498 43196
23285 29105
551 28740
21144 39602
24580 36307
5283 9864
23220 38509
1934 5207
9513 42270
6478 40247
24248 38951
4089 14987
15016 24025
5115 37048
4800 35724
30070 34981
3669 43448
1913 12439
3080 43053
11964 21052
24482 39532
36521 41570
9788 41162
25358 34507
13837 27736
29898 38846
20917 21287
78 42641
19017 30715
32375 34125
3289 15284
82 12023
7591 39457
2970 29302
5402 42366
35147 40841
2924 4983
12513 35230
6245 30977
13703 40164
2468 29815
28206 39528
4528 13694
18798 20404
2625 5855
28389 40144
16999 33856
19930 41383
6427 35340
8235 31049
6595 32672
2261 28963
19247 41326
30233 35695
21047 21868
16296 37496
23664 25852
7308 21210
25919 35082
4153 5307
22378 32699
13436 29620
5227 23652
39025 43152
12345 17495
15735 31952
11713 16464
39930 43194
32597 38617
19861 40623
1503 23255
21270 42477
24502 24857
22868 39100
19869 36542
5838 15296
23752 25268
2642 30129
1172 41585
14159 40164
2189 37731
992 21238
15105 29462
25576 32999
21889 22685
1314 31088
14880 40863
24188 41821
30260 32364
7529 42096
1727 40302
17608 27093
18120 39319
17475 40335
26381 28673
2626 3181
5934 6494
6318 30054
3092 30715
6 12697
24050 26022
5901 26733
5705 23411
25021 36510
24565 33261
21686 40419
29377 31872
2777 28610
14638 42619
29444 30650
7313 17746
8278 13702
9763 39495
6059 29012
6168 8768
12108 32403
1543 3567
17310 41557
22976 37828
8892 31308
8598 16309
10654 17974
2189 7879
15299 19855
2332 41930
21617 24225
10483 24508
5155 5601
31215 38720
13877 29847
5579 22144
6344 32564
13214 15008
4691 24156
1812 39420
12139 30935
4945 27456
31321 35174
16498 33950
13490 38446
414 28306
31071 34245
19994 24482
391 41154
5078 27985
15661 34207
521 25170
3140 15429
3561 18869
17779 39941
8649 42261
35273 36495
21280 21957
20213 25724
21301 41493
34880 37732
10746 28651
18022 30250
803 16373
26841 36147
14818 24254
13722 18201
6679 34331
36152 40786
5595 23377
7529 23921
4754 20317
14264 36685
13765 39970
2707 30449
17812 27407
23522 27168
1912 10738
5170 25830
2541 34883
20397 28635
21432 32500
9809 39974
9824 18405
30587 38346
20109 31386
9677 29497
10695 33193
5509 43231
22233 27301
30264 41076
10655 36992
19676 25088
6383 14159
20885 24410
2408 19428
23252 29909
25418 34186
12721 21625
10940 17913
2851 29797
2164 39447
23299 41998
6290 31903
2800 40597
755 15901
39102 41738
11675 27178
20917 42792
2714 19885
39318 42302
40753 41405
10962 18611
13174 27205
13739 14182
2934 6827
2976 22514
28049 39916
971 17596
12824 16246
5072 37349
7046 15792
30018 36482
29916 38649
32101 42222
6439 31595
3387 18823
4921 34901
22053 24458
8501 36458
3177 12597
4434 25923
16442 26396
28196 39562
17170 20719
23630 32312
11476 16738
11835 32886
13719 31061
27578 31821
653 29745
22048 27497
20991 37614
22999 38107
15847 22022
7841 28491
7140 34271
13533 19567
28274 31524
5810 35184
22329 32620
37819 38279
54 36741
30370 42387
25570 33021
25413 32283
9092 26726
36073 40977
11742 42871
21128 42988
3316 7629
12742 33940
28299 43073
13725 16704
4653 38654
35396 42455
35859 38015
25061 27667
6743 33295
34927 40664
8866 19186
11961 30342
9260 23277
2147 22416
5594 31745
18584 36257
863 33473
3696 15390
3090 22750
14722 39151
27855 39245
5774 17568
1970 9887
11240 25105
3292 38160
581 15101
3062 18450
17375 25796
34100 40104
6029 31858
12050 14194
5406 19801
17745 34374
8905 18740
12786 25887
14145 38766
5994 7893
5911 22942
16655 36437
7041 10829
14845 25379
2953 3389
6025 19257
22772 33324
5600 40204
1237 35003
14289 28315
24282 27124
12845 33822
17922 36114
37221 39218
21531 42573
28861 30637
35984 36158
1651 18778
7105 14412
11398 43195
36271 37154
22153 42327
1312 35527
12086 30737
11644 27386
18827 26542
16125 34528
35619 35656
8441 35386
11710 28945
5760 33861
2255 24527
19920 20963
22355 35264
29798 40201
160 31235
4662 40944
35316 39792
15949 41657
17195 27275
15142 29291
1338 28238
7228 41930
9038 31296
22140 32831
9080 9830
2467 27042
18275 29570
27669 40128
10926 39012
16378 42679
13137 27002
3042 40748
132 10878
7006 40016
10638 35347
6017 17056
5893 8884
19622 33175
9493 41675
18621 24730
5406 10486
7427 28934
21877 36743
9917 38970
23191 40989
37079 43433
14435 32408
3374 16762
7797 26932
37583 42966
11130 17500
8799 32569
28680 32645
66 4000
5863 27327
13371 36631
7801 41576
1677 10684
20655 43009
524 1845
12565 12789
10647 41825
4222 4377
13646 29107
9788 30989
11088 38535
11911 38602
14301 24837
17965 40617
18846 35936
11541 26991
20438 26163
18631 35782
25848 36212
8403 41994
917 30005
28682 32317
9209 18480
10814 20246
5360 5364
1076 38171
10947 29635
1490 37222
191 39700
7722 35402
5593 7063
14509 32306
23089 42159
16882 23098
19003 25158
18430 31712
10259 22064
118 25077
25895 32244
19123 30178
24589 35995
5862 36500
6309 41915
1770 40430
18138 33755
4196 37464
32167 37370
23207 24852
13959 19781
24542 29009
15275 30304
6195 7104
24715 33101
1161 4859
6638 27272
11581 25612
7431 23710
10079 18871
19490 27878
3611 22666
754 30549
5592 26409
18076 37199
12606 32172
1107 37992
11815 24503
16197 23530
27149 39980
20152 24964
602 1081
16711 17335
40380 42117
2839 30673
7426 30132
3798 9845
7604 43236
4944 42588
19850 26319
13635 27362
28445 39678
3178 33522
18631 19112
15265 34288
36646 40278
32678 42554
21811 40737
675 8914
2734 10096
20577 41358
10544 41430
17249 40022
14964 38497
36087 41977
17026 39196
23412 23513
20786 28111
17257 35187
7026 43380
19353 23419
16677 26210
5101 32564
5982 27883
20552 21299
9752 20704
20489 35472
25054 31762
1724 38691
8660 30800
10702 32567
7458 43010
18185 25599
25760 32153
11280 21469
16310 38467
14356 25967
18627 42159
786 3618
12824 16543
20155 28429
15807 25014
20235 32330
29269 38381
3559 26774
19516 20565
28190 36661
18256 22217
4384 37245
26022 36475
1298 12811
11842 38326
621 20705
12416 41042
4818 11873
12857 29673
13204 40334
2660 5959
16711 30301
17810 35871
12716 15670
14753 17093
18536 27869
10496 29092
29671 36856
8815 20888
42093 42796
11867 13658
7835 28973
18509 31149
11366 25915
10213 29908
666 20074
8214 22361
117 6246
3347 40258
3412 34991
30251 39767
29416 42349
2605 26789
4766 23552
18246 38279
22822 40555
11959 33784
12334 32907
14819 20722
16053 23484
23210 33497
1187 25788
35610 39678
7482 30898
4279 9851
16434 27525
28111 35563
8740 13143
10865 41740
21127 24724
23412 27969
16670 38355
16411 24131
13822 38410
39658 40522
3332 19547
20664 40683
3025 26220
4261 42641
30321 37853
2292 14557
2710 14316
20806 36602
1175 34422
3390 17458
14155 27858
1399 21106
34939 42260
20708 35478
6274 40445
23748 39565
30830 33943
41516 41606
27020 41723
18259 39214
32033 38042
13063 22678
26669 34326
2996 19224
323 38528
16249 22618
11470 36952
30902 37202
11241 30484
9191 42597
13309 27056
12345 33954
7144 27654
35230 41096
1654 13115
24917 36455
21832 28461
26692 37878
292 20906
18836 25612
20424 20793
9758 20952
17387 17943
7188 10398
978 15949
22699 37845
1471 25681
15795 18856
12596 30008
837 43071
14327 17361
4715 34459
20364 28097
6910 42884
1924 21462
30204 42125
7148 10218
6679 34091
23791 32795
10394 41700
8299 32193
4432 7194
1117 34201
10001 11446
6712 33450
9406 39344
26911 40783
26113 34387
21586 32727
31789 32312
7550 17553
10975 28621
17084 32063
24164 36194
2237 30445
8875 34231
21154 39863
3724 19158
20094 40637
21276 35130
120 22842
1482 35238
6542 30945
33721 41239
4449 4515
28355 33182
9840 27154
26670 39758
8813 17488
7334 43188
4355 42760
925 24178
9467 34493
26798 42195
6184 34620
10687 29278
32848 32979
29511 42669
24670 26324
2727 30430
12326 34038
14909 18224
2966 36862
21880 36183
1887 27006
6793 16419
30272 42767
8983 14674
13413 18845
24107 43365
40456 42864
15102 29384
877 7141
14959 27386
38998 39805
26269 41292
14348 14400
3550 4052
32098 36049
20945 36090
10660 23109
9135 31660
6102 19130
13839 24322
10048 27426
81 27586
7764 8598
17937 25310
9185 11775
3890 26751
9657 27046
37999 42171
18312 42900
6855 37834
11542 18249
19573 32024
8648 13233
8158 11154
1628 13317
6061 32311
5015 28065
23801 38720
20828 33411
17433 36515
35017 35995
11151 30112
25307 39726
20540 23330
9675 11760
28733 28765
25233 36771
1741 14133
21549 29946
315 1752
15602 40795
14043 37684
5119 20659
39423 40519
14788 25760
271 3143
15476 33516
15743 21028
3910 29446
24723 31946
13960 43284
2892 33075
6534 42680
2662 23753
2986 39126
1622 34039
11708 22459
5735 42475
13043 30780
29154 30865
8053 27144
16489 29893
12297 39069
13211 30364
17323 29530
4548 11394
17166 31798
19640 29058
16070 25745
26904 29334
1465 32520
24321 34568
21730 27109
1133 25365
15747 31885
5090 23462
15703 25951
25518 32567
16724 34082
16027 34908
36918 38819
12137 29173
1149 27561
12050 37098
26203 36053
923 25528
15156 20305
26416 37100
8438 23171
5666 19084
25609 26454
2781 40949
3946 36027
13308 31586
8330 39853
40962 42173
41375 42342
3017 30868
18170 22390
4319 29627
12873 35041
6917 10149
767 22921
243 9180
25859 40565
13189 28107
31098 34325
13388 35672
13605 27793
5961 19382
26359 34472
458 18379
18747 38616
28212 30890
15274 15988
8624 42178
8983 10031
10323 11526
3045 17990
2324 11060
13220 17779
32288 40198
334 23978
4568 31243
2928 22286
3339 32208
7432 37548
20297 28028
17324 22719
10205 38073
2773 16521
18330 25846
2067 21957
8018 30475
4135 13833
6006 22134
11265 38238
5971 27775
15621 42460
15940 19582
2335 19678
11641 34553
8653 12906
11724 29892
27689 27708
25705 26111
4923 5174
7487 31189
9146 22638
7898 41111
19524 36564
19555 31713
18084 26729
39033 39478
31377 37658
5166 17175
4821 36388
24200 27178
2539 41550
23138 37705
4917 5359
7174 42743
21695 21745
24129 28466
9860 31780
34739 39517
30874 42672
29894 32098
37980 41608
33534 36904
11366 43366
26560 42059
6480 19142
713 9987
5929 25455
21305 42878
10843 26063
17874 42353
5856 38940
23903 36232
10380 24087
18865 38032
3682 12144
24385 24864
7250 14630
14400 37250
26255 32563
31519 40343
12108 28138
5464 12294
31194 34167
20254 41671
7933 40701
27506 42876
1455 36638
14815 36711
12344 38968
8705 43432
24717 33712
34287 38080
5564 19291
6312 30296
18005 25281
8080 36964
29639 31929
8335 18989
27883 42045
19336 23280
9764 19775
372 7600
10998 14458
9531 36011
28972 34095
4074 15004
11708 16311
25179 38846
2851 39169
25924 32584
5009 25835
16814 23505
29720 29824
9379 23347
10042 10859
15291 22303
3463 37481
4867 30855
5668 9441
5657 19640
14808 39862
27390 43051
12987 14120
10416 16927
6603 20272
17609 29603
1388 7658
23713 32701
1225 24633
23 7796
10648 36683
32434 34091
11243 31608
18936 23696
11441 22733
18381 41379
18994 27084
16446 23459
20313 34872
10898 33825
6037 43431
13919 34452
12817 22195
10062 24693
14931 30254
32119 36150
25452 31434
14222 19177
6948 27258
940 15762
9481 13801
270 31243
7539 38279
27174 33196
5898 30440
12718 31988
11383 23667
14482 14563
27981 30286
33500 35175
3000 22272
13448 43353
2853 29392
34385 43445
10277 16337
6393 33802
16577 29927
17754 30492
14502 32184
35062 42906
3524 39396
11034 14064
2339 14804
13491 40956
19412 22470
26290 40238
29767 36944
20008 28917
7216 16284
7939 41754
11267 30258
16007 39381
36449 37804
22953 34652
83 32706
18968 19955
24797 27544
5992 8733
4619 35583
12513 40227
19504 28825
15201 25927
12206 32348
18137 20966
27989 33156
11393 12088
16020 40747
5461 28695
632 11421
34089 37044
13969 26594
25405 38919
7305 23307
12086 29021
18151 28219
2593 41115
7701 37802
26961 35316
11746 29330
32704 41633
22110 43358
24741 36660
23731 32071
22136 25331
25542 33905
6788 19755
15545 37606
14400 21303
23329 25840
26823 32349
9457 38424
2080 12607
12579 18192
4664 16643
32419 40868
26277 36754
9696 30304
28025 29938
4740 35886
9827 11539
26087 30214
7490 13796
17086 38798
5170 22638
17833 30919
9994 17314
16328 39156
9545 34457
36630 42672
4365 22618
23457 35043
6644 21854
21552 36957
36820 42015
26652 30373
1611 8722
19365 21445
5139 25395
13179 17002
11307 22062
11739 17555
27295 42493
320 37856
11684 40479
8746 29529
17103 20843
3363 4499
7817 9064
3323 7352
28397 30052
5273 15946
11239 30414
1753 30655
6764 11948
24850 25410
5471 24040
38426 43043
25090 26560
13494 17952
23163 28715
11670 17576
6361 31156
9289 32558
28721 28836
8019 35966
26474 27603
10590 13911
23354 33386
3788 15386
312 28704
617 9338
1093 15683
13610 18285
11289 21267
16944 27737
32021 35479
25455 42149
12442 39905
5729 14068
2614 33027
1883 21437
19415 37531
6181 19827
2997 33731
243 21370
7994 19290
27279 39492
1521 21987
2980 15068
20020 24284
28590 34395
19132 26296
13596 42149
507 14246
3854 34291
6341 15763
8771 38580
871 9046
18348 19017
32141 34433
9243 9528
10035 37609
27514 41237
7543 18078
1775 13394
24744 25899
22613 43308
6659 21707
10298 14799
17785 36058
1504 16314
5247 36551
7878 32297
9506 15765
4967 19006
1258 8179
1548 18306
10178 27714
14267 32346
16548 42797
14420 22008
5514 31418
8899 16292
12420 34238
305 35588
1522 30856
680 34711
2298 23907
9866 35706
16124 25473
16999 41915
6069 22780
19375 42804
1991 29614
1446 7826
4720 17035
2774 14976
11847 33787
12804 25718
122 3077
5857 32696
23152 30353
31390 34807
8350 23782
13904 23030
27006 30981
41298 41614
35543 37946
27950 30786
31019 35803
7783 27872
9077 12218
5187 40980
19972 32298
1338 42416
15934 26665
14053 32171
19435 21513
16863 17302
436 18112
6881 19783
17870 37835
14007 31237
6842 7777
1816 10900
22424 26766
6155 35894
5115 10717
18782 40546
12096 33336
29852 36306
13854 35344
11637 13574
20117 32837
23374 25827
23384 30487
38497 38640
17826 29777
12688 40795
17792 24531
1560 26371
30713 31158
37877 38932
3073 9135
865 14246
16994 40766
2524 35688
660 40609
28035 30870
6017 12925
8263 33935
2679 42392
5286 37552
5893 40216
9507 20446
3853 13612
4594 29862
16064 41017
615 6342
5528 17837
21623 27777
10610 24445
19785 38083
2873 8673
6311 34690
3608 33214
1837 39080
19660 42518
55 7816
7291 14712
7203 19029
5681 6186
1085 4921
5587 21800
25251 42587
6819 9240
9323 38422
1226 35893
1613 40503
7570 23926
5761 39134
13149 37756
9104 33396
811 23785
8770 27858
8945 35029
4309 14952
27398 42835
1785 9469
30135 41451
18147 19753
21271 31647
16226 38692
22472 26382
26604 37312
11421 17840
13625 15239
2958 14988
19327 42466
16890 22642
3171 38666
27360 28206
12953 40446
27005 32933
2249 33143
16808 39956
28448 40033
6374 16329
21802 25806
17412 27827
29879 31066
24266 34621
9889 25570
38063 38667
2744 7458
6186 35691
3319 41166
7148 21550
24338 28081
14206 15342
13686 27384
12784 35160
18664 19117
1335 8078
13503 41263
7585 12691
6680 16786
8259 10915
34689 36397
7101 8148
6482 41876
42273 42313
3377 42275
5172 35305
18630 39885
15048 23915
18198 26642
4817 26446
22452 43419
6166 23331
4245 35854
4660 15128
20582 23450
31889 36119
4943 32220
18642 31759
6794 30255
15185 38149
1692 40930
22871 31510
864 3366
5942 8512
33752 43024
618 22558
35477 42640
2986 25249
11054 16460
32641 41766
8928 38377
24324 34575
7597 22850
28161 29372
4970 43061
11094 33794
27312 36220
36288 36439
31554 43346
14686 28006
5399 6957
34682 37454
5723 36882
24240 30151
20030 24226
3515 41993
15532 27468
3818 39550
6990 10545
17600 17624
2390 15954
30145 40179
14123 32969
16033 32365
1042 13063
26966 42349
32000 43059
3198 30393
5545 26380
22738 43008
24748 33940
40747 43418
20451 38404
2808 4574
36922 39586
24028 30618
10546 23200
36928 42784
7744 40404
3065 5139
4861 7439
7593 14571
7063 11373
21107 28128
26549 31107
32092 36582
28289 38925
28774 41626
22229 34621
4158 17495
33713 42264
33455 35058
12827 27585
33136 34524
3664 5848
1940 2670
28416 38885
11308 43306
14223 32395
27151 40193
11542 41258
32 19562
34943 42840
16537 19574
10690 18761
19363 23143
235 29720
24734 29854
25465 34274
233 24921
28940 41487
10962 33220
13117 16205
36536 42502
10645 24653
14278 32452
7638 43145
196 42008
16251 27474
3045 40865
5136 11003
36549 38950
21420 39154
6218 8298
14090 40510
4642 5772
30965 40991
4428 17332
5581 13339
3317 41738
411 37651
26006 41394
4066 20888
11897 35541
7694 21173
20632 27969
22 1854
2439 5750
4382 30169
6847 39209
7374 18724
5613 35666
3681 33505
19849 29960
28288 38834
10846 16806
10479 21708
14224 28028
11215 20810
10077 36977
26859 35015
15447 20832
29402 39050
29755 31998
3064 16540
8015 32491
1840 24265
184 38749
3898 20149
30041 37465
8489 31593
23380 34449
26919 42421
23678 27498
16741 18949
9726 19377
21405 25044
26358 31242
6337 37013
4956 9099
6619 27839
16302 19252
16823 24616
32302 32338
25731 38664
2342 23321
6219 19237
32391 42209
2368 5294
35988 43181
717 28258
1801 25626
8650 38492
2181 25847
2461 3041
3588 33290
2393 41753
19484 25085
13498 34316
3414 22557
19435 38964
18227 36834
8680 27754
500 26688
10096 11339
4587 38629
22636 35994
18500 25854
16205 17225
35137 38063
7729 23745
17705 23139
34182 38099
1119 38222
16145 28471
15954 36073
24154 36071
40079 43348
7285 30120
906 2651
14490 41867
20968 33098
29325 38964
7523 41023
10612 24815
27368 41442
17580 22097
32233 43097
30280 35895
7535 18402
3257 26114
2721 38377
9773 15385
5567 31079
20219 29223
18532 42142
1886 32099
32025 36917
24558 25170
38616 40857
16765 35884
6651 7509
33222 40578
28024 40965
3786 38886
4568 17984
9111 34864
24410 43207
5393 26203
13056 28440
17361 25557
19669 36111
6041 26424
21533 24774
3593 4721
25818 34256
2749 19083
14416 20761
34735 39722
15118 18781
27514 35386
4173 32357
4519 22414
16129 32640
26321 39014
35466 36036
9663 17068
27417 36207
9818 39048
19251 24459
2015 4751
2536 6143
11449 37339
33121 41815
2289 4731
21711 35784
14334 25273
7587 28899
19019 21857
24347 27178
1692 27106
6790 26111
2111 24057
10275 28562
12265 34111
17096 32964
9363 37313
3953 12180
23406 38382
28134 42018
16079 41921
14362 33306
1401 26526
20678 36287
19173 23613
26820 35705
17532 40849
1548 36375
7350 22139
781 18712
2525 31402
11631 12446
4519 28025
28448 42558
34802 37695
10946 36472
23071 34312
21884 25889
17976 38796
35517 39892
8512 14667
6058 22755
5422 11991
35572 40353
410 2180
41485 42163
37156 42208
1958 38875
19364 21087
8964 36641
13993 33035
14294 36181
16922 18824
13740 30145
5722 27909
33601 43310
18713 42445
9463 36739
7795 22381
3477 4091
15029 35058
4459 6632
15301 26886
8565 20706
18193 28823
19051 35270
14011 42659
2075 10763
24493 31833
22734 42432
20496 26201
7647 21170
14850 34534
21423 26591
3799 17324
17430 41080
23027 40964
15778 41188
15803 20307
13657 26296
26175 40612
3655 32097
28308 42497
16063 35695
8520 33752
2756 31284
41649 43294
1038 3977
5644 38175
18668 21360
855 17856
3566 23919
19163 30199
8258 25646
32204 37874
368 33953
40827 42139
9634 16218
526 39265
11631 31828
22754 24940
39990 42204
17542 28839
23944 33846
13796 18884
16283 31655
26408 43415
23934 38985
35498 37532
25133 43281
1873 37208
21332 41725
6352 14476
8769 21782
8143 12460
11839 43239
23137 41859
8510 32633
1283 5851
446 14022
15867 26492
2897 27328
8924 22824
19804 41118
7507 30154
30719 38253
252 20572
1330 35653
13983 42280
973 10506
25672 42219
23229 26522
3936 27370
21317 30463
934 13961
3221 41388
20193 40112
31375 34393
14061 26106
20974 33507
37720 38304
11848 36535
14623 37887
2326 30895
3119 36947
20227 30082
90 13047
4214 13536
16289 37862
2860 25352
6569 29763
354 34970
17878 23819
30673 40887
20324 36781
1103 1288
27072 36009
20785 34924
14748 31358
19713 30211
16507 42636
29124 29604
13978 30393
2890 37245
797 42306
5774 22325
3182 32169
17764 27854
18707 24051
27299 36173
7618 23353
1714 35592
19806 27177
34186 39909
11809 19402
11598 35397
36637 42635
3804 25507
2479 26764
12000 38595
38094 39053
19657 20638
9515 38702
3619 27447
2101 26589
15743 40146
20 37137
19681 41411
7186 43294
23557 42552
19001 35236
26186 35219
26883 27977
29338 36329
22891 40247
3871 37467
4730 33027
16961 41651
20571 29087
8035 19827
25242 36353
21752 43357
14823 38833
7520 13719
15270 31416
5215 25313
8655 14058
2144 16463
13499 34084
25271 31806
19457 38111
1887 21533
10848 41069
21165 38312
4766 37006
8541 30925
945 17078
19614 28646
6694 35261
5648 29517
10939 18741
21350 24479
18872 28009
19324 41904
19351 35591
10069 18858
5851 37201
29708 42032
17608 21059
5801 22562
14154 34136
16138 22901
20831 37096
3522 39541
33028 35556
30698 39738
32778 41797
8580 34421
21125 22267
12561 37076
24799 40455
7136 27850
1492 40228
15578 37961
2354 24917
13518 34834
12708 14091
16790 34548
33080 42512
4401 5336
8701 40016
4692 39285
5033 33162
5703 33896
5432 13431
2765 7640
3660 9273
29909 38881
30231 32516
15926 39583
8079 28369
17798 28107
8576 22759
9330 16051
18732 29668
5189 37058
753 5715
9086 25490
23306 32837
4741 36144
27375 35339
25231 31575
33319 38714
33164 41809
17671 27773
19874 43229
11993 19599
24156 42806
27790 34800
12394 36912
6349 13483
31427 37645
22540 35963
20431 22586
7540 27687
15761 18174
3488 33490
7151 26414
8599 42526
26701 39717
6990 40052
772 35162
16514 24827
12007 39095
3297 10510
2258 30066
34513 43016
26655 42755
1743 36790
33142 33540
7026 9157
17734 29411
15432 22055
5307 42540
17597 41191
3881 36575
4032 32018
1628 39469
16282 36720
225 14240
6661 26937
2614 26668
36910 37777
33420 38365
9379 18895
7481 15564
7093 37147
13367 20277
10673 38704
18041 27060
12530 32612
22111 41276
3496 13729
27359 41006
9633 11083
35900 41297
11248 21673
16206 21799
13208 37371
12393 25144
15072 30006
14165 22886
2881 43412
28392 28960
11249 11695
5417 33636
9400 26538
5345 21490
5143 32121
35939 38192
7777 25132
35947 39773
16649 39523
22542 31821
15601 32952
5929 42829
23794 38387
27933 41628
37570 39112
9852 30984
3667 6764
32415 33719
13977 40743
8997 17638
21000 37924
6133 26794
2734 42022
18954 38667
19613 31887
22987 31124
3102 34312
13575 33758
3391 31971
31670 36194
5487 24175
8434 15431
14744 40097
22077 38258
21795 28746
3710 28718
9781 9991
11440 36903
15664 28174
15528 31511
13182 13303
26861 42957
15713 43342
20650 27904
7692 34981
15844 33245
8052 31352
29846 30341
1994 2211
15009 23749
35158 39855
4902 32008
21555 34362
19621 37790
5289 23786
25491 41216
32294 43349
2388 13409
10730 26540
24532 37346
12769 18210
10387 42416
31367 41646
13738 34287
31776 36189
20157 38709
16399 38543
20403 35732
27187 41033
22874 27059
30784 36343
17756 31347
12405 14900
23509 29492
25601 26650
12122 25165
17506 17586
570 23245
10216 34024
9709 11562
26138 34210
6515 30228
13373 29062
14522 33995
30174 34320
4726 42116
12688 22543
6064 8075
23725 31187
3050 42392
6394 41952
34307 39436
15138 37876
10751 25673
11203 31432
18322 41907
28983 38960
7693 25918
5519 42691
3669 5631
21679 28897
8212 26483
11055 13252
4529 41952
4933 15240
1767 7816
1021 33101
4969 42224
14643 17144
24093 39877
15797 23175
1811 3392
18577 24117
12073 21085
1984 9736
8296 35229
13629 40894
23163 32773
3023 5641
7507 42128
15660 15707
6460 15780
20360 27875
7542 15519
23589 34867
2000 37973
4923 41475
6756 24409
7329 21827
3581 5410
16086 40432
14749 41864
25064 34308
28900 38494
3203 36726
21887 33141
2817 14059
18454 35953
7079 37867
9621 25462
28342 30804
974 42680
31039 41133
9992 21433
12390 28497
40433 41111
15029 28268
22257 35303
21687 41566
11061 32264
18785 19693
11923 23369
7080 16777
14058 25327
24424 36018
843 7673
18178 41912
690 39888
20075 42766
12966 26563
119 11025
7543 15720
4087 40802
22153 37582
13617 37635
17912 33310
4816 6680
29889 30498
11024 42181
16231 25106
2181 20614
20276 29466
888 35150
24315 37953
10178 15557
14221 25506
4648 41778
18926 28192
6059 40295
26015 27713
14545 28047
6600 20462
29746 38299
9545 36555
31580 34667
7845 25103
9625 40456
21930 32483
7346 17054
9845 11183
14126 38451
6633 25483
23128 27251
3493 28170
10074 24252
4246 26687
10594 41257
2004 12966
30709 38531
5702 35712
17996 19775
14025 15364
20486 42643
26350 30039
2915 3963
9427 14992
13210 25768
28734 35707
17838 21818
20164 27316
8069 13857
15780 23490
741 9624
13081 42327
28312 31288
15896 39880
5448 41430
19041 26987
21535 40929
39191 42729
4905 30830
33350 36254
3891 23089
12314 35402
8937 18898
8312 29426
25755 34151
18298 33480
11948 43158
6548 29855
2861 25203
15226 23439
7515 13806
2062 25752
10074 32307
7737 41734
9858 12303
22164 39760
2449 11114
16701 37432
9506 13541
9017 21486
21231 26531
17810 34830
548 7485
32599 39853
31481 34041
37007 37657
14597 25338
34307 40054
32308 33261
2691 7614
32614 36751
6081 38875
15818 19005
8707 13309
10109 26824
5999 22069
20533 36931
3846 16499
35099 42471
10481 34509
7856 28220
669 18742
28375 32525
8045 18293
12251 29172
11003 42727
6631 7235
26206 34558
9246 31495
7521 15849
10310 12935
19616 27810
11072 17422
22654 34268
1482 38251
2090 18886
25765 35649
37851 40614
9065 10923
2799 5053
2687 8030
11027 32174
20607 34786
22584 25578
29072 32049
936 19244
1132 20876
13743 35383
28110 33358
16286 29030
1505 23336
7117 35586
10228 25553
13827 30358
3509 28783
11678 33632
3775 38324
32646 40207
24888 37144
2244 26119
27486 36914
10288 11082
17444 43316
9237 37983
30627 35391
24437 31795
9252 11688
19459 27984
13970 26879
3486 37632
22169 40238
11216 25815
9975 38097
7079 35452
988 42415
34061 40536
14981 41677
13815 20333
34552 39053
25297 43391
31770 34278
36200 39203
8408 27928
5647 38717
5374 18179
1519 30158
21255 40433
26942 30411
18286 23000
22983 25071
16663 20628
25580 40646
27418 34312
27401 28481
24470 32443
2753 34640
39700 41181
28477 29903
18515 23991
7978 26250
9103 26625
22962 38719
5482 11481
14917 25046
15438 20022
25580 41585
29666 41782
18502 25449
8548 32230
6590 28656
24682 31575
34965 39757
5478 39820
18726 36454
20440 26112
5077 17030
22568 26899
4444 17117
11397 36722
3527 34384
4854 25094
438 41732
5314 35632
2178 22223
18365 18920
18888 20947
31905 36142
31325 37553
16606 23103
8179 13300
14187 19134
15592 28194
24102 26920
36073 38623
29344 37193
8979 38990
4962 28010
11898 15955
20718 40736
20426 28284
9310 12931
2574 12774
4782 26130
11288 12993
2123 26084
7897 29802
26056 27527
4759 6898
14324 32587
4902 40949
24857 43418
3211 27331
2016 14883
12876 13277
16662 30740
32907 37241
606 726
30730 35249
17931 27107
823 27556
2131 22942
4332 6272
4051 12446
21025 37072
12775 31103
15958 37188
18679 18864
2447 20704
5570 10496
8916 14101
4620 10876
10435 14595
17441 22749
6534 26229
1169 23470
24713 29302
17829 30213
20110 36692
28241 41249
8168 20065
12469 21382
12650 18010
3901 10408
15786 20839
4873 7535
1777 26736
13219 24354
26007 36279
5471 19535
7307 12566
3940 4886
8147 32959
23279 34184
437 21454
29225 39140
28745 41721
28292 41187
18970 33915
4337 20737
19893 43231
25917 27876
11767 32602
10086 34224
23537 33661
25545 26018
1030 36493
27110 41217
13917 27486
31678 41188
7372 21447
7025 11540
25977 42644
11232 32443
9743 42903
4644 24802
7532 42081
32028 35528
2639 35934
6139 27928
13221 15890
4721 19572
17370 35125
14284 17107
3448 6467
4316 21738
5982 8696
14885 28062
4687 36957
5919 26841
24354 40457
6805 9672
25353 39969
20654 34819
25311 42187
9807 11777
18212 41978
2162 7837
25978 43404
18786 39998
25140 35889
16083 42686
14163 32214
14992 33759
17007 28253
33447 33532
13857 19110
27531 40284
22488 36822
37369 38990
3505 27538
3081 38322
16142 36850
40300 40855
4773 6499
10528 14139
8973 43227
21898 40928
3447 26779
8060 24049
17936 22273
12589 13704
87 16860
38780 40890
4002 25311
31083 38480
3762 35458
30991 41143
26628 35942
11071 22645
22905 25971
8576 22064
20638 39547
3516 6355
29981 32612
39175 43082
6771 19486
6724 19640
9840 24503
10327 16485
5008 28623
14397 34673
17420 36127
6411 10283
24446 39241
33166 35333
11059 19817
8806 29881
12892 30078
3688 42275
13498 27636
2062 37942
15489 42455
5165 17468
17136 33335
22953 41853
5897 38328
33199 34692
7685 23963
5934 40839
3161 28236
4457 17381
10439 10660
2272 31521
31685 35673
25032 31609
33605 36319
10871 40118
7028 11541
7583 35737
20876 27418
17721 17931
14365 27379
23645 36869
11592 39097
35919 37461
35533 35705
8897 30534
14963 31620
28346 30953
9739 41174
18829 32073
15859 36861
19011 37217
20986 37762
11354 32516
7197 36051
3984 36917
9375 28065
1071 4332
35668 36280
9398 10521
26872 41132
773 23334
14023 31937
8898 15833
6131 18506
28553 34814
5958 14845
17474 22726
29421 38007
14711 39104
21788 33138
11719 31301
30784 42869
9410 22774
15555 40957
7378 19251
41616 43187
34412 41464
30728 40493
11026 29802
417 22359
3132 9882
22336 33128
33547 37229
9173 34323
8458 16850
13480 14517
24954 34304
30449 42771
3136 39802
11256 24787
36673 41999
6722 17984
8662 38722
23832 43245
16105 33079
15100 39222
32907 40437
40080 41349
3140 18983
15894 28880
33791 40191
27387 34357
18705 32141
18498 43182
37455 43139
19636 20407
32517 39693
2800 23264
1007 20481
19785 26357
31151 33779
4579 15761
3489 30656
8329 24145
6383 22840
32253 40586
37607 41466
12325 36722
21890 23750
28214 40178
27896 35173
29788 40379
23432 30829
15809 41954
900 39458
13806 30501
12164 38467
22515 40956
3475 35080
30202 41335
8530 17611
12539 15898
3990 5166
34752 39946
38025 39131
20514 42573
36204 42436
34079 38914
1832 40377
22920 29341
7990 36356
15986 17865
15213 22079
8374 18037
5770 29564
12605 15205
1644 28248
7891 36350
21919 23525
14034 15991
13992 24625
7893 42058
8555 13884
8865 39939
7580 18149
8770 30253
3511 17367
20095 20116
21779 36727
10652 31573
14 16976
5110 24980
5788 20694
15868 40625
8261 10404
23509 37441
2792 21817
9262 39760
19582 37274
33260 43318
18740 42849
10133 15143
15673 20909
27152 30652
8101 30279
10995 28879
4218 22305
11049 19316
4988 37233
32930 36209
12641 28202
16096 29313
16282 21367
738 27745
33929 38165
26295 34414
14039 33839
13467 14954
12166 16043
13120 35784
16851 19797
8702 26712
2980 6188
5181 31397
4902 39152
732 18316
3332 39824
10840 13665
20745 27179
6 36117
37456 39337
23208 25970
4259 26628
8692 14131
26005 31053
8548 27184
16775 37865
34893 35589
8184 10692
34657 36810
30294 31609
4077 38665
5776 11019
3379 13225
18211 38132
35831 39521
10944 16647
8084 16877
19626 43184
10616 20723
15029 29451
5149 36935
17515 24284
3501 25673
2247 8646
7993 20896
16134 40693
14565 28004
21243 28745
9743 43200
32597 42923
1578 7733
35348 42935
4477 10649
3867 14103
12107 33879
9718 15035
14318 26033
4500 27979
3225 35015
1768 18595
31600 41952
6110 34061
15806 17600
16872 41746
12212 42940
22448 35091
3542 39795
18818 24557
4779 5702
109 39197
22052 38309
264 31406
33462 39587
26320 31572
5785 34678
34112 40635
11423 35317
35836 37397
13121 33110
25445 31345
4977 35673
34715 40147
9210 20082
24637 42920
9142 28057
21645 30953
11884 32679
2911 32731
24043 35765
4353 30561
11201 26987
21827 29681
15385 34697
12485 19313
259 33664
10193 41692
3962 15629
16164 18597
12461 15694
19475 23901
427 15720
13539 17943
11465 40804
1788 8458
26532 37470
13234 39938
34256 36950
937 6373
29474 40433
16556 35043
21534 26776
22105 33947
10236 34572
1858 3720
823 14350
10168 39541
11242 21669
8267 20636
29018 35090
16268 42116
15953 32656
4107 32733
20929 27726
13716 41001
28442 37374
33105 34199
3728 29704
33227 35882
6973 33257
20780 31575
21007 26104
5169 16729
417 12507
3495 13668
22716 42745
1156 12846
12972 31808
4422 31963
6267 13968
19283 42524
32315 36150
28137 41814
2723 21675
12162 16892
1350 21198
14766 26276
26092 38995
9095 23999
27197 31578
23797 30366
12286 30699
36372 38800
9631 25699
9117 12646
4671 7942
13602 19530
21791 33891
10884 41535
21456 23055
29695 32807
28389 30142
8161 21879
20349 24949
19953 24949
16056 27657
17055 42445
2191 34996
23249 35637
2015 41186
28840 42092
3470 7730
8593 27171
9421 42077
15684 35598
16004 32570
9846 27731
17521 35455
40012 43232
12505 37768
18218 22551
1127 28831
8863 25719
6925 34855
20927 31197
8746 12302
21082 22440
20187 20807
19743 30215
20558 36026
22360 29473
32746 43260
26174 29736
22504 24499
10692 36238
8951 31201
7499 15879
12938 39498
4487 39689
7824 13195
4637 30588
6670 36965
23540 40108
639 36597
7157 26503
26685 28905
32244 36633
34451 36747
11386 19838
26172 34012
14649 35274
25093 29818
4817 9995
21837 41190
19733 35539
21347 41555
23306 39123
10893 19905
3761 23720
26828 39012
21783 26809
20244 35462
8242 18030
30827 37520
16355 35779
17571 35518
12729 41202
9389 13468
6141 41697
7039 42847
15746 23428
33780 36700
28966 35764
8291 42243
18537 39054
21504 21917
8640 40707
34564 38502
9161 42099
16376 27207
14068 41536
7032 9596
27855 40168
12294 42967
21007 37326
20198 41883
1537 30176
19962 39132
8510 38382
10375 36315
9437 34046
17503 42180
2558 4564
1994 34027
10098 14315
6663 34050
8875 11153
3948 31251
8554 33204
7007 25000
7581 43022
35380 42444
24878 35090
22041 26444
10911 15357
25411 31389
818 37255
583 17201
4350 7095
5105 12101
30947 30997
2865 37676
9719 16389
1205 23371
11496 15229
37928 40784
30120 35914
17842 35580
13457 13624
9143 25089
5618 10407
3771 17187
6201 40004
5423 12383
10351 39462
16814 23245
19071 29138
31926 39841
1302 27626
1171 28109
29458 39363
9562 25423
28827 29697
23450 42419
18481 29272
2371 25625
4668 26221
9234 31973
32573 40591
22931 37101
9576 30956
16020 31493
12509 14235
10848 15543
16000 39886
21491 22570
7149 40867
10654 41341
2851 5324
2600 33032
32505 39898
17598 34065
7469 31423
30232 37444
5406 32751
11041 29709
11805 30105
4041 32889
12980 14759
4152 4612
9373 20424
35143 37000
1268 42163
2269 13455
4640 5864
5650 41190
8039 15711
25980 41092
18518 33661
8291 30484
19755 31059
1932 20451
27976 29682
9596 31958
9452 24854
5234 5290
8860 18334
5200 17949
6714 24323
17103 19160
26822 29286
19976 20855
2579 27617
8282 14156
11786 19101
5601 10187
36480 42334
9591 34997
1016 10801
3284 17984
23503 41999
18771 24658
5935 27968
9354 18088
24544 37041
14833 30748
30092 40416
5329 11162
10554 19768
27955 35379
19044 39719
358 43231
12552 35758
22313 27616
12604 29532
17508 21316
12526 38509
18996 21743
23526 34254
41699 43174
23346 36538
5180 41806
33943 34330
3428 42996
18819 27708
18304 36684
5025 32069
4747 6461
6732 18082
10294 42445
2331 12589
222 3184
16232 29790
5112 29779
9974 40777
4405 19529
6209 38686
14582 20899
11748 32930
31859 38164
3663 22110
10311 39416
9504 31968
1370 41635
13176 13866
6704 36413
30419 42881
2665 15094
17982 37572
14842 29117
31251 39247
16552 23729
7701 28682
6845 37557
32585 36763
19559 26178
16164 22866
17855 26096
37899 40688
10980 23151
10628 33057
12204 34085
21999 27991
698 19486
12002 25276
17098 34226
24852 38833
37844 41920
19062 38554
10604 33602
30146 36464
19683 34700
18911 23109
14539 18354
2716 41046
19762 33303
12068 14195
8114 16369
3992 40836
26905 37002
18455 43245
14458 39865
11885 19214
9163 15436
2028 8400
1661 13302
4584 16804
2308 42160
7531 21646
29447 35150
6622 21835
37774 40585
21619 38673
10690 35224
15147 19149
6510 12734
41803 41968
2248 30216
714 7722
34623 40050
27096 32224
10200 23696
17175 19705
8788 36096
17255 30022
13382 33316
1473 43402
2065 3155
4970 18129
16544 28698
26783 30946
15332 41910
27290 42828
24229 41836
35225 43309
23160 40050
16669 31618
10607 35347
13641 19432
1491 36811
16437 17497
14432 24657
3925 6379
10209 32268
69 9088
2408 19709
21122 36712
16230 40027
6198 29212
4547 6133
27161 30525
14048 39943
12553 34373
1505 8601
19160 31676
18678 34376
20204 35095
1571 16768
4814 21938
13950 30740
22484 23444
16505 26676
12409 42730
12048 32925
12124 27285
20429 28797
8073 41604
9727 23075
22837 39023
21906 41897
119 21633
21717 32576
37871 39713
35848 38188
1902 40667
23722 43321
17773 35438
18162 30295
359 23537
6836 8716
15390 28682
8072 31553
8072 25137
2572 3494
786 3602
13091 14427
8929 38529
7583 13834
24602 36725
5904 34750
23290 38187
16119 29242
1054 20571
1393 13621
24459 25278
346 28563
5255 28827
477 16214
27577 36603
20166 37031
30352 33791
22905 38726
14713 40309
5273 22236
34482 41642
18507 30306
21991 32155
1568 31530
35072 42639
10240 11336
10694 17922
14135 19135
14350 21009
21058 25534
16338 36311
25558 41586
19943 23403
10995 39727
2314 41119
5783 41936
5804 25255
5988 27816
23529 33076
14391 37033
24580 31058
12753 20043
8074 37991
17478 17746
8364 9457
8999 39244
1612 13493
9440 28629
3198 18427
13931 17800
3396 14470
32407 33137
19061 23136
33609 40148
13545 13792
10368 31119
9114 22228
680 13698
30744 33618
24201 29160
32688 39014
23051 32670
13506 17247
7550 33268
19706 25503
22034 25412
13027 17020
18812 41276
33354 35842
8611 27242
27419 36902
6894 41450
36443 42265
26669 29988
27400 34408
10454 28799
2076 25274
4369 42158
14820 24849
6979 34583
1591 5045
35717 39128
1324 4701
24014 30623
6717 32139
35703 36978
7419 25241
31090 39516
2005 7314
15074 29869
26590 35600
5807 16642
23889 35058
7545 39875
5089 16591
7940 11357
10825 14567
7394 18768
2398 4764
29430 38982
12569 17431
1680 2269
31004 32767
23747 24802
1797 35099
28221 33217
4927 12284
8576 16644
14115 41433
60 30181
24421 39241
1822 23263
3235 5611
28837 38818
5749 20205
1006 42864
12113 24920
2099 25234
7139 11429
24191 26132
8739 12851
12068 17041
10009 40934
1920 27743
29870 30744
38715 41060
12607 34288
7487 28916
24374 35638
2223 37543
363 36756
10977 38127
10439 20516
16893 19297
42769 43439
11187 22661
2123 20343
818 1873
24148 26435
9430 29923
41 15013
14044 23823
25814 42440
875 21066
14191 37082
31455 37146
23 3295
14785 16129
10839 28744
10024 16517
9110 18806
10481 16204
24627 25322
12148 12432
4170 8871
4377 26877
4808 10848
25910 30255
12231 32846
7183 23378
4112 14528
22198 27990
23384 23945
30551 35400
11640 33344
20881 37244
10955 33241
19959 29092
12783 36742
32277 37870
147 40864
1764 10210
15865 19363
23469 37989
19846 32598
17449 34804
21881 35638
27369 42934
1173 40479
10998 24428
311 36542
31876 40909
24607 35593
9903 26147
20322 42326
245 31758
10945 35155
5768 35857
4794 31487
113 42192
37088 37949
23594 24290
1008 24577
6617 19560
5458 31652
11477 27287
2378 34582
9372 33277
4531 10324
4181 25221
12637 29346
5804 42088
18071 26048
7202 19432
5477 41693
3958 35537
26451 33561
13979 23562
3955 19024
12059 16308
11431 12767
3386 41727
21108 38697
18676 19217
21385 39729
19774 33984
23716 30295
19910 28395
2235 18439
15009 36882
9169 34796
535 34314
317 20091
11561 25830
23795 40387
11740 21631
17025 34984
13025 25671
39426 39835
1573 8117
6247 18872
26561 37489
14464 29619
22846 37959
7540 35827
889 14840
3106 36610
2485 21216
11181 16914
26763 29487
3538 4941
6820 19673
12933 20605
4545 27726
11040 24788
1744 18737
12664 33212
9456 11067
29410 35565
155 31999
20253 33056
20934 35669
16657 34938
35765 38474
28783 38850
9577 18941
15552 20663
29699 39051
25110 42175
19383 34893
5561 7405
37911 42284
12730 17243
12614 32344
10090 26107
29074 32583
3816 32397
40576 40832
646 13742
41458 42203
2541 33017
7882 18386
2365 2990
32903 39570
10055 10056
19158 22882
972 36543
30896 37235
30149 42670
13997 19364
38144 43202
24089 38366
2274 16808
12836 28377
24798 39028
29898 35854
22913 26133
14495 39239
15054 15848
11972 17951
1219 2650
25949 35928
11468 41049
8181 8223
21707 30465
13523 17414
18378 23077
26593 35441
3487 7389
6548 34210
40326 41946
24215 29029
9485 31194
39687 39744
12328 42846
27193 38065
5347 37408
10274 18064
11687 37565
6151 16265
15214 37798
4850 18108
26280 40764
22985 41820
27560 42962
8118 24274
7667 28539
19525 25281
214 14246
8979 28740
10505 31179
27246 35632
22260 23070
720 29101
10177 42425
28572 37983
13221 24754
28680 37516
1083 13877
295 8923
23732 25246
13886 42140
8135 18966
4095 19114
2768 13128
5173 18919
10549 32390
13161 32058
22780 41014
34678 34711
17457 20199
25949 41539
10924 12265
2283 21192
6897 38312
3989 37562
6414 13992
12733 17244
11488 40896
8673 30511
7885 24803
18436 19998
15774 22687
22504 33387
15988 35448
25933 29113
29849 37035
1637 21202
10935 25636
1368 37781
21824 27212
40005 41500
19169 35044
3173 25083
1351 18364
2083 39224
12192 16516
1795 7266
8750 35080
2486 15485
10512 24894
822 12358
34589 37463
846 16916
18145 34694
19571 42379
28007 34740
16047 36967
5054 39175
5903 18741
15787 31378
1545 3304
23466 27732
12950 16316
20141 33083
10162 27002
4697 39877
6767 30860
31751 31975
3660 18381
5344 26856
16805 26968
14948 28364
32301 42995
34522 35837
8179 19399
28173 32184
6847 19485
39074 39247
23301 39157
13118 14587
466 25154
27015 35052
26089 29602
6431 22401
2899 23544
18888 24952
6719 10790
9726 21345
14459 23827
1689 20587
28123 37143
20881 38346
23080 27265
6018 7710
21631 33182
2268 21957
5415 17997
7598 32077
26814 39842
9385 32571
728 3058
3305 8367
14785 37768
12409 30463
938 25499
18259 22125
18894 20421
29776 31406
8169 23383
9244 28367
1290 37203
13488 33876
15116 19788
20998 32865
729 10049
781 31150
28685 36250
9986 32387
13983 31603
3679 42701
17074 34689
6837 20436
16929 24886
15958 28361
25125 32312
35135 36952
25297 28632
12618 31926
3826 27852
7902 27361
13065 26953
3672 33801
7452 34480
26650 33560
18856 31806
2120 21281
10958 29672
9201 35436
21455 28014
14215 26634
16488 19666
17444 27402
30945 34870
12331 41668
6426 31051
19920 24708
28376 43385
8544 14154
20446 24000
41634 43181
31999 37664
13864 34109
25284 25552
25767 37040
4451 25029
7550 16679
6133 36841
4207 13557
10825 25736
10910 42813
598 9727
1767 27178
270 31361
525 19802
1643 23170
19024 19847
19949 27516
2531 2664
26640 36790
17840 18111
30193 34834
18708 40552
9157 29256
17350 32247
4914 18495
3382 28319
27255 28957
12741 13027
1545 6016
15016 38939
28538 34644
17962 27341
17303 21289
19847 30622
1672 9763
5758 9960
5518 31441
6706 29132
6401 34912
17445 42283
94 22625
4866 36359
1492 30706
22204 28990
10218 36412
19557 30267
8699 11008
38544 42144
16287 32319
23085 34108
30853 37859
7545 27608
636 1859
6110 22843
20576 26459
3549 32000
24603 31179
35306 38257
14931 39366
6273 33572
19096 39856
2635 37672
482 8747
1060 6509
1582 30757
29962 39758
11227 19434
25545 27124
11621 18607
12593 16488
26825 33294
14868 41646
31262 32028
3149 38832
24963 25456
38591 39115
972 43256
14136 39253
11722 42044
40017 40384
8663 39435
8138 36581
4386 18702
9487 27050
4859 18168
9082 35632
28643 38736
7280 14858
2994 42866
33586 37830
42288 43142
16101 36077
39826 40789
5207 12435
14486 16627
19844 43290
22897 23453
5908 18898
37884 39603
493 20748
36898 39572
36977 40619
27923 36545
9644 29858
18921 22081
17787 20654
27239 36852
17783 29580
14347 22295
3885 5480
7937 42310
17863 39897
990 28909
34267 35131
35538 40993
27324 34681
21696 24372
34126 43005
10576 13973
26038 32668
5862 10043
1703 2363
4751 24061
22128 42496
21074 21585
11811 12264
15214 16403
14961 18963
3497 8000
6340 33430
18867 43136
22706 32344
28535 35769
16981 32460
24398 35984
20381 20840
13536 34511
6416 37397
5019 21782
32618 32662
9508 39365
22464 36379
8727 26722
29664 41366
2787 40270
11757 19733
11723 36364
8027 32912
14840 43115
22381 35563
4736 7322
9711 23859
10128 36979
3444 26432
2919 23578
1180 8980
26888 31094
3373 23748
28605 33101
34599 39037
615 26729
989 41465
28118 28287
31037 39749
11333 38811
24972 31129
1621 20242
14699 17219
11342 21369
18053 29575
5519 25114
23037 41502
35167 35522
6581 39662
5121 28451
31037 43132
20614 33627
19595 27986
6904 32209
4093 14396
19572 36670
14610 28666
14496 42150
9122 12510
5918 15936
21972 26067
8248 36829
8717 14676
27142 27604
7270 10086
11844 37421
2701 23476
9811 19902
25326 25591
25122 36149
9061 18623
4725 23913
4324 23569
34796 42560
18699 25377
2817 5342
2656 16536
34599 37293
895 37642
18446 39426
13993 37715
13652 37422
9080 13388
32296 40100
30505 35700
13862 32536
26969 27245
14092 39414
20765 22253
3741 40143
11077 11248
25040 29327
13934 18826
11062 19985
10192 12023
17756 39918
1368 28413
12325 20324
4635 25309
6407 33631
3204 8612
1631 12019
11790 32997
2816 10193
3384 42730
65 25642
2359 16141
11470 32992
3909 8586
32168 34788
4466 14361
3447 14382
29485 41326
8332 10088
17966 34628
35894 41088
21407 25261
19604 29926
4873 5071
32688 40681
8254 35280
360 32356
28732 33360
2353 6123
36722 39964
13765 25032
18174 34550
7229 37738
3115 41909
7116 18613
7629 13536
28104 39426
19823 31138
1369 6892
25248 28286
37369 40714
28188 31203
1839 35888
22840 38439
9589 11706
36919 41417
10474 25426
13459 29806
33507 39444
20097 33592
28333 33247
3546 28482
19485 42635
19757 29737
7747 39771
119 43382
25699 30787
8844 39818
36025 42079
9522 19502
8643 22566
16629 34878
32775 35738
1344 10403
3763 8710
16064 39041
17817 43149
7431 16530
4656 41007
40 37612
10053 14442
23700 28343
2257 27891
23672 26295
809 30246
7493 34377
4801 11560
13780 21876
15371 34324
9869 22434
37669 41706
6615 16883
18186 41676
14672 23211
862 32701
21106 28665
15867 32461
23146 40185
24502 42967
39204 41198
10079 22429
483 14396
11728 26187
34229 38624
22460 31751
12634 28918
990 38521
31995 32900
3825 8433
16737 22114
32853 33685
22397 37064
34456 38034
23453 35390
3571 4352
20 32018
13751 15819
10612 27214
8361 27525
8638 30277
7087 8368
12206 32763
2079 37926
1063 10891
11511 31972
21452 43423
27073 35033
2202 40211
15886 23412
7964 31272
3853 4415
1052 1842
2570 31747
3510 13875
3079 34068
8738 21998
8858 22854
4035 17668
36623 36655
36227 40627
16816 22006
17452 25600
4118 21086
3192 28468
17096 24275
6606 18244
5997 8337
817 34405
6287 15458
16080 32703
20799 40949
31472 33855
651 34867
26322 34468
2874 26092
11938 21994
4055 36198
20003 28183
4908 40049
42249 42545
30971 38942
34684 38399
15753 22859
31795 33727
37574 41953
15296 41639
22368 37773
22951 33435
20243 31807
31521 34656
6193 16735
27526 28161
23928 28462
30526 37545
930 3141
31656 42428
479 6652
2240 19511
1120 17036
10221 17893
3913 22909
14041 42322
3296 38216
13107 28683
9166 41642
1188 38081
3131 22873
13760 29248
2654 18747
15957 22258
2455 29649
12774 17139
6511 13230
19974 24570
17745 36940
15142 26246
2558 19978
10748 15316
27923 41164
9822 12118
22151 31665
7643 17435
5051 34449
4827 34741
15294 18157
11793 37804
9754 39718
19923 30647
22025 38881
311 9296
4480 36323
17187 19801
12340 25141
2919 38801
1988 41675
2438 21724
10718 11128
33239 40247
6223 24467
7102 21403
16670 25698
18315 28583
28816 30077
11126 22442
26777 40070
19313 43146
14062 41455
3003 5668
9365 13720
615 30059
9855 13355
6561 30097
25563 29265
750 11036
14389 38817
5655 5674
35786 41368
19728 42607
30549 41827
9261 25448
1294 12597
20162 42310
22958 31707
15372 28936
20544 28082
17189 17753
17282 28332
7034 25032
19291 34877
16024 20231
4807 29147
622 8757
4820 6943
17928 30924
26620 41964
2136 37200
38588 41318
594 14845
4206 41015
38980 39856
14421 29845
24469 34777
7054 12852
4626 9329
39036 43171
17132 22322
4012 36985
3473 6906
16996 19051
13002 17100
10479 33719
8631 28785
17409 37125
2870 40578
10732 14917
4690 39300
8351 11240
29250 32008
12276 39627
2010 20472
25166 31123
19219 20075
13248 30338
15831 20940
7384 41252
8100 30088
11543 20794
27557 40948
22835 40510
23240 29484
25261 36790
7578 11667
17770 29375
1735 41363
4695 25499
2341 28341
27191 37592
14491 35845
16378 40707
22911 42225
310 32590
2255 7629
8058 20413
9069 30300
888 23936
7517 28168
24122 28788
1004 33910
14874 24471
30288 38214
31718 36219
6680 40503
11402 15277
2658 12183
12970 32437
11816 20744
749 26221
3847 5403
10427 25958
11403 11715
29270 39399
2998 8841
2653 15222
80 30034
16097 19904
7198 19905
20153 34976
10231 26019
24933 32386
14671 34850
2860 13980
37606 41355
6274 21506
17419 28929
23093 37893
4727 6886
21524 26924
20037 34801
4704 9346
718 37646
5125 19956
4760 25493
3898 24000
13055 20093
3296 19236
1426 38864
9929 36419
8881 36264
8995 16364
336 3020
8567 37794
22060 28597
14817 41441
126 25841
5996 22851
15882 25735
8045 30515
8629 35639
11113 40757
5076 38157
10052 29063
2313 19826
11747 20923
3429 28783
24127 34743
30058 30531
13955 32027
22863 39659
8298 43389
23845 41446
20432 29449
7157 27959
113 21041
9573 10719
2271 7707
34150 36585
11781 26519
17111 36639
3883 38937
25605 32388
28548 41992
26396 31197
3823 42269
5564 6955
3193 35457
25600 26567
27342 41628
6560 21445
11073 20955
11183 22813
12524 41502
10561 33612
4504 4696
14179 33209
24628 28851
25957 41299
894 15725
2935 12194
6592 26995
19565 25676
6384 17432
9015 13178
4050 36956
38100 38964
19984 39623
2404 22357
11079 19430
20422 36816
10038 35907
14431 22291
21154 29568
7210 43030
1271 27167
2397 43228
11683 42175
7769 38298
1038 32069
19962 42466
30785 37595
95 33428
27443 40525
9352 26719
7118 30609
6846 36337
1985 4064
5408 16749
11688 20827
5964 8336
2468 36463
12177 41929
5173 25742
23027 35471
97 31222
2446 17456
28741 36886
14553 17154
7345 17941
2054 21547
22328 43017
12413 22399
14603 26316
7800 24937
28157 37774
10558 20458
17782 28283
12610 14053
16259 28801
10680 37602
22701 38280
22235 41513
18673 42225
14676 43009
34958 35293
18408 38544
16722 33406
24602 34180
30913 33407
2500 8428
27413 34997
10103 14586
4672 28735
41414 42980
34785 36304
29946 41697
37472 37809
1138 16219
1143 17317
9839 39588
3827 16107
26735 35284
5172 18700
6057 33386
113 13015
24406 43286
168 10470
5032 42260
1248 9382
36579 39662
33950 34163
9991 31499
322 16572
2920 14090
553 30468
32615 35641
13204 23436
20217 26345
17064 37842
11251 17954
1198 40005
5246 16555
14156 33682
1591 17076
3419 36819
3655 33154
32720 38286
2538 33394
28953 42538
23303 34914
18035 22474
2147 11292
6008 7429
11904 16240
25117 39483
30098 41313
9581 24811
5453 25112
24267 27235
20401 28502
366 9300
2527 34144
18048 41368
6997 30574
24170 31274
26180 42363
4000 5431
11156 37665
13556 34976
1072 26660
13335 18792
16101 27006
3216 7012
8773 20329
3727 11688
18392 33449
39754 41641
34145 40242
428 15254
7111 40660
2360 10245
21492 21537
5798 40988
7280 25385
2996 22729
1758 24140
15866 43354
5629 24937
10651 30740
19309 21228
30287 43063
14507 15199
2732 42281
26391 38237
12816 30628
357 36140
22504 32773
1476 13315
27655 41430
5800 6510
3108 29736
23133 40114
9214 31941
28518 41805
11053 31659
4362 39381
14415 25409
10498 11435
8997 21326
670 2305
24115 33041
22737 24838
18439 20032
3811 7198
5614 10669
771 28960
9894 15835
20580 25750
16819 18897
20862 28846
2130 27287
7094 10454
9335 30366
5657 8272
12509 31235
502 13459
33978 40078
4480 43170
19451 33712
7651 40358
28871 39075
24253 38051
21153 24299
1852 13952
10278 42778
3422 35911
231 15625
18349 40676
63 28846
20603 34220
4172 17161
26585 33915
5028 40531
26301 34156
10768 29581
7476 34318
17419 37736
18161 28547
7912 18441
4016 33617
35020 39637
8370 9685
3954 19153
19384 20597
8655 9854
5524 34696
1654 6016
301 11641
5232 5248
2368 27990
24661 37472
833 25465
31133 43218
6266 32300
10876 17221
28793 33126
21313 42085
29185 32418
24099 29074
30888 38691
16509 39393
3287 16596
432 31722
7326 39635
12788 16663
16493 36416
2712 20071
10112 19454
12422 31589
17753 17768
11585 12433
18925 43064
16052 32509
36640 38863
13096 33031
7776 25319
21308 36264
22424 34833
13534 30224
2766 38966
15707 26812
10684 40032
1912 3399
2376 4257
15486 24369
4319 28676
2612 36055
1307 7197
6749 9422
5212 12486
8754 35473
23167 27185
4781 20601
10755 11575
10061 22498
917 41162
356 36399
3546 29665
22926 33889
12931 38417
20755 23606
13103 35491
12954 23125
39245 41093
16297 27967
344 15636
3458 12290
26414 34167
4805 35897
5089 29240
15677 31642
10019 12823
10760 18685
20235 32615
906 20220
32125 40946
574 25897
4394 14863
4200 38941
32624 33719
11332 22294
7879 15594
17757 37084
7532 28318
3878 17198
10740 34433
3204 38387
22968 32960
22115 24413
5188 14320
34932 41240
14311 32494
2581 13306
8089 32558
3025 5618
14200 36827
9427 42116
18534 38846
37381 42607
24816 26001
12526 20180
7204 25227
13499 33747
40195 42941
29741 37321
16947 35939
7860 11006
9308 15040
15634 29851
29763 34636
8306 25618
29634 30284
28317 37064
21703 38590
5815 31572
11151 16597
32984 41178
25094 25164
4047 11880
35687 36046
2757 31817
6293 19304
22956 39150
10064 24593
5321 19925
5416 12615
7198 21625
21961 38067
26952 38141
5205 13334
14141 22260
14438 37530
7073 10784
921 22921
9200 29628
18042 30813
29719 38097
6433 28359
7732 19465
14027 34963
14801 40965
7597 42460
20180 26626
538 22402
8475 17294
12138 21360
286 31980
241 36933
14135 21664
24913 40405
40895 42362
16570 29549
4925 26876
9197 34433
14214 31756
90 31287
33892 35445
19878 27200
3995 37330
11072 31364
14437 31047
14902 21018
29559 32338
9130 43010
30047 33590
2452 4362
1124 35681
5963 17456
28517 35381
3809 37325
3347 18046
17823 33492
1474 27577
2448 23841
4254 33245
2810 38752
30114 35751
7828 25188
23392 29076
9478 15585
22068 39603
6890 14059
11383 35548
23478 36175
38669 39323
33433 38664
201 21827
2143 36976
8227 21672
3135 40205
248 40332
5596 26680
11410 15679
1904 8852
16984 27445
8410 31178
27587 39015
7982 17145
31525 41034
15170 19089
1175 20720
6089 17164
65 18933
25061 26289
31048 35218
8567 32293
16232 28749
10285 39598
4683 30510
496 2123
19727 36614
28156 34412
14609 15265
7953 31841
28550 33585
5226 22801
4345 21066
10627 15391
21437 24810
20492 27786
18616 31384
2139 11728
17322 20620
3288 10245
17683 35151
5734 19043
11245 17655
1250 15767
1171 8304
26237 30951
2668 39584
20500 39166
16892 35561
9258 34254
17410 26856
20139 33525
4721 24736
28729 41814
4813 40540
16398 16744
2846 29498
11449 24251
14726 32415
18157 28776
669 26752
15693 29760
6231 33031
17836 37995
14383 42629
36948 39775
24083 39681
19456 42513
23276 37895
27761 42527
26168 39832
13083 21470
28382 29813
5708 25527
26860 40325
12528 23877
21695 27828
4247 22759
12086 17116
15361 28617
6820 24162
21987 22752
29813 39505
16219 29402
1049 28851
19583 27951
2073 15588
421 8314
618 32048
33150 33198
38759 42733
21519 30231
26684 28206
4248 24300
6925 25117
7053 38858
2072 3285
13778 15471
12179 30489
24330 24632
24491 36069
12757 19391
5953 33063
24430 31629
1066 41448
23663 29272
21396 42848
4060 9138
26455 34920
17288 31723
16624 19665
10140 32561
8944 29502
14960 43333
8631 12009
1329 13161
17856 25764
7458 35537
18988 24866
6611 39048
830 34159
4410 42886
7665 13384
11716 27358
1570 21891
882 15101
4796 18978
30389 33972
30141 34624
2177 38518
21859 26865
31120 42529
33429 38224
6236 25780
3329 9225
3249 20573
23118 33656
18400 29018
13117 43065
3708 24305
32009 41873
29272 32899
8568 34476
10341 10943
36964 40038
23872 37501
3385 31199
3193 11781
1355 22087
8655 24272
9223 14930
7510 37016
14989 36692
15242 24306
10077 24641
39317 43360
3733 23022
10358 40344
12036 22209
25803 36404
17737 37160
9284 32552
14690 24732
3177 3327
5039 22654
2813 12664
12343 19885
3950 18526
28980 38510
39181 40466
11207 24047
24882 32826
12533 29808
23111 32276
1911 43071
10093 20798
20917 25951
8574 14642
18871 29138
25867 28468
5291 21185
31764 38635
14448 35937
2096 33210
29996 43264
18307 24077
20839 38311
20235 39328
10187 38368
23910 42465
7256 10839
17515 29769
16150 42739
888 9388
8176 12502
557 13947
2329 18105
10042 26875
7167 22101
18108 23867
201 39949
15576 34516
5823 15946
11475 18735
7428 17712
13129 34915
3556 30276
12176 25198
12814 33591
10043 10481
32118 37039
5131 33331
32717 33426
6927 42801
301 38086
24326 25532
7576 28163
16681 24066
6158 15643
31114 31706
34181 43066
16916 24872
17606 22875
15833 38494
10933 20788
24967 32883
33370 35684
33087 41223
23079 34966
22404 41967
4885 34214
29443 33265
16910 34102
19536 25340
1092 9918
28565 41627
34279 36434
22429 37301
28637 35087
25392 35506
29659 31577
10361 27163
23513 34669
39273 40189
13158 41106
20033 29529
27507 40003
28804 40862
28823 30524
9582 31562
954 13367
4290 12312
31355 42506
3972 34634
14669 31344
9953 26779
13683 32067
10128 33950
10209 22046
5129 38896
19407 25310
7165 20469
699 28309
15503 15705
26307 42837
21457 26938
10776 41341
296 27138
6327 19370
4246 28228
19889 32409
1896 2142
2963 32340
10939 43210
17847 34025
8561 15830
17086 30894
26287 39337
12949 39777
18323 25094
24665 30050
5522 20289
8217 38651
3711 37868
36412 42237
421 1361
24344 32853
16607 17081
18026 20377
7226 19782
18366 29113
35322 41856
1420 25194
21473 35176
6865 25438
26512 27562
5075 35226
15347 29286
19147 39477
416 20615
293 32293
11315 24599
13818 33931
31989 32979
20522 22499
15871 19083
3732 26263
16050 20546
33332 38909
18556 39975
10723 11663
2756 25230
1602 6367
8092 34576
27479 40533
34136 37391
19913 19947
22517 36501
20433 43368
3249 15714
31278 39010
24550 42878
301 13845
3399 30934
23636 42723
6228 21969
34579 38900
7893 36618
32433 38473
17097 43080
5267 37274
21435 29757
6943 17750
28074 42813
156 35563
9833 18860
22367 27293
852 37518
12351 25282
38090 42545
3133 3838
40361 41920
40457 41628
13916 33311
14300 27824
14227 37899
24915 39219
3187 10490
1148 8240
12185 16884
12433 13980
25245 30463
29149 29488
6153 39703
11071 13635
4334 39671
18584 29699
673 27572
3997 21592
4623 24498
9032 31764
35895 41852
30096 42773
21826 24286
19071 20368
6600 33225
7285 20496
36611 40487
5550 14685
1747 34024
3603 38819
7507 15590
19499 33088
32121 33232
16346 38169
10318 39038
26330 29318
1614 24231
4245 13561
13078 28778
11055 13667
3145 19632
23081 28275
1653 28131
13748 41590
9760 28130
8023 17577
4179 28025
24069 42150
6920 36182
36536 38973
4819 37218
36648 39214
29743 40002
9177 37379
3900 26331
31792 36332
13749 21254
21293 28495
25214 36761
18712 28140
11861 19365
16367 24120
14054 34133
37352 42942
11497 34172
21303 24487
8250 40372
11330 38196
39292 40268
16138 36311
28208 33498
42261 42425
29116 29674
13596 39856
23610 33126
11509 30210
12858 21433
20765 36862
26396 41992
27478 28899
224 526
8667 28767
18808 24064
27109 34694
5809 13582
15801 31414
39629 40977
5594 7012
11112 37340
5142 30300
9886 17665
478 11373
27715 37887
14539 33959
21860 26633
17897 33417
14260 28882
30123 41697
5589 10051
158 21756
17000 26261
23547 24267
9070 42339
11817 22984
5577 11919
28681 38390
32445 40256
26460 31373
9375 31082
20101 29476
7190 25065
4386 41634
15983 36157
1539 25884
348 29585
32252 39834
12292 34769
5450 6078
12867 15264
2938 5328
3233 30351
11925 33255
33339 35221
11090 35837
228 2873
18864 22629
4610 37363
25233 25244
24054 24606
3178 23447
27555 30034
11930 34538
18048 42230
20471 28413
13389 27619
23683 29766
19693 31529
8895 14765
15636 26600
711 2468
17525 18511
11324 15480
12648 34000
22194 31366
31767 36005
4406 32056
23842 31516
23878 27009
13585 35078
15529 39720
23255 27784
5385 39052
28201 39981
1455 28226
17813 31975
10022 16906
26267 30577
9081 12676
11590 42202
16129 33299
13829 26578
21125 40133
33476 37562
17001 29064
2686 35443
13299 16964
1938 13858
22400 30653
13850 38944
34548 35078
9312 41821
8882 39793
5272 39525
13756 39282
3216 31444
32006 42787
24570 26943
442 37864
9184 30709
4346 14635
10902 32352
11584 15942
24541 35058
16463 30327
14795 38570
15714 27765
18314 21946
4889 42389
16651 39423
27946 42441
20297 26516
11269 30833
4729 32308
2652 23350
1552 43219
7142 42124
7004 13143
6281 21416
5362 16945
16356 24953
24972 40879
8810 35544
6422 32386
16103 42974
23247 38230
5715 26108
5952 27741
12963 28103
30442 36457
33742 35745
30555 41996
26820 36364
24208 31034
17721 37997
2012 41110
22919 35166
10488 28174
114 626
3721 15872
1637 22739
13538 33703
14760 22899
14758 24516
369 18114
5126 20236
8845 31751
561 15840
3478 29885
4846 27766
12186 16518
19907 42145
1261 39606
24892 25435
11443 41320
33186 42064
3631 5217
4228 7193
30319 39625
4268 29223
13097 15651
34021 42865
14405 33638
7628 27064
34833 38579
10438 17857
24990 29915
17784 30775
2556 5868
27123 31046
29101 42442
21293 30402
26265 40814
8207 16568
26048 43031
13068 42425
1866 28052
4241 6839
12766 42060
12725 34889
1257 40776
29211 34851
10462 35597
22038 29243
11038 36696
12886 31050
8635 18708
13074 18269
8520 40827
29580 38131
18525 21711
505 29248
18535 31289
24135 41270
27960 36996
10801 25614
26566 37894
24784 28884
13168 31867
18211 43243
33403 38857
137 9604
21285 40498
3918 9408
9855 10460
6746 36781
37821 39069
36976 36991
15185 32823
1743 15944
23075 38257
19042 40138
4040 35199
41467 42377
5163 7420
33776 38092
8020 14998
22887 23684
807 21857
9095 42613
2412 10037
18601 36608
25263 36816
32658 39827
4297 14072
25098 27889
287 29146
175 32877
14946 30713
1003 26118
6131 41739
1535 13147
28791 40657
15439 40445
7325 16809
10846 38165
11534 36095
28194 39620
6708 28918
22995 27539
12477 19460
17955 22096
9974 39175
22173 32046
39877 41242
10939 35131
3888 29486
9 6170
9973 41956
6033 36858
11510 23808
28264 34882
9635 11601
1827 5977
19338 21948
8953 42506
13338 17695
479 3086
20070 23560
24316 29142
6525 34287
7921 16466
5868 29062
26795 29220
3965 9145
7057 36777
8845 24664
2960 41117
7821 22651
4332 7626
20607 37913
11217 15985
20645 31789
15979 16199
17821 32430
2132 14318
7967 34719
24171 37247
2449 39100
18010 32891
19778 42003
14452 31093
18826 18925
10323 18926
25019 30174
12398 39300
6679 29627
22 29763
15242 23261
15834 20921
10753 28309
6787 21990
23261 29105
28959 40375
8739 31973
6346 18083
14700 37207
27195 27218
18289 30212
14709 15069
21472 22499
14743 27485
9911 24435
1251 33120
5656 21019
14417 23528
3711 35400
26998 42330
16628 40565
17348 28611
7224 22903
20343 21601
6582 17020
21836 26344
16748 32753
1239 24600
24743 40455
16504 17117
2601 30580
10858 31112
14113 40271
429 41764
29354 29920
3062 23061
14047 22655
21328 35178
2798 9402
32253 40383
21727 28279
38889 39370
15138 39661
6158 7243
39386 40176
24362 24898
23703 25262
17964 36814
16965 22780
5362 36356
11996 13605
21544 32709
27136 32249
19890 39160
10112 28639
31228 38118
23093 38515
24555 41693
25775 26090
1307 21859
22418 34404
17454 31989
9077 17577
9409 11900
24157 36170
11464 39758
13054 25186
23733 34122
14702 31752
34915 38983
6322 42706
32485 38797
4099 4906
1836 9556
11572 22295
13834 36668
6533 43118
19730 39063
29878 35531
11268 39065
26540 32753
6359 37111
24700 38260
477 8196
4271 4609
26258 41900
23800 31587
5009 33585
37677 41978
16202 17667
17461 22206
8469 22016
3123 18745
17176 34088
12996 17260
39321 40474
12685 42473
12785 26839
18267 23767
10380 17850
29553 35367
9669 16526
9813 24384
11094 39824
14289 37598
18745 42990
19188 21868
7920 19707
10092 33598
15447 18673
17319 17777
7941 32827
12504 31700
12998 22409
2092 31187
1864 16276
33377 41421
12061 22994
19500 43273
7944 21232
9546 12147
16231 39134
28096 43271
3236 16528
8407 36949
18120 37461
3735 15717
35869 43424
974 32922
11948 20084
16770 40351
24466 36874
10346 20309
8036 34003
7498 20364
4942 36281
2043 38091
16282 38318
23022 23133
8994 28788
8630 13050
25649 34221
17511 19825
6779 30476
5960 23203
28628 38786
22002 27655
17473 38000
956 30811
10525 35708
3849 35602
6793 23177
21266 32690
1969 41710
30240 35492
24213 30170
25746 29808
6752 35419
267 1138
2601 17077
5407 32826
10513 33604
8502 14154
29783 35024
22415 41006
14779 38872
14169 18941
19058 37986
15641 25281
6607 39387
2165 33893
15068 19003
14420 36495
30898 38094
37890 40126
9992 38978
1159 21317
6180 7270
13195 38333
8185 22741
1951 27898
8764 33937
36668 39037
8956 9032
16359 19266
10562 30648
17404 31955
17 1498
20219 23092
2339 11950
13727 26301
25490 32605
15609 17233
19091 28835
12409 12699
14536 31543
29916 37596
573 42511
7168 27911
6697 15494
3338 25425
16829 21817
22579 29113
12900 40263
11796 27933
2366 21882
26221 32302
28714 29804
23969 26753
20837 32711
8905 27352
7048 37416
3422 5124
18008 26592
28138 38504
11167 18313
17773 37837
22701 27009
31826 39594
1587 37578
11241 34477
13035 42558
22390 32974
3152 33529
1677 5980
8612 13894
11789 27112
14641 40762
4646 10581
8321 12964
26431 27012
2543 17206
20574 34179
13592 18505
12184 34057
36571 41332
19932 21880
1835 23535
765 18895
1833 25152
1841 33149
13768 26086
21429 38076
8068 43228
34331 41243
24517 33509
24519 31892
20274 35580
6518 29091
1323 39575
28477 39259
24530 33744
23678 36911
30811 42366
7565 33747
10038 21737
21907 35607
12466 33339
6211 16516
38152 42862
364 22873
39637 41328
9228 19653
18324 26582
31312 41601
28800 36879
968 38071
602 16780
5064 11629
11860 18253
11246 39493
6624 20068
12340 42275
11184 29755
11561 23289
23892 33083
31696 39497
31388 39344
5275 25812
35085 42240
10756 34381
15516 40938
624 12782
4202 31262
10757 35545
5612 40666
25089 36717
8455 21773
11650 19547
4877 38756
29679 36447
7979 34087
8914 19089
11148 41028
2606 20133
8002 9373
16077 40224
6545 33142
8392 43301
13158 36841
21589 28858
10694 37825
25250 42677
12068 42876
13345 27807
15661 22229
27467 36339
35028 42995
19115 25367
6183 26495
8174 35492
5369 30708
23521 29706
7013 10737
32641 41193
5337 8539
6283 9171
11803 33910
5705 38736
22873 42502
4888 36262
11835 39083
1138 43339
14715 41949
25108 29388
6674 21070
3224 13887
27712 38772
1862 40926
5900 40143
12580 21709
36323 38304
21337 36342
5186 26278
24690 32258
16987 28902
21545 23459
17585 36176
8786 37347
5160 18641
39269 39723
6635 36576
10489 17956
3175 7205
26575 39676
12948 40013
19526 32414
23106 33971
18820 31434
3586 29178
33630 39586
19754 29797
34705 42318
13590 42863
1281 36800
23128 23372
15664 17558
3882 8760
11902 32734
24999 31673
8514 22487
3280 20211
3054 19868
34479 42914
9015 23412
1919 33300
14821 42129
12227 27017
1932 6932
7731 28642
14289 43022
4830 18483
29700 33082
3475 36113
39393 42741
9489 17818
30647 42984
17922 29129
27493 37105
6601 14310
28289 42674
22942 34105
34688 37022
28475 32476
9810 36865
24361 30231
519 28906
14369 41446
32987 41183
10977 12768
20625 33796
1593 11788
608 28197
24544 39737
35287 39044
3412 30287
1277 25323
7763 31721
2699 31546
9590 29362
9565 41383
15148 41561
11408 25005
25098 39542
14638 39769
970 28963
26761 36782
9685 20739
15574 24407
9857 24229
20517 25753
6955 33093
34489 43386
35874 40682
8013 25830
4181 33097
20934 38873
14169 20982
4305 18611
24292 35887
21467 26504
21327 34603
7085 10693
11116 15155
3543 38475
21881 29527
6072 38640
4570 35309
14904 30247
11060 32781
7564 25445
33828 38392
3951 10162
5465 22390
9506 35676
6145 15733
3507 19570
16154 27318
10101 27191
15765 34713
16643 17683
17766 27811
28237 33600
1089 12039
1076 25575
6867 32872
9546 23182
949 5054
9373 39469
31680 34105
10744 36867
3537 24293
22919 33316
4452 25612
26146 29847
58 39003
11271 39767
20982 39644
38480 43322
31806 38381
17702 39288
26322 27040
34338 39783
7306 41028
24435 24652
916 28676
31256 41132
16373 36639
10474 16977
20114 24558
19329 29701
3511 17595
23123 38946
37124 42233
10363 18866
28884 38672
5402 27302
25976 37922
31015 42174
15637 34504
14192 28297
29663 31994
779 18764
298 30734
2096 19309
22274 33901
42 41102
21052 35845
617 29733
13316 34261
20330 42468
36872 39164
34793 40713
1783 15587
23649 36144
5282 20188
5869 17504
2315 28657
23101 26890
310 34127
9433 16838
26114 43117
5242 37004
3915 39878
24412 40452
3013 9747
12377 27044
11239 33789
3899 28041
28219 34094
716 18950
23663 27532
5093 21605
1389 42613
28848 37271
4388 5574
2746 19202
21458 29908
37915 41018
11492 28758
3743 5247
582 13473
12348 32126
12081 38952
13652 34718
7147 19410
28514 39088
24526 28846
20756 39435
3780 12484
764 2375
22683 28420
1894 11230
16839 41676
16478 31871
5742 15985
13722 17929
22601 33491
10113 40517
6017 11494
8541 15479
14951 37343
22041 38752
17253 31867
8656 15991
3179 26789
28268 30172
5981 41076
10726 13390
27574 34679
21996 32593
17663 33428
16572 39053
2360 37983
8954 14113
21532 39814
1177 2140
2098 30069
8342 33736
582 34010
36791 40622
926 27404
18878 31252
8107 29897
18204 41861
22248 27337
3325 33380
14870 27713
14386 32030
23715 38029
12111 35165
31371 32679
9501 27464
17749 37524
6950 39783
7186 27982
24949 42511
3938 18304
3389 15056
8 13894
4260 43430
37230 42362
15087 16801
15016 26949
18876 37191
28861 38391
5556 19743
21101 23389
20460 39800
27676 41348
1440 41746
23321 27148
2817 21431
31490 31997
4732 4929
1225 22344
16381 31133
15581 19938
5630 10243
25974 38868
36664 37605
12796 30141
10843 38245
14018 19337
17 32265
4879 40819
14077 32749
30376 30441
12577 20419
12908 40935
4524 31960
33441 41166
11749 21728
1515 26994
1499 30433
4243 25302
6148 18692
13178 23268
38664 40085
22487 37660
3168 42949
1556 40766
9878 10394
7075 11912
21866 22266
30807 42678
36854 41270
10199 40021
17450 20622
6401 6491
7569 12420
24849 33366
3643 32103
16530 29512
5370 34798
1228 39365
21132 34729
2199 24778
18057 27423
14501 16838
16746 17244
13143 28535
3349 26903
2540 34870
18591 37156
4396 40419
81 36198
16150 27012
20455 23375
27476 32561
24306 32565
5730 37935
15405 31739
29529 29764
34367 40176
372 27487
34033 34638
526 6262
8471 11595
23241 35624
14864 28382
4329 20888
23487 32647
12265 37055
18275 33136
1936 36045
17641 41858
4211 17634
16631 29163
6408 9890
2855 5992
18000 29898
36098 38267
8806 40339
11745 33986
11071 18766
11332 31373
17793 23189
1177 30516
35963 38042
4443 18142
2912 9909
16486 39547
36071 43237
2041 20004
10757 33882
8786 33456
22850 25014
8129 16153
2351 24367
111 17889
1090 15995
28673 37484
23506 36430
1901 22818
6340 26351
5307 33644
6010 40180
10329 33031
12652 18044
7406 16697
6060 29717
30404 36356
22602 26605
26323 30087
32544 34494
26882 38187
2939 8672
36351 43412
4601 10972
22788 34874
1270 27832
5628 24021
3200 31078
11529 37902
7431 21076
37289 43402
2475 40244
13024 37056
28306 35596
27721 34943
30151 38512
7182 27727
9226 23905
29261 38943
9564 43148
18922 39497
19372 19546
29820 40627
14328 35861
3789 6748
12133 18768
5019 37684
27166 39235
14603 18538
2808 30446
142 40341
9871 24582
4851 9992
38977 40103
3552 8498
22208 37574
866 35676
22834 41234
25229 35949
10007 35208
2744 37786
18425 43013
12586 28320
10910 23870
3686 5465
4190 11414
14099 41077
28598 40477
9832 25004
26717 37315
6188 15326
10400 15662
28993 37034
7508 42772
38425 41468
34574 40357
4538 41144
14370 22100
22725 30337
18651 24485
24464 42683
12419 13281
2184 31154
31564 32914
12418 20226
14387 37730
33456 42092
26871 42104
22342 42061
20271 28222
20684 21975
19379 39160
4017 11055
21884 35733
313 29619
12282 29383
29857 34227
1687 9006
5615 16753
18816 34509
782 4433
35708 41575
21488 34228
3457 10839
27258 38204
34661 37858
13274 37715
9960 38529
11599 18214
27766 43306
9802 28521
23914 28229
13898 34132
25669 26556
14540 31155
15631 25530
17219 25629
22346 25564
16663 29878
11601 24676
14457 42232
24897 33624
26315 30114
7878 11699
21516 30210
5085 13905
3981 39482
5628 19028
10797 11295
2287 42370
23178 42309
4413 13283
3760 28179
8505 28012
14630 34431
24172 30335
24593 36781
17240 26856
25104 37485
4067 24889
17319 20733
11719 14724
22294 37832
14727 35303
2381 17307
31280 42149
8768 38221
12025 36873
29864 35182
14604 29985
1077 21104
17234 38338
33564 37787
698 20519
761 3340
19770 30814
2054 16131
16631 36547
17978 39021
19812 42559
4036 40478
9514 43114
33125 39588
9432 19138
31140 31939
11480 37689
1822 9557
1852 30899
23097 36062
33718 38412
2525 10239
7356 15508
14912 28236
1215 12528
26737 35418
6204 28771
615 8591
29934 40243
25391 42022
22315 28856
18604 24372
13100 20515
21655 43335
13133 32706
8255 35727
2762 15255
10486 40399
9425 24733
3411 38332
19917 22731
2580 23128
4591 29746
10746 15628
28494 32478
3392 7730
21584 28758
1259 25258
3269 11272
6845 28925
169 26567
11881 24046
15578 37522
11196 23943
4744 10713
5341 12689
39221 43333
7075 18275
6920 10790
26604 30701
7282 29865
21790 25601
2819 19330
4183 34997
5770 18464
34874 40328
755 30047
26118 29495
6932 22104
31935 38013
38239 38513
2949 20342
28194 41234
6206 8414
7657 20293
360 25761
19693 40527
27327 29756
5225 14584
32262 36314
8298 29142
18770 36287
23085 34092
27398 40896
23622 28847
41410 42652
613 17697
19514 43386
31226 32197
27115 42301
9603 35719
27781 39910
8890 14909
25555 29166
23194 27619
23902 40915
3692 40371
25846 42147
17783 31308
6575 9950
8614 39527
21168 22009
1232 6950
39295 39444
1705 11334
14359 26477
10566 42340
5418 10037
11188 19463
14478 24479
5198 24788
5294 30912
6529 31647
15574 26745
2074 41941
6371 23891
4377 10272
13985 40007
11593 11820
24754 39037
13433 30634
32825 41099
5226 23049
1749 5375
18561 37587
24404 40910
13632 29531
25760 33304
14122 31610
7629 18379
787 42147
3988 25214
5470 37904
2894 42619
29 626
3896 23181
35015 35567
3281 27981
12990 33447
14840 15796
4778 10966
1139 9768
28285 34666
9347 24371
3023 39242
13420 42830
2453 8352
22792 32661
4719 33956
10564 31690
15875 37596
3381 13286
12988 30341
1494 9178
20307 36740
25806 41943
9360 43265
2380 33888
2704 9102
25697 27663
885 9070
27045 40353
34691 39765
22524 23986
26957 34090
27919 30529
23865 41921
31003 42058
16772 42658
2645 32092
34518 40776
35125 39468
23757 32939
10710 31865
9169 14808
35935 36075
6016 27059
4765 30517
38178 39818
26762 41169
5086 36759
6700 25247
15985 41497
12109 21108
12885 14913
5019 41364
8273 33891
13514 28478
5564 9407
23377 37794
7352 19925
18370 21911
5543 22301
13128 34269
6158 29744
31691 31855
13881 43174
32160 43445
5527 41955
35637 41871
9739 32465
1657 39104
482 36168
36550 40111
3496 39788
3559 15227
15494 25021
12185 26179
28181 29724
23558 34018
203 32520
10273 22950
13091 35326
28254 38870
6252 17486
10275 14917
24935 32924
34537 40213
87 34299
30000 42746
8012 14844
2562 36887
8930 19090
1762 16832
10193 39586
60 11161
1816 25928
23840 40655
13734 23475
3344 12198
13398 38078
26359 27300
14607 32674
23059 25568
20921 41998
12971 18763
3162 20263
22465 24829
1958 2599
27752 42392
3755 11917
21309 24552
580 9857
5325 19324
4051 31658
3832 14581
8532 9753
21055 38965
7238 20711
1144 3025
26889 28404
33895 36558
27931 32716
28856 40385
23607 28941
20682 22360
1795 23896
2470 4063
10289 19645
19431 38061
19319 41792
19812 20225
22872 30414
9371 11612
23424 26955
4601 34168
24046 32371
2601 28840
7668 29690
14861 42366
2018 17902
15005 18733
41688 42409
1770 13636
9596 34361
19056 43287
1875 9488
7428 40591
2472 11464
6377 12781
4726 35745
1491 36852
19040 19372
24672 30554
2218 38120
22906 39982
16633 28215
10684 11664
3875 14412
20791 32452
12578 41826
27007 30099
4893 26998
15886 20818
2937 13863
33524 42226
17497 42778
22778 25652
35826 36750
35059 42499
12753 40137
19990 32174
25928 25935
10345 19553
17224 42619
11838 13908
15041 19679
25718 38368
6152 28504
9327 39397
12108 25288
67 28839
5744 7741
19979 34644
10819 22038
3097 22604
33898 36401
5160 25248
16794 24726
4048 22826
23841 29471
3995 10922
9718 31856
29573 37127
6940 43230
2545 22276
7397 22006
29925 34546
12023 23645
20681 29439
28383 37266
10905 15581
5897 21727
26640 29150
13344 14540
13684 19304
8008 16683
13479 20592
9600 38401
20149 35213
9993 40547
17248 20358
26846 41269
31591 32242
31195 36214
19882 31836
19840 34054
39745 41132
584 19508
12433 37664
20520 21735
1772 34195
20850 23367
24590 27091
15649 42142
13738 30278
26098 41756
17444 28756
27330 31640
2959 36387
25368 26604
25358 25916
4769 24033
2130 17846
14942 41499
3142 10430
23379 38434
461 22676
26387 39765
3784 35719
8587 10859
20482 33120
15725 17412
11224 16973
6504 27750
9465 27572
11757 27824
20022 25965
31322 37463
23257 32937
3786 23899
10534 19155
34645 40118
7390 33212
27870 27955
8458 41189
14182 39128
13796 16461
16959 33945
8994 9678
15970 28735
19874 20590
150 40877
36459 43189
14435 14876
8481 31724
18455 38427
5211 8701
20599 25195
8404 9812
3981 42275
1819 16240
9626 32751
9272 38669
36133 36788
17289 38960
37363 39431
3105 28052
7685 33510
29331 39017
8921 42761
24348 40524
1207 18867
5012 27150
7419 23188
6669 18526
9984 33398
31504 42930
2832 10897
1790 30936
7498 8959
166 16096
20041 39547
14664 39437
22711 43357
7503 31934
9409 32120
12484 27348
5814 16699
38087 40778
4689 37235
26448 27370
14403 36629
29140 29219
12215 19761
14333 22304
2364 32147
13094 18417
17373 20729
24438 36603
20030 36355
11233 27773
18399 29204
11386 34431
5371 24208
2667 4040
14550 24224
231 24977
23981 40299
15441 17787
15001 38426
13308 41731
10239 23128
3135 28991
18771 32001
36026 39119
4105 18875
21327 40405
705 22389
10545 13786
18366 34167
13493 38286
7816 8837
6356 24199
5638 34536
198 30694
16321 36266
6436 36236
6330 14872
2170 7556
15017 16678
2078 20799
17198 30123
22463 25104
6343 23213
3160 14122
12127 25367
2601 41485
26108 31974
16155 21452
4838 35614
8080 21900
24430 26697
28733 33567
27005 40069
6708 25031
19226 39347
7127 37258
830 31321
31552 38409
13650 21092
7302 35569
10409 35216
17529 19498
37270 39751
32308 38917
9045 9161
21196 42931
32825 36403
10884 41336
9619 11153
18905 37427
3382 33540
7520 33927
24263 28627
11638 18386
35326 42656
3019 27072
26530 36928
29770 42581
2487 27211
29900 33013
3472 30989
1031 11955
8238 24529
24542 28981
20548 33446
19363 22440
17623 29117
3873 12085
30033 39958
29412 30980
14499 39854
17760 27136
23966 24095
4074 36692
8042 23836
29402 42535
26813 31739
8651 20911
7152 31437
1444 9091
20591 31803
14775 38971
24646 40823
6503 30991
32156 35648
13603 40470
4992 41692
9208 9690
26836 36072
12626 30167
11330 28190
8180 19047
29222 31987
13632 23680
39290 40015
1708 18182
7297 11789
8708 41797
8099 37552
5138 31314
1999 39299
19953 39810
11351 12448
3360 36009
11665 37713
1940 10611
10064 20413
2001 5602
10555 20650
28145 43330
14983 31164
4719 5474
5915 37772
23528 38744
14954 42477
14664 25934
37727 42016
13574 40829
39649 41237
8325 22969
42792 42793
4287 6948
12906 33725
21218 29992
17104 34163
2525 7450
28809 30663
4169 35774
15188 43058
34941 40505
23332 31635
10352 31783
5120 26170
19469 39589
15010 21094
10327 39832
37569 40117
22060 35936
21561 23915
14041 17260
17844 38110
1634 5966
7035 35709
21699 37620
7462 24442
9312 20377
2005 41342
6743 12677
3979 26201
28625 39594
1417 10812
11927 29361
3588 15433
3916 25098
22815 23387
28996 41227
7551 31280
6453 31008
22202 22406
14146 29512
11474 16961
13968 37319
19998 40468
9990 30239
7972 12062
11765 31662
24057 37529
20217 34355
11452 36800
3642 37519
27460 42422
1172 21719
16474 32023
17830 24417
14245 42673
8368 31660
20429 33457
16016 32865
17546 18242
555 19276
20363 41505
22363 27585
10220 12392
28331 42126
29319 29960
6497 33158
23892 36149
3086 4992
17860 26511
17894 29313
8817 16210
25486 35282
29205 39657
10070 10354
6152 11431
27410 40965
14575 26750
19770 41341
15889 27024
366 33525
36470 39377
14900 17650
8741 34278
2164 24574
23160 25246
34491 42473
32934 42441
39885 40308
28830 40884
22325 34998
4917 11800
16737 23334
18706 36896
40980 41972
11629 30030
2172 6126
24667 33270
10095 40747
78 30964
1324 16582
2389 20878
3123 35395
357 15103
17758 27708
33939 42118
12015 15729
3344 34805
24651 40846
2347 7820
10415 36938
2051 2574
4982 16517
8228 40674
4929 8777
22801 36805
36266 42556
17768 38949
930 9488
7830 33431
15637 29031
33088 37781
39808 41377
9898 27751
5449 12950
22924 32674
9494 10140
34623 37273
8054 33324
14989 41238
19176 21138
15375 19582
33485 37602
717 25595
32101 37498
32908 37032
16093 29432
35839 40395
4365 29730
28167 40324
20615 41301
2190 21957
9772 29490
18630 20820
11158 42472
462 21289
35110 37741
16 19482
8539 13717
12865 36786
31447 34614
380 36159
7785 38360
889 16788
27705 37610
20785 32448
9154 22099
12054 40893
9706 20360
1960 15614
19402 42368
6793 21518
18449 31897
12283 23225
5536 26851
26812 37743
6802 22735
7344 18588
5503 11627
14143 28893
25152 41905
10826 17358
2044 17944
2782 21845
10349 17204
12571 36874
347 6009
14175 16538
8992 25339
21020 38330
14609 41905
575 16978
10992 42910
7623 34403
15662 27882
7858 42379
11786 36540
18360 34649
16626 30783
8573 31744
3664 39616
10523 21679
17944 40598
11823 22809
2429 6801
18420 38083
7733 12290
21147 33537
18949 22397
8737 31586
4189 28857
1256 17497
7152 20646
2190 12642
12280 34015
22758 33805
4990 30074
14769 40443
27235 27996
6911 40182
29275 39516
24743 39764
1123 30150
18931 33310
5713 36296
18105 24866
4757 9312
10202 22388
9055 9422
27109 38622
14116 27985
4483 12715
42007 42457
13103 38374
4347 40181
5814 17130
12886 37393
21551 33778
39183 40654
18490 32786
23875 34477
26659 30465
34991 43414
1299 34698
3614 42481
13477 22750
14204 43266
16563 38324
28586 39829
4466 20066
6930 10222
1184 29463
6123 8436
31536 41744
2579 25003
13604 38548
15544 17407
27298 30573
5954 34264
17263 40398
13333 43158
17295 43319
35578 38636
4705 5715
9480 36524
2389 3187
14612 38523
4678 28243
4833 18732
9323 23708
7925 40702
12380 34380
28250 37786
28022 29291
27340 41537
4020 19383
30929 36232
7783 7815
707 27215
19409 33069
6252 21247
4798 19650
5364 16089
24269 29654
473 1909
9747 28358
885 6549
13263 33128
654 5862
8101 23558
15762 36302
3463 3600
16090 39551
17501 31652
1201 15830
1068 25100
20659 42376
9053 14556
24735 41885
11452 42224
25086 30034
35022 42861
7769 13370
23478 40802
539 41725
4647 14354
982 20603
1165 38215
15248 40403
7083 8878
23388 33180
5535 39891
8577 34225
32176 34102
4496 15124
22565 29171
6807 11454
22005 40848
23233 39658
130 18293
13254 23751
9377 29555
13063 13603
11607 17787
12933 26554
22933 24090
7168 9366
25372 35881
11573 28756
1512 1705
14572 22454
1337 34161
26832 36734
23375 38960
14251 36399
7904 24683
25861 29629
33947 39139
37350 43278
28216 29641
12325 25358
20334 32204
27314 37417
18479 32515
21581 34262
19353 33271
31474 41535
4987 6851
3347 15452
6388 40867
16448 32038
1239 11345
19275 29416
7618 38060
12104 22915
1923 24809
25311 32380
10207 29608
24164 31657
13797 42995
19184 39851
14406 33654
1509 29141
17983 35694
30614 31228
1652 7727
4426 37524
26480 38130
29042 42407
6325 9212
1145 28864
28319 38814
19597 42649
6176 9089
4237 6511
7510 30771
12835 25995
24422 43185
17674 39261
18598 31244
16662 34599
141 31610
23711 39417
6256 29205
11853 26837
21304 34519
32637 34823
10431 36829
10385 19680
16259 22316
14730 42237
22139 30594
10472 27970
22199 30645
6219 12549
5576 34549
24464 43037
24467 42554
14849 36452
28516 29128
9626 19813
143 36759
14510 34542
10355 28324
8921 38683
2989 23799
14616 35692
15108 42570
8764 15876
3007 33238
30433 35330
12611 40408
35079 40065
30040 36567
25165 33443
23178 25159
727 39412
15877 31417
27649 29139
2958 39388
22624 37590
18082 19592
4440 8509
15132 38618
6173 31398
19 17633
198 9462
79 11268
5074 40323
8877 29874
29107 36520
7078 7863
6635 22569
110 39628
26447 29456
8485 11334
746 37560
13243 34060
18645 23088
1516 33048
28307 30428
6832 36854
12306 13707
24953 38259
8750 34613
30238 33118
15167 38962
3594 41827
24916 32715
14197 22660
2976 5039
6036 21836
6193 13714
2237 14499
4114 20925
332 23583
7439 41403
7016 29966
17493 18796
4286 22163
23618 34075
6912 35278
7111 43035
1147 20534
23957 36924
768 7117
8084 9835
24289 26551
34099 39239
13781 25576
27681 35227
28826 38698
21027 29218
12464 21998
16944 32702
30134 36336
29107 32332
3375 38871
9831 26179
41365 42779
14008 40292
14012 24950
3376 3818
2441 16372
2259 33105
7644 38960
17771 38523
10970 27391
25223 27516
9492 21236
15161 17990
10447 41579
31159 36857
23551 34327
15375 24335
21402 23803
32960 40255
3572 41263
2646 6574
20215 34793
19386 26832
8848 9241
22539 37212
22797 29142
497 18681
3159 13740
9930 34829
8841 30701
30468 42574
35038 42618
14435 19926
19840 35855
15726 36808
19693 36559
27177 41305
40716 42841
12671 40734
21259 26319
31 11711
7680 20466
2981 22486
27197 36295
1313 26033
4418 33713
1363 21424
13006 17046
12006 24287
21847 36288
1354 24344
23480 26516
9339 26632
13433 41242
3900 17508
1119 24447
13193 14428
18338 40044
14116 32604
9822 14708
15905 36177
8273 18701
5467 9368
7827 31446
33544 37808
17503 43380
16805 21158
2195 34759
17504 21159
25646 38148
22262 26889
1742 31027
16367 37928
15682 37825
10133 32505
31523 33885
10480 34306
32673 42426
13504 37860
21913 30118
8818 12758
12413 37069
21047 26971
4217 14367
4902 8808
1271 20495
22306 32264
3235 31239
23293 34395
28434 31784
16655 26667
26850 43138
25942 30720
17527 22432
3467 10836
9219 32700
26084 29083
15581 36588
4531 6771
13560 18894
253 22619
1591 26485
13481 13905
19117 19379
8808 41467
3454 8315
9814 24400
22121 36806
34748 41458
7285 12157
1783 27594
16030 40736
4492 33796
14306 31142
2980 22395
9842 14555
19822 27654
19963 22409
13815 31844
6731 40803
9336 35328
7812 15242
25299 25901
4478 29367
17731 36733
19361 21028
2433 39380
33570 36130
11514 21865
30061 34224
6517 21222
15744 31640
21332 40298
6050 35342
6579 22854
11922 26763
23795 42095
15525 24362
9537 22378
3272 31440
12776 34222
12245 25726
31143 41318
10614 37234
24859 27672
2480 9748
33771 36012
20029 29421
3209 18259
10862 22060
24022 31147
13671 19798
13099 25234
27694 35676
6670 36339
753 30623
10577 39045
16671 35763
1636 16189
1776 39581
2420 20435
965 4650
14730 29352
19554 39866
12104 27534
7480 13698
18276 19247
36828 40618
16030 21622
29921 31719
640 37512
2114 4298
12913 31086
16307 42841
18771 35441
9807 28631
20770 40544
21626 22035
10969 12858
22960 34827
1138 41172
9062 14699
37964 40778
10201 37603
27672 30790
434 15163
7536 36611
17386 30416
16369 27854
13570 23664
19612 34744
14805 24399
26910 42518
14853 18963
41901 43326
2590 27797
3475 3610
8114 37756
12644 43097
142 1930
14551 19564
8914 28949
15254 29106
17897 23923
7394 32903
29242 30468
2108 4641
28476 35661
11153 42372
18767 23025
31946 35360
39960 42550
6101 37858
7393 31957
26656 41820
3920 9329
12223 21348
22267 37650
26783 35179
15769 42734
27911 43207
24312 28576
33074 40355
22217 39226
13749 29614
26801 28588
22169 31830
13426 38006
10510 26815
3986 18435
11529 20378
17712 32629
22252 43384
3535 9114
4743 4828
2479 4934
16220 20160
11165 26517
5497 30365
17774 18231
5050 22506
7424 31428
4472 14164
21061 31809
27210 34650
3640 27597
12819 23449
21330 38615
38522 38803
912 31918
32998 41649
4636 34917
566 12033
2381 20991
7608 15680
12620 12659
14987 25328
14911 34378
8433 30315
7121 10866
29167 38938
24647 34285
23053 28736
16708 36314
5593 40811
15742 23918
28680 30714
9280 39047
15550 27131
8946 31065
612 10873
9424 25213
2635 12398
19737 27410
1306 25025
8526 11231
11716 14323
3053 6495
746 36702
22759 37307
8673 33158
12023 34253
32870 42753
18199 39671
6325 43362
4178 33665
3003 23347
37228 42914
6254 40678
64 31420
21929 24957
3879 5490
8538 17657
587 20615
507 35373
11026 14815
11706 22653
12994 39264
20040 33985
12865 37164
16046 39204
30268 40016
4441 31042
21295 41788
15180 33613
6185 26736
30477 39601
197 35332
27810 41946
10738 15287
22757 32134
6504 39513
9745 10113
9821 38216
13820 16567
13547 33936
2979 34630
2307 7405
16938 19756
10525 33838
701 14836
18900 41007
15168 34892
24143 33223
812 30882
27651 29242
12364 17526
23099 42047
4518 15582
122 10433
2741 42571
16945 21866
10972 35466
24780 25149
3805 7015
11770 39418
5953 30900
548 35158
10123 23628
9749 37939
9783 43185
13307 39737
36502 37279
7567 31439
4616 34025
29851 38923
13461 37171
26083 30899
8667 41583
10785 33546
36657 42293
25867 42386
7282 25039
24348 33978
21820 34947
22441 38263
17046 24550
22425 41702
10088 12680
17673 18232
28450 38091
6383 9142
1098 16700
3004 31438
15201 24236
9117 19538
10107 38936
7396 16631
7901 38266
17060 28770
16144 32676
27386 31172
34619 38551
2885 30965
5369 40247
10351 19856
1553 20663
1235 14904
12074 23563
24093 27578
15122 17877
17396 33765
13109 14596
8358 30224
11897 12532
1479 5815
14642 28005
35976 38121
14331 42638
4724 25583
2093 37007
5285 17514
17587 22406
20687 29742
4584 33682
18717 23125
2497 17620
33014 38828
14671 32126
9911 14457
18962 27093
8354 39500
21412 34347
32392 36041
6035 15733
23416 26962
6335 32240
8666 35830
20084 21720
3048 34877
8083 20728
28839 35526
8205 11269
2179 25797
24285 26593
25786 29699
8355 24045
8970 35460
546 31782
9551 43319
2391 20203
24035 29801
6201 29392
6825 29219
4114 13330
25890 41541
23289 25258
26231 32974
13168 31367
13808 23591
15465 24793
22820 33855
17336 39510
15336 16277
658 14468
7731 13456
8634 14950
5004 5170
8165 32407
34978 38968
15038 35279
35229 36335
27650 34735
20921 33305
32622 41175
637 23390
8423 11505
12193 42987
32392 41652
7186 27104
17682 40305
2826 18976
26832 42589
5568 30768
26505 30860
4546 14276
6319 28458
1551 31839
17309 38976
28500 32811
22944 36900
31851 37514
3649 43337
3645 41875
968 32952
24259 30202
11367 26033
17762 36477
35917 41408
1707 4244
21485 30206
10857 26685
16609 27638
6366 35070
14645 41777
35901 35987
23090 33692
10423 21505
26828 30173
18866 43330
31483 36714
35165 41022
22323 32244
9469 11563
15134 29109
7696 15848
7278 9673
25510 28622
33639 42932
11107 24766
16299 39648
30168 39598
32611 41709
14776 36194
13200 29504
3342 15836
1880 41705
16545 17423
19208 35338
4044 15354
39926 40984
34515 37126
594 35720
26645 41958
12368 27661
23188 37768
10207 15060
11495 21091
521 23349
12793 38390
14192 31420
4366 28587
23600 37712
5496 22890
35795 40263
20511 34672
13570 35049
6520 12101
9951 39199
25419 36963
9017 36140
4946 30559
17685 32042
12366 12689
28026 41922
18140 32622
26290 31005
1956 33190
32943 39795
17814 28665
8202 39347
7414 41775
18493 28953
2533 17895
22541 32830
34137 43158
2706 24239
22358 40293
23329 25706
22741 34581
15922 43057
18317 37772
11243 16682
15247 37226
9969 29016
4357 6378
1157 29171
22248 25788
32402 38286
20486 26290
8179 21054
13715 29522
19210 33825
7358 13708
9844 20619
11780 42901
13128 24100
20078 43434
7953 12605
3059 21509
17916 19119
255 32224
17736 26099
29425 38870
7998 23867
18326 33512
14492 34290
25359 29691
32740 32804
1525 42779
728 41681
14509 27289
8904 9794
2572 3836
30960 36110
19924 37490
4411 42427
6842 8314
11285 34412
6536 35369
11055 24336
13476 41937
2178 12018
29071 38722
2838 24142
23689 40520
12722 30363
4633 42247
8521 13412
32340 34001
29674 37480
162 14101
29051 38255
16719 16747
15141 26226
11779 27750
34935 42333
12083 21745
6278 13052
5718 30391
1641 4616
19111 23996
29965 39349
291 24310
8603 20577
27783 39265
2540 10340
1610 16822
31827 43400
4196 11105
8348 38717
14336 19009
5068 40081
29660 40406
16703 24508
8159 14120
33361 33622
6805 9721
2575 28993
18017 25536
12462 22680
21487 31651
20391 25598
13391 42364
887 10196
18391 27440
23986 37077
3345 18065
29714 33472
1647 20272
199 35459
5958 20587
14316 28341
14999 32535
15943 34030
5393 19088
25115 35881
28243 31679
13782 32571
3805 37648
16369 36124
18958 34088
6412 24140
9117 17391
14845 41867
28419 31346
5722 14833
15819 26797
2644 34583
5922 21280
18645 36782
37466 39322
21847 33283
30816 38939
16217 37423
4949 30344
3318 28111
38333 38907
796 18537
24284 33859
3349 10428
21560 35670
2560 24497
5394 19848
16040 39224
22730 28648
17153 38276
17076 21814
20142 31286
16516 39153
4473 14550
8360 11908
35244 43222
18553 31716
10722 42138
21051 30316
11322 12332
3499 39419
3961 24955
4256 39398
23126 25615
4429 8027
15896 21917
16916 31166
10729 28033
32497 34469
37464 40565
2700 33552
18101 29340
5714 42834
20439 29937
2537 19036
15693 42499
25084 42960
31870 38508
28558 32979
8079 12797
994 37369
15165 31268
9436 30676
9348 38965
19136 38308
3676 13832
854 8692
25274 39270
10839 21381
8313 27903
40592 41439
24173 24205
19190 32128
896 5131
19397 37302
13623 27922
1590 4007
8433 41968
10187 18193
1481 5003
22232 29845
5909 25905
11396 12789
8786 42995
25872 36371
12736 19010
12080 23809
16281 31126
12845 27813
28065 31891
14075 33866
25871 32736
744 22645
33171 39085
11848 25903
30875 41343
16509 26065
15123 38158
12600 16870
35988 36684
29861 37574
18976 35151
48 27264
11525 40152
3904 5307
23865 34948
117 3457
5197 22262
11726 22880
9417 20769
3670 17154
19621 26406
1211 18482
10791 21848
2175 2724
15577 23210
15532 32327
2084 25991
26046 34780
33420 36914
17290 34335
19876 28618
3140 28481
995 12441
24690 40134
6266 30060
815 4926
22868 23589
21122 36867
21175 39911
4459 8161
12094 21182
2602 14253
1803 26880
5827 40751
1878 43269
7877 15806
3849 10861
38135 42947
5634 20142
8664 19569
4213 14521
20067 42334
32987 37971
17598 22006
8232 8800
8478 38812
29486 40090
17256 41490
2727 6970
9689 32545
10163 17152
22401 30919
706 24739
10740 33937
26948 34709
24642 27419
7672 18942
34827 39230
9890 16993
21858 42920
22320 33182
11603 17538
6095 22607
9277 9596
15208 33677
27271 29885
20679 37586
18468 36010
21558 42658
2525 35509
19900 22572
5236 6109
11557 13406
6208 42671
4168 24735
34201 43090
12601 41900
35884 39097
345 4172
1060 18447
30684 42821
18727 20436
11028 38891
29340 39110
15344 25055
14031 21219
24794 41372
19629 34537
26487 32405
27077 29238
19157 31509
6020 33925
8206 12059
4213 39380
15943 20661
15053 27508
142 33799
27136 42650
481 34985
31012 40785
14646 23185
19073 25395
8899 10710
26847 33098
15257 37302
28973 39474
10181 31448
26420 35505
1668 26789
25067 40376
19002 38926
10652 35005
21314 38110
5467 39761
13971 22457
2726 4250
2295 18027
27526 43185
236 4013
17984 33695
1554 26660
7855 14057
7113 34388
19162 30698
6629 36261
40508 43083
14482 15210
505 32696
18425 27961
2568 28924
7086 29532
30833 38167
24579 28894
19076 41477
1148 33327
12626 24186
20464 40010
3216 39698
11126 23345
1942 10153
38118 38539
198 1627
6472 6634
7405 29662
2138 40832
8060 34060
25586 26954
28648 33998
13086 28493
10326 33091
32048 32958
19350 32038
4567 21545
37744 43401
41825 43254
329 17544
1741 31747
8078 25971
20447 25669
13128 16826
18418 32243
7647 37304
11273 14131
6868 20570
4508 38119
8739 35287
71 28805
528 39072
16530 21494
3034 7762
13137 39920
4716 19574
13084 28016
21126 24422
16158 42267
20737 23149
11241 25146
9807 40231
1836 26507
27761 40742
2967 9923
3568 33710
16696 23634
34472 36116
479 28226
21938 31655
40557 41416
33336 33862
17546 33603
14514 37513
17368 41410
24546 41912
12240 21625
316 29925
26087 27478
21842 22498
2917 27714
5333 15170
28739 29928
8116 37351
226 14167
5487 38268
7142 36391
10499 15999
12408 41588
22929 42768
12233 21585
16432 38463
26958 28875
3129 38335
19158 34446
17553 19848
36824 40152
9859 40175
13959 40270
330 4317
6088 22054
20719 39323
9116 17436
8362 25110
25226 36544
2838 34372
28125 39460
2830 23931
9480 11482
8193 9059
19685 39975
11353 20610
18111 26942
1247 2676
9032 19428
2871 8656
13587 39351
881 21574
16138 40995
842 33889
35293 36995
23942 42713
10339 35500
9782 32199
37414 39055
19432 40468
1917 13209
5902 8658
2644 20893
7203 38306
12656 30332
30539 41745
38250 42710
15234 32833
2093 19292
15447 27464
8266 13859
15857 16782
17905 39497
9427 17863
3690 26078
4960 22670
12999 40470
4473 7276
8208 17072
9989 41695
10417 15569
14238 16249
23740 35008
20361 28257
1512 32529
12104 21309
13652 28957
3299 4730
10368 16616
17091 39923
42130 42465
2947 3524
42157 43322
15757 36930
16513 20469
19134 35684
19881 31003
10430 28047
25278 38181
615 8599
19007 27995
4725 13354
17685 41601
2565 17193
2771 19513
24919 39002
39394 42172
20260 22139
5315 19986
11483 23069
12711 29049
809 2399
4123 5557
26029 43418
6008 12036
9648 37056
13427 31848
19473 33810
14521 41046
14089 34219
9494 14897
1345 9734
17 38047
17227 26763
17836 19674
8003 16616
1102 7532
454 29942
2702 8954
3583 42180
21694 34007
11467 30830
6364 21655
6578 7089
22459 38011
13382 18492
28020 35986
34133 36918
4638 8982
6160 25797
21621 32216
7135 36993
26706 40785
32704 33099
15220 15541
8735 12751
7087 22400
11180 31904
27257 28995
22570 35748
2719 37766
4902 9967
21645 42574
1464 12435
480 9821
34372 39536
13846 27644
4511 5615
13570 38326
1859 25796
13639 23379
15245 19920
19859 20236
10173 41357
21901 33145
6292 14208
7848 40433
29219 31183
36359 42535
18410 33508
16758 25480
24173 38757
17045 26476
35470 40158
30207 32226
4399 19330
5919 35510
721 28727
29334 32826
836 39819
18136 37820
20516 23367
13863 18549
2826 34980
1537 35702
12639 17414
20317 25409
21614 26268
35032 36899
27265 41664
29067 29449
3569 4701
40150 42410
11575 26525
23302 39588
12695 26556
7392 31091
15975 18052
19859 41712
7571 26138
938 38002
5535 32487
21779 29718
4795 35895
12198 41965
4217 33969
319 8159
16599 29930
10566 39315
1933 16804
14035 29744
10766 24851
2991 24093
8200 15170
21880 29019
11962 35457
1687 20720
9751 24055
14611 34226
3469 28040
6754 15908
3746 16240
4526 42244
9894 10777
14895 25125
5748 25024
18079 28402
16184 38174
31463 33033
20331 27535
13671 17574
14341 33584
9666 39408
33231 33285
491 5768
10932 25678
14311 26013
4526 23935
2519 9357
10658 25109
36005 36664
2019 17113
37794 38739
19186 32520
5924 23156
23404 43224
30254 33869
14822 36516
1485 10763
3105 28113
27781 39463
17291 27016
17415 23110
14282 15634
36481 37532
15095 18366
3675 31649
5475 18607
10934 30827
4377 11919
33746 37464
12795 23888
30336 39536
32161 42766
5975 10262
406 34303
19436 22495
18863 37128
2020 41258
21876 24308
4255 27390
14707 37101
30127 33885
15475 16493
14635 25147
19490 30810
4211 8624
1402 27101
2068 31126
29653 30030
4011 32133
13422 32280
6553 39141
9013 9176
16143 43195
1605 30843
27714 36497
8511 22521
4033 10954
4300 39591
38713 42405
21730 22389
24623 40766
5910 33033
22491 36073
28148 36200
4353 26585
16915 24234
41274 42293
15332 15811
19862 21906
16983 28310
39708 40455
31461 38167
26424 30578
2480 27256
4253 10139
20147 22075
7745 13569
5323 36656
5213 34798
27257 30552
11005 13458
3664 23515
6227 28926
40385 43299
12841 20984
27364 29860
3467 28828
27522 31200
25540 29484
1402 29329
410 9296
29342 34086
26770 29121
5516 18742
9649 12369
6947 26771
8762 42145
13883 41511
20566 25792
14664 35660
631 26419
21142 30863
18791 40584
31795 38578
23007 29550
12761 15743
19001 24364
1946 41443
7274 15273
31531 35499
4599 38668
23924 39021
31732 37475
36737 39699
895 21769
24134 29217
30476 34173
26295 33150
9819 29934
31420 36422
20458 36997
2775 12628
2333 5113
10637 16014
17672 25098
10958 35088
2420 7741
18970 39953
19317 31366
8380 17476
2879 17300
8743 11112
2021 42152
22835 32045
38093 42831
31651 38425
6025 29707
21398 36279
4807 15555
36215 39186
2660 5858
1507 9851
13333 33473
10345 20716
19048 22466
6211 14032
1401 34715
31803 38415
37025 39176
12887 32605
7830 27747
10218 34123
3256 40793
16052 35640
28392 30436
24016 37805
8397 31012
15484 25734
25339 33469
2032 39658
4336 35009
11868 40735
10556 21286
14479 17547
3191 38863
26840 40547
5710 42504
7081 37458
22600 33467
19147 20351
17768 37587
15872 41307
19007 32614
15184 24691
20440 28446
6917 41376
7439 27717
20926 39451
6796 40857
14665 21093
29253 32808
4451 28701
40063 42227
12749 29988
28033 35579
4831 39310
15492 25975
3822 7030
6369 26268
3238 17367
31334 35469
9475 11919
20157 34924
32136 36911
17215 41760
200 25404
2306 33602
15985 29291
27240 32910
14106 39007
15536 30596
28306 37808
4877 27762
2620 15453
15995 28666
13976 36682
1055 14025
8550 8572
9478 27092
4022 28187
14287 29404
8622 39185
728 42677
26435 38525
20542 39811
20230 23509
37133 41287
6335 31171
11015 33827
6652 17292
3789 18759
10578 20240
11910 17710
11431 24091
19170 34082
9972 17986
4274 42371
224 38421
1302 9179
27030 34389
8406 38779
41859 42783
37284 41641
22958 42169
4889 28122
16425 34235
17753 34215
15308 22609
14021 24158
10375 19507
15620 40631
2081 30235
6759 15260
17852 39297
36472 38171
2657 5670
4996 21953
33173 41737
13492 20781
11341 26426
1192 7856
12218 20283
9656 24896
6658 34052
14192 40605
15517 32932
10 7886
16278 40200
24270 41215
7254 25977
6225 25310
6261 24967
177 23275
37669 42182
16191 19263
4793 4978
4937 20218
10277 23644
40151 41777
37007 42248
9723 17608
33184 38489
19849 34474
36991 40025
30121 30254
882 20997
590 10797
22481 41964
20656 25148
4857 34949
24743 41785
30096 32641
9874 40408
15560 34857
16410 35027
24712 30606
25448 36124
22447 39347
33448 41918
23749 41112
9457 21811
7553 42609
412 13127
14723 26254
13207 30195
14496 20613
2288 28188
19482 22787
36692 38830
17783 34191
5463 11000
19963 27032
16374 19505
1941 40158
6966 17185
8142 33555
24164 31905
2902 10331
8477 35531
10242 38710
34683 36422
30414 39524
18437 31948
8484 21426
1180 17779
5173 32337
1025 24846
18989 26045
20040 30635
26261 43178
12512 40866
1581 2847
8909 32155
31746 33961
13790 36787
3605 18560
20951 28048
7311 12874
23774 29626
36149 41412
31290 41265
29640 38036
3933 25192
11958 22937
36577 40169
26866 38040
34295 35909
9679 24610
30702 37308
3225 32275
14147 33799
15708 18489
9691 18019
10202 13805
12063 34250
14919 38974
25358 39590
15491 26368
26641 38861
5523 29309
33676 39809
16691 23884
126 8545
7229 31127
5775 35946
11918 16341
7560 11484
14128 30524
29805 40705
20501 28377
2373 29965
26044 37824
26094 39631
6466 22473
8919 17166
4463 42511
6586 41988
34630 36545
22111 33116
7856 29912
19032 36456
23581 38629
7602 38663
20427 34440
22746 34795
21058 36000
10655 41457
32317 36355
5691 7551
697 4252
17666 37123
27203 34935
793 13303
1408 34544
1670 17548
22880 32516
16919 20112
7449 12942
24750 41181
11571 29600
12687 28169
6222 10570
17138 31527
2485 39574
4228 36578
13852 14387
20428 42370
14082 14849
2071 24658
4576 28401
33280 38280
7908 43442
948 1698
18502 28885
14263 14860
15854 27308
13254 26711
32522 41082
2232 27235
4098 37636
22770 28564
4373 8070
9317 15468
3295 13900
19517 36447
13131 19141
32700 43074
16554 35798
34092 37377
3727 43358
13681 27687
7940 11085
17254 26575
3968 20035
3029 6052
2127 13828
39770 41764
20799 35493
36322 39380
6480 43416
1693 17508
6241 32288
3682 38862
35193 35853
14379 35572
32462 32521
14679 43189
9862 32156
18264 18517
15758 40967
3457 8192
5754 33109
5034 11320
11739 12164
967 32276
18355 41266
25375 34012
24024 42716
14936 39812
5218 36512
3464 41039
441 40339
6750 38931
22244 30746
14515 26169
5830 13856
21440 29231
17500 28859
14816 16483
10350 35478
20784 25170
2068 11504
14011 33991
26865 41840
22110 38101
19378 22301
34750 39016
18205 35441
24069 29253
52 20757
27470 29347
6728 41774
17165 39311
9142 36539
5618 6244
13166 40022
6621 40399
16155 39448
18621 22295
13500 39144
8972 12184
20717 37130
9398 23138
12006 17180
179 13335
14063 34531
11584 19931
17917 29497
5792 25241
23171 32425
38998 39167
15567 38874
25367 38042
34913 35408
590 17026
7832 9407
25625 34136
14321 31564
22972 28051
19319 35815
1164 6910
6153 30323
5251 12435
14141 21016
27502 36775
31738 34287
5140 25436
2784 38031
4896 13964
4601 31574
1508 37460
17043 23614
23462 38616
13560 31035
19641 24350
153 40006
8840 35396
1363 29377
20244 32722
19089 42304
2669 15800
264 4559
4117 23244
823 39986
1171 32590
29610 34816
27106 41097
11918 14865
10717 17878
13734 29875
20919 35520
10780 28026
13605 20605
9358 34046
18812 40683
30832 36063
30703 38127
2069 37123
18800 26336
490 11668
3963 23716
17952 40764
29819 33650
28521 41426
22480 39616
2316 12090
2206 7034
3918 27356
10476 41736
9243 28996
3012 40840
18402 40411
6555 20638
25790 39033
16014 31591
10942 21729
19864 37927
11583 29639
34227 40664
5196 38526
18925 23190
15513 21217
24415 24897
18416 33112
19980 32625
2291 15601
24222 41471
34368 36358
7913 13263
6741 21178
1038 3148
13451 22366
3994 34117
12200 23572
2018 15442
11233 20373
23894 30271
4381 28901
10404 12412
7182 30720
2380 24691
7719 19813
32752 42512
18628 42043
37396 39095
9373 35993
35092 41492
26283 33839
27483 43433
1695 5340
37 29577
8582 11328
9665 31671
32813 41475
9649 28694
31436 35372
5255 17764
1829 15139
38629 41632
20600 22288
20619 26502
13801 28198
29673 36403
4786 5393
19038 31711
20894 40670
21512 33135
7231 37378
16593 32937
7599 35330
12247 16571
13408 20575
7149 42449
7369 13176
12607 29157
8391 41911
19974 32564
10981 17654
23007 40398
9327 24105
13593 42205
24188 36918
3191 12609
12366 31165
25287 40236
22618 37590
14368 35785
3570 25437
25977 26161
17134 41555
24049 27125
14450 31653
2300 7153
5879 8399
21882 36209
4922 5065
30015 38395
8602 40037
5284 12062
14201 21500
13526 28501
5532 41211
11198 30312
3410 41370
497 4621
1537 19410
12765 35004
6127 42552
16944 42562
11219 11941
17657 25465
4274 36520
65 37421
3774 41832
24854 26017
13381 17974
11655 21139
18808 43276
20386 37769
15746 29816
689 27422
763 27371
30642 33016
7452 35818
13819 42494
29279 33981
21893 23162
27517 34483
34592 40522
4787 21994
21703 25482
8246 25476
1843 40246
15457 26680
21149 42077
1023 10679
19895 35438
20876 27955
18293 30937
4553 14593
6917 39042
17413 30366
16702 35458
17287 34391
41049 41614
19173 20369
17250 40925
28587 42691
1527 7179
25698 32357
4862 25901
12314 14894
14135 40636
14196 19412
21783 41841
4847 38610
24167 42591
16876 18992
1145 13678
11729 32176
24882 29704
2751 5466
11668 21320
2078 10850
10165 43216
23521 31304
22968 23958
21615 32027
23320 39127
14469 40108
14172 24838
10102 39669
16722 21184
24755 25206
632 34219
5080 22754
3844 31408
200 20976
23618 41975
14878 17123
25083 42418
25035 37274
21728 26427
14538 21404
1431 8945
1033 18698
27011 34257
2854 38024
38875 41367
28471 35110
15405 29068
29068 30670
4441 33734
24115 42377
18400 26030
8476 13994
8372 21750
1418 36417
13370 14135
13752 39312
15359 35489
3867 27204
3544 10713
12839 42957
17143 19470
29582 35213
18245 26277
26730 39468
11479 18549
13566 16117
2719 19648
21848 26505
2742 8520
9452 13872
25536 40427
11043 12734
4281 7192
14232 32193
1951 25926
12683 36186
11217 35518
6242 15975
30124 37078
10966 18903
20217 31627
6082 37385
14079 38744
344 33132
35161 42223
19339 35825
14076 28647
5829 19943
8673 23152
15522 35264
12863 23729
2279 19726
17039 30235
35168 37917
8105 33433
1628 41084
9422 13067
39240 39936
27948 39633
6130 13640
26982 39288
6125 42343
1469 37829
8904 25155
5797 41723
4080 33862
20941 38609
23760 25546
14811 22986
2116 25747
19325 19688
8315 11901
5706 30466
24578 42393
6476 21982
28163 37878
2820 8537
12310 21055
3902 11494
3363 20076
20614 42536
6886 27515
16189 32293
25444 31927
4533 9082
12043 15049
15332 28700
13298 24542
33607 38651
15239 15677
12992 14444
31320 36299
7717 39686
19295 38131
15395 26770
23106 33959
1278 10476
2125 31286
10680 25059
10835 22718
8568 36294
17904 41020
6168 28403
29826 36057
3031 41187
20757 22815
11269 35253
15779 24666
25254 32180
7781 35914
10557 17297
13180 34093
2961 41357
19490 23296
19303 37433
28265 41918
26615 38689
23060 36408
33256 41992
4118 35793
11438 22415
2830 20902
7416 32002
11083 19972
18340 27937
5283 10869
21735 22389
15809 27699
26378 34023
22006 29268
26311 26385
15920 30159
11221 28015
6203 7836
15627 31600
9146 23102
10458 40299
1748 43205
3249 27652
4052 36112
11153 26568
11414 39175
18173 20068
2790 7890
8561 29996
11126 37954
34111 42856
2803 30194
26854 29414
3125 40044
4588 24199
19009 39938
15164 35666
16144 39824
3757 15411
4222 39125
10341 28760
11753 32575
22280 23212
576 32030
6240 38054
786 33560
15320 23347
2568 31990
2934 4986
28048 32777
19242 22389
16897 24785
22171 42675
3086 8009
6615 42812
13033 37964
13156 16864
29812 32321
2231 40706
3761 26083
11051 27580
4025 6716
24192 28289
3131 12855
24286 38504
26067 31636
24967 41117
26552 30365
38449 42119
18236 38860
29967 36581
20132 39112
10330 43281
10410 40766
2930 18234
6549 43131
10698 22739
16334 32377
25976 36621
20587 29304
23417 36779
25122 39715
7365 13889
5797 21804
4982 5413
5133 5582
30727 30792
8081 26110
9709 15994
14340 28557
30687 37809
34412 38781
308 39920
13433 23157
3603 26032
2001 39089
22722 28037
336 20276
28592 36381
36699 39598
18635 34785
12883 20246
4700 19663
331 23315
2097 31600
8230 11307
9973 42054
1891 10032
8476 39821
9678 12335
18378 29652
2661 16100
10800 42240
10608 16406
18238 29083
24748 42483
13503 24276
3891 41374
20596 35782
2565 32607
15343 39680
7287 41124
9234 25126
25546 42463
28313 28456
38120 38429
8910 24248
2642 19241
4650 15762
21831 26903
14303 37134
19178 24982
8035 25711
1440 33895
24662 37232
2412 15746
35066 35383
17074 32136
9485 13044
14348 29148
15280 41960
5211 33707
84 23192
3093 28912
548 38602
5466 19704
1160 42364
3951 28943
22181 22936
22189 37349
12034 36492
4338 33553
3183 41637
4872 12549
13419 33788
33195 33848
3529 29250
29545 38877
14219 20817
5329 16208
18160 39349
7057 41197
7011 28020
41919 42891
19259 42475
23337 36395
2952 21510
9487 13275
17089 37490
19252 30916
9692 41788
10456 36522
8063 22632
7034 29135
3651 31310
28737 28760
1125 37832
30168 32625
9274 13167
26692 38773
10129 13681
3523 32064
34446 41128
5433 15218
15042 19514
6094 12483
602 3533
3761 37305
4821 42947
29308 35150
18353 37650
20551 25435
19354 39679
1556 8190
2552 5711
958 29209
10428 22581
3713 16885
18519 34155
31060 37343
600 10253
19377 34186
27854 30520
7019 8259
15927 28723
194 19364
5382 7709
17750 36044
6784 10836
2122 24035
4395 17821
1915 34322
9551 15488
14403 15218
24599 27218
2275 5029
5230 24284
12621 39419
29551 39607
1620 13436
499 33182
3639 34467
1110 24476
18173 18592
32449 39080
11244 11624
1654 34897
23592 28003
6687 30501
20905 40993
28782 29418
15145 20177
11036 24692
1288 13636
3901 8022
1542 1852
35422 38912
11678 33958
394 6189
1268 6753
17244 32277
28078 38872
6525 16560
17490 22884
3743 11785
10013 31360
16047 31999
14588 30058
13540 23487
2107 14843
5338 16246
1397 29205
34536 36991
3423 31967
10924 36128
31116 42482
15332 27708
754 14237
6426 26538
4407 38718
17193 24741
16258 40705
2590 29899
9371 10551
17132 24465
30562 39829
30116 41994
4284 24540
13840 16178
25432 37876
7622 40527
22378 33167
6851 12542
66 33434
3466 21060
499 30283
6656 41121
15849 36871
8854 9658
21580 27121
22793 23179
25339 37311
23254 28492
18841 19764
20355 23132
24662 41233
3089 9409
26651 37512
5690 19276
8171 22433
18120 35465
33340 39543
6700 15005
927 12421
27454 33140
29610 31811
32020 34728
37775 42368
2783 19690
1497 26537
6545 27145
4706 17601
22341 34574
7316 12470
5344 19578
5319 34797
20102 38120
12156 41422
30547 42688
18607 19718
4891 7932
6869 7994
19278 40302
10286 40112
27045 32339
15465 37231
2234 29432
2860 32338
16541 20748
18467 37616
2207 16497
15154 20373
13364 35823
202 17241
20356 27275
2216 17714
2463 36839
5255 41578
10204 14823
22319 38548
23284 41674
1898 15338
10361 24606
8040 27588
23293 23478
3799 13490
35265 42953
21936 31613
6612 8718
26597 27611
3617 10975
19401 21053
11994 16527
5027 22099
10844 30617
20075 23441
7024 23157
940 14295
581 2119
16755 30102
12126 39277
7443 29934
33099 36582
14883 40797
2867 14045
13183 22929
33225 36694
14413 16150
35995 36948
542 9711
9685 10070
15802 22987
36799 40880
17250 30431
22578 39724
1708 23858
37643 42733
21750 41787
29243 37197
13338 33016
13348 42594
6275 30020
4620 23229
758 2546
15611 17942
9756 13104
12640 31927
17339 17829
12677 34438
11321 36382
23962 30352
37828 40419
25309 37744
3568 28213
20949 32060
23493 32533
5631 34240
13140 24521
7618 40272
873 34899
9913 29653
14658 33458
21191 34976
19537 41427
19114 29990
19160 34307
15685 21432
4140 20683
36871 39978
36339 42369
2982 38827
29933 40626
9184 13413
14472 35173
6684 8324
19102 29606
21813 34915
5046 29241
12897 29085
7163 15906
8917 30038
36148 36358
3823 9083
5026 42360
23170 23747
2321 40249
3905 16063
9351 11082
1417 19871
13723 36748
5347 42186
1166 41163
24086 27920
2908 22289
5037 41960
8186 38635
6208 15161
30047 37880
6799 24462
191 8275
4121 37006
38828 41041
10750 42958
7533 17287
12932 19630
13297 38976
21225 36034
3552 22741
26867 30965
1799 37292
23447 36456
16475 38274
3775 5228
22991 33961
2370 31631
2094 42313
29587 35801
829 1742
20568 26086
25134 27674
6272 7575
11973 31194
640 15052
10301 15374
25721 34035
36433 38947
35545 36041
1228 40105
4167 33752
4001 40630
30061 33590
266 22166
16291 33619
1652 3657
1537 28782
19892 33801
16826 32465
22713 35306
8037 21492
17532 39272
40087 42146
34003 39700
21123 32882
5758 36751
142 34181
15047 43351
9400 37496
16966 17169
17058 32973
10945 25625
8398 37686
9929 40469
16161 28261
26959 32193
22842 26267
1139 13810
26059 27772
15735 33522
11861 25102
12392 37570
17304 33379
17602 22456
32142 36409
2459 22008
1349 27391
9442 34874
2331 33342
7073 19880
33483 35850
5282 9064
16028 23194
20900 32436
14555 15131
6411 24864
28136 37080
13504 33172
30207 30917
26420 29821
18013 35946
37104 38347
6032 9003
6932 38307
9078 29874
6040 17000
13381 38434
8106 28021
4572 11533
8126 25455
24387 28517
8378 11181
14208 37654
24817 28101
17237 39108
7631 39247
4841 13643
13314 27763
13624 22327
36866 40626
4651 26351
32100 40670
6963 25727
4642 24545
10052 40818
7716 28216
33579 40819
8223 36126
32841 37672
24591 28697
25926 30602
9233 20713
1075 41128
3024 42704
25200 41987
18324 18438
17836 31681
2346 21326
20196 43179
15948 33764
38176 42659
2775 40687
6270 25167
5230 41869
11969 37571
27227 41941
4459 36330
40978 41670
1594 36216
5852 6160
17232 40053
21553 23151
32879 40034
10880 28747
17456 20321
22612 22906
5705 31747
5760 35618
4168 38783
5191 16250
24493 35867
13520 16096
6119 31764
13947 36320
14949 23298
41973 43103
8023 40013
1264 38906
30765 34577
15992 40078
11145 34276
3407 6790
25801 33882
19330 26826
10748 16146
31105 41815
15288 33317
22514 32547
2332 31607
23854 30632
819 31093
36679 41715
14212 34524
7072 17510
32443 34377
1263 36237
14856 15378
30724 35707
5210 7982
23376 37423
1925 13698
3396 16430
11839 40507
12715 31510
8309 21509
35194 37772
16675 39704
1742 43038
16073 34940
18583 39027
16866 40992
35699 42603
12548 20258
9638 31513
21829 43182
5533 7854
13769 42972
8909 30549
5735 16848
12322 36130
19234 28407
1552 18970
18981 34377
14433 27676
12183 20510
24326 34949
10488 22234
7624 38560
5334 36691
31495 38371
13556 36448
13688 42983
3993 41387
14052 21568
22733 42807
23468 31885
25649 34750
1275 8489
1045 30658
20023 21104
3698 13331
19112 24630
20620 39295
31984 41918
37295 41408
8341 10443
5757 41870
8916 32817
16351 20143
1275 21671
10189 27428
10651 38039
39087 40556
64 32075
13650 22877
20983 21038
15458 20276
7343 37355
26115 29453
4466 32508
20183 38890
3698 40284
1439 40734
23474 41098
1328 40903
11966 40416
11946 24488
15693 25219
32389 34625
9072 35400
1503 35242
7735 31170
6683 42385
16319 19265
5406 37452
2305 26481
4891 35316
34018 37162
9891 13976
28522 29224
31312 41996
15795 25122
5132 27242
3727 15738
7910 38499
16747 28952
11972 29442
5287 33946
5096 41548
22051 27271
6961 28901
30190 39825
8675 24975
24295 40284
28639 42991
32958 33590
4093 41321
4841 12167
19573 31740
14064 21123
32976 40585
17769 40876
7493 21033
40171 40502
3099 5185
17148 40034
18692 27561
23446 42409
1720 7145
16534 42026
4440 6346
27614 42446
31005 37126
15541 27992
25499 39612
4112 7978
15700 39356
21121 40704
6933 7231
2117 7720
12199 22062
34130 39796
8790 35886
24209 40109
8589 11214
565 28411
10400 19464
16207 41789
31119 41550
2689 8296
258 5256
445 17914
21189 31197
9365 31033
11622 36926
25705 35142
11188 40606
21570 38436
4850 22028
31205 41509
33985 39041
27306 33002
7849 9310
322 35227
681 8742
16357 20041
2494 28207
5275 36729
24714 27570
30923 41796
11948 40479
26250 31451
8390 36237
83 33898
6288 21587
14247 22654
16052 16372
13406 19594
30643 42910
335 38283
2293 35249
19819 22481
16852 37366
28251 30184
5494 7204
9695 11323
7748 25069
2013 27503
3382 21822
7740 24427
15475 39372
21528 35335
3686 28649
12969 13527
30036 37398
2347 26036
24754 29978
9793 40878
19624 38605
30188 40421
30291 42054
7865 8099
8814 20326
40977 43301
17567 37469
36925 37770
3802 42006
9370 36988
11841 28315
12930 26781
10116 38498
32203 39052
1672 22864
10298 40232
10843 14691
8832 33148
20621 36701
157 23243
14517 20047
7954 32650
26747 40312
7711 27230
17917 27086
158 1187
12875 33648
3619 22300
18523 42357
2071 35563
27276 28009
12493 18270
4229 15813
1492 6839
25286 28095
23663 40275
5913 9012
1621 31570
18969 39441
26462 34851
21749 36219
23072 39053
5699 37541
24262 41543
10905 41933
3810 30354
8239 42968
21039 23227
22974 37205
32619 36994
893 39849
12965 25031
3958 23055
14780 27573
17531 24175
7007 37219
26708 29780
9490 28371
4637 16927
6073 31716
1557 2107
8364 30023
9832 22658
11275 21622
5639 13704
11670 34983
860 12732
6703 16055
30876 42060
13857 20135
2926 19057
12465 18450
8904 39012
7619 37224
2100 4951
858 38700
17331 29375
11528 14339
21930 35075
2804 31899
5264 39841
9076 14394
3449 5219
16567 32362
3553 13678
20586 25887
7490 41136
1048 38982
24149 35199
9482 34680
37735 38244
26022 29051
15286 19581
34416 36462
12998 37006
4391 9300
23318 29794
9836 15960
23460 40989
2145 11675
3221 30093
28606 32306
3606 29904
2777 4947
1390 11742
31848 41415
11690 41061
12005 29553
30182 42379
35789 42951
21017 22259
25688 40667
6738 24885
20644 21519
380 23368
1802 5270
12014 33988
7244 38986
27781 34263
23426 35339
14237 25967
41416 42677
1672 15777
16981 33668
34910 42982
14341 23846
883 17014
5035 6719
10306 21894
24187 33747
1478 11747
7658 20317
32478 37273
6123 11376
10995 22870
27423 29078
5506 32907
16381 38749
9317 22319
29373 31256
11702 35005
36053 36207
13001 23667
25462 39169
10042 36723
12525 27121
21879 36560
29855 40048
1491 43069
2879 18971
35858 38368
7637 8486
406 24565
14669 26132
10005 17593
5713 35987
14187 39220
4181 12068
9219 35343
23453 29564
323 36581
1717 14715
2483 7078
18789 41404
279 819
26280 35987
26421 37912
9352 20596
3253 40473
12244 14397
19630 35604
14144 34770
5362 35356
14208 27615
20957 38557
11457 14017
11111 19796
1845 24699
5383 16985
14140 24448
802 18472
6433 27766
15108 35227
21735 42796
12231 23210
25649 33087
27923 42559
13860 23118
27576 32652
9902 27802
11758 36761
20678 20833
37019 41382
18102 19132
17793 40254
1713 33066
806 32362
15378 20943
3871 5180
11947 14002
17440 38638
14744 31917
14212 38472
37431 40572
17991 19301
21136 25848
13786 14686
18592 37426
16834 28248
23580 37983
669 26614
17362 25923
12515 20875
21279 27065
383 20366
9072 10167
26719 33381
2784 31111
16654 17700
12456 14818
19539 24882
23838 43122
16143 42101
10133 35632
34135 38932
565 36063
3775 38841
14514 16529
27402 29624
5963 42877
6250 14826
18256 20888
5581 26745
33500 37603
23320 27856
14174 35305
3409 22653
3687 37681
8799 25442
20824 31746
19195 22978
11991 21255
28564 40619
185 729
4510 9610
15006 36589
6488 13836
4276 34289
97 31649
11867 28544
4971 24722
5855 25974
25935 40223
1264 33189
13749 20230
6237 10992
4156 15878
6467 30113
31338 33825
5114 42154
17719 36467
26 10656
3955 19537
7730 19872
37622 42718
14990 31518
2781 26625
32980 38102
8861 34025
33458 38666
25234 31666
7731 14058
25426 31836
6057 41734
7290 16567
16648 17080
9186 9649
10625 35289
17793 30939
5666 37190
30509 41298
2032 38780
26132 36199
8080 27983
14408 29069
13411 19080
38153 38597
2273 16211
27442 39737
21425 43239
10835 23206
10891 38599
6331 40963
20039 32886
1743 16396
15812 25102
19949 42792
17896 43310
2831 29721
4415 9699
186 31825
30528 39446
27310 39968
32534 35140
9022 37891
8729 11251
861 41039
14390 27335
5041 15796
7182 40954
2819 18757
4156 21489
9415 37593
14322 33058
12098 18977
19995 23138
1834 32914
16531 30801
20250 40626
11510 36742
10373 19546
18421 26320
14750 40860
10429 20609
34819 40987
11559 14912
17224 36622
7608 27183
5096 20771
35382 42790
3121 11366
22997 40115
17154 27932
76 38611
24637 33207
4726 38392
19059 20541
5552 21172
5497 25437
1159 25928
15087 23075
20850 34740
28328 29118
11399 31784
10584 19557
11924 21052
7135 25808
12119 34325
5186 14406
3425 37010
18034 40934
3610 4710
15018 34989
9708 31937
11005 32796
6649 22158
7149 24925
869 25573
5873 16275
18871 37644
6876 8551
20308 20578
12006 22555
3525 28731
6839 21501
37022 37171
15420 28738
5165 30683
12825 26795
29070 29324
27712 41021
3399 14447
21446 22319
11000 26194
17655 31839
20934 34222
5580 31864
27544 42376
13787 20201
13819 31036
5788 18015
37148 39912
23290 37842
2860 36046
17296 29462
16003 37582
464 12813
24653 32935
23405 36102
21444 24875
13506 15263
4392 13390
16030 17528
3210 37556
16110 18985
28530 29760
7594 32522
3218 39891
18703 36316
308 38314
13971 42360
7517 41135
41194 41649
16569 41376
7441 13032
13078 32694
13087 20914
24096 40342
7217 17488
1622 7851
17355 33425
14184 23405
24280 30071
12660 16905
6901 18945
6579 18894
26017 35174
19673 40725
3499 10490
4499 38712
22985 26252
20788 21164
1828 4694
27917 42715
22203 39048
21737 31139
20691 27647
21594 35557
13855 30292
15680 27106
18361 22215
2879 22301
17811 34580
16500 30817
25424 41426
19075 39463
4413 21383
25405 38932
7315 40812
26095 36935
15495 22630
5456 37409
13986 42237
3728 37495
236 18789
13402 37490
21327 26703
7701 38754
28990 29694
14005 30586
34810 35477
36144 39409
16764 26517
12683 16084
6731 26589
20807 27017
5279 22594
4583 17606
14072 14438
24384 34692
6543 37276
29607 36055
9024 34017
21044 23173
2643 4223
5512 17288
3431 3515
21946 38028
15904 20532
8500 26103
2365 28041
31602 40635
18586 41126
22942 42904
30858 43335
12035 39968
6115 28319
3968 17868
18214 20020
3424 21942
15171 40545
26097 34863
31219 34454
20704 42888
20525 41425
4151 25654
12824 35698
5221 27288
8235 33160
1776 35755
5037 23037
22433 27162
10698 39121
4692 31670
15680 18730
19896 39187
22924 40985
19788 21160
34766 43418
15350 30869
17393 41906
15375 27893
21960 26191
23737 30693
8838 39465
29260 34792
8479 28043
15468 22230
4661 16492
663 1590
3063 15897
11615 28620
37681 39862
3489 17991
8516 30554
27358 28309
26788 30408
13497 15388
12316 35083
22373 28989
7997 35624
13765 21060
38220 39581
15497 17683
9955 17506
15825 31512
21860 41421
32555 40502
13304 25546
18739 31518
10615 11136
16517 33725
23831 31644
3247 38995
17968 41440
3071 9722
18178 38806
14708 26275
12174 15378
1515 12544
24486 27374
31928 40754
1785 14125
1238 43003
35434 42362
14433 40565
16777 23449
23053 38897
1412 23154
20044 21099
16435 42933
6265 40290
14937 26512
14768 27457
27039 33036
13346 31033
22298 30104
6862 10186
6991 40367
7117 40506
6255 28433
16077 40192
21230 35898
3490 3825
13539 25197
21883 37217
13057 15065
25824 42917
5111 18367
22920 37213
10102 24857
19477 24785
28743 42513
34963 39370
9734 36704
7640 42883
15003 19753
16558 32544
11778 36854
15800 20851
1131 25921
26865 32452
3723 41152
18338 23199
10181 13257
1254 28206
4704 24809
21228 30725
31814 37218
29130 35984
19713 34302
16578 36579
22989 33004
5538 11422
7855 17558
21703 39851
11810 31824
2650 27354
7486 14308
5966 7927
21185 22892
12613 31424
26977 40213
2542 24788
186 37383
12645 30181
17602 21037
27720 30872
21151 27445
31674 33424
5103 31092
2573 11077
2252 31630
17093 37375
4757 24039
12455 27805
21806 33563
7005 36262
10661 31213
12616 21492
37 22738
8204 30924
950 26640
8300 24216
233 4368
28043 39634
34039 35063
22883 29171
10498 32912
8825 20654
2524 14009
9437 17246
33259 42270
5234 14020
19780 34369
11568 18304
8591 32501
11433 34883
29451 30683
8846 18498
24989 42250
14383 18331
7527 29369
134 20577
21540 36423
5546 30507
8233 42592
2275 29705
244 42814
22846 30982
36269 41203
17111 26438
30538 31705
12315 36439
23408 23515
29691 33526
6452 39819
24460 34931
14092 30583
1459 34222
16127 20791
10281 11343
22689 23047
5084 30826
27783 37586
24848 26153
780 37317
28481 40368
940 28904
11997 15569
9096 22214
19636 23636
17730 23450
11508 23514
415 40602
19790 33902
12514 17027
11613 41243
20892 35047
14225 28079
38493 40358
20535 42357
19479 31007
7442 19216
7852 12698
27744 42734
15066 15863
19227 26033
14907 21468
22064 31481
1354 17782
6280 18959
6252 24081
13289 27576
25723 34085
8541 42721
18233 38192
7067 18780
13438 14086
27883 33629
7777 15907
5321 34502
3260 25323
12150 30686
15285 25211
26287 39496
18038 22640
30649 37147
15892 28629
871 32308
8822 20490
25168 40629
20378 36115
25512 40439
26544 42535
32981 33765
17547 41247
7149 9141
10469 25111
4374 6291
2326 8651
28213 32982
30974 40098
5854 25324
10455 20517
1578 26693
13164 36333
825 2512
14029 41507
5354 29882
139 35018
15743 23029
676 19193
19980 40391
34827 34839
12692 37277
5745 11044
5970 26438
15939 17491
2804 14318
22868 27842
11340 26508
26575 42006
35121 36225
26911 31375
36260 40470
8213 33564
18931 33595
9435 22006
10637 35433
4330 18420
33780 40921
24393 33254
24369 26252
33040 38667
28857 42479
2670 30718
32783 40731
23595 32493
7911 18889
4573 8729
5686 18169
32316 42019
10069 26466
10061 13773
8863 22719
15239 22341
12057 26684
7213 42121
29355 39164
22283 30198
15852 17845
3955 27002
12888 29995
6845 28112
23932 26786
1881 23445
30335 37845
7559 13869
13260 35236
30519 33236
23327 30584
23671 34558
16451 42690
2375 43201
2277 39660
4990 42386
659 6141
8422 41793
1530 32263
20388 40320
11879 23537
6771 14018
8510 22200
22733 39644
15789 29924
20699 33042
16437 30899
18680 28226
13325 40707
3665 18164
14994 40980
24594 25565
3525 26263
7442 40237
3811 14017
26134 40677
27881 38389
7665 8229
8511 9189
2521 20930
1827 25437
36821 40082
34593 34927
7060 19382
4248 31172
14036 33521
8948 39930
4403 22415
20344 22089
9306 39638
7298 30285
5978 9255
14910 21445
16247 25675
3543 24940
33819 42299
14267 28923
2763 27983
16935 37568
7114 35833
2400 20761
26164 28811
4750 20429
34818 35395
6724 7540
792 27557
4693 13479
1711 25612
6246 29607
5730 22143
4817 15989
37254 39533
25469 42515
13474 23810
17424 30562
24041 35723
26648 28631
7533 41829
7447 38113
1896 38382
24117 42134
24568 38623
37799 40006
335 3145
11419 38962
1384 6908
18286 25050
19503 20318
15643 23817
40610 40823
630 4756
23520 41097
2649 6539
14440 42972
22059 32105
22794 32325
6336 40238
25121 43121
2286 35534
39462 39683
21916 23691
6000 33873
15250 33163
5437 34699
3104 32194
20716 23142
31102 43345
25466 27291
40923 43390
2664 38311
20994 27058
3816 15434
30967 40676
7403 12500
5148 31563
8534 30625
18890 29486
7468 8199
25507 25787
17857 27919
20622 34999
8048 35835
8497 24327
18460 38011
16502 30465
24169 27748
29082 36799
4637 17468
38156 38307
11085 26792
31735 34778
12345 39635
26072 42942
25420 27481
9133 23198
16211 32918
36866 41248
2622 29575
5202 29705
32287 34702
17733 21817
6939 38006
132 3674
16382 16935
7468 22320
2652 12421
6917 24661
1595 22538
10081 20678
30638 31883
29893 31729
4639 12037
1173 25289
13556 27137
19177 21945
1934 2756
13273 28734
21793 32120
24279 25233
1157 7036
3781 37266
15278 30619
14980 31716
13863 35366
2656 13479
20637 29399
4053 9846
27901 36091
3827 27061
9260 41066
9868 17537
7744 34619
33258 36488
6688 10437
3707 19008
24703 25187
2798 12781
10937 38921
6674 24502
7889 10807
8090 16947
24080 42177
21447 35216
938 33127
1878 8839
1793 20809
58 27830
2368 8474
410 5092
4935 13095
12957 24310
14202 42537
23285 38681
6262 28880
29147 29414
4204 24136
126 27964
6627 41810
9591 13822
21899 35498
3507 9686
13931 26209
7923 18123
14979 17504
2120 40802
31502 39225
29238 32161
31464 42905
370 33959
1825 38410
15514 37261
2040 2377
7482 43263
16809 38047
644 7366
9229 13591
10141 15393
28581 39741
12019 30335
5430 21560
10582 31351
14026 17586
18257 39075
25990 32282
3399 16919
275 17857
10195 21291
1464 40124
4120 14235
12330 26255
18314 24333
7591 23958
14184 21555
13236 16154
10935 18822
19456 27506
12360 37394
25741 31928
6033 10869
208 27373
5766 10525
40269 41148
23223 30737
23910 34545
5580 5639
3494 18095
20051 20741
29598 29821
17972 19092
22450 24243
5036 25174
17070 20452
13859 22145
987 34658
9737 15875
19428 31315
18020 32315
6423 41764
12186 21938
9284 10645
9548 25213
5004 28110
4170 5253
7018 21413
1800 43025
18287 27182
9194 23934
5061 23891
4955 9909
29957 37459
8024 15680
31216 37834
25194 37020
34621 37138
23621 38175
27955 36030
4851 33880
3592 16509
6004 23471
19810 22907
4650 23044
5916 31760
7200 7282
6693 41251
19231 23200
38838 39511
175 29653
3934 35871
25018 31317
8314 29375
17954 43372
18488 24812
6575 12333
16940 35631
21974 38785
10219 21230
7631 24622
4359 9632
18990 26901
4407 9114
6963 23934
3423 34793
16103 35107
3460 6567
17292 28327
16932 38372
12412 41101
10665 11898
25803 36323
31916 37255
13562 14179
6438 28435
15944 31852
14277 29208
17966 27517
9144 34154
12241 28387
7013 42895
13909 40301
3791 17634
9819 39396
23432 36717
3692 36122
1545 25671
23415 24470
33695 37107
13682 22582
14889 39763
262 5462
12227 31872
13119 16992
29355 41689
21398 23699
5562 15151
393 20440
12857 16992
19887 25732
10142 27025
18237 25509
33993 35983
14108 42581
7576 23760
2037 29516
3797 32351
809 24290
22446 40823
10306 18731
16 18238
15436 30483
14097 38258
17241 17785
3000 10315
7694 43414
1453 7773
17494 40862
3841 10931
9110 35859
12373 19804
2177 18384
21412 36779
3086 34218
2494 5259
2467 19651
15408 35790
7167 18987
1247 8836
14514 16854
16734 38141
25108 40204
24448 24882
25015 39259
13147 26745
21290 32625
14850 24882
11170 12541
7840 14542
4045 40158
15659 23708
18441 26039
4813 16352
24014 29501
18021 22447
2957 25298
3001 40122
39957 42053
23758 39869
7028 11631
22879 30101
3792 38931
26129 27582
7287 24165
17708 34001
695 28860
31071 35311
22003 42481
25625 39568
54 26585
30955 35136
2849 5958
15888 32054
27915 28605
9378 12238
6905 24248
32298 36902
13722 14945
23993 39362
23465 26411
11069 15468
15623 21957
12921 29943
6832 7905
12732 43253
32784 36795
3281 40297
8298 37620
3129 15582
8939 18957
19522 21015
9863 10940
1246 24425
14491 17378
18541 22082
16492 23308
8843 41880
21446 33114
16556 37064
10025 17125
149 12485
12149 33254
8520 35188
7134 19762
35288 40286
6724 19864
4467 7555
18740 30778
650 26242
6233 31146
30365 39592
31745 32380
15914 21732
11335 34434
8309 12495
16844 38635
3545 9202
18335 42743
3765 40467
3267 20777
1687 12625
12699 42904
21270 30040
6985 39237
3733 40929
10231 10935
339 26730
434 13004
18146 40777
9316 23387
4878 29124
9225 17607
17906 32430
24062 30026
23761 24436
1906 35559
22986 35959
3951 30427
15816 39482
20618 32679
24398 26942
9452 15519
5170 38573
2740 2924
19260 20964
18719 38545
20211 27602
12773 25483
28694 40720
36607 41442
37209 37346
5796 6955
1893 24370
12772 25258
31596 40901
21869 35795
33020 34927
17599 20205
21456 33936
10078 29163
22698 39060
14884 19658
7020 34104
8517 31641
12668 42813
24616 32655
3080 13730
16697 37780
15333 29283
21344 33880
34962 36463
28630 41085
6724 36213
40822 43365
9176 31462
20699 22064
16133 43107
29620 32375
1144 39127
2061 2612
1938 10126
4425 27061
10794 32120
30950 42981
15942 30680
29 11332
38739 41947
6013 22996
6402 40484
9236 31863
8425 33341
14197 40396
24300 41817
23180 35370
12315 23046
14406 14906
8380 25462
2735 11574
3366 14824
7709 12233
18548 22582
5146 31897
27776 33602
90 29893
17817 24763
17794 23813
635 12431
16276 24675
9428 21079
22531 43218
8206 19805
22279 37490
5236 22149
26556 38975
31226 34527
9612 27023
2095 13469
16129 32734
20079 24934
943 8238
6622 25682
22114 28004
34382 41391
27142 37005
1412 4552
16502 27997
330 36304
5320 27108
4296 33955
1395 30212
18845 39326
6006 28567
17384 26924
3475 19439
14739 35444
20553 33865
17943 28608
8219 42267
3856 37066
1267 19854
8394 36606
25023 38374
16286 34007
8571 29328
28295 37334
26968 40208
7369 40784
18897 35702
2540 23510
2328 26071
14291 27333
13999 20543
15868 43293
4029 33961
11491 31778
4510 6715
24091 25747
9769 20567
11521 40288
13765 39560
14440 18007
15382 35671
11694 12889
24222 43199
40459 41703
2385 19408
20366 28912
9861 39754
885 29709
966 28385
8366 14936
5586 6824
964 39801
10036 18817
10022 18919
2077 42825
25415 35757
10987 15629
2251 22976
26588 42030
783 32815
2611 14651
8981 42566
6668 13918
17388 29271
3086 43025
4229 24758
5073 42641
14506 16910
27244 37416
4267 5802
23319 34104
8151 17384
1054 11586
19902 25371
11442 13176
13664 28874
25238 39443
21925 22200
8287 35180
10407 10974
17291 17445
1760 3117
2621 13999
20001 42531
2135 31287
14600 33699
1159 26282
8753 40056
38703 41969
6150 33526
3134 26827
17256 37611
7515 14140
29362 34455
14591 23033
28083 40029
12309 19527
34235 40135
15352 40881
3483 34336
1442 4878
569 23972
1550 10073
3482 12234
1750 34078
17039 37761
19890 25145
14508 22217
17716 33250
12869 31420
12828 21031
11255 24438
27834 41395
20071 30818
27319 32813
10012 29669
17595 19899
12445 20512
9045 13638
14454 30467
21114 36264
5749 40133
9688 13515
27067 27115
11333 41475
14334 36000
23745 41809
25334 26103
9110 38384
26612 27474
17104 23230
1555 28510
14134 15186
5434 33332
27733 40158
40933 42228
6764 42972
1169 37307
7741 35555
11100 19208
6125 38326
28847 33204
23928 25836
38239 39717
7030 27815
14984 24374
5343 38290
4553 35919
33190 36440
2172 24106
9346 40704
25499 38571
8058 25813
6442 35000
2498 4119
23684 36995
21878 42086
11033 14953
1963 27904
8311 11175
9372 20425
23304 43355
18912 22672
7542 24176
13292 31472
29995 35633
20792 25609
25002 32288
11780 13655
33656 43036
8924 8931
25877 42314
34657 40901
23222 35594
30264 39995
37141 41323
3199 3385
18232 43100
18043 20947
11533 39038
10573 34566
206 8189
1730 18661
21920 31358
3640 8231
1051 41758
11361 27442
7188 11785
5136 25515
12086 14112
3425 22572
29314 34144
7995 9784
40170 40498
30939 39760
8811 25619
12445 17613
11565 36482
8841 40545
6800 7889
4590 14617
24154 27818
5491 19448
23837 32083
15804 21645
21978 41512
27549 40175
10452 34397
12939 15869
15831 20058
724 20021
9934 17438
30606 31599
7390 39596
21545 36934
15134 37099
26772 31623
34208 41805
31450 39868
5407 6918
1336 39244
386 37180
17822 36008
5651 32353
3551 17584
4655 17082
13103 27762
22253 25128
8767 26636
22197 42754
4429 27881
14270 35718
21426 30045
8171 21852
21167 38452
4436 42823
21874 31898
24140 30929
27674 28169
36877 38193
14648 20213
7853 40417
34764 40343
5655 8309
3166 26202
7734 25419
4529 16569
24122 34672
24251 41498
11247 36334
18745 36814
5600 24063
3127 36073
794 29404
40269 41392
935 31329
3262 17050
4120 21245
5150 41762
6078 22375
21477 24506
30418 34530
2966 32183
12453 35358
12711 33896
13539 22973
4645 21066
8160 18064
3094 30648
7282 30398
4274 34894
6872 34664
4898 12652
25320 38716
32412 35502
28439 33462
15712 35776
10831 24728
9981 18142
6287 16483
34182 37335
29189 30018
1675 31489
9031 22494
12652 31222
8980 35738
972 38162
1577 19842
14052 33522
5257 18597
17716 21975
21161 29723
25108 27132
13104 15289
17781 38585
14875 17156
6040 33760
13204 35118
4706 29047
3758 26090
26643 33040
16428 24962
11826 17301
15380 17637
1058 13211
19352 24902
4692 5205
25628 37906
17211 40125
24650 42654
17130 25419
16679 29684
20106 41579
23807 41211
3556 31244
21892 32803
879 18349
25811 33826
1763 17349
437 35909
3181 6457
24396 38573
14030 21466
10048 34424
5307 20003
36875 40883
16634 17109
11673 11959
11548 42812
7890 30230
5205 13310
2052 24807
22788 23677
22213 25432
33811 40559
32892 36088
2297 24611
15013 41386
21101 21320
2822 13879
13227 34324
26360 41588
30362 34732
8614 24784
30146 39803
27512 27544
9400 16833
1442 18812
3743 38775
5719 20297
3569 41628
20786 20935
17035 25158
6271 20810
10859 43125
11978 20300
24694 37075
22507 31921
18211 24532
16526 41496
22607 27429
31579 39018
12614 15788
395 31310
19244 33454
17351 33473
17499 33371
14393 37332
9006 34060
19723 39316
1317 24186
30150 32001
26382 31147
2946 30510
18051 23496
6246 29798
17774 22464
8766 28157
22815 31515
6956 27679
3781 33001
31592 37910
27329 27463
3456 26825
30183 31360
15759 37015
14720 28278
33775 39158
2863 29694
14876 30511
19688 34784
11104 29693
1302 28200
41327 43284
23235 41119
3899 40577
40222 42595
27553 42605
9747 37828
41457 42576
41744 41852
3173 27641
19319 24337
2818 38030
10561 19093
28599 31575
25058 33164
20733 42750
5935 20837
32897 39010
23759 40715
1751 6519
3837 21390
8384 33316
11317 41478
5919 11444
3030 17160
28810 41594
16706 25575
970 34412
22598 24818
30302 40450
2389 8469
16137 26586
5439 10992
14385 31748
39002 40239
20141 36580
6715 34167
5905 22284
588 31085
4355 8147
3491 5827
6403 30108
2411 35962
10918 24591
2323 40279
3639 34772
9067 42017
34020 41567
30381 32233
12412 17104
11871 31275
11475 31275
2839 40546
9444 41186
15947 17952
13333 21621
1580 17725
29590 40779
3682 26713
5140 16186
17739 18790
11937 24166
27101 43396
17547 28419
10825 21744
4997 34567
31683 32685
2624 30943
1586 37892
40297 41560
18325 41518
21525 41356
1921 27036
11130 16903
19654 36438
8806 30699
28556 35954
18282 41821
5661 9068
1028 37749
4254 37088
36473 37549
3337 20420
20437 41021
13307 25661
11781 14362
13373 33828
7825 13457
5765 12050
10501 26881
14499 34613
35421 36871
3715 17747
3420 28941
33853 42342
9037 38337
14753 29999
32817 36532
2510 13444
15298 27089
20481 42609
31214 35566
10128 34597
1923 23675
3480 23707
28478 35108
2140 8626
14287 32828
14974 16762
33406 34833
16895 37258
6642 39276
27742 29563
5151 18364
1536 12834
12891 24793
15977 36395
7667 23205
33234 41142
29363 34683
30841 34422
18915 42649
2888 36785
8417 19761
5485 14453
6588 7899
7376 7864
32495 41742
31803 42912
15011 20966
5145 10598
29012 30669
36021 40784
6594 40898
5116 34743
20099 30772
15799 22887
2380 28623
16783 26063
17159 41626
1394 22930
33401 42194
5819 20341
11396 41450
8661 22723
31446 34919
2358 32247
40791 42552
4900 7010
6425 23534
3678 4982
32042 32698
23649 28895
5896 29606
6137 26285
2873 22490
6799 31854
23437 32422
16427 33194
30119 42142
2083 24091
22844 25492
11585 36626
1897 25621
16001 16578
8204 29802
21111 43139
11925 33284
11676 13332
4403 19386
2394 42642
11831 39284
5292 18730
12706 17819
7332 24396
29752 35151
3857 42258
5998 29509
4905 36751
484 14384
13559 43335
27308 32815
5817 11943
16406 34949
27034 32054
25957 26243
924 28619
15550 27794
158 20980
10151 19789
27141 37778
27719 41956
9594 10072
7193 23648
23445 36046
782 24779
10679 17464
31775 34582
21594 36476
5766 42341
463 40460
26225 40179
27598 38404
6539 13217
1183 9258
26572 38008
26825 36202
10372 12968
17405 27641
11719 20360
14767 31478
7709 24854
21952 24291
35879 42905
6645 37964
8060 16975
1772 42083
7406 16185
27360 39929
5827 40715
13560 16926
12532 28727
1307 27202
17609 34991
12925 41261
11208 30394
11193 18974
4342 43188
32434 39479
5188 10405
13902 23456
40816 41403
18125 38668
6745 8747
1306 5285
35783 41103
34931 37854
10178 17424
13747 36350
2008 21772
25988 43218
3953 30022
19142 34787
28149 34319
4071 40631
32481 37955
23672 24852
3766 33579
5223 42829
10465 17639
880 1097
2338 26787
21312 36739
18288 19599
7908 9764
18194 19937
30800 34100
23052 35697
873 16895
24929 39117
3775 25936
19956 41312
26080 27881
4796 42203
14920 37331
28067 29941
13896 37762
11221 21530
10842 34743
29508 36214
407 18785
13186 14217
37152 43127
2334 7016
33348 35446
6870 29141
9707 35343
26358 43286
29385 32616
12199 14715
28245 41732
1731 38244
16334 17248
16395 33739
17600 23520
5383 35705
3325 41541
16515 38759
2892 29416
33846 42489
18089 38206
23339 28183
27048 32594
8499 21320
29744 32899
23682 41354
10694 19919
36744 38764
7588 21436
3278 17559
6574 37107
4986 26620
12415 35631
15956 27626
16281 31358
22737 35662
20390 30815
13525 23832
30995 32632
3819 19603
25089 41792
4917 38534
27670 28561
26837 43112
16639 38421
28017 30362
22060 34107
14990 38800
20351 40097
3205 6319
2070 26167
5752 23305
25127 30191
677 5598
2841 18874
33406 41062
22890 27394
13865 37644
7363 29023
753 16173
9748 16634
20428 41256
12971 34169
17775 26503
100 7657
18036 30974
14799 35418
29766 41302
14631 20558
11738 25566
10071 16506
22279 36258
19003 41528
36981 42625
85 10008
4511 30275
20483 25098
3132 42593
22695 27276
31664 36904
39057 41532
11060 33989
19886 43309
24058 42526
3150 40920
7378 16849
7586 30384
5456 25764
8719 34784
8115 39773
31883 34733
7546 16433
24321 27390
11782 21327
16955 31995
15550 16519
3409 33452
412 23585
18202 25385
38074 42903
3257 16816
2973 17057
16914 39541
8902 15428
14269 37481
19913 26823
3713 36280
34692 35854
22359 29205
5605 10961
3710 14317
4213 38323
23922 37353
3418 35608
2938 27801
8044 41411
8041 18482
17399 22967
5326 15683
11122 23324
36209 36460
1836 21933
19475 23564
27873 32437
38748 39033
5435 24486
28423 38731
35677 36599
14356 17828
7918 10720
36516 40552
14766 32221
3656 6325
13374 32256
3396 4708
2684 18243
1942 24022
24042 29699
28627 34747
5769 36790
3965 10463
6006 32007
13282 40022
4286 11043
26136 35039
12252 42136
26741 41040
575 28436
10842 12730
20349 21445
10552 24268
31501 41181
18155 30426
3019 27739
785 37291
15205 34900
7701 42519
5265 28747
11404 30900
26209 40398
872 33503
17061 34999
17961 28840
10 519
18714 35493
15898 17336
9403 13858
10254 19326
3749 4580
6090 15274
31727 41120
26180 36435
633 25758
3937 7260
6395 25709
12700 41895
14240 29680
10565 24853
27610 38577
983 18408
2082 27950
30293 42592
5078 43042
2670 28120
14719 24430
10889 21944
11460 29115
31602 33662
12730 13629
5794 14350
24369 27976
4394 38064
28002 29359
8673 23380
14798 29799
4579 37063
6580 38829
33190 40335
27018 42206
24505 28022
10887 12607
31596 42865
6676 26459
8128 35365
9738 36721
13890 26426
18221 41171
18301 19997
23065 23290
34624 38432
29614 39836
35486 37673
9634 39000
28442 30755
27172 27747
20117 41608
25384 27028
8237 19443
13535 41137
15757 30262
13670 19862
16985 35488
10290 31168
1183 25770
3283 40347
27268 41980
8502 28759
9423 14055
15613 28039
8371 25270
6537 30622
9368 43395
9325 36151
19425 30885
18447 35633
26370 37043
23296 25266
12947 13990
1440 9369
14894 18903
20714 37518
11308 25445
4346 32115
7871 37937
15550 30319
2989 11203
1643 21971
23259 41599
27244 34574
27538 31079
14208 41960
6942 38605
2335 16048
25398 40266
639 31133
2319 21207
4197 32931
26108 42119
13311 28388
9550 17371
7023 7453
20916 31209
7952 43379
28152 29437
2308 34789
17527 19017
34732 41132
34121 34562
291 28356
3715 10152
30780 40346
42103 42968
26943 39133
10077 21210
26384 35005
1619 16258
4933 9028
31200 32826
16492 34750
22295 43370
20826 39021
24239 42350
21366 31795
5654 8007
15087 31325
2609 23009
13005 17327
6040 13146
16524 40108
14548 23877
15774 33194
8639 15770
24732 42633
26554 42182
16205 35632
17378 41151
1702 40994
28985 37116
27313 34128
16352 40755
21953 25297
4059 24837
995 14714
15832 35801
13269 17558
8327 22072
7966 15677
27865 34052
27493 38610
3257 37166
8095 41162
35739 42925
35717 36750
4292 7288
29027 40910
8998 36240
8028 26354
6554 40320
26597 27892
31335 41106
14086 26798
6922 19024
185 32228
22981 23645
27032 37619
8462 36610
15678 37404
19465 28674
18564 25563
920 6030
11598 12112
4157 30633
15250 32793
21494 35871
3904 6775
10973 28275
30382 37401
5218 18191
22446 24781
287 36827
3174 40672
11110 19878
17620 23664
9930 31093
22711 28106
397 11331
19044 20134
2786 23005
20558 26508
27925 29915
445 7615
8145 32365
14680 24130
9967 25498
9669 36421
12296 41093
4106 4630
25784 31552
19631 23085
9808 31103
2407 15280
16482 30382
8334 19994
2437 30206
14321 24197
28008 28637
18133 30049
10943 21054
9104 11510
5375 15492
1163 23292
16971 36208
2899 31957
10726 20827
28227 30630
12073 25745
33479 42345
19569 23146
2300 9906
6894 11098
10586 15340
18039 31353
14262 27939
422 16649
2924 38780
25983 39467
20596 36949
15245 33334
3693 37830
5063 25958
22208 36688
200 30011
4077 25927
35392 42951
27966 41593
12025 35503
25335 39431
29712 31698
1970 22984
36905 39678
17977 24409
14467 31727
31137 42164
25788 31270
27093 39160
24370 25166
32609 42088
737 795
183 28502
8706 29907
26218 33483
6083 6695
5226 15934
9583 34152
10078 40739
38837 42189
7349 38042
33753 37228
15802 36234
22261 37803
3535 18531
52 26706
6899 7254
3023 31188
10253 19802
17739 20457
21542 39055
5839 21237
17514 34110
21210 23764
34857 37665
19801 23630
31354 41990
4022 5036
13095 38399
2123 34314
8439 40301
10553 12143
1070 33815
14979 25994
6533 13697
14619 16791
22757 26491
32701 39179
20556 30329
1301 30715
8329 41072
6391 12301
23412 26193
15627 43184
35520 42331
21692 23134
4530 6381
8660 27064
24276 24726
16192 36954
13062 40329
9843 31581
5936 22459
13494 33570
20932 33999
10785 42829
9823 12647
4467 43185
13740 24177
8170 34784
10888 42018
14379 42594
27297 41568
7719 32633
12094 36905
17328 30513
23844 34543
1300 12935
22651 31326
17627 35276
2518 2921
24406 27401
16199 22068
21964 34560
15381 37651
8828 10783
15462 23495
35086 43163
13070 26045
20869 36279
21716 22188
7858 30698
12048 23139
30879 38475
1636 30762
16168 23886
21109 34985
30276 38936
5689 43119
6913 22562
5037 32576
29861 42104
14756 42702
19199 33337
8701 16865
7513 32915
11085 15363
31397 39569
17567 33131
5168 9647
14344 39725
5671 26483
35775 41106
15877 32755
21132 27240
6139 15971
14780 15180
26336 37221
12611 25881
9679 24545
23275 27369
21800 37727
26476 41173
4748 18860
27727 35271
26405 42461
1862 15425
6196 36103
6263 41297
28152 40338
19995 30396
5300 16340
21660 36377
16994 37591
30075 38249
8856 15059
6739 25950
19209 39286
22161 41274
3161 30855
2001 37841
20108 37628
30125 40995
1034 30670
3633 39710
4214 9662
4852 5223
7896 39045
20573 43060
23433 29244
911 22908
1989 4246
5027 41441
4770 21628
11199 33154
13234 40166
21539 42624
5769 23584
2081 7218
7662 12985
22528 43138
18333 42217
22496 28139
21276 24494
14901 21310
2411 21093
12835 41588
30393 35683
13141 28274
14197 37180
5665 25863
24577 34183
1714 31718
10374 27005
13531 24295
10332 31475
25533 39475
8893 39800
15825 36863
113 26661
11116 26861
17730 26089
4787 41580
1662 3420
17034 36185
14701 33680
35781 40496
9092 19449
12429 34834
18609 32824
7738 39933
22762 33519
8770 25033
25043 27166
8202 25515
14509 40276
23403 29351
25853 26217
231 9539
2008 14795
6635 42700
22770 23022
12110 35239
6861 23795
16881 24427
24150 27299
9324 27312
14816 24928
6988 7540
28485 32172
2422 27617
13096 29039
2933 14735
6593 40195
3428 14714
20621 31342
22033 41573
38184 42777
7032 28118
337 25399
127 22371
17456 35662
21601 24388
17471 38414
21754 25384
10295 25907
1137 10930
5571 31058
16289 18257
11748 27279
8664 41387
1977 24907
6344 7596
2820 13518
33231 34485
31713 40043
24740 39973
8032 18664
27508 38434
22870 28864
14981 26284
38943 41489
10333 39381
12967 34644
12084 36246
19430 42748
9779 16349
20791 33042
4951 39836
8056 9609
35472 42504
4231 15603
3211 40851
31790 32534
11491 23085
13599 21530
11070 19645
31275 34340
6106 42305
8204 39308
1535 27541
15979 31398
8732 28847
986 24101
40610 42039
5603 10193
24242 42298
14717 39393
23499 29193
25940 41811
16123 23980
10067 10750
9924 19332
4517 31623
7412 39493
27400 41910
4172 40256
9446 30819
12097 29661
10740 15165
31157 35223
3332 30416
14546 37444
6205 25695
29525 35017
8889 11653
13121 24507
4116 6554
9159 13234
5908 13808
11267 31836
12165 29014
9222 17720
26576 43311
26643 36427
25017 33784
17120 20763
15377 21507
6152 43215
10498 36169
23027 37842
26916 28857
23323 36672
10439 36528
15880 23821
3033 39774
14310 30909
9973 12377
1490 21890
24853 36012
28035 28663
12583 40265
2205 24087
7574 40551
28706 39421
34236 42247
24227 42905
17920 21728
28026 37218
1659 13216
26799 32594
3867 29770
7357 13906
17949 36429
27173 33744
10850 23388
31944 36518
556 18989
30474 40804
22128 27957
6961 27677
2120 11332
23729 29981
7310 12747
6468 27744
28391 42419
27631 32343
27240 36659
19317 28833
9900 31123
6636 27328
4438 5800
7921 33088
28318 32492
1835 34733
24851 34030
2634 8520
25048 40960
14144 23800
32317 39136
10141 24769
18671 22427
9783 11475
6523 34217
16810 41609
3396 20362
17793 21929
4228 19172
19437 31005
13662 38928
9787 41395
15966 38251
25002 40965
15513 37717
113 13292
22939 35877
22374 36068
426 5121
8208 12742
23589 36925
1961 34441
14827 41361
15151 25243
11552 14022
13227 27107
18958 30189
13156 37255
33844 39117
22573 26105
17827 24438
11804 21413
1444 27506
9612 15915
6199 39381
6222 13701
18890 28742
18657 40814
11191 14016
7640 10945
10305 43428
5886 21888
29632 42164
4459 21148
713 25715
12220 34308
22846 31340
16392 27863
19974 26083
21197 37381
15206 35880
16551 38473
22642 28312
29854 34814
3298 10913
19816 38706
10082 16968
11594 21953
34174 41099
298 30576
4105 41746
17765 28525
4660 10477
23239 36869
3709 37050
16514 23315
9206 35764
5204 28068
25054 32995
12644 19710
29376 35943
19526 22136
15093 42769
15396 36162
1591 15259
6404 40136
20890 35359
5391 12618
15547 29915
6033 41132
16460 29845
181 33559
3713 37142
22433 32460
7712 23599
13572 26337
9392 41000
12594 37501
1572 32363
25107 25809
17779 23296
18866 27351
2698 5172
32461 34646
7361 42216
7432 32068
627 29862
7853 36262
8017 22141
10553 20279
855 4614
10672 22445
32889 37567
15982 37548
20593 37593
4245 16627
9418 31459
12747 42819
19330 35564
16052 29619
4429 6356
4503 6305
15919 36445
5413 38017
17343 39331
21194 29862
1595 30438
925 39503
39352 40948
10875 27096
13202 17735
29283 34193
31203 35031
29895 42119
9162 42766
9159 30417
35153 36121
23725 35957
10274 30104
1911 42917
12511 12899
490 37296
6935 38967
11903 29258
24709 27991
1674 34868
26225 28022
6035 21714
2465 22565
664 33662
32854 39801
4684 8918
23303 39647
3750 42820
1018 34190
4292 32257
19005 24261
21924 32717
29472 39168
25191 40947
39117 42929
6151 35071
28200 35333
5314 10253
17926 40446
4695 36811
6610 39557
12938 37445
3285 10411
24774 28766
138 785
34111 38790
2903 35192
37072 38612
6057 29959
28701 40984
2822 31066
11981 23822
12483 29136
1576 32616
12844 29115
19869 33347
8209 25478
37723 43268
11008 23252
21480 42475
6960 41252
1133 25630
34835 39006
10774 41515
2682 8805
8121 39594
4374 28475
6406 25390
10693 38143
20374 22902
7072 16583
10988 18089
3981 36128
22921 23084
23160 25352
2335 4533
23101 28155
5027 13764
12726 20384
461 31589
20280 36449
773 13202
18814 29365
15807 18810
11828 35449
4134 20313
10575 42244
18302 35606
4840 39952
30752 33014
21127 34601
5373 40415
15556 20662
25851 38495
30127 30710
10790 20706
4451 25847
28519 41478
13401 15985
1424 14825
1245 17334
35110 42974
18902 38230
29521 42951
3168 14683
12667 27509
19611 26649
21323 24340
17393 19930
9242 30936
821 10590
17451 30488
22759 26297
14632 29029
15338 17177
15392 32689
7890 41135
22506 42066
7554 41186
13353 28187
18308 37464
9497 34868
11484 32764
7948 38861
22410 27082
39878 41663
23909 39187
4807 32433
24387 35779
29764 31193
28251 41821
18995 20085
10251 16991
1334 5109
26547 41739
4530 19323
12542 36266
11596 23556
6580 29087
3971 40270
6012 25597
22284 43343
24745 30010
25939 29990
15491 40400
3213 24790
36600 40040
28279 37049
30586 40053
14012 26715
22638 43282
16104 20628
6853 43367
2711 21361
4664 10813
15994 39681
32704 42569
33103 42086
10820 37456
23253 32443
19478 36834
7473 40042
4394 20751
22440 39510
24398 34224
28018 30484
1603 42251
3505 31206
10197 32754
21742 32005
7097 12586
7486 8197
10807 39853
17974 19817
22292 27719
8108 13613
1745 12506
5376 36474
3757 28394
14269 40600
9392 18182
21890 24706
26275 33830
7061 41387
8551 33781
2747 9283
13821 33270
7731 14794
22821 34075
3496 20890
23688 24800
13676 15361
17591 43060
4509 5748
10602 38293
4911 15362
4429 18062
14483 39778
23007 38402
2613 28127
14732 40482
6601 29509
21914 23198
42319 43431
16112 22158
3682 30852
13770 20099
32379 34834
12149 21772
4096 29149
25107 42776
8241 28263
5646 28764
4308 14510
11234 33258
3476 38331
4152 36628
5290 9881
26397 30386
36450 39826
21720 41799
14781 37341
4409 37193
10975 31277
10591 40736
11484 37570
6775 30978
35045 42817
19442 19753
13953 23374
9524 18085
8630 37056
8797 33032
8479 28027
28406 37116
8504 37883
27408 32352
14171 43424
8933 17617
26093 42433
4382 12365
22120 26807
225 43227
28522 31814
13359 15438
9069 21827
4953 21199
7352 17376
26651 26896
8615 37872
3326 35889
26206 38523
547 2338
21066 42298
30450 31200
11358 39686
13183 18595
727 32484
27545 41109
16642 28493
29286 37286
3456 7073
14422 29837
23377 35595
1555 35524
1573 9500
2435 10993
3156 4337
12880 26141
19453 43273
275 8416
12229 18452
21101 39259
6467 9641
26600 42772
35008 38747
4768 8213
34237 34928
29292 32755
30610 31081
923 32022
27423 37332
18380 35891
2135 9388
19139 19701
24033 35118
12942 29621
11851 28076
6333 33211
3106 6852
18220 37861
27050 29587
4014 7192
3127 7140
9835 18081
13238 29390
13450 14751
27649 30855
24662 29812
7377 33597
5872 38636
3004 32589
6727 32734
9269 13913
7590 37273
5115 17719
24434 36751
20668 29554
18240 32447
6098 27278
11309 31822
32169 36612
12149 20162
3901 4440
3109 12576
19325 20591
50 5049
10101 14416
10645 37669
23338 31829
3435 12746
9386 28434
3517 34278
12939 19500
12893 37060
971 42777
25039 25197
10565 29045
22012 23035
264 22913
17738 22787
9448 26279
30232 40681
2763 37953
9143 32059
8693 20519
21857 41591
10771 20253
31226 35877
8355 17491
27366 39376
4713 37687
20009 31961
1083 20737
26583 26872
2555 22913
3720 17991
21959 31695
17325 40526
30962 42597
955 2243
23039 30607
29928 38176
6837 16074
11768 17595
10716 28810
34265 35740
872 39923
25282 27934
21738 23590
19609 41826
20953 21563
13945 27888
31735 42520
31491 33300
9437 15136
3383 40448
29075 33012
11446 24899
4138 37348
3859 37933
18740 27269
14669 21688
5146 13194
11245 20644
30759 38454
38023 40228
12678 18920
37507 37682
6509 34860
9952 26320
8199 26376
10415 21126
11956 31767
3293 23377
25758 36157
13342 38333
14747 20066
11934 12760
1473 43122
9929 26336
10062 42141
34261 37876
13677 42753
4179 41671
18109 37201
7452 28024
26242 31251
11282 24094
27019 40742
11884 32830
6208 26237
27326 35789
27057 35372
2068 29187
28984 34183
20834 38244
12154 40238
12380 27749
22909 39370
15774 37252
6883 16203
7136 10233
13212 24115
16321 24589
5482 38561
5407 16510
2475 15174
16564 29420
30048 35221
17071 41302
7139 21269
6852 7441
1450 41044
24986 30019
34478 35982
14062 27668
6560 26288
4571 23593
4793 16058
7472 20920
32555 39010
27973 40861
21752 21902
22999 33786
22259 37948
316 6591
15015 40768
1185 27914
5314 37637
31873 33728
15824 21689
37469 40557
17885 29333
25075 36076
42289 43193
27036 43139
14948 21237
16981 34030
22067 38128
22432 25983
19018 24873
11303 17750
1346 18598
10545 20552
28975 31572
15477 29845
892 16149
19057 29904
12333 28818
11751 35818
22212 30531
26644 33085
7199 42207
24422 31882
23149 33329
3745 42452
4636 6968
34256 42712
32981 39360
9638 41166
15808 36216
23198 30747
10658 41747
9974 15451
14252 32622
9601 35622
29859 37900
15828 31206
13850 38469
8563 37121
18782 23441
13235 18948
920 31564
33634 40864
4928 35076
3716 10381
1712 33981
18931 39190
10179 25655
2470 43422
31028 34036
1927 16607
15839 16439
14732 31919
881 34992
8182 15148
4251 33521
15428 31622
16312 28902
19857 19915
20097 38061
2064 17255
9355 35192
29771 33892
15045 24687
3212 31385
15845 19078
17764 41191
19456 22200
15395 32613
34436 39623
19364 36197
3251 26617
12200 15591
6864 24150
7164 18026
9467 24264
4382 38326
955 26431
25514 37196
27751 37741
13825 24425
3330 43125
19015 38672
16920 18585
18175 35248
8302 42957
23854 41358
28987 34160
4968 24837
19806 24649
4046 16685
6160 20772
21128 40090
23912 32668
12044 21652
23886 35419
16794 22795
12092 13964
21317 27719
3002 10233
325 41661
524 21899
2016 10956
6807 21522
15036 37002
14640 40974
31649 42209
15951 25489
34405 43319
4424 39841
240 31939
34969 38931
4280 6127
1826 18379
6948 17216
29161 42018
28074 35519
8751 15025
12932 16048
29419 38112
30494 43096
8227 21441
28624 35397
19662 24496
35035 38238
24930 32018
22624 40758
18225 35900
12690 13482
6279 17057
21722 39674
40032 42264
38662 41304
18628 36290
31073 32600
3957 22820
24347 28435
24307 33732
18908 25727
3374 29595
18677 22596
3254 20633
25219 41169
24632 41601
21081 27196
3369 39050
37080 41592
1659 35770
1501 28768
28687 37789
86 32761
25994 41165
12949 16752
2796 38599
13525 40482
5279 12755
2700 10783
16578 36860
9198 15498
2572 11537
10462 14719
31959 39351
2454 10727
29077 33406
18571 37984
33165 38402
12365 28193
2750 38604
24495 29595
14011 33178
35614 42213
7416 13254
32979 43315
16822 18911
25962 42916
6472 23248
37378 39313
1358 34852
29663 36886
15286 35971
3109 42859
7178 37225
12537 41667
12224 41170
15640 25357
795 21156
36742 39102
22396 31616
15021 42089
15652 38923
215 41226
19119 39105
26406 36921
13476 28296
26013 42854
27187 30316
5399 40941
3861 32291
18714 41271
9674 39347
11780 43381
1547 10588
11833 36037
23849 36371
11298 13247
5248 27189
25617 41541
9077 38310
30364 34839
27687 28360
9900 27797
34540 35518
716 20459
19363 23408
14167 17452
13029 33619
13228 41376
15728 37605
669 7057
4011 20342
24506 30669
9446 24594
32229 40127
19979 35425
570 635
32566 36514
13193 14213
16193 30767
4289 41197
13439 38563
2371 28354
6165 28931
7753 24112
10635 27613
7669 17059
15082 31953
4069 27867
16023 33739
3694 22328
2087 15763
9542 19579
4346 13623
23760 36679
2641 4271
1925 4855
33276 35334
94 7472
10325 30016
16225 23485
15295 42799
1151 25648
10053 29328
19260 19846
1210 3597
21265 34563
21630 32998
17258 28243
5715 17741
5701 22007
12720 36782
6181 12818
13538 15537
35928 38723
7738 35481
457 31094
25991 38503
434 29390
3309 31912
545 7529
7116 32694
14095 30357
18413 35815
10554 19114
14041 31060
15392 18946
8401 19960
13235 39298
19856 25919
15558 21867
35607 36049
7236 38653
4422 8491
9728 14053
3797 19019
20007 38331
20322 41375
10210 41154
21909 27286
9309 16321
13934 16826
6493 37791
5817 33078
27307 31656
12640 13232
35140 40720
25951 31348
11883 42300
19521 34681
1464 22149
1599 32173
2723 16862
13733 18233
15011 26020
32464 37095
3297 27714
3544 8932
106 18570
3692 39355
29422 40317
32300 35940
2349 31173
26426 30860
11435 22138
2058 10995
10498 29139
15495 25086
31002 34856
3090 12899
5120 15595
14213 16591
20778 36114
28285 35394
4455 25004
11514 34482
13576 15024
35419 38041
12911 18017
28232 33289
1162 34242
792 28293
16546 20035
1700 30885
31846 33676
20597 31757
5340 5920
3850 41819
8525 33743
16311 29028
8698 15012
680 6360
20275 33958
12023 18494
9134 28374
4551 6403
17556 27253
17912 36714
6887 15063
35975 42810
27412 31426
28031 38079
12272 35413
11585 13572
14676 25518
8099 42387
9119 9757
2557 34104
5623 22608
8396 35965
26360 41328
28370 34512
30830 33594
7511 30324
16901 42426
25059 30147
10321 21871
8773 10059
15122 30681
10009 20064
8970 10573
11389 16262
11536 14969
15709 37042
7820 41632
15087 22766
12985 38853
2885 6212
17916 38876
1904 7279
18715 23051
16441 38654
2423 12008
6405 36765
28540 39245
10178 36465
6750 8884
20323 22082
25792 39716
23944 34782
3213 29840
14602 17998
12003 38005
5596 15658
26868 41892
10101 40190
28341 34871
6858 27850
29608 40025
5371 22895
10822 14286
13591 42985
23180 31353
11731 38980
6622 10577
7900 17610
2294 22336
26579 38756
29667 39851
25557 28680
277 15903
21109 31285
4147 40419
20248 39816
2425 22792
13856 24193
4061 21427
1495 22104
9922 35879
7789 26080
38251 40219
28091 31848
14039 26529
19324 38384
16057 23738
19398 27753
27893 43352
26369 32880
24848 32313
2644 34392
19437 28647
14082 30548
21260 31804
3458 11685
23799 40793
15611 39866
18562 34836
14277 41569
18856 24171
16256 23574
23323 31415
2221 9564
16984 28450
19492 35874
39383 43054
12880 28613
3554 28547
11463 34977
14782 32063
11993 28561
22388 40182
13891 23224
18722 27739
26000 26001
13144 21489
4185 17275
29499 40216
19774 42161
8098 8684
16636 28117
1960 11105
514 18983
8573 21974
14369 40003
23366 34121
2169 17860
37092 37735
17770 37845
10947 19784
20396 21913
3875 23650
4116 16357
7602 12617
6095 36269
3011 8498
34854 41883
32222 32703
761 30379
26144 42345
8539 35572
5063 17399
8263 21933
3027 18830
2139 26504
6101 31361
19376 43404
17786 40226
19603 33015
5383 16034
23471 27125
37584 38547
10420 37421
17681 25880
19178 23417
7811 42188
37916 41006
8353 38041
308 24368
4272 27608
4625 14140
14088 16167
8339 25311
13827 32607
1517 14268
9736 25650
21998 25451
4747 37700
28790 41001
1875 33197
14592 19083
14502 28989
24440 32063
6876 29263
5027 7889
19451 37697
19047 27256
4163 10295
4283 20977
7604 10754
33998 34327
12293 27459
11880 32016
37471 39959
7610 16426
28528 34026
7600 43065
13729 33388
9760 19978
10941 20662
28146 32389
12771 39542
9514 30502
4774 25351
22583 36061
11310 26386
4486 24130
11773 15530
32919 34455
18597 36445
2799 21773
9151 24973
5999 17447
7956 29464
40340 42824
7140 29844
18799 25999
4560 14438
5652 10169
5723 37928
9978 39654
6705 8978
13784 28722
14007 36873
21980 37838
5495 41484
26906 30231
4372 24940
13835 26967
8648 22817
7892 20030
14875 20064
9047 37051
5678 30988
25024 33938
19876 29716
4815 42664
21317 25601
5946 12494
5428 15537
37689 40545
13436 38188
3634 20665
15860 20809
16243 41515
9411 28064
26720 32035
10257 22608
8674 21355
1570 20802
16328 39344
6062 23407
17209 34663
2034 19216
3659 41074
291 19960
29445 37215
15283 35700
3685 23047
22404 40394
16047 27990
7676 23946
2626 20259
2647 14720
1956 35740
19926 26396
1259 40538
30013 31256
14009 14264
14335 27266
1730 13705
2352 32707
12905 17395
11695 21608
20111 35194
3407 8177
19096 30261
12745 34641
5 21444
19778 42898
29475 42877
9978 33372
4770 21929
3755 10580
5588 27257
4961 8665
14836 29884
33605 42622
28604 29028
15557 27200
16023 24721
5975 23761
5010 14219
14204 32825
30064 35543
24893 42449
6478 38345
15004 29468
5224 27734
27205 39381
17725 31523
3989 40962
7019 36225
23624 33435
18624 35527
7677 16977
3886 20835
21382 31048
1843 31675
1126 15819
5720 13039
31567 36251
10922 19941
12284 38753
2079 42505
3523 29828
19970 25698
9251 20561
9534 35179
13922 23663
26459 35777
34771 36208
18335 19559
2908 32938
37658 40053
23635 36418
34950 38425
7952 32084
36451 41531
17771 33746
9091 21777
2815 41792
6295 22022
26492 28720
22455 39527
13866 37502
20620 40682
13252 14419
19235 24138
7580 16613
32259 32398
9364 17590
17557 21335
3469 16359
16577 38088
8708 20699
19643 33008
38440 41378
4890 9148
12231 21722
5898 9904
8701 38187
29874 34614
17245 29327
9377 27624
26701 30183
4543 30917
31559 39527
13798 24135
5356 40065
132 7740
27980 27992
22899 39544
7453 42293
18222 40569
4478 8830
10558 16230
37888 38771
4296 40839
24606 30475
844 5502
13262 20368
9099 41616
9279 17640
11516 42506
20541 40924
12059 22554
34107 38621
28732 28758
24170 43127
31044 34358
23221 23730
8072 40995
17109 25652
9377 19114
36284 41552
37851 43026
467 22898
28326 32951
12339 22544
26612 39351
6526 33393
16977 40250
10761 18437
135 2911
7868 23445
538 28965
16773 37976
3690 30075
32053 35689
34073 37697
13882 34197
32378 33005
19241 41837
14655 42226
3027 8039
5076 40024
34575 39786
7688 22696
3165 15328
7176 39517
25743 32149
18470 23651
28960 29682
5943 32412
11661 21703
15406 28023
14945 31600
10422 11400
34837 41634
23664 29911
13269 18290
4053 25000
10022 13910
42180 42957
27015 38586
24057 36029
12603 30480
25665 41476
7523 9423
13447 41193
24137 33514
2206 5392
8702 25310
1308 39705
11298 28417
21139 42670
4122 4576
24761 37313
20661 26830
2157 7193
9031 40303
17892 33594
17983 39374
15114 19893
6442 23091
23126 27010
20240 32435
29331 33358
19200 36305
4689 31226
28443 30452
4128 32879
15203 41815
16060 32576
22441 43122
1706 11643
5786 37689
20356 33549
13092 14025
3016 28013
21937 28313
26351 35923
14263 27607
16826 37182
6748 10716
7729 41140
7263 30787
88 29802
4039 15279
12693 21863
2253 4807
26109 37329
22207 29305
10341 12700
28060 41452
10323 15312
23899 39361
12415 13224
7799 9829
5046 5984
3425 10663
12784 24610
29296 32209
29323 42700
27277 39471
23625 29932
21489 40581
11691 16576
25205 39747
34193 38283
445 18146
12324 43092
6593 40764
8544 29581
24184 24419
31616 42773
10493 32877
3409 37864
2372 22592
18132 24140
3040 41939
6443 40416
4553 23205
11433 31220
28150 31115
2827 19954
6807 12585
7598 28390
20748 28653
19249 38425
3977 38321
7617 11636
2660 7948
9495 25080
604 4031
18099 35519
19486 23062
6419 43213
1870 41040
14122 40153
23574 28058
13920 20047
8059 25752
6229 9346
7807 28914
19204 27513
10672 16196
13156 28696
1915 33054
20555 37276
24549 30559
32167 37749
31140 31301
20788 42173
1574 11823
3997 35913
25998 34441
2827 34075
7766 13048
14703 21597
12472 42000
14673 35718
31011 41444
30559 33241
41269 41490
5554 20669
10352 23546
26160 40626
18655 34811
5069 35149
27433 30319
2157 8616
29728 30280
8104 22088
30774 32082
27172 31675
26064 30715
14922 18113
17494 18914
15664 26829
9405 17966
20196 23171
36620 38305
10390 30604
33640 38433
17950 36126
3385 39856
9837 11207
1867 38998
6986 29458
28629 35448
8865 23879
2441 41744
32272 41491
28172 31008
4069 25212
7902 31379
26176 27896
13671 28337
15612 22882
19767 23438
1837 10489
7425 14983
7377 7587
20538 30640
17168 19279
7569 20589
6603 37240
1302 32022
17255 24351
188 3698
7197 18731
14066 22450
28604 32358
18803 33719
25964 28390
19300 33771
30592 34828
17411 26584
23885 33157
6342 28016
20953 27849
11909 42021
19800 30152
9541 42713
5519 27225
23717 36956
1812 38136
15205 38157
4603 26435
28675 35392
9300 11510
30471 31276
4452 32655
12254 15079
1923 32490
14898 19166
13097 14078
30621 40080
3031 11758
8357 33248
7204 33831
29344 29485
28552 39873
10008 32915
4753 5441
1597 13257
10030 39844
25381 33825
20345 25872
10211 18722
12734 41730
19630 39890
1914 25207
1170 2832
17033 40530
13301 41585
13455 16388
26932 27626
35006 35621
5420 43030
28503 39607
12911 40087
18214 35552
10717 13605
23189 41509
12616 37695
6692 41388
17357 41758
18242 21735
24434 25212
39631 40418
13704 40662
26147 42753
3261 13509
9427 19929
889 25571
19903 26062
10094 16982
22338 42807
12705 35673
2409 32891
21741 31971
8287 13769
14422 20876
26343 37188
18971 27021
26992 28966
4946 32385
1608 26197
22714 23846
26408 27225
20618 33362
25549 29221
15213 35900
25027 36464
9726 35430
9983 24698
20134 28819
7859 34418
19610 22403
16156 35480
8953 11536
29696 40624
875 35098
7353 19913
10260 40440
19888 42534
14262 30578
15857 27492
11998 20104
25035 39149
6169 39310
13290 43250
25552 40607
86 30858
11204 30042
23525 35176
13021 22831
22274 32218
8663 18728
3586 10020
12604 36506
11641 24381
34966 38019
15842 29254
23386 40467
1376 12052
1008 11656
22863 35996
6291 15514
23506 38317
1896 15471
2312 25737
11501 39835
4699 10011
5613 35049
8623 18548
37734 40829
8191 15885
14990 39776
25783 35228
10159 21675
6139 34341
2428 4220
11437 16630
24311 33991
24065 28108
27485 28444
26055 31405
8700 16701
8716 34173
13811 24239
929 14342
8132 35842
11321 13422
10545 35832
14425 41845
24576 37830
8793 38742
37986 41430
13732 18469
7806 23779
21068 28979
4248 8395
13521 30300
8344 14006
19923 24919
17892 34830
10050 17544
27771 36543
24529 43087
15913 23963
224 2633
14012 17705
1183 23684
5046 9314
21705 34868
15735 16494
12212 40546
12688 15400
5159 38238
11483 16759
2733 35542
29474 39783
30635 39815
3942 27694
17110 22901
8980 17226
926 19305
27592 42812
11059 39062
27559 40420
16300 33649
1023 29037
1124 4768
17692 21536
11136 39282
19751 26690
18458 34810
20435 33738
20662 26547
10853 23129
3822 6839
24194 31096
28299 31535
3163 32278
9534 34000
1641 12053
1751 15631
6627 11783
32923 36511
25482 26739
16537 19225
17936 18671
20305 41212
10430 17549
25014 34218
11424 18407
3543 33438
1593 5596
33971 38359
14007 34084
11304 36772
21450 35823
39197 39239
30961 33168
15732 35420
26590 41847
36762 38709
34680 39987
23818 32098
4165 35821
14165 35609
7616 41694
18630 28477
29600 30981
1248 40243
23440 25507
1584 20944
11597 31517
9635 12740
6145 15018
28697 32870
1159 35475
22504 37836
24254 29403
5797 40349
8786 25223
40225 41751
2202 39423
9889 42054
19210 20054
18525 19951
29529 32619
10761 29151
11551 25106
5067 42166
29281 37243
723 22463
14661 34850
11151 42168
6095 11117
9684 15234
24385 40035
16583 19704
5740 22445
10737 41747
17718 29657
19291 19834
29340 34036
737 13851
1752 22756
9024 35725
3910 9422
14024 31381
37186 39363
15311 27388
13176 19014
35350 37472
23815 37411
13593 34578
1720 23218
9038 9959
1312 19451
14555 22157
12328 20610
14550 40472
31919 42050
17305 24950
174 2784
36590 38736
16402 42115
15620 29836
182 11535
20909 21431
262 28268
10873 13126
17028 36161
17536 33184
8769 34802
4608 11800
8355 16503
11144 13589
15720 30417
7769 24515
1682 5556
14991 29261
1170 22377
3906 13221
11234 38365
19386 41547
244 10319
17263 25074
40147 41413
27725 29811
36227 42417
8776 31435
17502 33169
6243 26398
8499 20015
56 20821
18154 39770
9590 37775
9264 40234
17109 19130
27746 43116
14956 24140
29966 31414
32849 40213
21824 30640
28216 30987
38962 41145
14790 41406
24494 33696
35539 40703
4101 27029
27082 40857
6601 24012
17137 40776
704 21392
30516 32231
7419 31060
3428 6749
19586 40423
4152 14916
26621 43091
17936 35504
30692 35840
15878 41340
1107 28198
9660 31724
730 38828
5998 41654
34597 41883
1897 6625
23114 28988
23800 36109
4507 30541
33772 34603
8783 22002
16919 37291
1713 20279
14718 21881
6521 21400
21680 33870
4083 10773
21210 31477
4489 36536
29589 37856
25953 37865
28833 40731
6221 34879
20760 29928
15264 36320
8322 28181
28000 31870
39546 42081
1645 11635
9556 16448
20315 41363
19409 23356
1761 19165
2066 6969
6805 31897
21784 32880
9115 36862
4614 36423
3992 11005
307 43397
18967 28084
15239 17015
3737 16902
31317 31704
21787 24291
28223 41152
8551 13142
374 29343
12189 21285
36252 41268
30304 33233
13784 15947
8243 12208
14834 24284
7066 40690
18382 42333
33002 38310
7916 34444
37446 42187
11105 16188
33324 42036
10712 19677
29813 30902
16604 33442
17157 19096
6414 8455
4278 29684
32230 36518
18211 27175
29141 39140
23026 42299
1111 42037
26168 37995
21075 27064
7241 35968
6155 41937
21995 27973
11568 32844
33846 37130
5954 31101
23361 25027
16559 37082
12930 42988
35492 36453
21282 27542
15760 39883
5611 27729
23974 33363
19736 31806
12849 22620
17289 31451
16594 30660
11593 12902
2707 38240
10957 33629
19042 27453
14429 34155
28475 37185
3469 19315
17013 21195
27244 37323
4826 14563
33123 41057
20952 36648
22039 40703
11900 33209
2696 7499
3051 28601
13843 18755
22574 41801
15274 26784
24764 28914
22987 24412
25925 33672
4790 17535
18857 32022
8516 16665
3876 29623
2683 3480
23072 23180
14293 41033
19119 38788
2628 26404
14128 25690
1351 21471
13844 19515
27608 30029
18042 24117
6695 8831
15415 42076
19345 28928
9759 40831
20444 38470
632 25921
2234 16836
16674 36789
19678 37247
24620 27071
1595 21050
15586 38925
12371 25223
7838 40522
10084 25315
16594 36271
19189 19528
2184 31244
12210 19613
22187 28277
5084 5715
8833 42736
26908 35660
10576 35576
3954 13075
5555 34347
12706 24166
12236 24217
10427 39425
9633 17687
12212 27795
16621 37313
18592 24907
2895 20867
17214 32165
6184 22248
10765 39420
9915 36998
30946 35062
9149 42191
10439 19248
38672 41785
6254 14319
7029 40733
14478 19629
31497 36104
31937 42792
34043 35684
6775 35898
32709 39107
26155 36712
32382 38712
27724 35815
25892 31414
21355 24340
18214 35662
18765 20489
18821 31910
1026 10518
4085 15601
25517 39084
9211 34559
41136 43433
14209 35804
17304 42796
3127 25697
6282 7857
1761 19783
35968 38744
4044 11813
1316 21584
1826 5848
8969 23133
21529 26563
33820 35238
1600 30388
17256 25759
11435 36747
9935 16281
14991 33746
1686 30162
20366 37947
16858 21926
8545 13945
27719 43176
14607 30373
22819 33606
4333 22654
4703 22187
24986 34321
6648 26273
18890 23944
34679 37564
22700 41993
13233 13429
1501 41901
3828 14790
22094 42183
3112 25954
4211 22664
40084 40661
21141 23606
16023 36000
20818 34442
15159 31236
28311 32326
4833 8832
16143 28188
17092 40415
7906 41140
3515 42559
19857 36915
264 13362
17261 22696
4334 24168
26993 37945
27963 40661
33168 39755
7092 12519
962 3312
2657 33079
9506 13700
26282 35867
16912 17035
27042 33111
2097 33422
8032 14834
6812 17605
24650 33217
511 17376
5045 32258
14091 16469
29014 33358
2260 15134
1515 10816
320 29859
32940 33108
1375 15909
22776 34417
296 6053
7016 16065
23560 38663
35081 36574
4073 29846
31500 33072
3879 16017
8378 19793
13715 20504
21117 21276
14038 30579
18968 41489
10668 25045
15126 18240
6290 8232
3579 16664
6809 8797
22902 30742
12688 43268
11541 26138
22953 33905
151 9462
28732 39687
7380 25767
31207 42999
40894 42290
27097 35046
14164 20488
26964 37900
24779 38299
14435 33783
13583 31288
6705 11076
29350 41951
4319 33820
19445 22021
29035 30047
2071 35368
23592 34013
7198 33051
11596 26195
19522 37702
4839 29133
1772 11357
2927 39490
5785 29011
18338 37686
11570 16114
10518 27329
3989 11435
14002 22762
21939 24070
17047 27193
13324 14216
310 40609
35021 35718
28340 35268
19887 30660
26238 41529
5584 11732
20757 30516
14033 29430
26725 40893
3449 19011
630 36800
9013 33499
18171 39616
23064 35183
5638 29873
18253 39426
3938 32007
8609 39273
16175 29334
1146 16156
25450 32064
8289 27025
1869 35210
13633 22491
24717 26817
3199 32607
10098 40110
31172 33340
11463 34310
3787 39193
24416 39132
12618 40189
2104 20740
4906 38999
7515 22154
15678 41710
10763 22972
8875 27499
23819 31679
20206 25286
22788 30939
14135 25519
7065 13408
693 33715
5329 8715
29330 31230
4118 38367
14176 41735
16173 16964
35506 36648
17385 32799
21993 22747
4656 30314
7206 21934
17893 41311
20421 29762
8577 19332
20513 39150
36686 40113
40738 43200
20817 39561
1018 6306
20330 28331
10443 37088
19087 36568
17098 27457
14937 17108
23782 31396
11256 37376
5603 15491
29991 38452
13202 13771
6147 29884
13889 39584
20348 34737
5525 40683
26769 35822
3652 22887
20897 25153
3391 10280
11256 34343
3005 12688
18223 35187
6778 21056
3656 36592
2347 23076
6830 8414
3418 41150
10948 21166
23258 37253
16357 24197
6522 26728
11579 18754
30052 36826
39735 43323
37617 38528
7446 29099
9516 13666
13975 22739
8037 32950
12674 30806
39024 39555
9254 13666
26402 39411
29745 32919
28647 39817
4721 30685
24783 37747
10303 19149
12382 39265
4254 31973
24808 33081
2588 39353
2451 15670
22655 27511
39676 40649
421 6558
16001 42470
19998 34516
8035 22674
2606 35206
21087 32982
23824 33850
916 39748
37483 39652
13009 39548
2814 10245
24107 26968
11010 29749
17748 20153
25039 27702
1208 9008
6770 14533
17508 28802
4848 24202
15373 17422
20620 22377
12383 31357
6664 23936
19707 33936
16796 29505
19324 28536
14595 33343
7482 37400
13439 16851
17083 17669
29549 40685
9578 41847
37250 43214
11493 31007
4459 4620
8672 20642
6200 7213
10102 11265
3891 5102
17164 18762
5928 38016
6501 29018
4364 29643
7848 29240
1233 15080
17049 38437
19004 29470
24 40641
12886 14608
6596 42087
17892 27048
10949 33768
3911 5165
14268 30854
30419 32058
3021 12012
1666 16810
15242 40859
11294 25320
6951 26221
7159 29368
981 39338
2303 25732
8119 12148
4930 17572
29513 32895
11971 40996
21293 41852
5787 37380
5699 10206
25260 42357
11588 42921
16255 24404
9133 28907
9557 11707
12423 21091
18751 26149
9575 27562
18661 27387
544 12360
15963 30419
11523 14418
15479 31538
8439 9278
32868 39410
19217 34435
24734 43415
28277 40209
3570 26348
16582 41953
2501 31732
9196 21500
16487 38683
9953 18473
1997 21087
29826 39599
16643 36944
22378 27902
3085 27996
24119 30495
1246 22616
10791 31623
5455 6439
20720 26475
9801 34856
12830 18597
8934 26603
24651 40155
5643 9119
4767 12454
19654 33096
20146 39974
37023 37118
15445 40413
21488 25300
14633 23731
16539 32807
29766 38952
39157 39413
25373 38046
356 29813
2334 36291
11152 32918
24264 36861
8181 8996
21497 27456
30539 42258
9242 28045
32466 34653
4739 30943
8818 40549
4114 33335
4680 33746
4026 35208
10127 37069
11010 19629
12307 23494
1970 12043
21306 43322
2744 10683
27108 37976
34759 41142
33995 34330
2921 41312
22293 41511
17128 30704
13177 42975
9596 11954
6234 11788
7530 28260
26115 43355
24959 37251
3121 34957
11841 19907
11207 38051
5870 21310
28278 37720
11090 15020
1377 18480
7179 11414
10070 39544
20670 41017
6910 7991
12690 32657
4836 20272
12440 31728
14483 18444
14749 31395
20753 42183
18991 36269
27434 33773
2699 34860
388 35120
3760 37694
14574 27607
13648 34989
4987 20818
13403 39130
6440 25196
22040 39129
26296 39737
5774 10059
8654 12925
7812 31058
4867 11075
7483 25946
4993 32125
22548 33119
20978 40207
843 7003
10332 32882
20515 22955
10039 31317
11712 17002
15677 35928
27802 33014
23097 43133
38133 38234
20177 36896
7267 10456
6443 42998
17858 30125
10377 24896
365 23593
10805 27817
13971 24661
10662 25065
17190 26993
1203 36743
21893 32262
18235 26850
1099 4340
27465 40949
19695 33365
11588 18814
17161 18304
30935 34232
30675 39031
9572 30511
2723 18399
8325 13931
7831 16806
6015 34041
34827 40979
8320 13587
11865 18533
39484 39487
3702 15192
7297 39503
26588 34610
10600 42472
13543 16613
3145 26386
11889 23064
37041 40759
23117 32242
184 13732
377 15093
5748 21804
7218 41839
12095 20688
4726 5312
6233 10707
4166 10573
11210 15047
27203 42238
5091 22214
29650 39395
30448 39375
5024 10604
1832 14067
2633 31314
30499 40094
1683 21114
7200 35756
8260 32538
25324 43094
10798 25841
11084 11151
2603 17327
6406 40621
17558 17724
14059 35754
11924 30790
14117 35170
15433 43249
21282 24887
3664 42792
12800 40260
11915 16906
23019 26580
6186 33118
961 9236
26479 30664
21272 39633
22015 39906
8606 11833
5180 14126
6361 41228
22908 27880
20977 42159
2293 3673
24776 31746
7714 16355
29769 39817
9993 22007
3384 38429
8573 26410
24724 27614
5070 17903
8543 34115
12918 42551
26655 42382
9321 14969
8993 36795
18802 30599
24502 32116
12359 12759
22926 24672
20932 28803
6882 20147
20283 24193
5967 28627
33740 41380
9094 12711
10436 43114
23623 34399
30956 32560
39051 40870
9402 36441
21345 25185
18172 27170
18359 39828
778 6122
5154 30998
12230 30257
6068 43204
4697 32974
9265 32945
9473 28922
4848 26727
1196 3602
9624 22675
5731 10041
12495 32403
11644 18267
24117 31120
11148 14653
14907 24843
1972 20038
4530 25105
21956 23245
19478 34911
7198 33750
10051 21961
6499 37913
19403 34737
1664 25520
1400 41689
19974 31328
29354 31600
12351 42453
617 27465
10155 39465
21492 35569
37938 40828
21691 26330
17323 20785
26637 41937
10309 36899
10764 22018
11087 27367
3750 31716
4753 35326
25066 37311
13944 32501
36664 37886
95 29985
21753 34563
20600 38556
14689 18325
5570 9692
5382 16057
1220 33743
5791 12320
27512 30244
5652 40269
22617 33850
3326 28355
11975 34595
15679 38662
5408 43292
40728 41892
4492 17427
414 13873
15186 42701
25122 40976
7791 26104
18642 36086
12913 27415
3855 37717
6397 25312
20949 35118
9169 22229
20823 43115
14043 19274
4601 43199
19974 39383
899 20711
29487 40773
15484 21575
18495 27930
5454 36470
9531 13950
4098 35408
1202 32009
26945 42066
30445 34060
138 41709
28741 41148
22540 41335
3889 41650
24586 34176
10067 42977
16790 32349
10553 22491
1389 22975
371 40190
26720 42887
3831 38447
2065 13166
9204 28989
21295 24801
5502 10473
9998 37895
1648 38892
11141 20382
12478 18196
421 30104
3019 29874
12552 40776
1097 25957
39658 40234
16561 32647
18571 19415
34413 41741
204 3459
35462 39088
904 42531
213 40139
7691 28101
32081 42063
4615 14743
6986 11316
28186 32012
32331 33378
32298 33430
28910 36015
2465 34576
10817 25546
24851 35921
5633 10525
9266 24641
16241 43380
21921 32379
10025 32901
23402 38051
7504 39013
14856 31000
3291 9405
21124 42423
6167 34783
24426 25542
37827 42420
4550 14698
2040 4195
8337 14104
21153 21661
7491 34055
2721 7562
6994 20417
24339 28017
3047 20564
22096 36325
34205 43266
3009 11412
25557 34218
26256 31775
17568 40856
313 23350
37143 37442
503 1782
8370 20818
6094 8267
1542 27488
5237 38417
18696 23220
1151 31804
14929 31636
19352 28220
1054 25455
6637 29605
26755 36010
38634 40045
12326 41321
14461 26283
8070 8633
23086 36101
1660 15816
18899 43177
12590 28535
28539 42622
4499 5095
29945 34379
7433 32141
20993 24166
19196 39199
16882 30328
9728 16826
6999 20545
19229 19899
7713 12718
3308 15185
11434 22616
16293 23517
5545 6116
7638 19714
6113 21849
2674 8631
3714 27392
6407 17600
26198 40414
7303 11507
18126 32465
26269 42509
9152 20049
3221 25015
27680 34610
23311 42204
701 37179
5150 20489
28786 34743
3476 42503
20659 36721
3672 30549
20141 33348
7132 27840
31791 33359
23501 30435
22714 41167
18227 39872
7988 31962
5539 6651
27583 40312
11431 30804
1146 11407
32362 34114
166 34576
11571 34730
12765 37180
12940 41907
22197 35952
22245 36932
4077 41565
11466 26826
5055 30401
33404 40089
14505 40302
6689 24237
3614 37899
12634 16725
30948 38682
9634 25054
16394 26551
29234 38666
10765 39961
28119 36535
7002 29837
12735 20914
29049 30026
8141 17278
19419 24853
25984 34954
27696 28481
4360 19380
12322 40932
18692 26968
1141 18768
20737 42804
31286 33200
14431 35815
17755 29273
15007 36914
2407 36529
3961 26464
29908 40458
21201 21970
3569 8678
4013 41149
5083 18462
11496 36625
237 29100
29653 39939
19975 39448
16425 35821
4654 9654
6783 39713
15070 15736
10592 32462
11611 14883
24296 25929
18618 33061
49 1695
25157 36057
17542 32548
6625 35340
36571 42207
17168 36279
28651 41068
222 5787
6469 40462
15547 25874
26001 29996
20161 30162
33146 38494
30173 33185
4563 7442
14980 29964
19541 34618
35212 37437
8431 36049
29386 31085
25248 30698
31125 43431
5575 31325
4540 41955
19732 25326
19390 40084
42642 42886
33167 38782
14738 34780
16157 40328
36747 41093
4123 4891
2506 35353
16849 26326
29056 30392
2912 27373
13922 25334
1715 2020
4224 31546
4638 5522
21527 40398
7881 8440
9013 13958
17434 32614
12885 17609
37856 39430
1544 24769
2416 24698
10903 34552
19312 26810
15007 23277
4112 32244
6091 17447
31725 32442
566 29517
16935 25696
5367 40047
9100 9389
16233 19762
209 13415
33269 37904
10840 25343
5004 14331
26515 38861
1521 15336
14849 41535
2112 28609
27583 36258
3713 3838
6445 14188
18140 37327
5433 9526
2027 34163
24967 43264
20578 32678
36445 40539
16928 37707
5440 26912
4632 19828
8044 8969
23500 43125
15735 38137
468 36687
23966 24616
5779 23345
32236 38407
15044 38219
2642 28959
23115 24975
25797 27856
20900 26663
7520 10662
16283 34909
15891 37337
6453 38750
24032 40138
22002 27054
12636 16100
16720 19634
22743 30472
12244 29051
650 4274
34893 35724
3308 42756
5004 41634
4727 36438
3807 21943
29470 42594
35144 42890
14492 42967
23246 40333
23077 42776
16273 18541
15431 33538
23614 38285
1837 23435
17318 31984
40368 40691
2994 32393
9262 30230
20607 43191
13062 34759
9866 14129
25137 30038
19318 20693
31690 37658
22740 25828
6219 33981
30352 41871
17573 43241
7719 11787
16530 41178
17596 41912
19145 31503
3452 14373
25117 30510
12761 35935
12557 15002
1300 33379
160 17420
4548 36449
24799 31332
23887 34256
8623 13856
5863 8840
19262 29055
13628 30043
9206 23481
4454 12089
3170 9183
12293 25105
6761 29588
6857 36466
9534 42945
23483 38717
12943 26907
1648 13309
3381 42614
29338 30723
25645 36614
16755 17510
24749 27431
45 24421
12856 31634
7001 33212
7485 12091
12224 37019
34359 38553
2981 33046
15444 17130
21198 36411
11059 26665
23978 42079
22180 33502
2672 26060
25058 36295
681 22538
9166 36483
24844 35023
37576 37779
16342 38632
36639 40084
6041 21920
10531 26896
67 15670
2068 15184
4676 15642
5094 16155
10257 12549
12412 41577
19658 22588
4220 4287
9505 11224
11102 37450
23838 32246
4354 35778
27076 31410
4286 18870
12200 24890
5913 19641
15508 38591
11201 32733
1859 15949
9241 31530
2443 23325
7130 24708
25104 41901
3883 20328
831 1894
7778 25683
3895 42030
2430 15923
12021 33411
3785 20924
21551 28554
25627 28063
2958 32257
12996 15533
13825 25214
2789 21868
19208 30996
8936 32772
9557 35334
22000 33261
18926 21484
6603 23851
8419 8868
6892 21510
8226 40718
13170 20035
9766 41335
4665 15991
2709 13244
4635 30112
2130 26369
36682 39915
18272 29739
33571 37116
39586 40923
1794 21724
13122 28854
33003 37598
24429 34915
10458 30716
29812 34281
11777 19064
2677 10673
877 2023
20174 21296
3233 29055
30048 33245
23825 24039
21763 37081
20450 33245
9478 29914
26427 37514
11531 14312
2933 17459
28964 39260
7435 27922
2843 8117
12853 13511
16298 34091
27378 43371
11467 22406
39515 39528
17012 26264
31186 33266
7770 42141
4982 13200
10137 16903
1988 17402
638 16909
15341 33300
6284 19129
10786 36008
11822 28232
3183 37986
16633 16819
10153 29679
25810 29594
19887 19926
21224 37153
17773 24672
13869 21483
462 20066
30325 35566
8166 37418
16473 22953
9494 33426
13916 27156
15401 21458
2140 27972
27117 39250
11127 17992
22881 31158
2885 16048
6669 36848
10779 41603
14020 16367
8465 39148
10629 15271
3323 17213
30390 41818
5126 14268
34870 41188
8997 21481
33736 39007
1445 13568
14937 23394
7145 19057
3843 22352
7577 12298
31746 39093
21091 35469
17164 35302
19504 30310
12682 27935
11917 40146
17722 43177
10326 22036
12596 42878
6734 43285
1442 31205
6183 7719
13735 36543
25261 30826
29483 36576
1514 11079
1669 8738
26693 33603
6424 7781
6111 41027
8452 9650
5093 13165
15354 21588
3095 22058
10250 38606
34513 43371
2833 26222
1201 3385
3105 18050
23823 36528
8191 8562
10918 11186
7970 15733
14982 39917
830 39844
3179 30242
24132 38037
586 34788
29078 39092
13105 30081
26976 27660
10412 24789
14194 15715
6682 19309
981 27181
8565 33097
6980 41597
4346 35754
6651 40375
2795 43084
7993 26455
8812 13726
29845 38446
14763 20746
8776 34448
22014 36810
674 25159
10635 12187
3170 35010
21718 25148
26788 32685
17691 34391
9835 23623
14026 34224
8081 35320
11900 14262
27085 27953
11004 38822
6271 28426
859 2466
6303 37009
26982 39317
16422 18961
20999 39397
10229 18265
34612 40882
11372 27325
10829 13342
24028 41605
6750 43363
27001 40498
41825 42132
14987 40210
9796 38570
24316 32623
3227 21557
4984 14295
4540 9151
15608 23524
1425 32274
7985 42563
20597 33351
29298 38061
3600 14191
8994 15436
21467 32453
11302 30908
9311 27386
12849 13256
770 20679
8929 20676
24725 32269
6044 8798
22937 31550
17063 22498
2205 6758
1828 10972
18757 33381
10070 31575
6436 36383
2187 13534
38808 42536
1962 36047
539 30353
31280 36929
12473 23707
32104 38130
12169 39511
12765 25047
4286 26388
32962 38915
32368 38176
1081 41667
8601 10607
8188 8748
26984 30479
12383 32300
25672 42521
15246 25171
2813 27932
9162 22725
10486 37273
11904 28101
19579 35825
30876 37226
1987 6656
6815 42953
34081 39660
11086 30852
13121 31448
28859 36455
21383 36488
14441 23431
19036 31641
35001 36627
27692 28472
5106 28005
3937 31465
31029 39161
707 41052
34499 38860
26386 39016
35641 38650
37864 38543
21176 33916
21549 38628
21307 27983
202 20356
15274 28508
20113 41774
2198 8946
6816 10724
19559 27602
13630 22815
554 16085
23068 39307
5458 36162
3825 39518
18240 38473
8939 25662
10520 22870
16961 37631
1793 27327
8346 41363
6790 8722
31968 34054
8929 20221
225 11830
12256 34164
5403 37394
1453 17056
11940 23570
21234 22378
21622 43428
2182 19151
38960 39469
2010 16415
7602 15955
17701 21576
263 15505
3151 19952
25581 42537
9074 29620
11696 27532
21983 30760
16348 28140
19708 38813
9288 33521
34451 34601
3280 23745
410 12899
17419 26966
18484 31262
26185 33791
9563 9782
19065 32705
27716 35608
12967 37531
6064 27812
4701 10118
16701 30887
19865 20488
13829 23940
800 33995
39552 42390
21898 43080
5354 14066
15225 15918
1774 41556
19224 25006
6696 37329
13231 29094
20850 21233
6670 36108
23447 42470
15097 39303
10921 38624
30069 43279
19839 23589
3480 10570
31892 40020
26192 32087
10606 15608
11186 36828
2162 25049
6481 10730
7081 17141
9048 37982
10148 21331
27060 32247
8808 40215
19697 41791
3713 37317
9239 13606
12373 19772
12670 27872
10929 18863
27494 42338
29263 34147
19559 29025
22029 31993
11586 19392
9297 33209
19873 36540
874 8064
1121 16801
10802 40221
13329 41279
22968 24284
7565 22973
24338 35043
19316 30206
3526 20313
19241 37202
29203 36698
28546 31473
4735 25297
278 9881
3028 21534
5959 33787
6810 7764
17800 24698
31292 41694
11912 23884
3980 22920
18955 39999
15282 28829
24588 39540
16739 25247
21363 30223
14151 18059
20759 27076
12109 31753
10153 19372
32346 33908
25653 27971
13274 20415
33027 36521
12057 33283
1851 14179
2092 2722
28509 36667
1245 30207
12941 37733
4272 38196
7839 31412
10799 18766
10040 16462
13665 19482
16503 31544
20025 21045
21821 29761
3085 33156
3608 35183
16900 17594
13436 36399
24712 42585
11678 20805
5888 23532
4377 27817
10538 33893
11673 43092
33834 36213
8837 34082
15243 30163
22154 36737
11724 35675
13557 18609
13355 25076
16514 27357
17451 41267
23508 30024
4293 42052
12166 14328
6826 38983
8578 16825
20602 42152
11557 39884
33644 37220
16166 42108
24886 38392
40452 42915
7478 17446
25975 32694
898 24218
16232 27644
32835 34607
3150 21099
16137 19678
10539 35407
24023 30820
24267 33432
1586 36111
38067 41159
1415 37919
8406 24073
16919 32896
24106 29542
24608 37108
9636 23710
24374 32740
7415 43111
3308 37873
20538 38353
1483 27473
15880 37930
2012 28002
17688 28913
5837 17312
18436 27086
6786 23877
216 4010
5969 11015
1495 27483
16847 38096
8402 39765
555 15719
20742 32117
25036 35461
11959 13045
6790 11918
11005 22351
28695 39785
4143 13195
6644 32280
16326 27255
32970 40443
6147 18642
9663 29828
8404 19839
18262 33507
11265 18491
27030 30771
39777 42695
30593 32913
2593 15273
29128 42269
3847 19468
14269 35164
1510 15309
1748 39798
12810 26807
14349 30205
1044 20205
5632 29688
17028 40894
8762 17453
6623 14033
10446 19512
5744 42172
34393 41764
1480 11875
26107 33132
3027 32130
27293 41330
11763 36272
25726 27778
29402 36213
16721 34708
2428 34430
38181 40991
13242 24343
4857 37397
28460 34010
4205 38932
1535 24764
29129 35300
18091 38297
656 6860
6211 25958
35416 36385
12305 26648
15884 18935
7983 17284
9261 25071
11319 20955
15250 24247
7449 23766
24642 33978
36152 38116
29270 30028
10674 30050
7864 36059
2197 18440
3390 39887
7035 21682
15003 18139
5319 29699
2807 28949
21370 32951
12736 32469
4195 32178
20701 25245
18006 31958
24690 36089
33255 40938
8268 8758
9263 32472
10036 13174
29909 42968
41590 42292
14994 23688
23035 38151
17110 26158
5606 25218
33539 35220
11600 24738
29306 31563
1100 4433
12348 15741
14157 35996
15123 21065
7483 23885
34241 38875
11906 38027
24160 30797
18520 30085
32857 38017
3646 20228
31589 39808
8902 23983
6062 34479
20095 26724
2085 43085
5413 31589
133 20832
32288 39028
141 24857
12064 35580
15802 20572
30548 32873
12453 24775
2047 27517
10921 38571
8918 40142
2230 3058
26258 36818
16300 21980
9577 30164
12831 18719
41018 43355
32574 34137
13369 36330
8696 19569
11124 13266
13272 21845
7191 40638
5958 21482
36640 40283
15977 22266
10559 42504
26805 29982
7500 34977
19159 20744
28685 40089
19114 19281
20956 33068
8747 21951
31673 35318
10531 25180
9784 37031
35057 39969
25494 36772
998 4664
8832 36584
5029 6874
4902 32928
15022 41146
1343 5830
2238 34790
3037 23129
4694 10533
1124 7220
19251 31071
17454 41378
11027 13683
9274 40312
3044 36351
23911 42120
21835 28691
20420 32684
3826 6027
34318 37536
20230 36724
15929 28237
25166 37091
28891 35619
4480 16616
18538 32303
1459 3911
1082 41868
4965 11935
41015 41902
4983 23094
11566 15839
25610 29376
6527 26836
8999 21017
8498 29891
14257 21435
32964 37459
3965 11447
19874 25169
22895 29206
1457 13822
17701 42544
23847 39452
15893 32313
3917 9686
11359 35898
27522 42589
14804 18571
8866 18394
23334 27563
13450 40001
9572 31617
6775 21838
29013 31421
2187 41402
25652 40525
983 27902
3544 36650
21117 22008
2740 41551
17295 29963
14901 42266
7388 15622
9395 38336
8086 28984
18229 20190
11982 14562
6314 20662
15164 32288
22015 35401
19307 36991
9644 36596
14481 19988
4872 5304
12187 23073
2331 41531
13212 32666
8488 17660
10191 26377
8967 31658
9634 30401
9204 29127
13672 33590
18598 29297
28066 36394
4274 29706
32049 32706
2436 20095
24361 38518
3448 22016
20548 41863
21169 41015
12826 42429
29094 36836
27516 32729
4833 41189
24355 28123
986 15876
11772 20737
12324 27666
26224 39761
18549 24867
28679 40943
16302 17972
7498 8411
13239 20317
8496 35806
732 13515
3415 36778
32934 39636
2724 38550
1151 35541
5546 11418
8756 25530
31302 39430
11295 34519
36866 36922
9681 34919
3814 24594
4295 41671
1392 42019
7620 13662
12433 38539
6982 36760
15742 20385
21720 36176
24383 41259
4993 18789
28278 41888
1675 28529
8714 22271
16289 39213
22482 27831
11570 30967
20166 20577
10704 31984
21598 38630
5387 27761
9575 24293
28151 39080
2150 32959
1489 1951
5996 12004
2316 6833
10887 17324
6919 30180
16452 41836
2516 27832
29205 36047
9494 29966
10451 21897
19454 39969
7021 35560
2749 19897
27695 31108
14793 15863
9163 20003
19109 35770
35810 39104
488 12350
7213 26870
585 41330
21304 32117
22334 41300
4979 30760
9816 14152
20300 41868
20712 25597
29625 39989
6337 32834
31431 40725
28191 41488
2014 11756
647 15098
134 23314
14538 40604
33836 34438
15088 42734
28913 42412
15183 30728
14345 23213
21781 33395
3036 39710
11139 21308
22136 39221
11916 30799
18056 42222
30465 32651
22089 34679
3442 10038
26739 28044
13984 37170
4212 18358
17468 39019
28898 31150
7190 18349
11068 19563
2820 11977
21399 37615
6125 43100
14807 38900
16842 39496
35366 37908
3738 37134
802 16431
10776 25578
7696 17174
1445 18752
3791 40932
20278 20363
2665 17701
21036 40192
8921 22883
7059 32014
9201 35705
17448 20997
18549 24196
17884 40775
960 43031
6011 19027
8342 24869
20502 37225
11459 25204
10263 28561
9294 35115
21323 21913
13532 30256
469 35065
16327 36956
17927 38378
5903 14017
17277 31880
5992 15752
1110 30897
890 22263
26299 32444
14515 16403
9424 12715
14909 41405
10629 31543
3259 42360
12633 28854
28937 30300
20940 22525
30277 38965
1398 19471
12636 30091
12966 34167
19862 36491
23835 27951
11091 16298
26415 36941
14244 29122
8690 17042
4932 13678
6363 21707
22333 27037
16739 41222
15535 26002
17011 29078
9876 22796
5765 37064
7567 39344
7432 20460
2852 12558
19084 39765
35414 39214
16961 34626
12937 14339
6324 35715
7622 21523
19972 23423
3940 10799
21389 31554
25264 29841
10804 28669
14469 27146
35650 41184
26009 39794
13267 25770
143 18060
16045 39471
1536 21633
1833 36903
23503 42996
4839 25356
2240 13872
3809 40302
20981 24562
15881 25484
8984 40685
20522 40455
1712 17136
26059 29708
17282 34802
23036 26756
10313 15226
271 19908
10333 25492
10064 26765
12451 17455
13607 29975
42508 42620
6184 28888
1276 40368
14792 15125
9783 28243
23361 36123
20142 37955
6651 15707
8917 14738
36699 39066
3914 24638
33996 35338
8207 22684
11471 15899
12816 24908
26542 32686
6307 19280
7815 39607
2550 34800
9899 26324
3587 36294
2571 15675
15777 40945
377 20684
6862 17058
6253 7151
23299 37315
24803 31859
27862 28052
9319 24702
14768 22436
30184 30398
17641 30547
20991 25226
6257 37071
12172 41960
13365 26254
9671 20431
24268 31700
13640 28179
21900 38808
26339 31953
5071 25840
15345 18283
194 38885
13670 23103
5740 14106
17921 23367
15762 24987
13763 36099
21967 35307
8842 32068
18549 36707
378 31997
5567 36028
1007 2929
9236 11993
4185 36751
2574 6123
9366 17701
40953 42795
3458 7375
11886 30612
13120 39790
17050 31368
12315 25807
21770 42468
7051 38406
1908 3037
12112 15090
9881 37745
2446 3844
1753 30453
3861 40976
31090 40245
26498 42162
343 4053
12794 21311
28418 31666
5987 28858
3114 14331
14151 26947
20661 39593
13011 35309
11737 16152
40108 43349
10029 38582
22785 35508
9053 39993
17369 35470
12615 32865
7981 35280
7146 10535
31282 38910
3842 41084
7320 26149
27192 38005
3770 26686
182 39009
19109 21596
9514 10782
5215 24033
17936 41152
11683 14576
27432 32739
32793 38008
7356 40331
37285 41367
24639 26085
15979 38180
13796 28826
2120 20424
11823 28327
29381 39418
25613 37810
28528 37287
3956 40058
669 13648
17787 21057
22154 39209
16636 40372
1309 6626
37185 41136
5766 40536
14142 17570
21531 27152
100 12939
26823 33570
31821 41231
35264 40827
6057 42405
644 9619
39367 40439
2068 10061
10240 20843
7981 21293
22936 25854
11435 41427
5059 24809
5761 17911
31980 36565
10953 32793
8560 19657
33244 42202
7374 27674
11407 26547
22721 33779
23796 42927
14432 15050
11081 35422
17932 38535
2079 34544
2418 36454
12311 31649
32532 42905
22488 25849
9166 16434
16196 25174
18505 24841
12466 13278
7425 34028
12532 15029
3630 9097
16981 16998
29619 29918
19800 26566
6290 23516
1737 15717
14486 22052
5551 26560
10563 17123
11865 28714
4570 20457
15340 42343
26797 40993
2201 14131
29653 43273
16137 23439
3074 24084
36168 43431
4066 35449
12079 26953
9265 32254
34887 41762
3305 18732
23428 35869
10976 42552
220 17154
17766 26730
14375 14492
1022 36501
1929 33041
22467 38342
16027 24183
38430 39495
6660 21864
23292 40145
7955 29066
1615 9661
5317 23481
4806 16361
2252 37831
5861 8827
25517 37832
17673 26889
20699 35242
10027 10481
4316 17665
7368 24021
2487 23361
7036 19118
23303 43128
19761 24113
12112 15358
745 20543
1040 41402
17489 31683
24163 30962
33533 36962
7263 41940
18141 29394
10895 36305
7856 36792
21806 40114
12982 24259
25533 32299
19134 30781
3300 20616
25410 39813
3724 37159
5553 22603
7375 22906
16519 34979
3237 16103
24239 38504
9725 16158
5509 28912
26632 29948
4912 11660
18366 23446
7914 33922
13004 15508
8331 11579
968 28293
7353 22743
14789 32925
3228 37867
37756 42883
1046 41947
25846 40501
6364 38444
8925 19865
10687 15199
8899 18452
19753 40975
5887 38290
26023 33223
16899 30662
4960 23378
5197 31427
1998 39361
12946 35690
33921 40992
22610 24609
21618 42291
8399 37727
11146 39283
5649 34153
32944 35762
9536 24341
22426 27683
6259 41252
15115 38171
9997 12658
7372 37106
38910 41370
33124 34417
24438 41881
15862 19904
12162 23126
16380 40246
3425 14595
13349 21935
3840 39912
15568 27536
7641 41468
9346 27600
7734 24663
3439 37124
15452 33777
28102 33717
13263 39130
990 1233
3503 15417
24136 29650
17179 34220
20579 30706
1167 38278
32760 37523
12068 38925
2775 5818
12687 40660
11455 37944
5878 16835
8695 40098
20832 36255
159 33735
10755 23977
13705 33998
30733 42645
12571 29373
26447 32746
31443 37328
8268 10425
3247 9196
35611 39809
5429 27747
8578 14788
33214 35599
7841 28293
30313 35828
8856 26810
4324 31222
1268 36236
15222 21772
2676 11824
13091 36929
67 19809
21617 23356
10480 13542
1588 40563
15602 28594
16825 40646
20280 34587
9465 18408
9489 16550
4990 6358
12362 20689
13288 13307
3310 17250
5670 24776
2255 18368
21765 41132
11456 31729
9141 40161
1247 37237
1770 39264
9168 11247
11240 30384
34457 38073
18234 32297
1278 26724
14652 23497
16063 22014
20373 25891
24595 26915
22067 32802
32055 33519
2773 17018
15950 34380
30599 35259
16811 20187
8210 8511
1017 31298
17758 35751
12374 41610
7708 29992
23514 43027
10768 40373
2838 37792
27482 27727
15226 27152
14068 31555
16853 43229
38983 41201
1203 27489
20229 27051
12974 13497
21605 28957
1963 24733
12524 27032
33005 35209
10494 11504
19616 23818
31962 34644
2859 22804
20787 28510
14063 27424
2546 11727
519 12712
21533 23604
436 8513
15502 23236
1610 30472
19192 41957
3788 28902
17903 38707
10050 42200
3914 5821
8702 16678
6077 10389
30267 31645
2401 10033
235 3504
12004 20176
34269 40250
7098 34735
63 19235
13569 35375
23540 23845
7696 35593
32877 33869
15256 41115
8915 14692
33148 40748
12927 16660
11095 42996
27207 28030
2073 10352
11845 33136
23513 38614
12099 34184
5325 27127
30273 36913
7304 12330
16751 28376
9235 37678
4462 38995
13505 40436
34508 40616
11776 30498
38245 40659
30296 37836
3069 41057
1940 36776
8243 20836
27994 40279
24073 32013
3953 18365
397 42277
5044 7078
32357 34368
10542 25642
16978 31923
21307 33598
34629 36597
2307 16009
10642 39055
295 22752
5215 39390
17664 20358
5240 17755
10146 32997
2040 38296
9262 13995
17062 40669
9213 35044
8778 22284
17448 19013
1133 39312
21548 23080
8907 18722
17922 39083
15039 23114
13227 17837
4129 10081
1294 27337
12553 38834
15090 15697
18703 19646
4415 33298
3488 24802
28141 40864
8697 41543
16733 42830
5849 34428
4056 39781
19297 30184
23776 24448
23628 28522
1371 29277
11627 18108
6732 7162
6730 16915
122 728
1169 10834
9016 15632
6526 21057
18489 26483
16613 42913
11274 22127
5182 9240
14853 18386
15551 23612
12072 26079
30306 31303
6271 43169
18560 26134
13914 22308
7464 13877
13380 35206
28409 35552
16747 38190
27588 38786
29441 33484
4914 25640
35173 41140
617 17272
30781 43088
3289 11329
31125 40646
3912 8110
21273 32428
12693 20131
10572 42392
39624 43155
16730 38371
17966 23301
15247 27708
14648 29069
21284 38444
19792 42971
5723 38237
2058 9023
3808 32081
21531 38321
25523 26805
15432 24455
7319 35753
8830 25052
2288 28144
13172 31096
6759 41014
24100 42988
4252 21360
18587 28465
521 25269
27048 41824
9456 22481
18836 29923
15792 37980
9420 41483
1950 19639
21213 33666
6044 7676
14655 19286
29399 37930
34458 34755
25762 35839
35237 43353
22280 25957
6375 34608
3942 19599
16532 19296
8210 29666
9479 13016
16 40036
2623 28026
33063 36182
20276 27865
504 43008
26125 30414
24022 41203
16997 36779
7133 34408
7162 39310
312 10758
22797 33050
18741 43053
11154 11764
32956 41196
21036 34154
19678 37715
32144 32650
6440 32909
2009 37373
19526 42047
16195 37030
7200 30153
774 22308
11985 17519
2700 43148
26081 36908
11038 31968
30401 32613
11103 33117
27188 42369
11612 32994
8987 11399
16195 21165
1275 1541
20659 34554
35088 37379
16093 26550
11592 32527
23732 35371
33649 37568
16463 19667
6382 30837
1599 8054
16794 33013
19630 25781
22160 39380
2006 16514
6689 25103
4961 38021
19646 38557
1956 8291
23628 40094
9922 39384
20001 37213
594 9666
5067 14473
5639 31668
35215 39756
3293 7044
14988 36599
36765 38617
35557 42903
6260 23650
7518 12503
33179 38743
34526 42163
13090 27606
1636 28473
14162 25903
32931 39395
36088 40095
15707 25174
1591 36809
8779 14644
10127 30340
9590 36551
16373 22002
2016 28879
18026 35328
3652 36374
11506 39899
26236 27346
13093 19394
12234 27806
10875 37558
3945 28490
22194 40438
3090 12700
5842 24426
35733 42728
20041 41284
22834 27000
36087 38530
23662 34736
14069 14169
13025 39797
14296 15114
4608 34846
23452 28510
4805 17455
21095 25419
1333 8261
9452 11303
21837 32445
17973 42618
8404 26609
3669 8970
5343 10341
2754 31036
6832 13622
11374 12372
3733 9894
14323 17095
11968 35742
5219 17630
8493 16451
28509 41827
11525 41588
10811 29413
23436 40408
8659 12956
29699 31485
19744 22580
8095 39975
11651 43390
21712 26118
5192 8078
26513 41344
3215 31781
3966 14976
16250 36258
13895 22660
10 26903
12645 32170
23898 26883
11542 35526
16403 19504
24250 30718
13712 17291
1716 22305
9704 35444
16531 34965
22157 40505
498 42118
3829 5818
35054 42574
17645 41597
2767 40666
3474 41282
22645 24229
683 28285
5708 40775
18943 33040
10084 26990
143 11567
17742 29637
27869 34862
9114 17858
25391 25560
6064 20408
4758 32295
18587 43204
10307 16647
17416 19264
19295 41978
7346 25870
19589 40735
8643 31455
2267 14837
14773 38218
25318 39984
17912 23817
34958 36985
15593 31541
11895 39562
8048 31245
5333 20310
1701 19529
6976 25778
5329 16404
394 29471
21739 42220
20258 25968
6070 30402
5793 25398
4257 12657
8258 38410
2643 5675
17585 32440
503 31858
5499 39446
16576 35623
8169 42502
21646 43160
4049 19309
20327 22540
27427 32773
27255 29283
4622 35386
21188 33422
3329 20151
15291 37218
6105 33779
8971 9420
10423 41681
13460 31699
5299 41263
9828 18086
8490 41547
7865 14922
4012 23564
10781 13281
9616 11787
8306 24464
6881 23797
20908 34721
15595 25736
4052 15234
19159 33930
30666 42523
6264 19664
4302 31624
23973 36586
13777 29312
15199 29119
16799 30541
17109 17935
7512 13464
15412 23750
12698 36637
20377 29019
16719 30023
2302 40821
5842 12212
16827 28802
3635 35483
39405 41459
9676 19543
22678 28044
27397 36290
18407 29757
2662 34159
9202 30240
2551 5281
1292 33199
1158 30755
6452 20250
2127 8925
18050 28961
33572 41483
10078 24626
19570 25139
9867 40429
6645 24994
11336 38362
7126 29993
18911 42472
29257 30065
14677 29545
22319 34877
324 12220
13592 23092
18340 36240
7149 39961
30464 42523
13270 14181
9677 26160
1747 42238
5029 6423
19394 41286
5847 22893
22851 26228
2519 24967
38072 39576
169 12467
26503 38241
5026 12541
15923 42116
22067 42361
9857 15366
25721 31035
33570 36468
16660 39376
12207 39917
11992 35791
32073 34235
22573 41186
9598 35262
20470 41395
14963 21025
19073 37114
34250 39610
12367 13222
12653 38691
4620 22591
14514 33472
12941 36879
1362 19550
38800 41604
23783 33913
6446 13399
7367 30748
4428 28433
4341 11283
763 28266
9734 24169
13765 26379
15526 40736
7452 30297
26343 40746
14917 37245
35930 36423
15829 19045
25658 31783
17499 35758
15814 26092
21311 28778
28465 32858
4506 35829
20485 34297
16913 26185
10673 20782
29708 43253
29368 31319
24468 26445
23738 41875
1155 28847
6420 34408
31056 38223
26350 34346
16832 29414
7804 33731
14104 43349
29233 38449
25842 29217
17084 30389
28412 37519
31958 40246
5489 27079
34666 39622
10871 30007
20227 29693
7019 10012
587 19880
15583 24250
19237 32926
3154 9225
22359 40021
10574 13956
26014 30640
9090 27234
17273 31981
19773 24046
11198 18509
2967 12782
21054 35514
21483 25074
6717 14750
11486 18387
3436 5124
16833 18096
20583 32896
8609 42587
3871 33345
15712 25010
12396 35577
15479 36328
20044 28646
19282 19463
29078 32253
17956 31607
3842 31826
20487 30155
12519 27282
26083 42646
9294 30797
1921 31517
9075 31433
3036 24788
13731 16699
18412 35795
122 42717
8244 16983
1383 2794
9192 13524
11714 16682
28860 41600
18534 19196
13050 21441
15144 23398
4266 31780
6966 12579
4786 13322
6723 19237
17013 30872
4485 43195
14919 26663
858 17094
18298 42459
20891 35469
6408 18852
31357 40914
11176 17945
23755 41774
37148 41795
17214 23399
3892 4370
7467 8781
8292 23416
23685 40254
501 14763
18890 25782
16066 32839
16979 42191
9272 20434
3424 6187
3766 9334
30136 34011
9364 9820
410 14086
20185 36367
1729 4878
6494 24611
31810 38765
33150 43266
6639 7996
14563 30010
1817 23192
3481 13487
24420 24794
21594 37440
18528 29688
3190 6141
9216 20660
29279 35494
26478 32921
3677 30580
14389 29076
6065 31294
3131 31575
12252 24039
26412 28137
13072 38330
37416 40805
24815 35122
1901 16854
20369 30418
38811 42761
20626 37399
6250 17461
22808 29377
32494 39555
17835 31572
751 36579
23485 30528
18895 21938
11313 41732
3012 28850
22688 34156
31776 37060
30569 41756
17051 17877
24602 38397
16022 17964
15726 19134
8052 14264
1981 24323
6877 33959
28043 42993
27804 34117
20992 37348
22956 41676
13111 42765
2772 32931
36925 42796
10546 26893
25077 35630
38158 39698
4657 38686
11503 41455
899 38520
6360 36823
4354 28297
14105 18713
7626 32707
14330 18831
15685 26084
7184 20496
24891 39789
31040 36214
2270 7056
21455 30060
38853 39738
18769 28191
1959 15273
26067 30303
3924 15130
34473 43201
15643 38101
14055 36504
1 3031
868 42775
1559 19503
21715 32616
11815 21166
13070 33665
38565 41900
5179 10101
16184 32039
25586 42458
4015 5045
9136 30075
30841 36943
718 5274
36327 39440
10681 18958
26186 38481
3686 39286
5328 20932
21842 26914
31456 31554
13725 43166
15143 35684
12187 36206
8733 11376
7820 23689
16913 20521
7865 12320
9578 25697
5928 37142
10431 27828
25648 25781
10737 24902
19880 25261
18969 38401
8084 10149
25960 30217
18790 33740
5271 41716
7927 16581
10918 31329
33526 39691
10330 21545
1269 25914
15101 22599
25313 42649
27273 34026
34002 39428
5704 27985
23131 42565
39377 40623
1288 10880
5451 33955
36567 40970
227 30677
5103 19659
7270 39622
18612 42486
10452 26611
26506 38994
25155 38276
8867 28695
15280 21029
21451 32519
2503 30396
7059 30542
15691 24535
14665 17723
23616 38823
2389 43099
5112 12016
14245 41458
15891 19870
26468 39641
4016 42372
5621 43384
32175 32715
8355 37565
12814 15901
13963 27250
28630 40012
7652 26333
7142 32647
16095 37578
11142 24964
16036 40381
2826 31207
15450 19346
710 41734
28015 36891
9132 23085
27507 40622
5776 38949
15938 38533
2866 16461
31378 40665
4432 5467
2690 14515
16144 34437
19671 41086
20457 41995
5327 21595
6535 17309
11680 42925
338 9324
27365 32810
8317 26319
9419 11249
7668 29845
9470 13466
16885 22771
15318 42208
5164 23294
9669 12363
27999 30881
41940 42785
19263 30122
6442 11833
4357 37723
23433 39092
9772 13215
191 40014
1232 28610
26628 28006
9433 11305
21644 41154
21779 26295
8817 10807
6613 37729
11816 42412
16532 40561
5502 26672
12462 16923
16978 23120
2324 15481
3172 14824
6821 19184
5626 38227
25430 34673
22646 31515
32128 38510
3613 22114
23124 23411
4558 37605
22123 43259
5082 7777
18782 27166
24169 27240
23841 38486
37733 39386
2034 8710
12187 12904
2210 39703
4933 9374
1160 41165
27323 37256
30766 42514
28495 31061
30602 39639
24510 30916
1319 13868
4809 35911
2912 13557
23377 41011
2656 5266
35211 39611
23791 40062
17485 38735
2934 43117
2450 12745
14835 40495
8870 29635
17691 36359
35139 41428
2982 28821
18610 21582
13456 29623
34410 42716
11694 30125
32571 34892
32099 37526
543 5137
4210 24598
6360 38730
28476 40968
11568 37341
26100 36881
13131 26830
26504 41660
16038 29799
15395 21062
27846 34156
16779 39633
23223 32034
399 7078
15138 25378
700 12668
4462 14461
2374 36670
6871 11326
6392 19959
32910 41124
10473 13396
5730 28885
13786 25189
4212 42579
10655 12878
1715 5708
2784 25399
32014 39266
14700 41367
34089 40981
11695 18807
17145 32227
8615 10403
26685 33720
10390 18996
22716 24474
1781 5015
10326 21455
1693 40823
3444 12613
10334 35868
983 23694
6027 36426
18529 22690
35350 39904
34538 37774
18354 40594
4830 10319
1636 18597
9778 16173
13644 19070
23770 35936
31480 38019
16699 17773
12487 21409
24601 29448
26684 41604
1977 28689
5349 33515
9021 26747
13201 38657
8920 40436
1967 3835
23702 28073
1616 2854
2538 43251
28478 34409
5298 38653
10403 31659
474 21723
35783 37692
20363 34492
23035 27795
32744 34015
11624 34216
13983 25302
22696 28329
15545 29650
6123 27624
1112 39915
26537 36831
11145 29263
2233 18479
19895 42725
6278 16423
23901 27909
29666 29821
14127 39761
14468 27222
8883 22245
29409 32639
38295 39758
19080 27465
10505 25146
25391 25938
530 31804
26853 33280
3085 27740
31085 39718
6414 32684
7713 23790
22195 28693
9688 24335
782 33745
25119 41465
24704 38971
29124 38290
23438 31009
1655 5791
12134 22021
12003 25702
21671 24751
4787 15294
8752 30248
16014 42529
5196 20417
3227 35902
4093 15637
18740 26269
19188 43398
4301 22756
18728 27198
28470 28640
15401 35132
5758 37833
8828 27799
29285 37834
8701 20110
15485 21247
5617 29492
1102 26903
15971 36416
37693 38535
3827 30420
38437 43382
3576 13805
37017 39649
25739 36046
32358 35618
640 11007
2508 22043
16325 42017
5074 41523
41299 43198
4393 26078
4928 33592
20802 23376
8935 21630
1865 15935
17168 42679
41788 42608
15723 36472
15277 38829
15993 21249
33728 40146
11861 39366
3530 35687
12754 25620
17152 22928
12197 15903
16801 21193
25463 38972
2988 14924
1516 31215
20649 26702
9406 40813
11773 15575
37365 39958
12184 32822
37602 39147
27998 28779
11372 13696
37775 39075
8630 42285
461 31020
14382 32658
27790 37875
6025 34928
243 20769
22588 34356
27079 27691
2610 34347
12235 32760
16830 39250
34103 34142
5335 37110
8715 11252
7903 9876
19297 33087
19082 28961
24039 30205
1096 11007
26580 29441
7016 16240
2427 21838
23298 32422
7787 32332
16266 31745
23375 40778
4038 13970
1246 4535
5453 31854
3179 20130
18388 34407
39272 42597
26497 28625
13010 20863
10162 20164
590 31965
3850 30134
1858 17342
11220 12901
877 18409
20703 25194
7733 30002
3146 27537
19677 31214
887 14401
12179 15458
4307 18709
12440 23901
16541 34020
10065 30030
5217 19684
780 34691
31472 31579
35009 38916
26559 40241
12305 17260
8774 19537
10696 25174
24179 41862
3755 25551
14386 29343
2572 40255
11992 41646
24327 36098
23384 33485
29621 32009
10525 18876
25789 39276
24910 27788
8940 16042
17407 24520
10266 35389
7750 42599
11379 40665
13998 18092
15228 30561
3406 40831
17331 20711
5547 15250
31886 40614
24319 38839
27954 40103
27216 34704
15522 16671
31607 33093
6703 39821
32754 37391
40090 41485
1337 15926
21556 39941
26721 37916
27082 37141
33725 41271
20550 42641
32947 37971
23438 25211
25229 29611
15979 27877
22000 40332
34284 36539
12175 13780
7010 10143
13920 42910
23418 24744
4833 7397
7071 17212
6778 25069
12001 35292
17555 34540
297 3739
25825 36997
18394 32077
2224 25935
34962 42237
17889 37045
15586 17221
37875 38635
8410 38457
4950 34750
4193 24191
14099 16430
27494 37435
14478 31510
9388 37092
668 38556
8892 43304
12155 27249
9832 29404
28921 42312
21741 33813
26901 37860
31992 41548
10756 12527
2709 9361
12579 26264
751 33306
14726 16713
839 16157
2610 40092
13390 28169
32505 35882
37598 37953
1156 38495
2758 33574
11515 16716
31111 40752
2005 14089
540 2534
21878 35215
8195 25821
7274 33355
18096 41845
31647 38480
5161 22488
4391 11724
11162 27151
2006 35632
7064 43344
9144 10694
11841 13853
12135 40903
14412 19155
10905 26182
2351 10942
21035 38094
2307 22913
14943 16539
481 32290
1135 20248
5634 14198
815 12164
18074 41655
1081 10563
24230 43223
7695 13763
32850 41555
13956 35504
26919 29525
6770 7003
15033 28483
15415 26333
5892 13675
9480 25673
10086 27203
7191 40244
34159 41458
26699 34854
16863 17535
9138 17830
24450 35992
29856 36308
28813 36497
2335 30946
5860 40932
413 20613
12059 36720
22883 31485
29230 36785
14905 27924
11576 12400
3537 19675
4783 15873
12522 25864
16677 25666
18996 26021
1931 37686
11344 31490
24971 29463
10410 17851
17853 18624
15363 30465
22732 32255
8099 19077
4885 10673
24227 25747
19447 32309
22425 31546
835 35016
975 8423
30561 35723
8710 16198
19422 31498
1908 24843
28198 30343
17121 27750
1075 19392
9351 20166
2032 42814
32366 39240
33933 40714
13092 28996
31092 32326
15813 37467
22035 24571
20014 42340
16642 26180
26599 33468
20145 32243
15037 22724
23546 36501
14123 25013
29105 40065
16195 41706
31059 39733
13532 27955
26720 28510
11885 24997
4001 26733
1226 23883
4678 39218
18625 31689
20270 21742
15291 18295
1209 33513
23208 34412
6186 41051
7322 34445
6235 13394
14035 33652
2616 15292
17357 34419
2303 10631
15585 19681
9895 17354
507 30962
10938 14721
9285 32886
6442 8210
11260 27015
23369 29792
6745 30842
17084 17264
5083 19682
994 23883
3087 40891
1479 22612
900 5000
9242 29025
17612 40014
40129 42596
28837 41539
9717 17240
9922 41027
2795 17859
31302 35303
753 19475
16621 28470
2313 26194
7605 31858
4859 33156
33394 42260
6989 31360
9191 30376
32795 43429
21265 34852
5180 20904
38725 38992
4402 13440
3697 7989
23436 24197
2883 36523
6587 40590
31119 40672
22520 23407
29748 30442
11937 21349
23085 41875
1777 16950
36218 41969
18174 19873
5244 15412
1185 6458
3865 10956
1367 37431
16344 41559
18143 19247
32813 42106
337 1638
10463 29084
16820 26212
19299 35150
18789 42218
1595 40449
3937 36092
7646 9012
25269 27668
5164 12800
15950 17661
1451 18069
7046 17318
16300 42391
8277 35647
24928 41338
743 9846
38818 41411
21212 29340
2211 37190
29139 38039
27687 33105
3291 29686
16873 30360
3636 37268
21714 40289
26566 39265
11041 41721
5217 42612
31038 32358
5284 5927
13429 41681
7919 14624
1446 10905
22567 27144
2017 14666
18726 34857
15466 30272
6626 13884
19369 41904
6165 11045
8944 34016
3469 29399
23242 23526
6359 36925
6791 23750
19153 24721
1443 26822
1357 18942
10183 32426
4813 22907
20394 26210
6120 29180
34616 35912
357 40146
17954 18920
6003 12565
26016 27844
4548 35441
20733 42645
11915 34906
8536 23991
5524 5922
390 1598
21441 40665
8161 16200
13089 43279
2201 4930
19841 23001
887 24281
20126 33750
15436 23990
3511 8468
2146 25410
30967 31902
15330 37335
23706 29645
13903 15684
24469 30570
4159 32074
34000 41399
1288 9514
24511 38151
4730 26413
2328 28275
23348 30876
9843 28170
10894 25590
7057 28349
31239 43328
904 35188
3616 21474
13420 17378
40843 40864
16842 18349
9269 24111
22268 28931
12237 22660
16395 29149
6853 19659
26840 40133
9809 12721
11838 41610
3280 3997
5052 8155
14285 38767
12091 30944
8270 23848
25509 34405
24065 39912
3647 40385
5198 20223
11196 14035
13127 39383
18211 38682
17829 41798
24089 25222
366 14729
16833 27281
38766 42644
21535 29696
11358 21910
5401 38487
16781 41643
822 5146
1304 36411
2020 25247
5610 7335
6279 10877
22068 27715
9190 28140
13553 22229
2132 12656
40704 43307
1314 28239
20599 42025
26186 30833
3020 38193
25336 28219
483 6619
1125 41549
15445 37234
26832 28729
2445 14284
33328 39033
33233 38207
343 30933
776 5151
7783 18603
32705 33392
2321 3668
23510 34563
2430 34163
6557 38333
4716 4799
20391 20569
23224 38141
31904 35558
15143 22559
2162 2857
16101 20542
18356 36188
33101 39219
18377 24233
1656 29292
34594 38300
13353 15351
37120 42166
25556 41175
13744 35918
10513 25847
16731 28293
26448 37784
15947 42706
14129 31033
14871 17872
1273 22357
15521 18920
32344 36769
14998 20865
36320 42490
7668 26385
2250 24554
18796 37399
12894 40851
25972 28406
12537 40025
830 8955
15889 33087
14066 15408
4546 5677
35341 37187
1969 31859
39085 42373
26628 37378
5861 22391
3302 41797
4952 7119
2511 21296
938 31119
9727 22844
11373 12368
13710 14992
14683 28559
2766 38784
4899 42167
19265 28428
1064 39337
5495 28457
3708 43424
21526 40856
19391 36646
28646 29110
27498 34201
38227 38528
21887 28003
38564 41331
32760 34738
17759 27580
17521 34582
24726 33497
10001 39978
18646 19681
546 4069
6164 29905
685 5167
12245 20002
5057 34997
10949 24441
871 31186
12395 31058
20542 29732
5963 38482
10172 28721
615 1395
3176 16559
10259 26623
12622 12755
37421 41474
6893 35383
5043 40202
9431 22270
5730 17720
4113 8023
17634 25949
35701 39169
14686 40884
9495 36026
34536 37675
130 27926
12441 17820
506 3330
16127 35079
3441 39646
8596 32207
11974 16102
18124 35383
1762 12267
20705 22906
330 10429
10667 24354
29348 34993
1996 26434
3656 38487
20027 43407
6584 42333
1812 21429
4325 35613
4485 33616
9764 21325
22883 26439
11267 31674
19125 26273
5491 20713
27330 34751
7387 20965
8344 12896
10172 39809
2510 34010
17630 36164
21673 33281
31917 39845
1311 36315
12557 20223
12126 34000
226 38722
14318 32328
769 15552
25553 32851
15723 34972
24048 25839
27607 33689
1872 4302
18662 22203
1737 6329
27374 32175
1905 22909
2327 7326
24062 31372
14067 38344
29466 34059
5585 13558
17057 21376
6309 7173
1188 11190
4605 11063
331 14013
14903 41999
23182 37594
9741 33183
18194 31375
21403 32265
10326 29672
20455 22892
13269 42686
11339 30772
31474 43008
27558 39058
34891 37219
3318 15995
9521 40764
1018 40765
21637 33600
12860 34530
2359 39452
5678 32566
2888 13378
35573 38744
1888 14203
7937 30426
19568 26977
4839 6921
20662 23343
7 2181
12785 13418
2177 25825
40163 41857
19928 24287
8285 9417
9637 10737
11536 20332
21663 26311
28443 33156
3873 36754
40194 40389
3467 36066
5482 26396
5540 39398
8904 37947
9737 17734
24389 41542
2241 36548
11373 22785
10189 17077
13203 32775
24894 35793
13093 24501
14868 25924
6023 16362
704 30752
14975 33900
7777 14464
5548 29086
1388 22524
11912 20969
12270 43308
10517 19952
37744 42560
13063 19532
7129 14401
6207 16829
15852 20590
11110 21220
4884 43042
16331 37032
7464 7709
13747 13748
26755 38279
16096 39609
17605 34497
8427 41499
17464 26156
8930 18176
21009 42244
15642 17747
16715 26068
17490 41340
12587 13537
3989 27264
30948 35340
34451 37431
15315 39983
3395 28777
25010 30483
36477 43391
3505 22721
15762 32566
9485 39339
5212 8734
26345 28208
7612 10963
2531 11935
4494 6239
10987 13808
16559 38737
20176 24900
14255 24138
30261 39513
20929 23417
17484 31884
23388 38304
15226 28018
31602 38200
560 8476
4405 24856
13954 21931
20841 35089
30402 34241
27991 40713
3483 41025
12272 32750
13754 21119
23153 32021
6678 29939
31094 42870
3558 31750
15834 41837
19814 35222
11920 38714
8829 13936
1035 35537
24227 31118
5968 25807
15266 23071
775 33920
3519 35959
22382 29865
6221 43434
23063 42277
12274 20903
34713 36626
2924 32551
18264 39929
11243 24327
15867 42135
6962 21188
7744 10866
2078 4207
12705 27505
29528 38938
2994 8380
22487 35701
9022 27698
10433 26215
12328 37354
8310 41233
35518 36272
24515 26458
23019 38945
40407 40765
12103 13292
14632 17429
4582 15080
25082 26505
4857 7179
6619 42140
15534 18698
6982 29360
12692 39701
14675 15032
3841 40682
34612 37109
15952 41842
2876 28696
11665 14005
9125 10241
6682 42839
15174 19294
1935 36709
26302 28056
22795 41307
24535 28214
9155 19717
19020 28140
7943 29519
33601 38684
5961 25551
20293 29167
11072 39505
12094 27859
3855 11691
7517 37224
8925 22638
35968 36077
3845 20048
27445 38055
18116 36782
32770 34033
19685 35885
4871 24581
19539 39443
3085 42402
5388 26039
1376 11239
20305 26144
18261 23550
3144 13935
3772 22394
30266 38247
22726 42991
13044 20689
7665 22196
6802 42732
17644 21107
19447 25332
21279 27289
12322 14288
2997 3335
27280 31952
5305 18807
9745 27638
6123 28299
7879 42312
33361 39762
4154 42094
13625 16655
26131 36818
14866 33420
11656 17810
12234 15572
28195 35900
36328 37120
10849 11860
14355 15942
25083 39292
21778 29080
1989 42556
16537 21661
19830 23942
3142 29703
23294 34938
13109 16711
36148 42787
12675 23801
15573 38358
5454 5667
11992 42992
10162 25832
27064 37558
11025 26961
5883 11442
14907 16805
29739 41712
3339 31156
1467 29046
16711 29546
10071 29851
22452 35036
15847 31952
18591 20405
25664 29781
17001 17981
6661 40002
13315 33933
1561 3017
21995 34568
10116 38669
11717 13898
17577 25496
3665 28293
13548 29216
8896 15776
25179 25767
5914 15077
7995 32822
36988 42804
908 21296
7277 36743
1192 18611
17225 40505
7620 14451
14923 33903
2190 11297
24839 28328
16205 29566
4843 42265
18765 22628
13811 35453
343 9217
14989 41316
1640 14048
4253 30156
1769 4070
21055 39958
4413 14573
37619 41331
18122 22936
5380 8912
16268 30265
13109 28738
36656 38251
5742 43236
17260 37466
2008 9721
10739 32767
16313 41527
18498 41882
14001 16487
16791 29259
14960 34320
3138 34791
12212 41961
11179 42838
10368 18487
18924 24728
25467 30906
24636 28534
9553 31335
36564 39601
26922 29695
332 35257
21273 26423
2438 28149
26710 29058
5728 20333
1200 2987
2299 37604
4091 19783
7884 25585
28439 42379
13293 35998
16246 25379
30130 43165
13493 18124
21632 37094
42246 42417
11214 35103
16321 22520
34152 39405
24519 38687
28846 35563
7697 26698
28668 43370
12069 18621
4226 33190
17311 33058
1975 37665
7579 25888
8735 35964
12350 21492
5867 19337
13740 29520
5886 13163
11011 22851
29170 29244
22807 25131
2734 41100
35169 36490
6356 40439
22349 28225
16923 21807
9703 17107
38144 41845
2232 11842
1298 36110
23037 41808
4055 14999
15312 25861
962 31465
20977 34739
34101 42449
13027 15476
4794 8922
11596 30078
9940 42310
4158 16817
38226 41096
16351 25149
28847 33290
7197 31047
3422 34684
5914 16500
16013 33263
12928 26959
18179 30370
6677 26093
4166 37811
3436 11170
31287 35103
38811 40968
6111 14570
36280 36758
7892 39193
8073 35067
28728 43397
30559 31920
1900 10672
24091 41377
33630 34354
7805 8457
15091 21324
14034 32195
32848 40734
8947 9967
1687 10564
12490 14840
20869 21219
14769 28628
1646 16390
26117 29028
5749 24138
22172 23586
10120 10763
12345 25978
29168 41575
70 30079
3280 5530
9560 15270
15914 40208
6903 39214
15002 36908
10613 26322
21302 33502
4433 8892
3927 41743
8356 26064
17060 42591
11868 17129
28954 41242
35432 38889
1340 8362
223 12012
27670 42308
13605 22232
939 42727
21328 35854
35075 42789
8625 33836
24101 42041
7867 20423
30714 34251
21985 40325
6616 21629
7795 41488
14567 41302
15745 22844
15765 28192
2979 10678
1591 15528
11422 21923
6537 31135
16917 30390
1879 38626
3782 33633
4961 30861
14241 38099
11215 20132
13038 29705
33741 43179
1363 9662
4769 14072
30900 41207
11237 42522
8058 28477
4817 13554
6976 22322
32046 36043
20234 34950
28704 38973
28948 41585
4969 10161
26938 35569
8989 28986
23262 43349
13441 41614
12213 16386
4356 31811
28583 41837
1993 43427
34949 36799
14020 27146
14032 22053
1364 11176
7875 33846
13586 28382
31725 43168
16734 30282
12735 35157
16286 38228
25496 39809
6030 23733
2356 7265
2322 28592
7852 12170
23286 31261
9074 35109
10588 34505
2822 13831
23100 32791
4215 32710
1736 42431
4543 23127
278 14297
21485 29556
4142 20339
27355 37146
5188 17415
8789 23047
2413 10401
965 20862
8833 24285
35186 39721
24328 26124
17844 39774
12435 30327
822 7752
7972 19792
13569 23840
33516 43195
9263 29504
1647 9555
9688 24018
15128 36750
3703 42519
5298 39625
8549 10913
14615 26551
33064 38375
25296 27454
21302 34925
1661 2256
27733 34446
1204 25200
17597 24217
4009 37314
5957 26614
25402 42375
19824 32153
21825 38083
2002 41395
357 7773
17178 22543
5718 6626
26310 35545
10105 41460
23593 31919
13770 39937
19651 33164
18214 33426
2160 8211
14447 35426
11914 36051
3704 24785
14595 31160
18442 33061
13816 18590
16768 43209
25182 31647
5467 36936
22580 36831
15810 22568
38684 39909
19533 26877
36282 37607
31979 39627
5085 25530
3312 32259
7629 34863
12647 14883
7655 23252
26063 30349
35610 37931
9837 33135
23622 38110
891 41426
3423 13781
30179 34360
13849 28687
13254 27346
28621 42963
1948 21695
12579 29651
2731 41554
29254 31764
22284 23075
29212 36234
19806 28325
5746 18981
11119 19349
24566 34882
36976 38553
11835 31570
25216 29514
15397 18026
17057 29325
36671 38671
14261 21434
11166 18414
19954 32360
16941 38764
15809 30802
8390 20035
7931 17269
7685 14584
42902 43042
4859 26476
24184 31555
4869 25474
24073 42304
32977 36231
2683 38480
15418 37747
39623 41598
27742 30320
19733 24440
20120 25640
13232 32259
13309 38141
30389 38088
21965 32720
14338 23724
34700 40123
6659 11340
16029 17340
18086 31281
4306 30622
8803 43185
9352 37011
2915 42371
18984 26015
3723 19684
33390 39968
3783 22179
11831 28953
22032 34881
13324 31444
11435 30673
19303 36348
16435 32553
6018 38112
27441 35468
30025 39504
32540 43181
8075 11140
10204 30811
6993 42892
28734 33175
30626 41599
11095 11542
4373 4867
5362 8387
19319 41927
2015 10973
37096 38604
13001 39277
797 34728
20021 36749
19539 34531
26148 26999
27839 30229
10572 41945
4400 13079
3975 4979
11703 16501
15344 41157
6065 41691
11921 17892
2472 43090
10422 17276
18584 27370
39717 40428
20167 20709
23998 32465
15399 21616
13164 20208
77 23677
26066 35453
33837 37223
12304 41981
12924 24693
18221 34865
10027 33901
6010 26893
5879 26410
9461 22378
5206 25378
32943 34502
36504 39981
2476 37732
21005 36488
3850 20152
32889 35205
26566 34463
38675 42158
32465 39573
26831 27564
16157 26142
12109 37726
8930 23681
305 8201
1371 32347
14458 17544
26038 31311
2180 39841
25843 37451
20356 36981
1589 8074
26715 41352
7584 23280
18356 36379
28070 29357
2008 40488
23655 23966
16041 30481
42191 42360
16560 35018
26286 33483
13941 31927
11759 34287
32478 41124
15627 17817
39891 43186
2911 23673
8335 42288
16860 18691
12518 24890
14416 14635
21654 36910
6733 36097
952 23072
36372 41501
21200 43321
4972 33037
24151 36039
2059 23807
17062 40490
2741 15533
39417 40270
10152 36016
3691 33812
25859 36240
25695 39027
5864 36816
18402 29153
34716 40709
1194 3357
18393 40933
23434 42814
1158 1448
13931 37224
19698 39963
16137 35450
24086 27693
11436 35889
34966 38605
30990 33850
14764 24393
10215 21254
4970 29177
1917 13551
27386 27920
4664 33042
9774 31310
19399 28969
15858 26586
18110 32135
21294 40108
22728 27497
16147 17829
1120 9450
27433 29429
19670 34158
19744 25971
19831 41431
5922 33946
797 17842
19889 40847
14674 41065
8119 31120
27821 31231
35163 35362
19933 30596
28500 31519
14837 27473
6443 13646
17745 19555
10171 22271
24757 37323
26283 32380
1422 37492
9580 21803
36468 37775
23954 38662
35375 41819
29739 29929
3867 28160
3938 43087
28432 33455
12969 40761
12233 28827
19998 22481
4706 6449
27093 32370
32323 33184
33777 36501
2971 15190
14603 27427
7357 40754
22658 41788
18992 25181
36593 37662
7861 40287
15055 20354
15578 20129
34567 41501
4072 20806
1372 33591
20298 38399
16787 18697
7252 40179
10901 41341
8929 41067
3496 31226
18445 42920
753 19963
3911 37103
27228 29912
1048 20820
5894 41673
35209 38874
26751 29758
11723 36430
8030 43075
1072 6884
1874 39063
26941 40435
14877 27787
2240 12059
1604 22206
428 42245
3265 37113
1029 15293
24970 31149
9728 14480
9031 15306
12420 22745
7156 34590
32765 33313
14303 36533
16750 33690
12173 31913
1890 10899
12983 34936
3872 10171
13794 14964
3753 8005
20397 28555
17078 21855
703 32277
28855 37479
72 34100
14642 28270
8072 35730
10713 40300
30345 33256
16200 38326
5092 26998
16257 21864
11902 22940
35339 43427
17545 38475
14273 19513
7160 23570
6208 29539
16428 31545
26242 28137
13499 40306
26983 35719
26340 26982
2230 11125
4365 13837
9579 34894
10337 12844
19130 33358
19572 33703
10595 29849
7185 25505
2504 7163
8122 32999
17909 23072
14684 40173
28431 34276
15709 32208
38845 42941
17817 23483
15189 38588
6563 10640
1672 40783
14466 38001
6080 21783
17657 42449
7644 20542
20393 26877
15007 40045
10040 38113
7483 34180
14313 38136
19449 30455
5016 5819
12303 34372
31066 31080
25732 27634
7204 38902
9387 10349
5307 14104
3095 40973
36899 39542
23024 42221
6135 28256
23223 43370
19610 32251
5374 31541
16503 24498
16384 26496
18633 21948
3437 12040
7213 32225
21705 37816
5992 17590
5581 15804
6847 15660
2769 11352
18322 40745
26964 41088
9254 43189
27864 36649
14551 15454
25543 29051
11195 32072
5227 14525
20907 41219
35585 43028
1342 5916
19623 38313
25986 30560
23871 42278
10657 27478
16425 40241
23507 34619
2076 19652
12382 27848
13808 31561
5408 28277
28734 31028
6392 29201
19000 20779
19452 32954
3494 13863
17007 18150
17328 21174
25641 33881
14322 19889
4451 9177
827 15427
39871 41192
25506 37628
23576 25714
9412 30542
1586 3401
25385 33137
5103 29519
10926 17106
14495 36032
3215 38018
27850 38979
2992 23451
33896 41133
22729 42996
5026 33436
7723 12274
7857 12274
8166 22643
5924 15338
8853 42040
248 12717
19281 40023
733 13698
16611 25855
4568 8422
9888 41209
9653 13985
2747 43218
20915 29163
20409 37693
1758 26674
10079 22495
1793 14617
10258 18296
8976 16217
29906 32134
8980 42000
32741 33537
16354 34308
5865 41711
35423 38670
2145 41837
881 23368
14471 40899
25942 35283
35333 35744
28991 38924
10077 12973
9557 25015
20002 35999
19033 42553
24735 33563
19713 29480
16974 21369
31915 33202
15020 33944
32802 38135
8804 23465
1712 13847
4438 35494
120 21176
14538 30228
7962 19214
4530 6975
11057 25452
13562 29195
21017 21869
3588 34011
10417 17363
3028 27938
12544 40179
6768 35634
5201 24526
1484 34749
3660 36516
597 41113
1013 9500
8951 26494
13292 19104
18477 39423
10940 16357
7459 11581
23347 41422
1167 10906
32041 42709
774 21003
4345 8511
33899 41915
11333 16059
13958 26512
11805 18498
31111 33161
15031 25973
4633 31774
757 22527
31012 42981
7862 25934
11035 17533
40311 42133
10306 31653
877 34872
16701 29265
15435 17139
3598 5436
15641 23623
1562 38358
6521 34013
19524 22737
13153 41926
21743 25894
25915 31527
2308 8377
8136 31771
320 15706
15016 39786
8691 42381
12879 34749
35876 37968
2816 28031
5311 9364
38964 41537
9628 37043
14601 28432
10681 35852
3404 42696
3732 25788
26385 29197
4857 19747
24488 34170
11805 42418
18256 33546
30919 37663
7858 36903
2551 8485
5486 17474
5849 17526
17758 38931
26101 35265
32940 36109
7510 26771
9827 36879
3298 12849
535 4906
22669 32825
4338 25194
6556 25497
7953 28280
12147 40088
6155 12321
4080 14578
7846 19523
8447 43310
10189 20464
5280 28336
22272 36572
442 12262
19849 33393
13757 24670
35927 37502
40373 42960
6484 14482
13637 36619
23580 40037
7879 11712
11949 37070
25420 35439
17409 42318
19331 33403
16252 20528
5701 20637
160 30484
2746 24013
25650 31205
149 40683
28299 36390
10326 29221
18137 33608
726 6729
15212 34197
7249 31668
239 40576
21046 22882
132 31819
14242 40526
17074 38248
8975 42274
28818 37894
5390 16961
12798 30757
2908 27165
5726 24235
29356 36257
30622 32141
21862 38902
23774 28545
23722 36491
4298 9529
30494 32895
5309 16218
15617 39736
2550 9148
8610 41745
19426 19653
16002 17855
6499 22845
16650 25246
11770 34048
22778 41762
18259 19052
616 22375
24402 37354
28557 37156
6916 18969
35862 37241
19021 35590
14439 27053
24392 41547
24065 34736
8673 27922
13616 33432
30565 36868
18179 28333
12773 25573
13087 13840
28 7279
18635 32521
18660 42377
19918 33482
20579 26583
14469 30086
25771 31831
18349 19103
5656 9859
2419 20719
5438 37515
18656 23949
2188 23038
4107 11408
8999 38830
1270 40669
32113 33000
9514 17776
11308 28109
28402 31926
1831 27904
7330 14613
11921 36445
26573 41005
2185 10874
14369 26822
29993 30761
16345 43053
20129 27636
11204 36804
6797 11117
5284 25155
25638 27141
4741 4756
8175 41951
24722 29357
9692 35202
8526 28410
12088 14866
13572 30635
7310 40160
6303 14931
17117 42751
18301 42043
1187 25708
25620 40306
19658 37291
11723 23224
23825 36164
1560 3066
3259 20709
11645 24095
21760 23833
12051 18367
12421 17146
20792 35685
12538 14513
4736 29645
41070 41813
9400 25352
9367 29376
15309 42504
3349 10022
5701 10517
27804 28543
37523 42833
34144 36836
14755 30806
7354 42310
11376 19891
11384 23916
22428 37703
15734 16080
4255 37828
5175 12164
1572 2487
8240 26861
29853 38836
4871 21552
19117 26922
9951 29023
8171 37055
28548 30165
8562 30295
33888 41727
11252 41897
30337 31486
9874 36912
11912 12142
27002 31423
10431 37769
6536 10722
38066 40200
4218 13975
8450 30993
21036 28474
5863 41181
14166 15485
41446 43389
25749 41601
9721 17607
22575 25456
17569 32429
17918 36747
14567 19212
38267 38389
11735 18080
23313 41600
31818 39982
15373 18329
2299 2600
5959 23334
24854 36211
25335 42900
314 20026
12683 21976
27300 42757
28775 32399
30829 33237
22147 31775
4553 18021
15987 19885
8184 24993
8342 19917
12247 38792
4256 9140
7674 10369
12683 35158
21026 30738
3178 10274
18332 18428
5286 33040
12742 14827
9606 39325
8298 31107
26808 33785
23267 28958
3571 41467
7279 29438
1816 5233
9506 15709
13595 26757
4159 35221
16010 39652
3591 22871
36613 40652
3473 34893
10453 40106
12973 15110
14369 35950
995 2236
14841 19730
26208 32450
16437 26106
20642 31687
4024 6888
16358 18643
4276 19941
15407 20141
10711 20924
18191 37040
30239 30496
4884 5302
28774 36846
18158 34648
16023 30438
25271 28339
28796 41331
16432 29145
3970 23806
14526 15373
21373 33828
18254 19834
5 33927
31362 35147
9174 14539
18468 21483
15820 19906
37675 37830
402 5455
621 28948
7563 37841
23558 32116
6032 30362
4843 28282
20968 24101
18004 36251
16259 43338
7419 33366
25459 40067
17963 23418
19852 24943
13274 29344
33342 40358
21716 38489
16826 40187
18230 33561
17777 42661
8813 35851
7539 16694
20946 43186
37295 38713
11447 24698
7962 11135
5667 42665
5453 9902
9944 41144
24351 25494
26028 36962
2842 24422
5186 35387
17325 32179
26712 37594
11755 29954
26715 28443
20481 39824
15586 33042
1872 40550
25952 28457
4687 32441
9616 38053
26992 30414
11619 27814
8925 14750
16732 24845
2865 3064
1722 22297
30167 41307
75 19339
4103 17114
21041 42083
13918 27702
6261 39243
10367 18215
11953 23903
84 23774
4366 36183
1937 23390
3245 9886
34221 37270
10309 23872
11887 25535
13753 42352
18607 25159
426 27675
2663 8218
2172 17780
10733 27583
15888 31286
7619 25267
1801 4281
16395 26364
9002 21736
45 8735
28092 35054
7515 11331
10188 26736
15649 36373
31810 38265
4587 30116
1407 30930
26197 32960
21255 37474
14118 36973
14772 33067
171 26752
11685 25936
36225 40623
19581 20827
20866 23369
4181 38473
5536 10263
16877 38566
26204 26934
24471 39508
11889 23487
13354 43178
20030 43284
8816 16254
18668 22028
11853 14408
27669 38519
11331 22405
14675 38769
12349 26855
4029 12977
35666 39878
15107 25594
7700 14652
1436 36182
1680 42958
14423 28345
20767 23548
12428 43363
11256 13371
30546 34671
24992 35423
6823 30594
6436 29394
10716 30396
17832 37190
18692 38048
2909 7469
3848 15790
11669 32199
4251 12797
26763 32940
4692 20087
5566 10263
20742 34980
16547 42195
1584 24941
8280 30395
1087 17719
33840 43189
6143 21386
15696 19923
4487 24004
2300 23830
14138 17222
3096 39725
6249 14642
22726 27882
24889 37523
20825 37085
3420 26990
4603 41333
4554 20503
5501 42483
4412 38355
10073 16532
8455 35472
33367 35021
2729 26318
8932 13180
14626 39792
39667 42195
28793 34481
30252 38142
4454 32350
8290 32372
8441 11630
16452 40214
7408 41554
26921 36508
7629 15135
27192 41697
11413 29519
6251 28809
11126 16657
21741 26332
9007 29919
3784 19696
8139 42941
17023 37936
720 5601
6100 35995
3087 40147
13407 32935
6509 34702
11786 35362
15107 29111
2262 41727
15759 20406
39531 41903
2236 38062
5682 39619
7719 41042
3351 31333
28395 36663
12836 26703
36736 38586
34344 34720
9169 29873
5146 30190
15552 24250
14354 24528
16199 40276
12127 29397
17667 32911
11788 17099
33480 37503
20628 23873
24746 39823
10607 23016
11046 14018
2390 10771
9947 39939
5530 12810
4133 10027
4997 24590
17442 20900
17481 26490
36990 37540
5333 43006
15517 38377
35243 41548
10837 26861
11268 39879
7207 42156
27228 29969
11230 29007
1671 13686
8107 35273
1667 21114
17300 20443
28356 29329
29935 40262
15579 20946
19625 41746
19772 28210
1868 10258
30585 33174
559 3158
10188 20938
230 14768
25459 36847
31555 38364
28514 36304
12419 12778
7814 20095
794 20179
6221 10984
3856 28943
34444 35085
32861 33832
6147 40082
10389 19881
22801 27385
24287 37565
34035 42959
13483 40234
3039 25688
9690 40259
704 28772
273 42549
16807 18416
5697 23257
13206 19954
333 5447
33483 43385
25889 33583
5138 31372
31367 39602
3694 22357
18455 19505
849 38171
25351 41986
7428 40596
3708 39968
6443 15126
16176 28348
30473 39133
36820 37263
11217 17417
925 38166
14627 17065
3584 23128
36165 39254
7788 21102
6890 17508
10314 12890
1676 25498
5347 39251
7917 8680
18370 34077
7577 28237
2818 16428
19587 41588
16566 23965
3331 32639
12514 19565
4864 32839
3068 10537
7943 32882
6199 21158
39731 40704
1175 22075
6614 14203
16297 25618
20142 37272
64 4602
6316 19464
2232 40251
3689 7622
27384 29653
30670 37179
33849 38392
15960 31860
21438 34496
14109 24965
9374 16186
11245 37319
1291 6193
4304 37696
19576 31384
5885 36624
118 21053
31018 41245
35958 36658
6734 32405
4709 30053
11889 21556
11687 32187
757 13806
29930 37527
25912 37434
9418 11947
4227 17477
23558 35580
2598 29620
4655 5092
13079 33845
11567 22444
3862 28841
7414 38930
24496 33096
9490 15206
16208 28555
10245 11352
2724 20310
10606 11331
6320 12012
10878 41066
15750 25233
19894 35234
15572 26624
35470 38947
119 31612
30614 41727
11810 21798
15143 25198
2871 28816
25427 34544
13783 16820
8635 12598
2036 29708
4390 19696
14003 19038
21598 42082
1492 24360
2763 37392
31271 39223
6010 15354
922 17599
1762 2529
14174 34354
9336 28860
9033 35275
6962 15020
4785 19444
27845 39981
3198 27117
550 25540
5165 17221
2561 32158
40795 41876
29238 38858
24959 37300
19026 37467
23419 23851
32489 35975
23642 36166
3450 19232
10558 12579
12357 16840
5309 31872
21174 33244
24501 32635
7108 28027
5319 18038
23059 37279
25174 29725
16469 38637
7392 8538
6346 8456
6416 24501
386 8520
16041 22914
7606 23019
7095 15899
40313 41728
8077 22412
29770 34464
3413 7649
10052 22957
26245 40602
8077 9580
20479 40717
2577 19428
15804 42569
14333 41557
13634 41556
16008 33704
27377 36671
1637 2776
23657 36043
4339 19865
4871 8614
30408 32536
4995 37697
4337 16786
2605 3167
23787 26475
7741 24533
16086 40161
8820 36806
8003 21500
2855 16524
39917 40573
4877 6335
24342 27636
15351 15805
11464 16949
9389 12790
24637 39827
761 32502
9460 40549
15265 37164
8845 41185
15420 27653
35476 37152
9771 25135
21467 43049
19703 39506
10146 28984
10927 15963
30683 42166
7962 19405
2777 29823
28405 29542
11016 40329
13898 37414
10752 12175
23139 34144
18605 41893
815 20845
12291 13321
4586 19718
29836 40954
34697 35320
28747 36072
643 38266
9379 24503
3469 13542
8406 20735
11398 13454
9137 13077
7404 18481
4778 23079
8684 13509
36724 38657
34831 42840
3837 28648
34538 41275
11935 24397
8095 21223
18250 40739
6251 29240
10821 30038
5166 12988
4352 6059
4233 12783
17756 31344
11251 16036
20075 42279
1081 5257
16155 36867
17432 28214
1030 10395
15860 34475
12383 31353
7925 27578
1149 30274
10234 14413
12826 28890
25236 41983
15523 41471
13920 31672
14383 20816
4453 32155
12436 29644
5209 5306
752 21189
3812 25154
732 38472
22599 26420
11648 42625
12235 29361
6741 34328
8057 42407
1041 26395
2254 23207
24765 40496
21234 42773
11524 24839
2353 26596
17599 31895
16840 25427
13095 40018
22264 41598
7650 18082
4589 9920
1476 16874
7475 33542
8416 35520
14089 19184
29019 41216
6463 26628
22108 27472
32133 42034
6099 41627
16296 21018
10915 34530
28640 29519
6973 22943
9087 37418
4513 7831
26485 39926
13004 37806
31725 43148
7351 17641
27678 40435
37189 41190
14520 41220
2782 11783
8272 14988
31471 36623
7874 15881
29592 30124
3423 35908
13430 30451
18704 24986
39682 40385
12258 29506
14741 18938
20878 30844
17189 21393
6465 11748
12531 33802
2911 33289
28809 29863
12552 39752
17730 24191
9471 26804
32619 32636
2033 13543
4753 25576
9003 11652
2592 8811
18262 24237
12618 26227
18285 38184
12757 33741
1724 7311
2088 17387
3747 13000
2447 19949
18009 33590
25072 34142
8842 30393
6864 6919
14141 34784
486 35517
5192 32978
80 21997
33656 43370
4803 8293
22854 35532
34359 39326
3559 39717
14790 41996
23550 28819
19281 27195
26459 38839
266 40065
2802 7466
15376 38121
6005 19653
14091 26911
8063 40612
26191 39024
9055 16514
10238 33109
16726 27502
30077 42573
33947 41425
15541 19125
23951 27069
21351 22500
7822 25624
11677 40440
4643 40626
8870 11257
18534 19424
9017 20544
11804 23219
518 36502
2730 9633
14312 34615
4004 19176
18997 27035
24088 24307
29407 41408
7870 19629
6310 33821
7132 38359
21644 21971
12446 23625
12289 12307
16636 32281
16167 18247
1885 37541
5809 39662
7922 37697
1048 36852
35583 40595
8175 19861
13887 26865
31789 37766
255 18722
13530 30011
15218 27116
520 23342
1648 33814
639 3786
18416 38370
19714 24178
15394 19613
5874 17052
32874 35517
19932 25569
4334 10019
1900 27619
14643 21142
14479 28847
5155 33580
3636 17036
32947 35995
38998 42465
17233 29130
12408 38393
16119 32297
33149 41579
21891 39352
3566 21932
13944 30940
1560 13406
27292 40078
23766 42699
3846 17785
17901 20369
17508 40854
9545 38325
29442 34208
14106 39569
4539 6637
5678 42373
25165 32696
5586 11293
27298 40243
32183 35949
18825 19707
5897 11909
31625 37119
5823 12926
231 10942
30950 39424
6825 18563
11973 12959
35153 40960
15530 43394
12213 28661
32443 36061
850 29646
11191 12923
1607 18483
7204 25537
890 3381
28414 37307
10775 14176
10511 26935
24535 34370
12916 13478
9170 18799
16375 41126
3885 4692
16133 19147
474 14433
2172 12226
19684 22972
17937 35086
4749 32087
25156 42567
1354 23113
1566 9972
25706 40001
16715 17782
25690 43440
12420 19663
27777 41008
22837 39179
18448 35009
18111 29008
12442 21142
3912 37979
14680 30957
13042 18663
2532 42747
9746 33080
25800 43019
13418 18950
19563 35635
4066 26553
9532 22948
22543 22867
1461 12780
9674 27727
18406 29306
6827 11977
25713 26246
19875 27239
27652 33550
2213 17488
8309 19005
16395 28515
4353 24516
16668 33777
22420 31320
23844 40622
4794 34058
32810 32983
19966 20160
22122 22995
9423 41098
30221 40846
4557 33556
19528 34486
1562 17154
20773 41571
31779 42042
15170 37708
36302 36578
18219 30769
4048 34618
4973 43041
38691 39392
3630 22027
8561 17132
21532 26320
2820 39191
1917 19947
26980 30245
4223 7265
28626 42400
6455 27623
29519 32818
581 22543
4905 19902
3333 35023
21201 38234
3264 37138
201 35319
7166 32330
22 41238
2765 16257
17784 22331
14079 31625
3589 19178
460 34267
9044 26526
870 14917
23496 39134
11397 20049
2601 31317
32633 37958
4896 28834
1793 42892
5998 42057
4123 24188
31978 39195
1549 8008
10568 19443
40104 40964
3250 17618
14780 42410
22032 35479
3876 41435
19524 29775
25334 33150
28749 31563
21856 41669
29284 40656
12814 36666
20187 25366
27518 33280
11602 11971
5232 12137
11191 38266
17250 23686
30117 35904
11043 32918
4142 20616
25105 30065
7580 8534
31178 36294
16051 33161
7636 18457
11072 19326
7443 30894
8096 41073
1229 42153
23592 32025
16825 26139
6200 26299
794 22785
12373 33698
28264 37981
28987 29708
33487 35372
11768 43158
38413 41467
24330 30419
5440 26022
14817 20169
23182 30060
10768 28899
3125 29758
22772 23746
30595 38538
20845 26655
20556 22580
2080 29120
42064 43429
758 34058
3078 8220
27 16052
34971 41722
4719 13615
10419 21548
25726 41086
21063 31429
6845 7913
15717 32884
8566 36649
5962 9515
4262 10895
23136 30065
1636 16247
12505 22863
8582 21876
14065 15996
18840 38137
9028 21404
11901 16683
34801 39217
19679 30012
18122 22810
17038 18272
33668 34228
26605 29512
35145 42410
10136 13881
7454 31941
12697 20939
1084 36271
34573 35768
14040 29121
6389 14813
8883 35171
4391 21454
11858 19615
25310 41908
661 7306
9853 27529
24002 40136
37508 41724
39865 42371
9849 14763
6553 42012
2270 16546
9226 18921
12530 37732
23825 43068
30151 43327
31151 40058
34819 40496
18303 36161
25278 27444
13120 38546
21293 32025
10342 18429
19504 22036
5074 38234
8985 39396
15933 27358
5728 30356
480 28936
8556 37004
33706 33715
15574 40257
22152 33412
10006 41865
16144 21162
1586 30789
17068 42192
8812 19439
12023 42821
27261 31263
18375 42049
4624 8577
11623 18004
9271 11093
27059 35478
10107 15529
31384 42107
21714 42985
32905 36820
7183 14808
13277 26078
18736 23746
19735 38534
15252 25869
11782 38413
40725 42424
9795 23521
39204 39605
7021 29941
36948 37320
7100 24572
2179 22793
8828 36537
38062 43198
2185 23739
5246 25485
20084 22099
152 39993
6533 8660
14632 40097
8108 24547
12660 40789
2968 34738
29196 42558
3425 40841
4603 12961
34667 43269
8691 17957
32038 38524
11952 32566
29084 32703
1136 42580
19648 34751
22829 30375
32822 40326
20496 27678
25058 43110
9274 23418
35402 40456
13989 41344
1389 40959
29443 30542
21518 28305
4059 34189
5543 9799
19274 25091
29793 36024
322 8482
17558 29910
1550 17872
4369 42716
14620 39871
21853 36108
29470 38000
29921 34489
6820 29412
5921 6160
26229 39292
6207 39765
32184 32468
28149 31270
18407 29074
15941 35839
17462 36214
4852 30977
12221 35965
17474 36039
10196 27197
24709 32911
3601 28211
4708 11041
14564 34462
777 28660
13558 18503
9927 19610
7724 35645
5616 41926
39262 39909
15144 17775
7982 31739
7828 12613
3892 25916
10646 21017
9686 40866
1013 34794
9911 43428
5392 20718
22757 40836
19419 37092
22697 23789
7819 27022
20971 23948
14794 23031
2597 13237
16462 30973
27747 41439
6835 40623
1256 24349
17026 36973
1053 15884
39808 43236
2805 39015
17266 24382
10552 11152
24485 32055
14354 26142
32655 33342
35229 38942
14212 40022
29298 37492
23725 35750
22097 32280
15412 41510
10130 30118
7178 19270
21726 40446
8894 36328
31137 33423
458 18303
6514 25117
4409 41495
34559 36114
5392 28423
28743 36866
1701 27035
20668 42232
8649 14805
9921 37299
21788 35847
1409 39466
21741 27141
13144 14675
20416 34814
12022 14571
887 2386
6389 39351
14539 16631
7409 14857
6227 41275
7446 26790
15904 29490
37552 39796
26201 37378
1395 7488
17559 23449
13066 33451
13559 14890
12578 15203
674 34523
11503 40020
14454 31984
11754 37387
4050 17591
3268 17555
14745 25717
4013 4877
8382 39162
3992 7972
294 12021
389 33758
1102 16661
38410 40177
12060 41227
3725 11765
6274 35994
16751 20098
2190 19628
19140 42914
19469 27140
5684 22165
18486 40404
13758 27908
15578 30794
5807 18034
4873 26272
17590 17608
1944 42203
6858 29225
24879 31712
2836 3157
10547 11292
21035 22912
4655 25820
33704 41561
8148 35302
29588 36237
13246 31301
16008 21868
7560 17604
33414 34817
38689 41820
4983 37370
2786 27364
15926 22967
1914 34982
26945 35943
20704 35765
24236 42758
2554 24762
17529 35425
946 31558
8429 27034
16888 41256
13855 33452
7740 29441
11231 30017
14029 15323
7495 19996
8176 19391
24936 28058
7073 22747
38135 41769
4709 14513
34534 36137
29608 41184
11482 30767
31380 43090
17714 24975
15161 17808
20876 30745
9155 41848
20922 35062
27051 32555
19215 42633
12102 28940
12700 43384
22093 38256
23709 29069
21555 24617
8199 40693
20620 36417
31794 43080
1575 4533
27038 36642
24455 42630
2194 10432
27934 37719
29689 40210
16888 27269
5767 32150
34714 39114
24905 32478
4262 23219
194 32461
16279 28881
12432 41475
7266 25370
14810 36775
28977 41852
29304 39995
22532 33765
29500 33491
557 27036
7884 36494
10954 26460
18610 38106
36717 42057
23354 25471
8214 38126
1031 19722
18765 22933
17449 18826
5135 8447
8971 29437
1360 37159
23003 36733
13412 35460
9549 24166
25307 41691
1988 37667
29947 43228
6605 17343
26167 36133
11136 39124
1254 11284
34406 39469
20990 21559
23181 30914
445 3009
6916 37392
1566 5894
14080 34054
4967 7708
25936 36385
30502 37973
26101 42868
29339 34862
18742 26490
35028 40162
346 12048
1940 28177
28285 36582
18820 33728
25107 27643
27178 41482
18861 37701
17096 24134
29979 36885
24754 26027
7570 40252
3205 43084
17861 28138
6303 9434
9847 17750
42516 42583
30204 30587
4808 39327
35864 37401
16790 34415
26540 39882
2041 23506
6728 16753
8631 21394
39865 40708
11311 25892
25727 40533
14468 26592
22850 34932
24636 32572
11014 39669
29899 37306
4304 27901
30023 33400
22020 36168
19138 36639
7300 36577
2520 9396
20650 35208
34888 35055
12595 15185
1306 24225
7797 30967
2484 28398
5569 27532
8860 32184
13996 18087
4405 29646
31720 40767
20733 28268
38678 39805
21679 28146
686 36790
10460 42651
2236 35651
7848 40731
32242 43323
22127 36415
5168 17739
29146 43276
26230 27167
11044 26837
29163 40247
32225 40121
7504 37696
16909 23503
9168 27991
9039 25137
14546 32675
23103 26494
13092 26325
1560 9596
18789 25881
1178 40039
25573 27018
4769 31397
32494 35034
3643 8920
1004 40640
10903 16402
12484 21746
25286 29405
29592 42208
9021 39433
10756 21078
10809 27320
27020 28575
102 16336
30739 31230
31155 41496
21159 25420
7972 28473
19194 28037
10918 20847
12800 16475
21600 39880
10999 40434
28991 41429
23446 31155
37929 41356
34337 37530
11055 11696
27551 29150
2554 39851
16353 27728
34042 35892
1057 27038
14985 34765
28653 35957
13080 32515
15375 32476
23803 27228
36711 37003
36150 43382
8921 20139
27919 30485
19034 19804
15128 27122
19930 30707
10976 31001
7608 9887
16157 21373
21082 40075
9085 22987
3469 16445
30856 39520
28717 40264
2784 9172
7808 12392
14452 19376
8619 20713
3865 26244
2107 4988
18874 42153
35290 36458
16496 34021
22544 27388
22170 31119
24401 42207
20706 22418
33671 38177
9139 42067
705 34291
35854 39425
5231 36480
21064 27761
4202 35813
12257 39594
4895 12587
4010 26194
3006 38389
25952 30531
30317 34115
25570 30237
1594 21742
17751 38976
21863 42868
13542 39877
30875 35574
23060 31977
6310 36106
28192 40392
9231 13898
3393 14891
12975 39995
3611 4204
19800 37191
2343 32568
16429 27857
32449 36714
19677 35845
14493 35376
8175 28562
12461 21465
7638 20975
11570 12626
21254 32557
6166 38986
5161 35495
28289 31815
287 23174
23457 39907
27328 39950
33575 43326
6512 43006
31113 32305
23938 35484
30481 33526
15356 21606
18571 31898
15009 39026
32884 43408
7655 8497
30924 41451
5151 18942
9500 25965
19340 21526
8442 20396
14088 29032
11233 36776
12641 18026
14329 19295
14284 17832
6343 21478
1522 25787
21007 31525
11698 42208
12545 15285
20562 32572
6486 26667
33245 40539
11175 30540
509 37115
38396 40336
6136 27042
12976 37348
22276 32029
4861 12356
35154 36300
2545 22098
16438 26606
24868 35926
2160 3039
5448 28331
7210 31801
37698 40937
20527 35210
7472 18969
11724 41335
5744 24717
10657 36212
25455 43041
14638 36615
13136 36290
7637 26361
24423 25861
15413 32447
23494 41613
17227 19303
7846 24256
7024 35933
34462 37096
5499 6577
12528 26204
27987 32550
13210 43005
8759 37957
20428 34800
8410 27223
27883 33890
2006 29525
7237 39609
20581 22210
5661 30667
10637 21573
16836 27941
12624 21189
10687 14520
19330 41883
7711 34769
9069 27044
7362 23281
8460 17137
35024 42619
3766 5915
13542 41650
7357 32736
4884 38330
13694 24516
1128 25213
21305 30535
2450 5191
2988 23556
6483 8036
2601 11776
23357 26574
33524 33672
23807 42086
23747 39591
25363 30404
1490 16934
2543 9327
5700 6809
22268 40381
15331 25416
3277 18182
22729 27944
10890 18612
13581 14409
8946 10964
2161 24686
35044 37959
120 32943
16201 18102
4233 9888
41616 42623
33894 39217
25506 35758
3154 39659
35812 43200
25050 32509
9627 30546
14799 24774
5138 22008
5315 19426
30736 31684
13057 39514
9198 24956
22707 41367
6823 21259
1439 28838
4863 23466
10658 25809
33534 39621
26657 36041
1079 38883
1846 7305
76 26605
4608 22193
14798 16443
31387 36340
24704 26395
19860 25028
16498 24108
13298 19574
34589 36224
5779 12363
14572 29871
27063 33696
20122 34827
16775 38911
5519 42237
28335 43166
6413 11188
5128 40137
9037 23668
25269 26554
34308 37113
10040 18418
24824 38181
14699 20005
2608 32329
5396 8811
14537 17957
4068 37124
2240 27961
9342 34103
26577 27013
11756 18480
1503 31640
1203 24932
11051 42076
11885 35105
24908 33341
25954 33423
1150 32653
33182 34042
19517 39749
20641 24438
15623 25170
28278 29426
11286 14774
13824 14493
7843 12734
11155 22427
15600 31602
1758 23649
38553 43382
19481 30643
18744 40930
3288 4330
13804 43073
36691 40270
10233 16904
7751 29360
2454 16936
18230 19017
4245 14920
8770 16507
6510 32008
12534 31205
18460 25895
24338 40516
30398 31234
5590 15069
23421 36118
9246 16436
15964 29785
21057 31856
9627 34063
8082 32348
4294 14812
9778 33478
10849 43416
19139 40678
31058 33000
6936 7684
13561 37838
37131 39229
15968 34630
16608 33270
24502 33942
1863 19851
26498 28948
22644 33982
350 27473
21277 33293
2247 43411
8160 9758
6588 39431
12765 31488
7176 40355
22871 40562
4621 34805
9387 28345
4533 39122
2423 13277
22456 38068
4653 5481
3969 24262
11871 28767
4571 20166
11129 34546
2213 27962
11176 27976
8661 15409
2085 39296
3517 32274
13439 37067
10442 31364
31224 38523
23055 27258
21214 27467
4977 17821
1964 32361
38154 39677
11064 34336
19961 23874
5896 15876
18415 35520
5769 34790
30443 41341
7043 9624
12369 26950
9809 10668
16835 35504
2412 14966
12559 36873
31867 35367
9169 34659
7347 28694
23111 29260
12849 31724
30402 31891
14098 21023
4008 35113
14596 41679
6644 24787
1 28793
26800 39620
28503 41921
18029 19619
29413 42142
19738 35506
2025 21094
31475 37179
7297 8578
29147 38990
1026 16105
435 39049
19148 39612
27601 37804
9594 25389
37950 42664
16953 18355
8706 22483
6526 16056
3092 3182
16801 17961
8834 25112
9806 18075
30643 38719
20416 29126
14095 20351
34878 39978
1731 1749
18064 42594
27856 43399
16257 16558
14277 27912
12696 24288
5380 25542
3826 29191
18606 22417
9680 43226
16430 43281
5948 9784
15795 38569
1322 29056
6205 11103
15409 27953
11395 22906
19211 38971
10668 31437
6183 13973
1589 17507
5036 34750
15706 16805
12296 14905
5199 42850
738 30698
29686 38463
6308 12921
9313 23403
3431 18462
9589 38762
16150 26086
27822 33026
21125 36015
35973 40487
15547 19377
4717 32903
15896 27667
5078 32882
875 28902
22578 24555
10288 29876
35320 36135
9078 33335
34363 41760
12617 32639
26498 40520
25651 41587
30047 36348
13444 31105
31014 37103
38137 42624
18239 23885
10422 33259
1931 28359
13187 19371
6234 18233
4200 20491
18974 29178
17570 29388
8870 43370
9082 21561
12581 39748
30547 41774
25168 40837
7409 25518
627 39511
1073 24514
7481 18224
33641 35709
2862 36223
16662 42984
5059 35649
560 18287
3503 38471
28759 41994
497 24354
7592 39905
25035 38214
1788 2767
9677 34394
25276 28477
25067 40381
640 36151
3471 21405
10651 12908
4542 32097
9728 30195
26620 37261
9941 20854
758 27512
4956 27950
5531 19779
13881 17092
27376 43431
39081 39931
31469 42355
2124 11734
17397 21108
25144 31152
22560 35252
601 14504
9805 33798
15203 26117
1508 36119
5998 35645
12972 18412
837 38543
10956 30109
13919 24150
4161 43143
11678 36695
3758 41972
9052 42047
26778 30091
10243 31930
22746 40488
12559 25598
14178 23098
6521 34639
20187 38202
9279 13164
12218 41520
22165 29596
31757 38449
28166 40675
13516 20912
18352 26525
2579 39267
16038 17654
15778 18481
30104 37366
13164 16488
10285 22892
12063 16507
17983 19488
13898 21179
8404 26146
298 32199
13414 22298
26853 30800
18173 19585
28656 30861
3626 11843
338 3490
9218 42874
3241 32189
4842 11582
17972 33824
13667 40679
243 39847
14818 40023
15714 36374
24617 25003
3179 9811
2038 15127
7293 38659
13024 41741
16118 25877
34606 43291
775 20645
1251 30962
9470 31202
23016 25049
14347 27956
17570 18918
18555 37972
21373 35796
8293 27604
16216 32986
5847 12952
26233 33135
894 31075
29390 34589
296 10969
20599 39785
468 8043
24600 26877
21222 36566
1536 15266
11321 11682
7630 11984
24002 31846
24172 37919
10979 26440
20275 36463
10273 42264
1137 31964
17782 26129
12107 35222
16547 16726
15923 35558
5792 38505
4071 8271
14452 28130
4290 35928
27436 41687
23321 29418
21948 24777
1472 8276
3887 21925
189 7315
3568 23111
15176 34762
30262 32424
23565 41829
18534 35940
20697 25202
10633 27873
5919 23943
4123 8811
5485 27623
23074 33863
24593 29439
2449 4996
4817 39767
15049 24040
24496 35922
191 33375
4429 28516
2402 35917
20704 20896
10630 18715
4227 33485
8271 17241
23310 25445
25572 39818
1229 40197
17119 22378
4787 29163
3432 4914
6756 40251
22633 43138
7622 24150
8342 39523
30506 42741
1098 5190
4407 29107
840 31727
12390 30568
13793 17890
18508 31844
18964 32649
2220 15093
12497 17633
11149 23602
6641 22184
5960 16373
7218 7478
2546 16017
10811 26990
11432 36722
1992 12233
244 12633
38090 39208
15858 18328
13649 43216
21867 27016
30142 39431
6529 10639
16204 35180
3056 12332
6491 38640
13132 41943
29018 33050
20401 36147
30793 41643
34389 39761
15243 23101
2593 31297
18162 35529
13227 42180
11041 22729
5699 8088
28789 39579
7766 20465
6232 8551
18820 38912
14615 26161
14912 41431
2230 27458
416 39104
14984 34137
22899 29270
1096 26031
26665 40631
11273 33063
11692 42846
5409 33589
4115 29241
7302 16574
13064 18969
2150 27694
24885 37329
28051 30201
17658 42038
31820 36383
15160 27388
4219 12036
23864 26165
30799 34079
34336 38006
8927 35207
1706 26899
3837 40789
22548 41471
8257 37856
2158 19826
5503 14161
21400 39392
10090 14374
6084 16358
7179 37270
10958 25481
23335 42790
8054 15805
33736 36698
15356 22789
21769 34536
25258 38449
21210 23992
7825 35166
8972 11945
734 1075
33845 36641
27371 36484
4939 38147
23468 30487
1783 2394
21595 41738
6272 26393
28568 39364
3396 3489
14721 33511
16849 41468
8477 27400
4844 6769
27530 37645
15080 30411
7897 22395
21155 35023
13240 37638
22686 27418
28231 41664
4018 20956
24544 31350
19948 26887
9860 20836
8311 39381
19047 38271
7822 25604
10401 20436
2510 20227
9685 25184
19330 24973
6384 36783
163 21796
7862 30106
27600 41016
26162 32008
2322 20176
6648 11754
17817 19763
12142 26412
23775 27762
8678 24249
7633 27775
27882 34663
23329 35754
23293 28927
8844 14338
359 43026
6435 21445
20973 41933
8487 34480
2854 26079
29725 38472
7508 23350
2184 27008
842 28096
5305 32969
11344 33198
8998 15744
20582 27001
3368 26300
20654 26123
6428 30265
32128 35522
5036 25382
6013 27579
9550 28500
6139 6750
3889 37491
18035 41691
4869 7714
559 3837
6775 12064
4188 26978
8063 18095
18701 31194
8783 37632
3525 26634
25103 25813
6679 22155
14295 34934
3756 16209
20706 39495
12909 23672
6068 17837
22325 30579
4427 35073
11910 29795
15895 31660
7494 12690
13985 25094
4465 26697
62 22629
1687 15248
13052 32059
26455 38430
32170 40255
14073 37746
267 403
7058 31758
30492 35732
11224 14945
17369 37292
1658 42776
6982 28730
9146 31426
33160 40405
701 6522
22527 36540
9280 42760
4472 5395
438 32715
16874 42948
478 21002
22915 38342
4960 8367
22383 34317
12158 19135
1906 37593
39774 40572
18592 35731
840 11003
1857 13565
34913 36592
38462 39590
14904 30854
3269 40011
24699 36094
432 29113
15336 18433
12307 28276
13186 39764
27257 28329
32045 36180
31818 33737
13527 14393
1915 42967
22886 28902
5621 37281
26304 34827
7931 8503
3892 20927
7325 11699
17073 26919
20287 24743
25751 38061
1048 4886
15289 42157
9388 26586
535 30904
6375 28294
15683 26246
11089 23364
26233 33082
29122 30584
4319 4375
29114 38802
1325 2161
14080 25280
10155 31602
16805 26323
16493 41512
6373 30850
39151 41855
15693 41459
27854 34038
11361 24991
4736 36716
20480 20792
709 38789
2551 10697
4115 9456
8288 31529
21598 29795
4922 29901
1950 40278
16890 39643
7580 29722
38199 40095
12180 38276
14239 15137
20404 39614
15219 26677
6706 11438
17911 28526
22049 28913
14702 28602
1346 29402
3661 39437
1008 31100
4060 36702
34777 39282
546 38394
18139 33264
13636 36162
17318 25918
21000 23056
1767 23955
19836 25170
11 32573
11119 30315
1273 11554
36557 41988
8893 11465
8294 8662
9371 42766
9736 41955
26434 30466
19984 28451
839 12201
7725 33994
13980 14630
11956 28718
6477 35471
9502 34554
10414 31438
22159 22641
25444 37836
16781 39834
6426 14780
2486 10436
14377 36897
11057 27343
12354 32928
1105 26091
4918 29162
15476 40023
3332 40443
12458 37415
5144 28916
14358 25543
17177 43217
12081 24633
35045 38292
23140 43424
22915 38610
6311 8791
11187 40406
10012 34252
440 33221
8723 15726
27208 32869
18154 42381
2078 8517
26628 34280
473 1089
7135 36006
495 4820
12300 33981
857 24649
26383 28033
9573 19279
32268 41381
13764 14574
10982 16969
1109 18454
3550 33324
4217 40203
7551 11748
11856 42608
20717 35899
12622 30999
20077 30843
4582 19390
4928 41692
2286 22402
14870 26226
14954 27617
2015 38154
9603 24002
15382 36200
6552 27670
3786 19456
15351 30471
12771 21673
2053 19198
24328 24876
19097 35703
39045 43417
25449 34931
4862 42011
3684 28978
16003 25149
5236 21284
6963 28143
4037 7374
22465 37569
12033 28510
26181 34291
14961 39526
5276 25786
21191 34627
7247 35257
31775 39539
20946 34042
22771 38026
13539 16684
13262 22068
35945 42847
22 23043
14364 31319
28956 38080
26463 40578
26067 34162
23983 41029
12876 24476
27674 33557
28824 30047
12655 42035
23310 39997
21700 25055
9826 31752
5534 9233
10348 42414
36479 38058
9913 33626
25214 28244
2131 27725
7783 23344
33369 37359
14625 37483
26344 37099
12855 18122
1697 17819
21868 40854
7331 40216
14728 29502
18344 41858
10049 32174
15028 39593
8277 17436
27667 30484
32756 34099
580 18998
4861 10803
3059 20766
1542 15437
25166 38002
33535 35557
16995 32326
10679 39925
5650 25781
1774 18978
856 10945
9398 31840
11743 23028
3757 26931
16503 27141
18743 24197
17891 28118
8008 24751
15683 32475
14651 28881
16390 33091
29745 36038
9288 15615
19657 29987
107 10268
30187 30721
17487 33138
2372 24158
25978 31622
5475 42345
33665 38417
14663 37751
2105 18152
13025 29429
12123 24373
23958 26581
9402 30619
6039 9849
152 28885
26026 31289
2836 13123
26923 37664
30906 34730
989 19933
3631 40189
3114 17039
4416 18242
7628 32989
11542 29696
6969 16549
7158 19454
15403 25079
2131 21443
4957 29708
9812 39535
9878 30733
14951 41951
15953 24765
11294 20734
12576 13179
13202 13641
21807 36548
1606 21972
3237 24959
12708 31011
21117 23269
9214 15642
15958 30212
12623 30149
23624 32720
4458 36561
8246 41265
17493 24042
7691 15379
15444 43173
9092 38283
14484 34729
25413 41396
8537 11643
3933 37090
11930 39203
13765 26936
8163 15374
346 21530
26670 39446
16963 17811
13719 38080
4384 11887
4672 31013
25914 36659
5627 39867
32643 35645
31968 36230
20437 31215
38107 38383
3338 28020
29838 29920
6594 35869
23986 28763
20283 34720
32375 35830
5578 15250
9181 12095
9910 18886
14027 22368
31998 33628
8293 40680
35554 37043
22602 26407
9583 9631
9383 16925
2983 3885
2407 34277
16560 37958
25114 40174
22650 28326
25459 41340
3658 27594
5808 41726
15137 28477
7431 18434
1362 28162
11984 40728
4410 30612
20921 21771
27701 42414
1660 37618
1877 28985
24045 27249
6438 30229
16770 28504
8779 22264
19163 35978
10681 26468
3309 15547
31687 32581
1143 37099
33264 42879
42 26730
11727 21100
6994 31615
22302 31376
12636 26546
31927 36205
20158 21196
18635 34546
31928 32643
35138 39585
25164 30438
20307 31118
11771 35143
13931 18472
28405 39699
3833 10979
17940 41080
6800 25333
2748 24802
33910 39994
12302 21947
11254 27454
10690 12594
13699 18314
12792 25746
19533 26247
5599 40397
14600 25397
22774 34754
29821 38745
25380 36105
6693 30347
11271 37422
34230 40349
17243 42845
134 21192
26971 35721
35436 39400
15364 36346
27294 39380
28653 41117
12770 43111
11263 42442
23454 25064
22953 33938
39155 42055
8024 21930
26215 30490
16117 30167
4010 4051
37245 37963
31553 41225
701 9181
23648 42084
14780 41398
33233 39378
15845 39278
28759 43206
10333 18564
2027 31911
18040 37877
34707 35211
12472 36479
21340 30749
9767 34368
8697 27284
21164 29769
20257 25123
11862 26347
7323 29588
2621 14341
9140 15961
449 19109
8263 34347
20933 33219
11933 25998
2721 27754
9872 11157
33785 41961
19102 23004
37341 38960
4904 15416
31917 39004
24605 35304
8105 21114
2342 34524
19678 36154
34296 41884
33838 40252
35347 37614
2055 40883
16866 33422
30711 34476
16035 31050
513 1724
817 14967
1683 39025
33008 41488
2199 32903
2988 4312
13278 17637
6114 37190
6771 8672
11481 25500
1033 35910
3967 21077
3857 16021
15150 28792
17722 33757
17848 23316
9142 10880
17999 19513
5477 14123
17104 26016
8375 39260
27248 37826
26195 33355
9560 12359
5709 42739
9451 11635
12729 40211
18925 32510
13732 41377
1682 7659
5055 33089
10589 16409
9802 24135
12576 16025
27312 27638
2804 28704
8580 26079
29157 43386
20242 21943
2604 23166
10754 31937
10303 23370
21020 32598
34524 39775
10252 32450
15277 17613
7641 15479
11776 37260
31606 31921
19901 29005
9629 30781
26659 35337
6503 22978
4394 12819
34668 36521
1239 33103
3603 34921
7641 9063
10472 12976
25044 35300
21221 37957
4963 37822
27917 36995
16293 28783
9228 33820
29976 38177
11739 15686
32538 36038
11873 12468
6671 25191
10881 31870
29196 36524
19328 42325
1329 40351
8344 29343
466 16564
9229 40057
12138 17088
18588 19103
10271 15322
38663 39424
27627 40050
16247 40866
37185 37241
13956 19147
29595 39424
33922 42716
2221 24690
19815 31274
1766 33909
11350 21179
2381 13271
4634 28090
13324 40747
11287 30464
22183 37937
6334 11434
9632 21229
14459 41840
10137 38892
4305 8374
3412 43031
12331 14635
17745 26146
6327 22506
21504 36336
16728 27556
20998 27308
5165 35835
15308 24789
20292 26136
22599 31584
13392 33684
3230 4329
9034 32799
5373 12564
32549 33729
560 23150
9410 41946
5104 22727
2826 15765
9792 23408
303 25968
17412 30817
13977 39972
18733 32824
1186 43025
3515 16741
20223 31634
9181 9814
4200 7984
34116 36142
24648 26601
4462 20227
939 43333
37441 39624
3527 32027
12029 20312
15473 31622
14513 22424
27635 40641
585 15451
25988 43345
10960 18526
28318 39917
14608 38499
35482 42995
33481 41229
9630 40350
14472 38638
41951 42808
14714 40615
10624 34792
26384 40312
20774 23227
1931 7342
9169 15065
9524 36167
4773 34799
7125 35294
2770 36370
20448 23242
29 34602
2525 11464
18828 30967
32799 35166
4055 32304
23785 25795
9756 15764
3951 40060
21362 33196
21336 25367
26573 35488
6977 42751
2955 27263
36053 41656
6631 35698
15793 38551
4581 5932
1297 38668
22410 35044
14982 39275
11128 32231
8838 30362
9997 43153
22091 34510
16083 36812
27148 32952
22190 26410
6283 19150
7066 15624
8812 12145
4616 10090
17783 22600
12100 14836
20506 27734
24540 42293
30414 40765
24838 28926
1914 2800
21517 22345
23732 43288
25453 29199
2939 37468
5989 42997
11277 26288
36923 41108
20296 20727
4786 38767
38662 42874
15321 39845
17967 38343
7722 8731
13730 14565
27762 38665
32196 37882
8445 42337
13807 18195
1709 42934
4581 26469
19775 33298
33737 35691
17649 42383
4209 15751
34194 35378
8762 9964
982 28053
13989 42560
22535 40943
16488 29519
1228 30738
19891 26276
20638 20841
14828 17466
6069 31999
8967 38477
6726 41196
25919 32762
4949 14972
243 32817
16931 24612
3387 14596
2424 41344
23711 31457
1800 15853
7977 16046
5081 6231
2348 29456
309 20790
28699 41813
10786 28279
25211 31894
14394 25468
14545 38469
7952 27478
18700 38271
25171 38911
13294 33259
11765 15273
18705 19367
12175 29666
5177 30263
1498 40024
22056 25790
6705 16533
16532 28636
6696 14727
11756 12686
26108 36956
15295 31992
9889 11674
12861 36760
7712 20070
8282 43046
2975 14628
32077 39829
8966 32344
39026 41033
6286 19932
10438 16053
4054 24457
22334 33998
19270 31045
9893 19902
96 21971
7000 28320
18800 21482
22892 42627
12218 31591
7683 15518
8842 35691
15748 40955
2201 15392
11365 12656
5706 22282
21116 38535
25622 40072
6625 38996
9979 22305
1837 28701
9489 13810
12982 42540
11634 23434
18300 43009
7638 34242
15134 40503
29943 42795
571 737
2743 27460
622 6152
27348 29710
6840 40089
4159 42536
6541 32882
9349 18876
7646 10159
1923 18272
14563 38435
27307 33092
7103 14835
6248 43368
26281 40832
17504 37790
18521 36942
8534 10032
8953 26231
12733 26910
7761 24634
2228 3043
5610 17447
3370 6805
27861 37815
34910 36217
27797 40274
27735 39396
3789 20752
21283 36554
7195 27606
17641 20533
609 24010
10130 30179
39636 43190
26888 34047
10281 23932
8008 21478
20676 32355
4197 15070
94 2626
37480 41294
3496 22570
20634 28911
36733 40313
12087 15808
10909 41436
6863 27806
21288 25005
11974 21758
4919 38625
33141 42314
17127 18218
11806 21393
8928 10494
12000 26362
13443 42884
1796 39384
13598 31121
1637 15942
12724 23949
24559 32573
14920 42398
18406 38658
27124 42783
11078 34425
7906 25523
6093 41521
11115 12615
14204 34314
956 20684
12077 29965
13904 37994
17007 17520
9573 37966
13973 20603
2418 11030
20371 31318
15519 29336
14722 39380
13224 22959
1752 2309
22294 35837
13231 17714
38804 41855
3764 18197
27801 43375
35537 36099
11336 18626
8829 25390
7642 8831
8413 8708
520 22224
24084 37568
35042 39503
8623 24733
4979 18465
5525 43107
7659 25215
8621 25626
80 25335
38673 40059
11048 27204
9742 24539
35309 39066
16239 19984
4184 27801
2364 18499
19194 32823
19980 37704
2809 14419
26296 30105
5993 26364
19551 28142
6590 17952
12610 29273
8427 27423
16294 16658
8010 36934
22360 32296
17998 35399
25185 31291
4401 27277
535 14746
30097 31072
2830 12263
34367 35550
33386 36617
1082 31130
15052 16637
8587 29775
28213 34028
19018 34445
1966 23714
3613 13840
16668 23665
12571 33667
15208 33365
28728 38823
10664 25120
11284 43295
7062 29439
9743 13406
40356 40738
34964 37876
2863 41608
17880 42883
1704 18237
10914 26988
3690 8583
40020 43263
21446 43044
16336 38360
471 28882
8419 27316
16450 41091
31657 34384
21677 39944
23171 27384
1031 1340
4052 16519
7309 15171
25909 35270
9083 34651
5525 36825
4792 34988
619 12915
7089 31612
11232 29899
6419 30097
2856 12679
5708 19913
38587 42112
1488 41593
15230 41768
7510 36745
23706 28832
4456 29562
2822 16478
30309 38259
3118 8892
4473 22561
861 38462
21343 23452
29061 32566
3034 30886
3760 22130
24217 28001
26276 42769
33277 40191
8927 10352
15317 18732
15254 30461
29848 31633
21138 33785
25068 31779
5287 13625
22622 41448
11010 38723
4186 4976
34399 41234
20877 39113
10082 39616
27181 39613
944 37157
4693 35517
584 40786
36616 39592
13976 17951
15699 36180
12822 36995
10681 19007
2819 20502
18042 34677
5415 30025
10332 26178
30755 34939
17995 33141
12434 36886
14446 17311
19972 27343
1592 7018
5290 8796
17665 25278
828 22837
23771 42035
15938 20139
400 7084
11417 28093
2104 9795
1568 22058
1992 7110
15809 27838
9697 23344
29679 37058
31038 38795
5092 34825
31597 40479
26253 38597
8899 35607
10078 34555
14018 32483
8699 41211
23377 43020
12348 38401
12122 13737
28387 43336
6862 16656
6431 26269
15166 37945
5047 36745
12839 14317
14166 36518
2607 35871
23047 35157
19141 42475
10853 40186
23204 24783
1134 21200
7348 35016
5496 41452
18631 40683
25012 38397
13195 32796
4262 26797
24399 37416
38034 39414
33194 39509
23612 35316
14557 28388
8530 13644
6986 21953
4226 24107
498 17202
17916 42808
15520 19575
5654 22039
16179 18457
15215 18939
3877 40168
3913 35661
738 6274
1252 19327
8605 30972
30294 34863
5678 17148
19416 30413
27597 31115
39038 39620
15617 17414
5585 37336
14387 35682
29356 33533
9444 12644
3430 26243
731 9425
19871 37574
9153 43205
16693 39215
5691 7934
36054 36781
12204 25015
16459 19571
313 12295
33030 35856
847 29198
13292 25508
17557 25670
24936 34564
7933 40499
9844 14456
23632 25364
9594 20697
12240 21447
9903 34284
17652 34575
28865 34585
23805 30210
15957 29883
11146 34880
21955 27859
2663 12902
19883 34551
23107 30811
23747 33423
6958 21574
8385 36809
13866 18051
11214 28598
17028 19849
8311 32164
20633 38432
18672 35341
12556 17896
10906 15421
16070 37115
14195 31324
23873 28809
3853 19529
9559 37076
9291 14630
36888 39235
7938 19501
31185 39864
22947 39382
14021 28892
559 26822
19888 26385
5288 13155
11098 16530
7632 29782
15588 27168
8952 28935
35352 39491
20784 33124
19266 33986
3181 11902
6638 38723
17110 22483
27355 40761
5782 15353
31068 40218
4406 36078
11400 34773
17273 21723
27532 29319
39818 40094
9705 23665
22476 40147
4400 36263
3457 33650
8836 19311
14943 34950
22052 39819
1574 29661
11581 25170
5808 23340
8174 23541
3061 40251
24684 30313
5248 38989
17412 41665
13096 17594
7472 17607
7112 10656
37396 39210
22631 23661
3793 8120
9275 35573
14728 27599
20485 23234
19877 35429
2359 8653
23749 29281
5265 12740
33273 39131
2247 5968
15286 42644
12434 16162
10644 27448
17048 26866
1672 40934
32188 41538
7892 33627
10835 18348
11864 40892
9655 29563
29701 42538
10317 36852
6057 25922
17423 18792
14155 34503
27133 38446
19862 34747
26028 43419
3386 10563
7804 19635
27715 42743
18699 39715
8712 23193
17115 25994
24845 36623
131 21783
1512 36673
23478 35180
2960 38455
15037 17565
3350 33914
22582 42212
19150 29973
19730 22146
19072 38950
9964 13702
14681 31701
10516 20823
1345 28804
24558 39195
10544 41338
1688 4260
1785 17964
3689 27903
18240 24275
12069 42586
31663 40912
35037 40903
8598 42662
21649 32366
21864 34240
18507 34418
24964 35160
39208 40649
3099 23873
11538 26331
6074 14733
2878 32764
14486 37999
6530 34197
19155 38022
26490 40982
11308 20392
17322 42256
17082 28274
14912 40093
20612 34440
2470 41048
5218 37379
3589 18223
8556 20155
1734 16282
17700 36954
20334 36381
7431 42411
4010 19973
35700 36120
40705 42508
3153 5800
1660 36520
21705 24919
9373 34148
12728 40313
9239 31704
8257 16331
6069 37370
12757 25967
3509 25060
18828 41949
3443 33862
6378 32463
33678 38388
865 26608
1923 29925
19507 22989
5815 18013
1582 16800
12368 25633
18035 36836
27727 30055
6828 9287
12928 30171
6352 15185
9206 27218
26392 38703
19394 38546
31834 34512
2858 28863
146 28025
4584 15118
4233 10165
23172 36146
5243 5894
32586 39974
24878 40438
26077 40762
6056 8626
10814 27188
1552 19967
73 36033
27363 37298
42237 42991
3241 15954
9424 35375
2224 21528
3521 18977
6219 24081
2654 39017
410 17144
5919 14929
29579 39403
9836 22487
27671 28002
23696 36681
21865 37578
8865 28214
12918 43015
3814 12059
6548 40737
19008 39799
22571 29863
3673 14271
7385 28779
6009 7625
94 2736
12028 37969
4778 20595
18621 32156
18785 22199
29402 36673
14043 22637
31425 38198
13865 36860
7728 26674
118 23509
22716 23047
8539 41411
26531 38242
14368 38612
8075 17333
6915 26571
24413 27031
25775 41871
14988 21324
15104 41686
41036 41816
20212 26295
20072 37804
10931 29412
32 5426
9381 21691
17349 18148
25865 32904
2494 6089
21242 24366
31482 43054
29536 40995
980 31768
25500 29773
37423 40496
2000 23459
3255 8631
25069 39386
8748 22687
25311 41363
8158 25854
11627 16283
24514 38575
10815 32620
23458 31389
8840 25659
2901 20184
25054 37765
194 21410
7678 32572
17795 33137
20701 26644
30845 42618
1811 22247
17851 38896
25248 25738
12293 35742
16882 30174
7353 31469
21261 22514
3848 39885
2688 32319
5198 40378
33178 35674
36113 40691
15137 42334
24565 26647
5642 22110
24227 37205
30311 32481
4796 8318
3213 12727
17001 17973
28989 39671
20653 32430
12364 13701
2752 24383
14985 33834
33102 42445
8570 39919
22543 32113
3243 37452
1411 16247
14406 25267
23363 35824
23681 34413
8611 21234
14547 24748
18247 40185
13400 40799
30721 41397
2000 19271
29401 42998
21771 30321
6246 25607
1209 5186
3039 15930
12975 18177
10419 34848
16441 35662
12172 30096
11604 36994
8389 12904
7383 34852
29661 32722
15647 27695
6774 9669
8690 25849
855 7290
3489 42180
8041 16543
15437 32022
3697 7420
11745 20610
2004 30882
26911 42919
1148 12238
20897 39714
5339 18113
19798 27728
21604 41296
2909 17927
26301 32787
4827 17938
29404 37388
7760 17432
11490 22720
4997 9489
4218 24246
36098 38073
22041 38826
5585 9659
16185 42623
11230 29182
36018 37555
9976 26707
15413 24616
28158 33461
28626 29365
20236 42075
38839 40780
29701 36069
1573 27289
361 40501
9903 37159
2931 38223
21939 22684
2305 28901
15189 20377
3691 3976
9718 37379
14247 31006
1336 22623
9761 33319
13427 37094
2632 21567
10560 23321
30229 38790
1812 36323
30907 37722
20583 37056
3979 11963
10271 10386
6926 16051
14749 20263
17505 27789
2937 25586
8894 15425
19834 32996
7811 18659
3072 25222
3570 10223
15646 28358
7988 20049
15869 36509
1342 3570
20421 42363
6907 12776
30029 34191
16404 20803
12412 23651
28163 36033
29629 30285
21558 30697
3147 7087
17384 24237
17192 29140
28630 38882
1027 24096
23211 43242
9277 23649
33693 35826
14504 18338
19204 30506
25902 30371
10289 40362
7190 43050
12060 16002
20412 36019
2940 19976
4151 26541
29119 41675
2871 22091
9740 12978
5976 23355
2330 23430
9084 11361
14471 14633
8867 13578
1834 29642
13223 17800
8600 13234
16596 32650
272 5854
29519 33688
35532 39866
3653 28893
32907 40902
15169 20044
30755 30861
1145 10357
19737 38674
2152 21064
9543 29029
36589 42177
16939 31676
1417 5568
4100 9583
18803 38806
23934 30781
31860 35872
15845 29833
15791 39396
22495 23800
22982 30334
8986 37190
27052 33970
24220 43418
1737 26834
24786 30997
4408 10867
2523 35879
24921 37049
25747 29463
8467 33592
7769 21950
227 36447
26109 32296
837 36376
617 27742
28901 37035
3368 22092
19587 40958
17820 34700
7394 13378
26065 29745
14126 24905
5664 28879
21789 37530
146 25878
3691 18581
5456 6484
17547 25651
31211 38967
13279 42187
2090 8828
19386 33505
6336 15164
3391 32814
28248 29650
21582 41374
9092 16274
14661 16554
24175 34384
10547 14309
2346 29170
20093 43166
12065 29662
34212 40847
24687 31526
6556 16601
35459 36489
9883 31298
1969 7720
11947 32824
28344 37467
14437 20229
485 4002
14589 33832
18419 30656
3027 23088
14894 21636
14182 42341
35973 40093
9747 20268
5133 7120
1248 4927
486 40067
18845 25580
1201 13217
20479 25832
6535 39294
12910 33810
1221 13869
19759 39506
17995 42379
3099 12761
404 33060
29091 36354
17172 41588
16265 38632
14608 41402
15916 23202
22514 25115
12066 35525
6767 28690
19601 20611
1803 26275
26728 41527
19020 37073
11046 14006
5080 28777
33452 40169
11570 29467
14771 36855
1345 41612
35404 39010
6397 33294
6455 43098
11328 33317
8164 30692
36761 40674
6345 34824
4128 19470
22212 40965
3649 28103
20042 37700
31559 42817
33538 34436
8381 9227
23120 38107
1017 3085
9097 38444
3162 16873
12151 40709
3431 36511
31803 36761
15026 26235
4732 21836
40517 41144
15014 22468
34662 36306
6925 27936
26621 42754
17628 41430
13565 14799
20338 31053
19921 40564
5144 15364
1280 38369
24088 35273
24938 31471
18746 21386
18463 41477
11479 37054
20118 38634
8720 13769
26534 28987
18753 38772
3656 14348
22186 28790
7705 33911
21597 28395
11163 34539
7321 36954
415 27718
3154 29413
3567 28828
10863 42383
31562 36298
1502 25357
23477 25670
27532 28274
23404 36711
6821 33598
28634 41497
2775 4692
13180 20973
29213 34199
14903 23926
928 29407
17154 38110
24785 35736
13171 26522
9354 28405
10805 21625
22164 23904
6213 8236
13882 41809
4178 36687
12764 25609
26757 33731
14980 21113
20933 24042
909 19716
7663 34974
2418 8188
28570 29030
11990 31850
20415 42546
5224 33736
4864 37365
2168 29890
25301 41106
16961 42791
12579 30932
18245 22285
4471 38602
7386 30909
12644 24911
6980 17389
11521 39858
4036 10566
9258 42818
3655 23706
14142 19640
27520 41230
4189 36445
1408 41132
5731 12225
23554 26805
38543 38864
10393 23909
29812 38449
14021 24948
28184 41395
24294 26026
2686 14395
1826 7121
5901 11101
19610 25880
11161 16318
186 33627
14131 36605
19804 30849
10021 19018
5571 29656
32721 43184
2554 42734
9462 39965
11018 28283
36552 42108
1975 41337
35970 41194
41295 42834
16925 34974
38385 41257
703 39222
25333 39839
24320 31569
979 14954
9149 42659
37068 37679
2743 20914
3465 41086
11692 13860
29499 35077
29664 36834
23686 39510
19377 20582
35138 41980
8687 20347
11845 37487
33273 35187
12391 17244
27514 36473
3447 22198
23168 23305
10463 18208
30144 39164
220 32056
20749 21965
10007 38344
18245 28246
2514 21212
23732 26272
1394 19491
104 28848
23918 32289
3902 42376
31271 38272
3927 31294
2044 4674
17692 20341
15568 32505
15602 37751
2901 24482
14749 22788
463 13101
1459 21956
4788 26146
6352 23939
30450 31111
19736 22154
1507 10104
32313 35387
11940 17321
507 2261
11365 35291
4926 6081
13825 37571
31748 36517
11231 13599
217 21154
1108 27741
12275 17018
10272 14425
9012 16077
10199 25466
14792 33573
22517 41414
5880 16373
541 18245
20143 25322
17075 23159
24924 28784
6891 10230
3030 12595
25503 42232
21723 22305
27574 36823
15257 24483
6561 22369
25322 28830
9797 30532
1327 20093
16891 23981
7707 14953
18251 40468
15411 15501
26737 27466
5690 7766
4681 19617
34434 39675
31970 36687
12117 23383
10176 21668
25478 39142
31980 34931
32222 40880
17650 37969
4342 17118
28510 32199
1679 35420
36916 38681
2128 28076
18655 34263
20424 26072
16671 36638
3548 31782
10490 40675
13531 15351
10203 34983
33833 38115
17410 39421
6306 15969
9177 41003
242 30205
15779 33990
4154 12344
1157 30770
23449 37206
23285 32079
7640 31235
16965 42188
23252 29687
6181 14742
22724 24872
3116 30812
20282 25615
16725 33087
16319 32399
23112 33090
31750 43113
11202 24292
12293 19421
3472 10445
2924 26855
10998 37294
814 41923
12698 27054
4822 33569
24653 34282
4306 19689
24876 42433
8639 43175
4887 25296
920 3099
19052 21632
30309 34746
1663 32419
1111 25298
27378 38708
21093 38258
17907 19070
22488 36242
37990 39252
10251 40635
906 6584
253 28650
14152 20141
34120 38121
8789 15765
24311 28287
7164 23146
781 11773
13458 15788
16227 34099
19525 43140
28734 32041
4368 12057
17315 20097
20537 35532
2908 32337
8594 33202
34705 37993
893 21813
31663 36297
31045 37416
25890 42603
10589 41569
8402 36415
14228 29935
29768 37401
8989 20899
10157 26074
12597 18088
139 10993
21507 35215
2851 32742
21770 31653
13819 34611
6946 26077
1099 31680
32743 42756
15995 41296
771 26896
6211 39628
15611 25091
8111 23784
1028 7304
418 25088
7615 26586
2349 22143
15313 19018
2431 21953
1696 13627
2609 30361
4525 4662
7473 31606
33560 35057
18436 37857
17562 34849
27944 28515
26422 42999
8300 27628
17433 19163
18972 31421
24259 43157
31988 34902
6822 21473
19056 33778
15916 32493
24123 37634
14180 27800
2405 8839
13612 24310
703 27142
10126 21634
2032 33174
22765 35745
28986 34490
5485 20626
9991 25381
10112 10624
16842 28494
3815 36932
18842 36451
17899 27422
1136 16794
10488 35986
30276 42287
4194 34484
284 42592
6755 36816
11614 30355
25826 31425
10499 25006
18788 40537
14043 31070
14122 31363
11328 28271
3447 4641
1286 1462
28772 38294
19390 30025
12772 40669
6833 35194
8104 37084
424 29016
7671 19297
26371 36594
21039 33783
13375 40181
1097 33431
17189 39690
26907 38294
8051 28563
10637 33234
11034 37034
8589 26926
11819 19059
13551 28514
23045 30608
5317 16854
26548 36671
17419 29040
12799 33605
29989 30714
8296 30087
20365 42325
14108 20703
20055 41345
4429 36579
6191 27217
10386 42633
29842 34609
15639 23459
32135 33743
23536 27620
13329 41125
31302 41878
38198 39284
14374 18351
15542 29942
31309 36633
21312 40334
9725 12564
9317 36124
21905 28016
7982 29523
22230 26086
1300 13387
15328 42441
21173 32039
8000 38962
18812 31458
26857 38715
2114 18973
30619 38034
32331 35725
14080 24670
23214 31891
5379 15796
10509 29992
8873 22497
9429 43131
14669 21278
6204 17599
13751 33247
12641 31460
2453 38791
24806 37744
4589 7948
12379 22792
32094 42578
20872 40570
25643 43344
30851 37229
21061 34807
31775 33184
1477 41141
15012 16140
22867 31379
975 14327
2363 23972
34671 42410
14063 19374
4042 32103
21256 25634
33100 40228
10935 23576
10211 31624
16071 32110
6132 17322
15038 43375
19324 40442
11893 21744
33463 37055
12502 18819
108 38312
6531 22666
30 3158
30875 33277
11107 37050
13430 28479
4384 10525
29503 38660
7594 11051
2176 9220
25232 28295
4355 21838
5782 9746
17918 27932
26785 38007
19105 22769
11189 13670
22189 37708
15796 19231
13186 13974
18127 21101
743 5467
15788 33865
9193 28463
24645 36082
14239 28998
1862 43180
34431 35352
10542 42317
20025 23119
9699 40874
5763 9854
20382 31270
17517 38326
13249 19399
14095 24523
33351 33407
6855 9557
16181 36950
28930 42531
20303 40776
8413 19613
15095 22917
24793 39336
20929 24434
15566 26474
7337 40041
8199 39282
18249 21629
1296 16731
18443 22626
9768 21389
22460 22494
31488 39088
5903 7016
12640 23613
13130 18522
7279 33805
3853 42514
7141 29899
24531 26130
17316 34606
17087 40970
12318 26945
1128 4473
22046 32653
19503 26174
10060 29495
33683 42790
9479 15220
14105 27439
23346 37755
12828 29676
11767 14010
12400 22059
22704 25456
3333 40943
6969 33764
40635 41259
2862 26274
13913 30652
5468 37239
631 4606
15739 18831
6574 10045
2606 36642
7143 41464
15843 16902
29065 35535
6133 30459
16825 23415
18830 40576
29307 35068
9049 32790
19451 36722
27737 42910
15423 40667
15335 33650
6021 6082
35013 42257
5365 17297
3652 20135
14415 23292
27897 38846
3578 42817
6848 14347
15128 41658
4381 5234
19048 21406
5374 32285
13204 37668
26198 31002
14506 38871
9339 13496
13632 35863
40029 40294
17545 21610
10598 32530
32225 41959
9040 14368
9363 13301
13313 20807
28204 36495
5406 37835
22856 33151
7653 36624
1449 23496
2613 37597
9167 25440
5796 23468
11458 35081
6418 42470
5185 23314
1772 4901
20658 25394
5250 32599
40586 42255
806 40019
25930 29093
1155 36231
21420 33264
21875 42704
6483 28720
12504 17820
17739 29366
18078 23170
89 36436
18994 39613
4074 22995
4539 8048
4720 11092
32672 42247
9914 41296
35483 43064
22395 30847
9861 26386
21514 33084
2542 17543
22045 32720
21964 35764
1930 30750
469 30426
32404 39988
26153 28734
32761 42477
638 28892
14788 22476
41167 42543
4920 21861
2449 28282
10730 29400
1195 25053
17944 36537
11780 18112
3400 34920
23250 35683
17529 40459
7158 25260
2155 42330
6450 31589
1223 26320
4255 15994
11164 26659
5625 33169
4411 14255
13441 42818
13324 35063
10165 33536
4095 28544
11448 36217
2076 22974
4968 31327
17847 24711
22399 24149
2612 25428
11220 20525
5490 33883
15115 28324
3887 15948
7537 42410
2485 37896
16226 36937
17262 18773
1272 39394
3243 13402
28527 39884
13762 24335
4829 12674
20199 40640
1202 39564
12374 29185
9581 10480
4223 6448
368 20679
22011 26669
16619 19835
860 21141
30814 39203
8564 28105
27325 34566
21623 21834
3360 5292
19159 29234
12503 39394
8028 37170
16636 33021
9587 28203
12119 38465
6835 40798
23690 31767
9314 11075
24409 25038
16649 22114
848 35252
18998 41559
14100 24680
13801 15753
22112 38213
22890 38507
25863 30984
2824 4908
10462 39168
26776 37892
3866 7500
33479 42073
21793 39399
21490 29010
14171 24331
12593 33810
2473 26558
20733 27341
9606 32767
751 42674
24423 28504
11753 23216
34500 39092
11440 12139
6761 25169
1138 28036
489 23426
5833 30034
8589 36806
231 3388
24527 33930
9343 40651
10366 11702
31643 31864
240 2161
13580 27431
15063 28268
8093 21299
477 1350
18280 27521
13161 32173
11900 17385
5607 34013
9977 25109
33631 37717
9977 18693
17977 30903
20364 21593
2991 28941
15556 32523
7909 31920
9678 30145
6286 12609
7271 21083
15718 40398
17392 35353
12807 20691
7406 22439
14303 36285
21153 27122
8701 36057
24597 27852
15316 37385
10508 10600
23937 41577
13867 30470
4957 9179
33880 38579
23154 38687
2932 25486
4398 23710
12443 30213
28590 37125
11472 31968
882 26487
241 7997
5286 36415
17179 19380
9210 41946
6172 25662
12998 15913
16910 22373
30256 32936
1807 19634
3255 33494
24340 43098
32618 34119
7860 19761
1401 5360
29386 40111
2703 17705
18817 24477
174 32035
20141 36581
2524 38873
20587 25556
8685 40785
3885 34829
4438 5931
22537 34150
6176 20304
21250 22867
9283 26367
18047 38973
10525 38661
12724 21164
4824 40117
2749 4467
19415 19858
4859 23142
9907 26948
2534 27668
19143 19170
93 16770
14986 22705
13181 28987
14176 42313
11619 15779
6877 11491
13074 20230
25506 39690
20687 39908
16395 16423
8026 42253
20139 37824
32501 38795
24535 40721
1716 7973
9209 12273
39856 40687
31470 31639
4005 16787
11363 35192
10408 41644
483 12202
5784 13256
18283 31494
8454 22728
25854 41312
3645 36631
40250 41745
16247 21813
7888 25700
20504 26029
11344 20805
12405 30055
5834 19385
22388 42671
12809 22002
25835 26925
14123 16422
11791 23187
23477 42076
22254 30778
19362 30561
10175 42173
7922 20746
18214 28482
30516 33374
5451 19997
15251 23861
19146 41294
17251 38234
7697 30427
14226 40871
17758 41448
14546 37843
8609 12227
6132 39579
21490 36983
517 6844
5003 33578
36536 37498
8599 38112
3561 37468
13015 15812
34512 42164
36308 40492
3993 25047
5623 43085
23915 33792
6358 36135
6209 42428
4643 9099
9159 19460
14144 37247
23729 31535
29759 43352
28641 31316
30967 36814
9866 26677
12830 37350
3829 10279
34000 36512
11980 34736
11302 35804
13765 16690
15041 18924
6964 42711
32220 39818
3343 14735
13678 30277
26193 38660
8929 25572
18979 24915
2741 35046
2781 25585
4140 28076
22412 33592
25485 40825
5407 8155
10406 18670
25034 25088
9399 24932
4910 29980
13781 27931
8444 20804
3709 26577
18233 43003
12835 12969
2528 34938
23545 29886
11805 34331
14279 36509
28912 43271
21025 41326
12582 37406
19650 29634
844 25682
14921 41611
8384 21692
20413 32811
11869 36975
26958 34154
5295 12236
21469 35301
33606 42600
23541 26919
16282 34534
13259 33834
10279 37934
11837 12527
6819 26091
4579 23585
8464 15390
6059 13571
14988 22080
27616 43172
15621 19741
1694 32618
12973 18164
1045 42560
32141 35337
14576 23267
3204 32834
3269 33229
2979 42515
22769 42473
12603 20324
14683 22383
8420 22638
1394 2528
1441 22531
12411 29953
3581 25587
10029 41327
26956 34616
12866 39393
4441 24001
1037 38885
14652 30617
11568 40753
2247 12014
13810 32782
15998 36064
5771 32887
34690 42920
15804 26399
1619 41492
12494 15843
5991 32661
18364 23433
132 2040
29177 39539
948 23537
253 18774
12004 26007
23753 39583
13952 40944
29136 38195
9261 14744
15675 18822
14030 15937
11705 20463
17546 33539
1299 19041
12496 29852
2936 42976
107 42519
27451 27805
2089 28959
6323 32060
13153 41678
19454 36245
2212 39912
3411 33820
13158 29190
10083 42852
25782 27717
27074 35402
10699 30518
579 16850
18274 41044
14240 26485
32677 38484
21867 26813
6629 43097
5094 36408
26572 29499
22365 37643
22623 39399
11858 18611
4989 31696
15546 39703
33426 38013
26877 39934
7847 11391
15415 20938
30674 41748
4038 28441
15115 31788
27470 38004
3419 6704
13511 32876
5018 40735
632 8755
5639 36881
14972 20368
33622 35858
805 2267
1104 4778
4180 11528
7030 34931
38972 39248
269 12086
3482 24961
25135 25223
15610 22318
21759 26879
27572 40351
15695 33945
3402 5195
25734 31409
5430 15954
39012 42969
963 14345
31256 37535
15978 17237
7034 23911
10380 33932
14317 20265
24137 31197
17253 32108
15758 26538
2956 39790
17939 35819
19935 20437
27756 40818
8734 16300
12620 24545
10024 23158
381 38691
25785 33976
19658 42036
2702 29293
7925 39516
25116 27990
6907 24486
25575 28504
8527 35420
40982 41076
26913 36342
25020 39771
18241 32370
18356 39490
40613 42899
6165 6321
6125 15590
19703 23470
4007 42286
458 22292
17705 29357
5068 7213
9564 36355
16593 25245
18161 42405
16 25330
10281 22383
21253 23462
29482 34778
9746 18841
26775 42420
2976 6268
17775 42369
12451 14536
1709 18083
483 27425
18573 35933
38652 42410
6730 34773
23987 36110
7222 9571
9811 17923
20681 30591
527 6971
13525 16262
722 20244
21159 23985
1740 7166
4293 33766
1974 26995
21804 22410
5988 25626
10796 12252
10024 32152
19812 38665
21448 34826
2315 37087
2478 7280
8678 21952
15448 35491
21394 36283
10455 21758
2101 29961
12183 38641
18561 31920
28657 42750
9160 24355
17673 36184
21560 32788
10875 27979
27661 28233
27433 39895
18622 39743
11742 14732
34363 38605
3552 13732
12214 30757
13188 28519
5606 14570
17887 25001
26601 38052
36081 39494
28427 30395
892 35715
15589 27186
16337 31021
30862 40724
2500 33992
3753 24753
12642 13676
9542 38393
6481 36647
12741 24043
13138 30095
11510 41931
8592 32357
19359 36222
3604 29356
6049 25878
6367 24467
2409 35567
10503 17611
8570 41643
4385 9919
22680 27692
5562 20283
15429 33505
6350 13159
4458 33028
32245 41515
10084 37814
9007 28785
5349 29035
6540 18918
16184 17573
2434 34284
18387 33029
25057 29183
21689 30700
8377 21973
4001 32560
25866 31015
31819 33944
18686 26680
16532 22228
12935 39161
11525 19177
18803 21603
16533 25082
3682 15252
21902 35130
12046 43200
14112 18034
15094 23019
8766 17769
10777 17971
11228 13706
1283 27211
5811 18893
6034 34214
39406 40508
8921 28637
16771 40122
16569 37921
682 28684
14565 23614
36634 40558
21770 28945
13557 43237
5529 28979
477 3554
18426 35212
6324 26998
8160 15865
13619 28839
17728 24324
23847 41286
487 38015
7459 19201
9180 10030
20350 36731
16512 23050
6206 9192
913 22551
8802 18715
11667 16385
4733 11517
7204 37341
9056 23735
5309 12616
28160 39395
1779 18501
21792 37944
8231 12483
22980 39607
19572 21538
3811 29379
9959 16534
35925 41158
804 5238
18678 31649
16807 35591
11534 23561
9902 42603
31544 32153
7400 42541
34809 34830
5141 42991
22526 37158
15179 43263
9992 32697
7259 32702
4510 19739
1106 5576
38738 39015
8009 20368
18578 37834
7811 26799
4554 15315
10796 18347
3316 23142
27865 33219
8213 17919
16117 16835
10745 12905
4154 27624
32618 37262
32690 37138
29910 33190
4051 35790
7334 14163
25745 34363
24447 33279
16476 23719
5592 11907
7304 41089
12633 31359
9403 36974
864 37318
6030 9100
10760 42610
35034 37176
3930 6574
11937 17511
647 42164
23080 36939
20117 36482
25008 39358
7082 17483
17790 24905
18592 19931
18891 28858
6726 34817
25072 40282
19601 24295
28236 34047
12264 24672
5061 38635
2892 28425
19387 23023
2337 40446
20985 30034
2222 26910
10152 33463
21112 29809
1708 7441
8652 21133
2494 10070
14172 33040
19898 22946
14776 20911
16279 31260
39313 39996
22710 34753
2858 33917
8341 36897
12966 28512
19314 43082
16799 26573
1776 40005
8824 17803
34443 38936
475 41656
18435 20482
18156 21067
23849 27829
24196 38490
26963 28647
6244 29192
1997 36217
10241 15576
895 7718
1255 29164
39255 40930
8507 26205
9274 40670
3203 43347
98 29251
14962 23868
20817 32678
22467 29491
2261 8155
4656 36613
10111 10218
26008 35257
34910 38937
9090 26970
13155 30262
23377 26679
23528 29292
12275 42715
9727 42308
27067 41428
2201 35616
18899 39433
7964 9374
18582 37282
23854 27018
17209 33395
14081 24011
9108 26206
24422 42751
3155 18581
25740 38071
17468 25927
20499 31406
2422 6918
3 40102
14487 28082
1228 35231
18566 38442
9653 10464
7940 32550
24996 25495
14261 32465
27425 39042
3250 3542
17466 26231
2997 36839
725 8946
12426 20788
30130 33956
1789 25849
24336 43357
21373 38736
3513 9779
15769 37681
20124 29435
2540 21287
25139 30849
4947 18079
24554 31916
6443 39335
20562 26628
15493 26671
9623 16829
12303 16409
33470 41129
16843 24912
27389 43118
1368 26731
6103 12290
8254 42108
844 26731
7470 25030
25910 40710
27450 34911
7269 39269
3002 36028
19680 23917
9960 28650
5813 32873
1452 17919
15051 33092
34527 40996
23968 33108
1104 14203
4795 6731
13137 20368
4520 40269
8317 33947
25106 40134
12876 32112
11895 33179
5921 33345
20224 29615
7803 17861
21600 29077
11737 35222
7571 39203
37421 39946
4800 24983
38023 42266
16510 21827
13683 18033
24722 27312
14322 42866
19210 37335
8540 18127
26091 34463
869 29770
24899 28140
36461 38857
565 34462
6213 39007
8302 26068
498 13238
9538 42489
4616 29188
12632 26625
30032 41102
1073 32394
16278 24860
9909 13385
1481 25049
8963 39548
5063 21771
2430 25198
4576 12793
11828 43045
28812 33670
27181 27273
28555 41184
19412 42545
9232 24662
9683 13981
9374 35857
12750 25341
22698 26851
19859 21542
1561 10641
10309 33102
4539 32509
9415 43213
28907 40296
1790 5216
3290 15102
33285 37137
3634 41707
13374 43076
1205 22498
23112 36640
4303 33171
35445 36681
25556 39915
1625 22303
24085 34931
12329 13768
5099 19492
10434 23540
18102 37263
28129 41318
15038 19004
617 34756
3297 7763
8788 25156
4897 31062
9758 15794
2055 12438
27169 40229
26195 42467
34483 42312
2746 23875
8488 10342
18659 28671
9295 42865
31616 41371
20407 29991
17152 25750
27652 32469
8970 30273
19689 21080
1388 38955
18107 29097
2491 33155
15688 17958
32671 37974
22413 35484
1062 41414
4532 5650
4493 27387
18925 36145
24333 29152
13440 30086
3923 37622
9651 30607
33441 39878
579 23510
11286 12802
17559 42474
4334 24132
15271 30852
8427 23056
14915 35943
30338 38660
6863 13185
5153 37232
34721 42261
4235 16956
17194 24067
15788 20232
39223 39892
5974 10054
5547 14905
16536 18405
12019 20651
25468 37011
10897 24711
28257 37315
29714 36177
12074 12444
1024 10920
9144 36818
8481 42890
9993 41459
1161 42682
1409 38088
3639 26320
36333 36688
20221 34658
4250 42689
12494 19604
22493 39361
17799 40971
2834 28552
22897 39222
1006 2393
32823 43225
18840 24679
8602 32455
13249 35163
28029 28389
14804 40784
19067 40119
1027 38144
3082 19205
4458 31499
23005 42138
28998 31634
9781 37230
6063 26849
14583 26263
12494 32786
12042 20611
8537 28273
12395 15811
7212 18950
5329 34209
16045 23025
4306 8447
4102 36001
21645 27344
3995 40076
13707 17732
16407 40410
8385 24469
8007 42044
23616 36815
12200 42138
21338 34017
13050 27756
12203 35239
11590 40866
2168 32232
6343 17225
13871 38485
23302 25513
644 17064
19172 26707
19024 34945
3992 10916
15940 38665
12575 31812
13478 26890
26688 40790
7512 35807
11465 11531
28836 41263
13575 34178
8859 29613
1953 23383
3397 4290
834 32622
8579 20928
20821 40264
6005 40211
448 35030
2772 42145
6200 26157
2936 15946
16012 30058
12362 35087
16005 18499
1525 12733
30053 32744
17708 24772
6028 38882
8757 37415
39018 40910
15134 28594
3699 27259
8200 14866
16141 38547
37739 43074
15981 34128
28541 31142
8 37360
4563 21820
5069 18016
13594 32326
7704 40299
1432 7065
6579 20676
11331 28870
19784 27062
11380 39874
11807 28799
18660 29541
21144 38823
18871 32205
4555 5902
14454 27707
1273 15299
26597 42900
22511 29871
4609 8582
22984 26119
11921 16254
16975 40062
8775 33648
10449 26883
7466 20132
14771 22661
37141 42751
17066 20178
7711 30516
21656 26324
22136 27715
6901 41264
28616 42404
30569 38272
13950 39666
32401 34567
6557 10872
9769 22613
8714 23731
1888 27064
19886 42399
18587 33735
1484 18343
8152 28165
1810 20957
18117 35506
27898 40848
9681 23897
8190 13373
3762 17354
11200 17783
21700 32638
1080 4115
24131 29262
39359 39617
22964 33357
4510 9111
3281 22908
25175 32681
40066 41953
12381 18467
10377 42067
876 37304
1963 41359
15352 19007
7604 9462
25189 31798
3643 14629
13033 20315
22145 27777
2979 40478
5621 8275
3075 40186
2451 25083
26803 42163
11799 18492
4395 17647
22080 23595
19686 31734
2032 18683
10780 41144
3827 43204
17865 35793
33445 33798
16368 31116
12970 20151
4278 10831
5946 29161
13110 41099
21822 22024
26658 31609
34094 41791
14099 42367
37602 37810
28048 29249
20761 28989
35838 37485
4762 5925
26397 28801
9804 24246
33387 36422
2815 13063
6323 16252
5916 9512
7844 20791
12655 19766
28619 35639
14013 37116
18241 19461
15256 16801
6017 38611
25964 30639
1755 40632
3337 22035
12229 21055
24219 30556
14090 18088
8408 36590
28755 39849
18327 29034
14153 21820
1819 39112
10589 26623
2208 27553
3966 35977
17708 40316
1156 25936
23564 42346
34553 38676
35563 36849
17550 43113
16619 39571
12604 18084
19161 20750
7225 19399
7630 35892
715 42408
9320 27408
20237 35004
12971 25233
26266 31327
29085 36169
24833 33990
12385 20413
14587 20183
2077 13864
12166 18797
7777 8211
9145 39835
24042 34400
29310 39670
2734 40966
9827 25145
14732 26199
10090 15167
5265 20266
37220 39340
4316 36332
285 31870
32848 35339
4222 14039
1774 4414
28507 29897
6386 20899
27634 42575
4365 38668
1665 5410
12336 41058
18267 33840
5346 24769
22338 35257
2648 23637
28062 34916
1234 6355
17368 39443
14107 39329
17666 19852
610 16327
16464 37724
16946 29362
22711 41854
11104 35309
6762 24569
37126 38365
8416 40749
41025 42119
29654 38325
19627 27854
18928 37679
31615 43136
11207 29021
6943 29461
11132 41679
8031 14493
13655 18644
14475 32935
14278 40500
35061 39216
6674 13960
2150 24649
20880 25381
28190 42806
27070 36359
17587 17650
3409 7496
7242 14417
17802 21187
3013 42959
272 34775
8741 22358
17221 42375
19283 22163
9969 32502
3544 36179
26834 28131
10347 37558
1754 10312
3367 26683
20440 25459
17658 20684
11054 22898
4369 36292
30375 40313
12504 28725
1763 37570
2140 37328
27854 27931
33829 37789
38975 41184
10653 29909
15893 39547
894 15466
14389 29727
21545 24054
28177 38383
31018 31495
7428 7760
27244 40430
11913 18808
20274 34215
33035 38867
15036 36893
498 20569
17569 25688
9799 24520
8799 21373
7402 26726
17155 38880
7162 27239
7461 36166
6195 28204
6099 14910
8967 22677
12325 28551
12078 12644
26559 28434
11594 20933
1440 35762
12335 20379
5490 34050
9399 30413
16684 37982
6959 42371
15108 27320
31472 35987
28690 29492
2840 25230
25036 43447
15986 34419
12526 30712
29582 30827
27138 41323
26902 38572
11657 15970
31258 40350
8446 21635
2244 6136
6948 36705
10474 29920
5040 35692
14963 24872
32782 38744
29387 41848
10521 35593
3632 25580
27184 42607
21844 25383
6670 29786
23475 25364
2328 10910
8226 9968
24073 33392
11048 37739
24464 39464
8954 42198
1289 43298
15857 26253
10422 22001
7019 14664
8988 30670
4677 6943
8138 34472
18528 39333
17322 30668
6603 25531
20434 37075
653 30255
7351 30120
16019 31684
17100 26125
9801 26794
3694 15319
3665 28322
4428 10588
7182 23703
32849 35428
5204 6645
4870 9243
18940 19275
14819 29445
16854 32485
9635 22560
37705 41693
30000 41674
30582 32230
27904 36638
25955 28646
4791 18749
21089 33744
4116 19334
2241 7127
8051 10502
18287 40560
34094 39510
27463 34451
36320 43084
36647 37063
15997 23415
24009 41112
15014 34235
2537 15756
758 10427
9234 35398
8470 34248
20830 40808
4352 39209
25743 32146
9750 31528
3789 7046
25673 29872
16810 35946
6483 22739
16622 34205
32986 34736
475 11243
19541 42661
15055 40810
10604 39926
8265 41356
3439 41349
6967 21805
8517 17448
1529 35537
25505 41026
2125 39732
2442 33023
3539 10439
1012 32012
303 37739
9111 25542
14145 32860
15494 30499
24201 42571
2301 5434
13283 18343
2424 26967
6691 30208
8709 31389
212 5541
7248 31065
29113 29520
14933 37787
29897 31322
8833 30112
8770 9384
15297 31833
16926 27769
31270 40844
7778 28786
7997 41891
13560 36529
21845 26277
9435 13184
20939 39007
10555 10771
55 35543
10262 16376
16311 18047
3173 4023
33280 39131
1564 4767
5359 21784
2857 17558
10758 12793
4668 32224
30447 37774
29160 34597
11780 35112
29173 30860
17373 41670
11165 37468
6723 14224
11587 13025
3056 42469
19686 24460
2009 16121
2654 23241
32097 40599
9975 15915
16262 17000
21282 26140
16588 27750
32501 42934
9461 31909
5031 21322
1858 23307
2062 42550
28473 29321
11206 16716
2837 13499
14610 26907
4662 16729
8282 20159
15052 19146
14394 23118
8821 21376
19538 30604
30122 36270
1591 5408
5630 18059
1228 29677
9728 23743
1195 37865
2402 40524
756 17789
8420 9139
14023 25807
5042 12412
2807 6278
8162 29260
6169 42661
7689 20180
23715 41657
17509 31112
3094 32157
12641 41991
4519 16020
23297 28312
27441 39067
4043 32306
9417 13651
1176 37973
23008 38008
31691 43078
13127 16220
11053 34917
3845 37394
22603 33758
8952 35953
24898 29555
5392 36738
3210 43070
5931 16078
1252 29862
1851 25495
2064 22570
1712 39646
8480 23311
9908 21243
10172 36565
3628 11503
957 31634
11 16480
580 12436
12254 17759
17522 18865
17368 37646
24357 29581
14396 39355
31715 41570
32064 41724
1597 41012
31965 43438
34604 36793
4217 31681
21214 41015
3867 43168
25811 41162
4309 5606
1421 27954
2875 20691
35080 40694
1026 34780
29768 40979
5751 17931
7769 23276
30239 36400
20582 31124
25764 34930
24460 25922
18049 31749
19647 36508
13917 39478
10187 38162
17684 22202
6247 16068
13440 32908
12566 25736
32877 34256
4936 6643
16232 29511
14617 20641
2437 17432
5356 7229
4419 23120
24695 36527
37976 40279
24296 36818
15440 35203
29240 41210
20806 40816
5705 17936
14371 33417
9690 19047
33490 36176
22936 32604
11444 39595
2466 25717
19926 29857
4848 5483
6780 42545
27723 36820
7902 28127
1935 33436
17487 31837
8018 33937
30676 37690
6446 19287
13646 26718
347 1257
6783 22844
15070 40746
18161 21201
18454 34255
5057 12423
8158 39609
11178 23796
13199 42244
16184 40208
888 39518
8601 30730
3039 14625
18434 36262
4260 25850
30584 39794
6632 31693
11107 34883
29651 39589
26660 43308
7874 17569
25903 40885
8764 39769
17352 18938
17985 20571
303 11888
23655 36209
14603 32770
16028 16633
8635 15977
26862 30610
29752 34164
5709 20283
7118 28553
10756 11621
13984 34418
21133 27574
6491 19006
6596 21274
35917 40921
5794 19832
18196 19478
12650 31425
20012 30324
8622 26480
33790 34320
16928 42180
32499 38379
12377 20686
17910 25473
34970 37785
8393 30565
20406 24212
19371 41258
24564 30701
34419 38436
1083 1274
20003 23041
13644 21144
29443 38670
28486 40323
16998 29528
15556 25282
9465 32245
410 22873
19748 38737
16467 32521
30161 31716
1650 13372
9253 19530
21997 24767
7117 15095
7620 38347
18135 23497
25507 27248
1189 19578
4274 14740
30677 35955
7283 13852
104 21985
20165 42408
4118 20616
33553 41331
9360 35053
1459 1911
14386 14934
8794 19366
21018 29263
13699 24584
2456 34531
7825 25920
11043 43303
21556 34042
1335 9954
25362 27274
3646 30605
3797 34938
13554 42138
6577 42858
6035 40589
17766 42474
23953 35219
18619 42161
11066 24978
28798 33778
13700 21961
5500 11383
32677 37846
17916 42418
13849 25467
22217 33909
12665 23731
33676 37358
22503 25635
2617 12383
17655 39610
19192 23714
10558 31368
37384 42298
10138 23612
16422 43085
6205 9859
24523 31026
24142 36030
231 42482
15450 26710
7199 39764
2612 38053
24470 40999
1175 42287
2282 13975
8087 17006
12525 42760
3642 35158
5377 8135
32349 42302
12355 27073
27666 29549
21928 25296
28201 30647
4289 10833
18443 36808
12336 32658
2513 40676
36816 40686
4308 27290
26763 28240
5060 22199
21847 38139
17152 28035
4657 29164
6528 21250
34140 41225
27581 38486
147 20503
27710 31726
15378 41709
21999 34746
9340 18505
10740 20805
26832 31982
23163 36015
18031 21938
5320 9479
11477 34095
10742 37847
23847 43063
12919 14175
36889 38131
18624 20008
17966 30588
15438 42699
35247 42899
30104 32605
2256 5183
24832 40425
33280 38273
12223 41240
15701 19889
8777 26851
7630 8967
8730 13449
25055 32711
10457 41219
29767 40540
10623 15093
16278 31951
12675 32100
16212 36027
6113 23236
6867 12556
25902 32583
16984 38758
16386 17898
18500 32373
340 16710
8118 27565
14283 22271
16493 42870
36579 42412
15528 27666
20997 37164
16823 34868
10308 14708
18855 25367
33486 41882
16795 32820
19305 40879
28348 40068
16803 27985
15608 16291
5462 41561
5478 29262
2070 17609
10486 31195
15873 34467
3249 33496
5485 8741
11007 17311
8871 25708
18391 18443
26467 26511
28710 36670
27597 29704
8136 8522
25662 31941
12381 25745
25784 30618
33655 42226
3476 9716
3382 28548
3803 39158
26838 32281
17545 37081
27743 28186
25588 42757
150 14088
9467 14600
2821 40000
35651 40615
5380 7762
26504 27682
6185 40212
19109 28643
19239 27935
27649 28709
26740 33816
27297 34673
23498 27336
19614 27997
32965 43068
5166 33066
1342 9649
30081 40460
10875 16387
24763 29411
18051 27396
29045 31240
40275 41245
14617 18494
10498 39260
15492 18694
4299 12920
18518 39290
7076 39228
5389 20656
23000 33825
616 15557
11149 15808
10581 22706
1055 41268
19200 39095
2945 18320
35598 40930
26185 37512
19557 35168
13903 42886
556 12281
28760 42748
20997 32171
11170 13652
6877 15606
108 33059
11270 39897
1187 17251
13985 40252
6332 30035
29561 37549
26094 35115
646 12174
3670 28560
6419 34915
14251 34709
22396 41416
6606 41157
375 20756
1966 33204
27263 36728
10315 39152
22576 33655
11466 38496
5914 37631
21869 26623
15151 42321
8210 42698
8003 18276
12227 13519
26390 28468
21899 28717
3038 29222
1823 25921
29336 35337
5997 15385
2492 23047
29477 30092
2804 9578
20100 20669
14133 25978
31126 39512
6244 23398
19265 24005
26785 30660
5803 15519
34785 39672
27965 32462
21320 25253
6419 36204
7127 18763
3313 6422
15908 37200
1361 15660
14215 17093
6987 14030
2931 17617
19948 42879
11349 36756
38613 43216
27049 41471
23467 32671
22572 24622
6683 25138
18831 37669
28251 29234
13951 34201
4152 42805
11840 30577
18681 25832
24775 28966
10922 41792
22996 23637
28348 40686
11310 27379
4736 6612
25693 33966
963 36151
3901 9194
5439 13148
965 19228
14523 25732
13215 32066
7966 39281
6980 33588
3587 26939
14917 24316
1466 12047
31597 41325
18373 38669
930 34698
8571 30760
28534 39506
7001 8801
6346 42118
11248 24407
34752 35536
1235 40407
35061 37045
3515 15924
6165 9468
33579 39816
33507 38250
4197 28561
9079 42463
16000 23152
25077 37009
11607 27908
19151 35903
18779 40461
10206 28389
593 29047
33641 37661
4886 20677
5 11349
13245 41865
14345 18798
14272 33037
13937 21447
25304 40583
31035 37249
3335 12731
1530 12597
19333 22738
14296 40978
9223 10512
1860 20056
544 16703
8941 36463
29192 41734
5120 22951
18686 35170
2387 35788
10189 14048
13709 28386
15694 29619
17413 19621
26437 31400
1145 12382
16972 40789
35088 41096
5189 13107
22299 34396
3081 9000
13434 39643
26815 27007
5588 24867
28196 33229
6438 25037
30226 39897
9937 42470
20089 27568
15373 22249
6517 25330
15847 41353
22327 32657
32187 38292
25530 39182
15930 26304
16750 36431
9619 11801
13766 39069
4862 38726
26505 26966
4265 27890
15758 36585
10572 24901
17919 18796
21633 38103
1643 14702
3809 14061
14915 15894
681 40140
1777 1870
41820 42423
23811 24455
28002 41472
24088 29459
21135 40078
6865 18092
16883 27511
10895 31943
3707 23583
19997 32301
3805 13538
25468 29794
35779 37580
7509 11189
4375 40486
9010 35263
935 42881
34823 35671
12149 37077
14405 20868
7876 38717
13977 40578
26290 35271
30314 34590
725 4575
22610 25374
20854 42660
25952 32243
5022 9156
12806 14194
904 29423
7813 38368
21865 36517
25488 37212
20087 34796
9818 33837
27149 41539
16660 18205
24333 27546
26941 43310
6307 19053
34098 42743
13956 18948
7066 31156
24175 30343
20151 24608
183 42091
18130 42377
31720 39714
5694 12595
8644 22616
11011 35285
3118 12584
9613 10400
3646 8539
873 33843
23626 38422
11897 24532
1413 1542
21876 27607
1190 13548
10463 32447
32538 34684
32665 35957
30819 31850
32336 38899
30987 35598
8579 12772
6234 11004
9463 14024
12494 23475
19143 37219
5879 37608
5272 22112
3494 19637
6203 41869
30370 40510
4596 32860
15599 36258
25998 29339
12724 14488
9092 14461
4679 8951
23699 26226
14272 23856
21366 30137
11167 37087
6218 8377
14729 23543
3088 15916
12719 30359
5027 22466
10911 20128
28582 43174
10852 22931
29616 35325
12053 28054
3486 22378
24332 37658
19602 26779
39797 43230
18956 36430
7494 26856
5286 38383
13564 29404
14723 32773
6104 9968
27505 39056
17951 24079
28692 33893
3719 11245
16860 22534
11837 36508
25982 31438
4146 31469
12921 29712
20660 33479
8299 41778
37980 38548
25768 27722
12708 38464
8195 36702
1218 37422
13588 18097
898 27618
1850 12789
4615 8535
22544 28429
12023 16669
1619 6440
19801 23582
19582 27416
17127 20784
8548 26425
14203 32895
18486 19111
2085 27558
766 13354
7913 15297
6314 11067
29826 41527
12234 18020
10692 27156
31739 34024
4893 28077
9604 25882
36491 36556
22919 38290
10206 28202
9813 31883
28333 39221
15402 19074
8720 36681
34186 34564
11522 42108
3639 28231
11845 17686
11827 29158
688 22681
13656 21772
4565 8017
9701 38997
10597 11993
19567 33335
31161 42836
966 20181
17975 27832
220 34886
6590 7336
18667 41157
21567 29214
27831 32005
4127 21754
6417 17207
19902 39448
26124 26552
13367 28435
14829 38029
284 16562
16028 38353
6573 33935
4864 9188
18419 42748
24937 27928
21959 22275
24691 31659
2104 4172
14003 14501
20518 38633
2667 3346
22009 24082
10875 42832
2892 28539
4732 12452
25882 30587
236 10105
7713 8954
19775 31355
12762 26002
13332 42562
12165 40241
20947 30795
16449 40453
5389 34269
20695 39619
19070 21925
11795 23934
33460 36099
9560 21772
4335 6750
10224 25724
13018 22400
8732 22115
33834 38003
26190 26394
16941 31466
11976 12611
9786 12666
8386 24861
6631 24090
12715 12950
5557 21960
16893 39531
1463 42813
21695 39706
16307 20748
36555 40997
11708 35427
20221 40086
8661 34141
5904 42420
3365 27015
11658 33620
7971 22552
13528 36623
4384 6992
28221 43436
17769 27309
10716 31417
1937 7391
30437 36688
11551 16003
8352 23183
14883 31044
30106 38803
9014 24056
24127 31455
20227 24066
12470 30273
2160 4430
27953 30789
4731 11422
4134 13418
20869 33332
30029 31386
2272 6334
4551 22566
24365 27836
234 18272
13081 35530
32296 33271
8940 17876
4760 33293
28891 42857
22917 36607
7209 18445
3257 41603
22225 30607
4188 38729
35444 37645
13078 41648
25316 31441
8601 21793
2735 34324
9426 37182
15803 21191
6544 27073
2154 41926
10822 41992
8267 36442
20663 43413
5898 21448
10214 34939
26871 38755
10379 41422
881 7129
32722 39687
6635 23404
152 25413
17794 40147
6612 37006
10783 22789
26040 39766
5714 6994
37756 38118
30230 35590
13198 40787
40794 41570
34688 39365
24988 41532
12091 37019
25188 31040
30248 33917
2608 43385
2983 4601
18776 33424
26283 33458
29032 39059
9523 20095
25856 28695
6055 32520
32395 40581
12956 39160
16233 16587
8794 27799
10557 40539
2058 25198
16625 42452
16920 29568
1679 24613
802 17924
3690 41619
682 14624
21412 32173
14745 17069
23564 36552
28297 40532
8841 26864
3846 29300
9557 19864
20000 40601
32901 33744
4139 42354
15868 18337
20535 28867
10994 31845
8376 8977
5512 25303
10397 14593
14644 43031
19207 37932
21965 33261
18549 41904
4554 37873
19469 37151
5564 22460
21888 36424
65 10087
5547 7769
3290 29203
21340 43008
6625 16434
13727 23330
10821 23407
7505 29810
13212 29300
15201 25579
6387 15330
32609 33693
10147 24402
2637 22407
9036 42392
7508 36874
7937 26434
21154 34335
8495 16404
7259 25058
31750 39072
13635 24680
6790 31935
20176 30223
7879 23231
3515 36087
15399 21218
35997 39402
37585 40999
2199 12732
20675 37491
4894 35066
17655 40472
1697 34213
21330 39637
13512 33325
6654 22625
19616 36423
6627 37017
1037 35860
22498 23120
14736 28983
13705 33905
21035 21969
25129 41497
35029 39361
16807 22820
8194 16045
1329 17952
11803 40254
13482 41969
19761 27887
13177 34917
6662 15511
23039 30799
35771 37719
6527 23954
14211 20652
2419 41903
13030 33177
7850 13202
2102 4289
10109 17478
3002 37565
1773 39284
7026 32188
5964 28163
1486 15842
12879 30537
26268 38922
23596 36759
24059 28347
19084 36131
16567 25211
2661 31987
2961 15283
9561 18777
20486 23982
11537 28592
21824 31820
14249 14878
18352 22626
9961 19650
16129 22733
1486 35440
11949 34952
17703 19736
5360 8427
9049 34063
11992 22756
16854 23174
3601 12610
37813 38331
2962 17578
40378 42125
2081 9427
461 33956
11259 33724
24927 30944
2507 17183
12564 24086
7203 15619
76 30358
3765 12425
2273 16952
3600 41405
15937 30268
13264 43156
12413 18440
9825 10498
18310 30859
19160 22139
557 31570
23225 40737
26050 32562
7827 10723
13034 20221
30224 30916
1044 1860
5702 29078
9653 10391
30051 32651
11933 30231
14835 43244
772 13415
38221 42074
11962 28717
16575 25987
11232 39983
17703 34207
2362 38470
9996 17146
805 13363
16169 18883
518 22166
671 15992
3456 28420
3933 12544
15348 37578
22586 38885
17110 28216
25079 40359
5396 25746
11206 33285
11294 28968
28090 29910
20059 20107
26038 41196
36489 41637
2057 29913
7723 26184
19527 34741
13511 16214
7035 8814
32393 41661
18240 29874
2562 29082
30292 36281
8416 15036
38759 40787
15882 31254
26892 33379
9299 32093
17148 41690
14998 21142
10832 31539
26365 33862
397 21997
6164 21538
14361 15603
24732 30802
19360 39704
872 3042
7315 37097
301 16058
20856 37016
22487 23199
15097 24504
20444 34039
781 27248
9618 13537
192 20437
11630 29425
29682 31225
18682 38678
9120 12506
18299 21944
28384 36557
30051 39201
19114 21339
16058 28827
19276 42046
5535 20404
2076 24247
13753 40421
26855 41202
24765 25623
26475 28903
10538 13133
25518 30556
1465 15233
18454 41920
29 31935
9258 36764
11932 24478
31152 32951
11127 16911
16787 22971
30214 34654
23492 27979
8200 15919
40234 42456
10699 30205
21449 33157
14295 21907
26160 30962
3126 5230
5652 34171
9170 42020
36575 43235
35152 43203
20634 32981
159 32166
18958 34947
7893 30671
20642 30590
25705 34704
13554 36397
24256 27035
40611 42564
4171 6026
17439 19342
16957 21288
7035 12331
6877 36066
6681 39160
3233 36968
27147 38169
22104 41123
9320 38931
22983 42223
9236 37540
3524 12042
7649 32381
7028 29819
8400 15576
10089 31565
5928 37610
206 13114
6898 33910
6906 13614
7414 34958
29816 30420
12727 41499
28035 34844
13250 17862
33488 42119
9834 27259
3488 40119
10846 16645
488 35616
2547 43214
11345 30329
24839 36818
12001 12698
18060 29609
13400 42881
9243 14925
10264 23056
26526 42558
5518 39782
23007 26193
4560 24803
10231 21418
12789 34621
14343 18140
11466 18955
558 6749
3147 15101
3535 25009
14667 28063
30798 40666
12867 17693
7267 15848
4523 41890
6329 13579
22025 30226
14814 33186
5448 15816
1774 16287
4658 14199
25402 33898
15729 28089
11916 31434
21013 29728
4778 14301
17190 34829
2314 4897
25941 37559
24086 42034
14694 29859
11783 25428
19532 28937
22546 35001
5419 14297
10924 21008
8369 15458
15079 20810
26988 35799
15497 21323
5720 29686
23844 43440
16085 21493
3747 14692
16805 36866
11317 16738
12975 34380
36283 39935
16368 21781
612 33184
9310 19129
18483 32694
18375 20329
12481 40638
26298 29875
3820 33637
21254 42218
7918 32905
681 28036
6548 32699
7962 41313
13198 34802
3826 38555
9249 37320
28984 31155
7479 16993
19833 22075
25213 32282
19204 33393
4834 29485
38890 41107
3909 29141
21104 40180
3448 32718
9694 20408
13723 24043
1593 30777
6328 22752
21992 27810
3133 18562
18192 42694
16520 29126
30857 37058
5158 16750
22289 35910
19202 35949
11738 41469
18937 23600
3671 37836
18523 40764
36183 37610
14662 32549
32749 43203
15821 27812
959 17026
2620 40793
3470 36799
28000 36246
15187 32370
21578 34744
1678 25758
11575 18443
4554 31888
25520 31220
10079 10204
7525 17122
31375 33614
3713 36907
2926 13142
13034 14907
1746 2480
335 5683
6572 42868
7449 11650
6275 21182
11641 33965
34882 42240
5551 9073
1915 9082
5456 42956
14775 33715
12936 21919
5300 10925
13185 20179
27714 41113
13242 41624
6440 7636
22392 32574
1615 16899
11286 26045
2230 33976
7701 37885
35963 43447
26686 28778
10255 12473
18774 37326
1678 5355
13764 24178
1215 4133
2375 36774
12511 37389
19381 34328
19151 27450
3234 18748
6715 41991
12935 38848
2048 21103
3590 5551
18928 21928
13996 35266
9976 10025
14149 32098
12358 31862
32098 36429
14297 31996
14123 34849
3309 38520
4701 7748
11014 19291
6215 29775
18565 25259
34466 39120
19287 32599
96 17694
31623 36321
18187 25838
9237 14008
18536 34128
12117 14430
6395 38229
19724 32573
6721 10106
14076 18414
12226 23233
13027 39726
17499 32819
4090 24159
10334 21410
1775 26175
9397 32575
8260 16133
8737 11591
26547 37987
26776 29179
19066 35232
26191 30246
4713 30739
16987 29611
609 9934
9939 25203
7557 39775
6422 20962
4124 40143
6240 11122
9142 15999
4369 15064
17325 39405
26164 29739
5491 27219
42352 42876
6788 39220
39375 42521
5433 8555
4215 5737
110 36035
1011 8409
14511 29430
6360 39682
18310 23935
1378 15750
8551 15908
15274 36771
17435 29370
6099 9547
11461 27284
191 30712
6425 16887
16424 31726
1808 24379
22539 37457
15547 18621
15971 39328
35876 42242
37917 38711
16104 23642
11244 19887
4086 16065
2771 18010
6240 18827
27319 42946
6013 34097
15907 15931
24183 41780
34873 39763
35365 40225
8867 33298
10316 14549
20115 31774
26586 32414
13364 16999
4065 38758
2301 23662
3783 22830
23344 25934
5769 13176
7053 36993
6624 13690
36628 39029
15415 36787
196 38761
1293 16177
18104 43091
17471 27872
26478 33820
20808 43257
3843 11769
709 20098
8153 27889
4131 12401
21171 21617
17813 41572
30795 39807
6960 28319
4845 34375
18229 34088
11160 17506
15399 24361
18430 40228
9983 14497
13436 14781
11928 29163
10250 37472
7998 25507
4234 4393
15011 24252
11170 31965
13457 21485
15667 42084
13006 24996
16051 36597
5482 16687
23172 36565
9801 41029
13281 20505
3342 37208
17446 21749
17453 20476
41263 41511
13782 41432
26640 26769
1008 5993
26456 28934
10008 41507
4443 11333
31305 36472
1401 7385
4984 26209
7715 16709
27143 29083
6105 42680
23951 34990
9173 19179
1719 29359
32863 37668
13572 21593
11722 26412
9287 38714
13175 40616
9301 25780
31638 35342
29014 38323
805 32587
9490 38484
5476 33437
24208 30832
7406 7444
13909 14947
3483 22672
11460 18683
9755 16309
9080 27474
19399 39285
858 39014
23385 42284
3094 12539
7331 17069
1316 10818
8526 27073
34549 37679
22256 25925
24338 24647
27799 41788
19525 32227
18788 38350
5954 9276
6098 18854
8905 37457
1920 17348
33424 40687
3809 40750
2433 30176
14728 23509
3136 33302
27755 41866
18509 31960
22232 31351
12797 18540
35558 36566
7064 14631
14213 14957
5241 30695
15527 18237
25411 30874
10992 41037
12787 29903
3461 34001
7145 22140
9428 19832
6191 29478
14775 25957
32849 33932
5559 40803
19763 26514
54 10680
18720 26703
22346 41705
30384 41107
20335 23707
23683 28893
8437 23594
15099 23802
25107 34031
4029 19182
11109 29729
41947 42627
28114 40644
8163 15663
31978 41960
17082 32344
14664 27257
15357 42527
9724 29400
10895 41262
16892 19388
569 18858
30224 31965
16535 20282
7532 40871
2219 38302
20824 27254
13698 43127
24588 40232
14289 29073
23908 38029
538 16512
4473 7680
12143 15814
16447 38370
12983 41869
31737 36771
2092 22662
11139 23313
4193 15210
2174 37778
3588 4513
16773 32878
2472 14023
27992 42502
4789 17715
27801 37272
12177 15583
1171 6252
10886 22086
26935 27709
29118 37817
6176 33551
9438 18025
15459 38616
25650 39130
33220 41930
3705 5448
11367 29714
381 37065
15506 40125
17201 31231
32419 40898
9278 23405
28863 31067
794 13068
32756 38039
13420 31081
3503 22468
26677 29521
2021 25239
9172 19222
12060 29119
10565 23549
13942 32883
17314 32047
17792 30359
10617 32784
22383 39359
24888 43102
39275 40009
36149 41840
35915 37472
2304 20050
1035 32728
1171 33555
18332 28768
24691 39555
10371 31038
17439 31934
22996 41279
20732 21383
6262 16305
8407 14787
16877 33362
29879 33727
7914 38074
2225 9554
15270 25107
18190 37171
28266 31319
14930 21252
17006 37155
17340 19473
8357 18083
26329 40865
7607 13421
8862 19504
14556 14625
18613 31797
667 4574
17154 25884
6400 36776
9923 10472
8298 20105
20281 42213
14457 38940
3933 14077
1520 33308
18867 31155
3309 41045
9362 37762
23072 26348
8676 21219
40246 40482
13918 25076
10335 35299
1628 6423
6306 8252
8840 16897
9064 39236
27405 37941
33174 34899
33752 36825
23423 38067
36824 42113
9194 29668
19019 20033
12686 41958
35081 42857
12977 34028
14321 30569
9895 42547
12960 15365
5132 42108
24860 41188
829 36958
8892 23853
1527 4277
2382 42698
4125 10463
4345 11927
5905 12230
29944 35037
14712 25472
10200 39396
33776 34186
3996 19852
21549 26435
9712 14732
5909 19519
7981 11137
40176 41941
23101 42338
9055 32892
19880 43343
2957 30548
5371 15679
23679 35404
8967 21933
6117 30021
3078 38422
1210 34556
19854 26846
12211 29957
10919 20774
5035 11034
17164 30493
23396 32837
26892 29785
5276 14129
453 37960
12214 15144
36368 38463
10257 14424
24200 27155
10395 10416
18799 28903
18737 28025
3960 6989
29351 29396
18274 32465
27253 36365
6495 20932
12260 35676
19328 31876
37464 40729
6405 21978
22203 23818
18978 40919
25384 25858
3557 15617
2668 34178
4042 17352
21799 36008
13531 39259
25345 25903
3162 20191
5523 11912
835 23136
7507 32168
33499 41209
6516 22159
12383 23624
325 21344
24395 36082
24094 36908
9732 37025
8003 27087
2221 40255
35621 38017
19307 26461
29267 36464
15149 41637
1144 21612
5594 14946
9885 42902
6971 32538
12415 25764
347 18070
3666 15910
5049 25211
24554 41215
2345 36534
15675 19237
23262 31278
11727 41605
2104 24579
1023 30892
10467 36841
4781 25396
12165 34634
8371 38221
862 17203
13344 23194
14707 15813
21680 24019
2636 38403
13262 28265
6740 10132
32100 41362
37430 43346
21694 23136
4519 22363
23727 34239
10444 23244
3666 42863
31918 32431
19728 27780
4488 11938
5318 20501
7096 7700
4169 13124
14521 21665
4887 31834
13031 16439
2290 42088
5590 34960
13067 40979
9790 23393
2398 28035
4296 18534
4149 32070
22114 22382
38465 42865
3822 35647
4836 13560
23092 33095
19572 25173
2915 22111
15403 29637
7007 11011
32874 37319
6812 14707
31050 41107
14780 40211
7990 11710
21809 22685
16619 33513
13232 16321
5016 22014
5450 5502
37269 40745
9086 36230
33511 37381
2246 5922
12950 35102
501 5839
2533 38409
10120 13297
1582 10079
29640 38277
24836 38029
6521 26959
11635 40430
5429 34611
12513 23400
7214 10149
17376 30644
8580 35496
2450 22317
4338 7402
12839 21880
15572 34118
3384 17462
22007 27931
32350 41082
2366 31479
5259 13639
17839 29587
4284 25074
15925 36865
16422 24085
13154 29970
21139 32258
3619 25623
17810 24870
5255 20286
20510 38880
4277 25034
1103 7169
29195 40613
24474 29288
15506 40072
20943 31565
35196 38860
1016 16060
11165 28214
1087 37403
28859 29552
14148 31767
18976 26939
16395 26584
9219 13323
7958 12121
28914 30013
11086 15089
6530 11745
5013 30737
13027 38681
11840 31012
13557 22631
7982 32894
31705 32807
28792 31713
3193 37650
39316 42990
12387 14377
18023 19851
14643 32877
5747 42975
18802 21309
14195 30243
731 3217
2875 23196
28230 39530
21687 34318
32437 33106
31566 36031
15138 29823
19988 39306
14945 36598
9174 32397
4924 35741
8024 9334
7918 29095
529 1955
25889 26769
12965 39092
7409 43181
8712 29333
21809 30524
18832 30169
26333 40746
23221 31895
11671 15496
4863 42820
30708 33906
3741 41962
7991 32956
14196 20645
8752 16839
7052 18219
2982 29078
9414 24128
2913 24777
16748 25143
17918 20565
1533 8577
6595 9083
15374 33863
13117 17390
17540 26806
23250 24315
6287 20981
18588 28654
31650 33234
32260 39579
8921 34179
25932 39247
15537 17238
24463 27728
23542 35454
13962 30398
26291 41809
11093 41654
295 23200
14170 18269
360 27759
4753 20559
3932 12459
18928 23245
38223 38473
19901 30396
26466 37087
1724 40201
18980 25098
6798 38058
19062 36242
14484 22751
17752 36087
22131 26737
1543 6797
12275 32363
15852 19851
12441 39980
14610 15693
20917 32706
32171 39887
27737 27838
10991 15871
23189 28519
3120 29146
700 8737
12300 14111
6320 28984
3734 17705
13006 20918
7268 23835
21352 29601
1835 41321
2648 17258
12928 23479
7683 38572
18900 23240
860 14095
19978 31905
13302 35963
5071 30236
26566 33130
11532 19608
9996 31942
37683 39259
972 13747
17331 17906
845 3614
34728 36219
9606 37614
8067 14776
23290 24787
8525 40729
2892 34772
2047 36666
17325 43166
13665 15262
19176 34785
22645 35602
7204 38695
3999 22675
3453 36502
11793 28401
22085 40109
10355 16949
23046 41773
23247 37333
174 40720
11697 18490
6738 31725
130 986
6317 8283
26142 36343
14470 16571
20983 40068
31164 36484
15171 35866
9920 27759
16981 31648
9480 35566
180 3732
2911 32139
20907 21764
2321 28890
8199 20156
5973 40903
5686 31047
12952 27232
19648 26270
12281 16447
15085 29117
14491 30630
4123 24030
10191 36331
15839 36904
3164 31272
18164 26716
7102 19705
28287 35205
5338 30714
6112 35770
3258 25457
18548 37444
14522 26910
13875 33515
26951 33829
24728 26766
4412 18656
17728 41088
22824 38704
18377 22286
16662 39573
2187 33397
8344 9526
9100 30972
8133 31937
16423 22029
10871 21164
10652 24244
17729 18278
4666 27059
13698 38699
17532 33979
31101 40053
21712 31559
2945 12286
6966 30555
16400 25428
16004 35816
7926 19751
23565 36056
20150 23232
16294 25941
3464 22650
5706 17123
29979 40134
29733 36695
13697 36195
21827 28284
13673 29193
1954 30543
8790 19038
8000 17421
19042 26409
1388 12604
6664 35293
1712 31949
13400 21864
8202 22251
9461 33206
10053 24450
12045 30826
32487 35665
7886 33534
16854 19340
15704 33430
10932 35157
2437 4474
20719 25984
16641 25648
1023 31323
24819 30051
10475 10560
16092 26372
4972 15973
2785 21961
14334 27747
36069 40651
16964 42516
5650 24704
20041 23073
17558 24007
8169 28345
39133 39662
30297 31152
21286 32632
11432 34921
26358 29662
17629 42906
27063 27199
22531 31611
2474 30555
698 38329
867 28716
2429 4017
31649 42271
18021 22196
3330 41093
31259 31728
450 31811
7186 31968
12125 17357
8580 23900
33094 33202
9324 15538
7388 43214
25993 36330
29549 40499
6002 21564
24054 25616
14536 20684
26091 27039
17037 42213
22370 39772
18434 23304
680 35656
9217 38457
34888 42976
6177 31926
3299 4223
23915 35256
34842 41288
1766 37796
4100 43347
16341 21168
1947 20838
27887 36105
9223 18465
13017 14878
15831 32208
17374 36506
17735 42901
4017 30288
23466 40533
8581 41629
8164 9261
10306 12198
22153 39141
6837 33103
38682 39739
14330 19653
14253 41098
3108 28225
20532 28736
9315 37652
3406 10886
6962 14301
3865 8956
4942 7597
13340 41545
39876 43102
20033 30486
6256 39924
37672 42505
10360 28649
10438 13256
3659 22851
6113 29258
28597 42280
25502 28872
18472 28268
4625 9583
13911 35103
6886 34843
11481 14006
19846 22931
21069 21397
22317 39141
5109 11093
11992 29205
19796 37339
9731 25822
22428 42355
7215 30588
2709 19417
3999 25521
8735 40352
7108 21831
5164 14183
30448 38221
28531 37846
30539 38339
27407 40325
13261 20849
18978 21781
15389 17472
17254 22575
19963 40081
40534 41358
17603 20477
15928 34719
19547 28125
24899 38004
22404 35703
20845 39008
5564 15995
29976 36132
7078 11227
14307 23560
20849 26884
24985 29642
9712 10654
4600 22893
7078 33858
19986 21756
7448 26975
27315 28843
11465 35703
2394 38630
37987 40772
7992 41368
3295 32881
1332 31407
6659 21042
3260 33826
33177 35791
32876 36617
34546 42942
37681 40473
16615 20723
4626 24464
8376 39264
14992 22323
17672 32483
20945 25252
8345 31283
8932 18019
8241 32623
14417 19382
14031 24042
25367 41613
8032 42837
13953 30767
3090 9444
18626 21864
4567 15374
7146 19066
26670 37564
22217 38105
17315 40732
11719 19381
9980 36082
10899 27721
24267 42207
13084 14490
836 39662
24191 38425
4733 40926
5940 20954
16507 28895
8572 28414
18229 31246
8881 36339
14107 27420
18186 24194
18115 38314
30945 35189
970 17970
26186 33960
24948 41787
4047 24356
15024 29751
2895 35367
4703 8445
1852 41972
31437 39034
4442 11299
12835 13412
25377 28314
27470 41912
22090 30951
5442 23279
8114 22998
81 12560
28812 28958
36029 40530
10850 23641
8411 40897
2643 16056
11271 21419
9252 43233
8491 11055
2622 12735
31320 33157
34921 36537
16181 24537
1842 15778
4490 15103
13211 22909
27715 33233
5528 35481
23071 34960
9780 13524
33320 35452
2114 20815
245 21420
3926 5878
6808 12789
23275 25341
80 17411
28902 35425
1348 15620
20795 25792
1743 28981
11581 30131
27173 31903
23931 36757
8200 23307
13201 30485
40895 42945
16276 25713
2002 27929
4733 37088
22599 41916
19841 34317
22270 40694
37012 38354
18953 29159
16706 27926
4849 40454
38441 41584
8018 43423
6542 35651
6251 30749
11488 40678
5733 26622
662 26030
28667 42324
35857 42651
662 17170
21573 29627
16790 30256
15152 32514
6791 39738
6173 9366
3635 10401
33549 43394
10544 29734
5086 36610
2802 38693
23726 38580
13831 36142
4104 38206
6301 36878
9387 16989
3798 27546
3660 27612
13278 27298
12263 15949
13940 19281
274 10056
22413 38127
34565 39288
12951 36702
5087 15493
21538 41310
14541 15714
7776 8211
15229 17808
3468 34208
16195 36620
3197 8081
3600 30163
13733 18429
27011 42821
25220 42585
4506 32894
16842 39814
13734 15621
11593 21954
15695 19678
2846 16899
1428 13239
7272 36412
32896 41085
8094 40950
10784 21061
32077 37784
26948 29640
8187 31315
7593 43408
13175 16566
13041 14122
17808 28266
5967 23769
3569 10289
10351 21179
31250 42701
2201 41455
23082 40706
18669 35950
14367 43268
1655 15123
1668 19492
404 37240
3901 11967
8110 27281
19371 32435
6582 25735
12596 13856
960 2409
3796 33084
11616 37025
25308 39557
32226 37476
32472 34499
15638 24405
5619 24375
7229 26485
5563 33865
21329 28088
26003 29209
365 22386
15461 31124
5986 16440
15600 31468
23583 37847
2041 39079
24858 34783
15176 23004
18856 37065
11443 43082
15409 40733
16113 32218
7382 9172
3962 33911
4246 27254
22818 26646
14179 35646
17634 19761
7701 17031
35765 41102
5337 12769
1808 3041
2341 9920
20451 34356
2627 35389
11487 23382
13083 33730
24210 32468
30550 31871
2694 21335
4444 23482
22539 32334
33660 41615
15231 31951
18235 32409
3546 34383
15773 16470
5463 19674
36083 37597
26424 31494
24617 32977
30847 41664
16285 43413
1878 16992
32730 36204
7520 36998
15669 18749
10232 25004
983 4247
21077 41557
14068 31442
8743 22632
40946 42562
7630 42239
8192 23283
1914 42663
19653 42054
24807 29317
9143 17089
4048 15911
24295 28388
34802 40250
21602 31764
4654 38352
7740 8075
4006 18129
11966 42052
19039 40848
11472 38319
15296 18359
11347 25041
7839 20886
8202 12078
27313 39297
3692 9833
25778 32608
12542 21459
9595 42446
22582 41025
3035 27239
7517 21774
7955 25383
3759 11994
25028 32295
7402 35033
15241 35806
8989 14528
24456 37731
22083 36359
12614 18302
7799 38641
1576 22265
13069 27742
9783 17018
7059 31661
11860 40471
8411 22401
26199 33954
1272 22793
12116 31042
40271 40679
18645 34104
18751 39226
24493 24939
37443 39666
4409 17364
22498 35261
2728 6908
11162 42765
8328 10473
12086 38720
18019 21749
13955 14895
10268 14215
18576 26770
17598 40186
5135 25577
2096 24344
8737 38227
14018 18627
26137 37398
5960 33796
2728 16707
11729 33198
24089 41478
4122 27106
4651 8202
16284 40289
1579 17409
5932 18916
5250 36080
12678 24487
31796 35127
3547 5671
3360 24504
13464 35195
24615 37737
19541 39880
8974 10971
29014 40905
21648 36380
2560 39912
7393 42810
8794 26087
17935 28063
8204 16422
492 24092
20959 38787
18707 30794
1844 18242
1852 39825
25076 35853
11448 26166
27505 42984
18403 33766
1882 35503
40976 43073
23708 42109
4865 26224
2304 42551
20277 43304
10496 35518
732 21485
1651 13124
37162 42783
11423 29492
1020 34949
8170 8328
4535 38363
11757 11810
25093 39590
10137 17091
25960 39175
1635 26362
15887 17971
10589 22850
31051 37201
26077 27682
3767 36690
2684 8433
19188 29912
21368 29923
6543 34480
1321 6954
9980 20298
4317 28462
15862 26959
11040 42155
15001 24156
3189 23063
8017 28623
155 32562
28853 32827
7469 34645
8672 23599
14219 17704
11445 24124
12646 29247
15226 34073
2440 3727
14140 33626
11369 25068
32478 32814
13323 24736
12201 17462
8987 13030
7024 12310
503 6857
30111 30698
3618 23361
15890 34992
15211 23592
4100 8583
1336 22107
5639 28977
15676 37692
21010 24334
22142 29852
3967 40484
2196 14105
34633 35397
36309 39847
6706 28593
20662 25344
22793 34508
10029 10337
5230 20821
4355 35870
9262 40969
24219 35777
12129 22662
11475 24124
9343 30011
11940 19757
7174 9221
422 18919
20067 30796
8986 33157
607 28498
3606 28612
3780 13681
33944 34771
5978 28793
4000 9291
7296 13533
6156 33037
3229 42625
17252 36626
6743 17521
20627 39471
6449 6686
134 12975
4546 5263
22511 33482
35016 37013
16967 32478
34179 42932
3575 36065
19622 19950
22694 42234
20358 25468
20963 38639
34127 41052
4225 6376
9637 13088
32793 39749
5772 24379
15840 41829
26509 38935
6240 13867
10218 12087
15151 40264
5082 6936
9435 39934
7448 38628
3041 5771
2930 25188
5922 20159
29813 30236
10740 38964
14092 32780
17827 38412
16174 25086
5368 7707
11762 36208
12979 20896
18964 31442
7289 11399
34041 43348
36264 37579
6863 36662
12763 36547
1048 11221
22526 40529
7781 34492
18151 22671
27118 33916
3215 9492
3693 20636
2184 40243
584 1668
13924 31102
10834 28426
783 19813
20685 41115
23769 26815
38233 40938
9783 42495
17542 20119
17644 36611
17379 37094
1829 22524
1502 22129
22169 29530
4356 19610
4936 22171
22117 37476
8280 36283
17313 26648
15134 43077
14548 27704
5059 24456
8131 36160
10105 20265
4715 43113
10885 40607
132 29278
193 884
32767 35279
25174 38699
13936 17499
7836 29072
17603 38680
12979 41783
10718 38400
4246 19630
1885 27909
19398 39789
20023 27009
3795 41800
6582 12984
9405 21732
19623 27075
7246 41257
28320 38459
3607 33643
30317 32347
2415 21658
7516 30006
6840 25293
14379 36354
4596 23769
26246 30738
9958 10015
33148 42676
21180 30490
3687 31128
5324 41477
4098 21048
2022 7619
11176 31522
10856 20964
38422 43038
14890 36277
12139 29095
14219 37570
16583 39388
12648 22556
8042 17405
6269 33024
724 9918
2408 18393
18536 24309
10349 19820
8164 16055
31759 33718
2136 33920
26200 27710
16921 21074
1624 4698
20388 42167
3511 37853
1368 23202
23685 33078
34273 35480
13170 28680
2207 20739
34828 39674
4786 7435
10441 17315
4333 14283
4417 15674
35383 38206
13799 20745
15534 40297
4216 42745
18712 32240
33946 38468
1131 33997
27144 33527
1294 35681
17487 21835
18244 21814
7045 10368
5840 29477
22235 29321
38984 40051
10194 26456
37222 38301
15824 17620
1104 18029
13708 34563
17958 35191
14727 20956
3769 12605
19515 27087
33360 43447
1788 31493
16172 18303
11217 11278
18328 19418
28993 30176
38 3682
41898 42686
158 15118
7025 15758
5148 11584
28794 34662
10565 23366
2405 38228
4395 23620
4261 32568
13095 36965
2676 14370
13823 24872
17680 42767
6124 7894
4083 15397
13569 37787
15092 28409
4005 17958
769 41286
3289 22706
1526 38259
14895 37694
8528 41541
10206 26816
29024 29647
2833 35672
6923 30915
22664 32221
10065 20195
5903 8834
11642 26329
12841 26653
13529 24775
20903 33325
17154 27795
5328 26804
14197 41678
10637 39053
25699 35375
723 2630
6647 7073
17754 21374
6656 40370
22605 35963
24817 38141
36694 37377
26101 34355
17926 33909
5518 22205
22513 40527
2057 33357
289 13857
5714 10251
16898 43266
13974 21634
13802 13980
9761 40321
5076 18843
14985 29077
16894 40114
11039 35276
5350 38055
8065 36158
10818 32833
25751 27055
3346 15080
23108 25822
13903 26305
4130 25550
11807 27685
23087 35333
1468 28239
7717 21862
10767 31555
28795 32015
14545 31407
12909 28076
8586 40741
16865 38780
3784 21880
1044 39962
20087 34967
14287 40416
24375 25499
9478 35660
15734 28010
2128 5250
20668 25298
35232 42843
20965 33398
8751 28915
3244 8545
6756 36763
3324 18108
25880 37614
23469 24646
16020 39334
28513 36624
855 28547
4327 18493
12247 13970
5162 40232
15880 28185
14690 38712
3668 39990
13753 19140
4449 39801
20087 40228
1515 40836
24349 35955
8966 13389
7351 18105
19341 23634
11873 21084
19868 32196
14391 39584
31953 32889
18241 32334
1616 6364
26814 35546
28347 34992
32139 34742
2192 30094
7378 28946
27639 34905
18494 31467
20025 35004
12029 42915
7950 26139
7255 21376
15431 20788
6296 32590
13716 42239
13900 38384
214 5307
7015 13029
4928 9799
18024 32457
24225 29072
17885 22499
17578 38032
15934 16124
1368 40385
16733 36516
26332 32954
8585 9324
12876 16369
4386 31881
21330 24585
24110 35915
14941 38307
16996 20122
2727 16266
7611 37411
5591 35403
21539 28142
283 26762
7552 33798
22930 41468
9059 39193
18796 29711
2250 41941
14427 22221
4171 14142
22420 39676
213 25242
4025 40920
28671 31682
30458 34620
10428 14072
11542 28810
607 40822
16474 38103
774 31136
13997 17914
22449 41545
6309 23726
35233 37321
3055 28755
15420 39823
1849 20844
22986 24222
7220 26801
812 41227
3134 32431
27098 35439
3783 20045
25046 25814
18043 26067
25637 28699
7231 13569
28890 36277
17543 33823
22531 34380
17063 29988
12372 41695
9444 31433
17783 43109
18480 35867
10044 33680
7270 35374
10848 22363
8953 32135
27996 33556
14380 29356
9173 34353
1940 20558
17843 36744
35628 38200
16344 33684
2608 37461
6980 35800
11672 39779
10291 24889
5042 7029
34263 35894
1466 27091
8519 39198
16806 23357
707 40248
30955 31238
1082 35961
24969 29889
23888 40366
25736 34720
3035 29577
6764 19179
39445 43083
2628 42250
1883 37178
11238 25150
23618 39724
4297 6279
24710 37707
15597 17777
28929 43186
5674 31041
5975 21355
3013 36584
3973 32196
5175 11880
7229 14970
25600 41625
1489 17252
14716 29813
26139 27381
29380 35888
11085 32640
21203 36813
25378 42717
28498 32238
15712 35635
17171 28716
27169 27869
9669 24330
8972 25156
11398 21436
13204 31594
24293 40428
15625 27530
33883 37312
9297 20028
7675 39758
14470 30696
31918 35765
22410 42855
125 37398
12183 33262
10325 26886
360 10877
10486 34159
7104 42386
6337 35303
10950 32573
1112 28417
2185 43154
1274 10251
17517 33675
27200 37920
38523 40542
30328 34472
8450 18816
967 23340
17197 21427
8792 21963
10914 40463
26576 40722
22930 40797
9610 18623
29052 30703
8809 37593
36632 41573
18074 31499
8014 17882
4957 5520
22364 26241
27140 31611
2178 30255
1002 7469
25916 39336
16964 37259
30018 33650
15923 34111
12518 42943
13095 18603
27284 27603
3998 11449
32978 37219
26421 28891
19243 21219
17016 36668
11730 40618
6896 29416
4436 21474
16959 23302
15909 39316
1268 10971
21328 26096
9488 25207
32357 42204
4186 43176
1173 43164
18316 22522
32491 42958
1646 39412
7334 36408
10652 20060
6586 15577
13230 35393
35914 40367
10264 28057
12427 15821
4966 28994
5099 5172
9136 29828
23479 27217
27255 36822
20125 24468
20666 41788
28540 36920
13129 18722
9625 42824
26547 41431
18177 19330
8618 11179
145 21380
15468 33315
27555 34081
10634 40772
1373 14528
6683 15136
18714 31054
17950 30658
5206 18251
5167 5491
10001 10277
6857 11502
26586 37602
23559 35440
18265 28949
10029 15708
7258 28061
9941 17581
30957 31552
26161 39301
24895 31339
8175 10205
31297 32374
2669 6275
13565 21130
25171 38562
36155 41718
7359 11339
2967 38951
8696 9153
25396 38680
17917 28616
4134 10690
13980 23035
10145 13789
14495 39696
33635 40326
2653 34065
7508 33312
19752 21230
37793 39645
10506 11324
17763 25705
16850 37264
32483 34341
21173 43066
34861 36652
18068 28970
21536 37456
9123 18238
16269 39204
5497 27825
22250 23213
13545 41015
3518 29790
28309 37680
14233 35939
18917 19089
15716 29606
9137 10939
9244 42327
8047 25080
20978 30897
2777 3899
8299 34191
6949 10286
8660 33416
10232 14323
16129 39574
3911 32875
23783 35841
16373 29354
19279 23053
19261 42661
19960 25666
3706 21331
18196 29505
28381 37906
16045 24570
3132 19524
25156 28589
7565 25686
3375 39661
4169 13104
38691 39051
20527 39484
31896 40007
33563 41897
15451 20798
12228 28146
17536 28119
22837 29173
27465 38055
1089 21669
31935 40901
7791 15826
9731 30148
1838 4037
19047 42301
11567 26185
13656 42293
1168 38177
14716 28687
24907 29955
16837 37917
5890 12951
26111 34595
2690 35744
27253 34385
26926 40406
1081 23656
2095 16121
27760 31183
5211 7186
21987 39741
23728 42334
10076 21673
5715 6719
3388 20244
25821 36684
5130 26445
3645 25535
11749 22819
4462 25757
3436 31777
17925 30681
4497 41027
27787 32979
5429 9516
6626 15621
18344 34048
1870 20325
1941 10177
1065 9540
3610 42695
4125 4645
7705 12618
4468 29894
24416 37608
16569 19978
25470 41715
35264 37685
8747 19374
2273 10357
7338 12824
12273 41636
16339 29315
683 3207
25358 40750
13205 35200
22047 32413
1105 14227
979 22224
6501 37964
18829 33689
2184 32916
7468 19471
11193 14027
6307 6607
2942 27081
27663 33478
3684 8470
4581 27677
1772 18827
10443 18410
983 20064
361 5034
21497 30441
32121 33254
16906 37656
11515 40092
18913 38648
24529 38774
4521 28565
7686 8969
14141 15492
15003 16985
10758 20673
5082 14080
20931 35133
26199 36239
24227 40129
24261 42931
19950 23368
2001 20757
4754 36091
4141 11708
22901 28137
13881 42895
19747 30364
9015 41015
9432 18672
5964 38267
33366 35801
17501 26323
39720 39828
35343 37173
7050 27602
5700 42358
7755 20975
19410 22084
38657 41994
26596 37753
1072 18200
22749 29436
21498 21752
6624 14369
11368 39641
1697 33713
8296 10941
6184 22176
33298 35293
28518 31467
22883 35263
10196 30560
147 328
1698 18073
21623 30499
15389 41880
811 35017
11259 14781
4303 10154
16915 41101
14272 39868
15370 32970
15069 20964
21949 28979
3568 30121
36496 38441
7855 38710
3066 9723
4583 15806
24864 27867
17878 33197
13468 38538
4293 4898
8862 17337
16348 26128
2 31064
1037 7602
24955 41002
24427 32215
35762 36352
4617 9159
17644 29768
5916 36482
3251 20214
31412 38711
6192 28429
32764 33615
25051 29571
3695 27021
4263 24095
24433 30690
13183 14583
7882 42576
15276 25737
8843 12749
1486 6832
12960 16231
96 27851
10248 19365
29013 41221
10841 19879
5731 20113
21260 29642
13746 37327
24512 25506
4187 22006
5515 24430
14601 31425
31808 32645
10898 30212
20713 43244
14276 43154
10654 12324
17663 22439
22117 38338
31060 42581
14606 41568
11191 28744
21889 37922
7896 23384
2088 3840
12076 43430
5578 25883
22501 38486
7245 28527
1657 21589
17149 19185
8733 30674
3189 29670
1626 6438
28942 40415
3891 23526
24365 43364
1 17791
35600 43133
19926 30971
16223 36174
12601 36835
1704 41003
7948 43172
3414 39587
13401 18202
11074 31727
8236 11559
12314 30362
2749 36918
3048 3774
28793 41231
17529 23728
24844 35081
5753 28516
1891 10277
5540 8221
1815 38740
29417 32952
4056 20745
24286 34561
33518 42317
13500 16868
6566 12000
27945 29995
19968 38902
21762 42819
14430 26601
24981 38735
5616 30847
3504 10591
8362 24099
5017 29764
13713 21298
2789 11777
12899 18341
20410 33770
3423 29850
31447 33554
2925 29573
5267 25216
8317 23575
23650 40362
602 14732
8215 25742
16890 33203
17984 38429
14496 39090
20762 39298
16120 36934
10212 24356
28518 35118
34844 39541
7765 42660
1797 19451
30186 36674
8020 22241
15090 21520
29737 30432
941 31544
12516 18172
7889 19314
26534 28044
3321 39722
8093 12139
5671 35226
11128 11910
18198 42680
18272 42629
28317 37464
14948 36339
9194 38723
15428 31314
11729 21175
25522 36591
6102 39384
14259 32330
24126 39136
804 18599
6546 15454
18864 41228
11079 21066
9375 27400
10292 28792
5946 18842
31795 36465
19219 27806
9937 17489
10050 10950
7490 42963
33937 42785
8013 38574
17287 32034
2522 5905
1574 2948
4877 12333
8899 21405
31617 32379
28131 31423
8439 21420
30350 30608
2501 21243
7912 21903
26447 31027
3167 9992
4462 23610
10015 41881
25347 38818
20202 37523
10603 34669
9087 38610
4530 15608
10699 31933
3462 34234
10339 35562
2973 31037
12042 37863
14829 40538
1827 27341
13591 14622
12065 41230
24841 30729
5822 19314
5358 30699
15303 28528
8400 29197
29026 32625
2462 29020
39 36421
4135 21121
6003 24987
15216 39671
26529 40077
25727 29775
3350 16650
30071 38898
9571 21811
5947 28061
11837 20842
5991 42131
2509 24113
21586 41922
16734 35776
32546 41486
27749 31829
6937 32183
12281 27649
34147 41790
25398 38352
32938 34362
17521 41259
14509 23944
12345 41405
30900 39130
3308 18841
8290 29941
38792 38975
9018 22012
16419 41807
4311 6421
22589 32885
3087 14146
28499 31014
5964 38214
13721 25591
7204 7802
90 30882
31736 36369
34294 41436
12908 22270
11087 38407
41505 42640
11409 25626
20275 23233
11972 15940
591 31807
15165 17051
24722 31545
39422 39529
10092 28464
34828 35893
27519 43044
6840 23740
26409 37285
949 16993
27173 28821
252 10649
6937 33472
16142 34709
18358 30213
9009 32637
21799 41225
17873 25445
6911 33190
5654 9476
8160 35321
13614 37371
24337 24914
11706 25216
10251 14349
13518 17661
24051 28492
22024 28511
19090 36928
4671 11436
25069 26526
23336 32684
8522 20626
30421 30743
6947 20954
3830 35114
12900 19719
19782 28561
11504 24708
13779 15157
3656 33271
1760 26603
8673 17762
35494 42900
8215 24266
6714 29993
6171 15256
29308 38457
17110 21113
33138 36247
3227 39924
21138 39799
24600 35473
6686 19085
4204 35705
32853 41713
3520 6965
35368 40694
5163 13187
6854 16417
17199 23033
22858 24549
3327 38815
22243 42181
16615 30152
126 17841
22436 27300
17395 24665
7716 34125
823 31510
14424 38650
11812 36730
25274 28220
13645 19664
910 34138
12472 39220
28736 32939
6329 30717
4608 31220
30160 36579
4747 25902
22507 23164
24518 32788
2597 9326
31728 42627
17541 24840
18297 39870
3195 10938
9695 16480
27984 28581
6228 7630
3994 28324
3130 26004
6004 8676
30459 33613
33435 42603
3405 22267
8945 21617
3542 32364
37454 39134
1874 3454
7210 26386
18049 42959
23837 40159
11291 30211
12633 35539
4332 9071
8185 27756
9193 34928
11143 25617
4245 22658
8154 26191
19714 29692
18578 40270
10153 18462
8915 32705
20279 41744
10353 37741
9450 40219
7176 22079
7410 12861
34322 36397
27942 35121
23794 34046
26510 40453
8068 8108
2530 34468
20782 28220
6594 28490
9510 41401
25319 28878
4574 21786
36469 36645
3893 16729
15033 22088
12868 38415
17505 29855
18733 41497
696 36787
32886 34790
20278 23210
1719 7838
25517 27550
7711 23527
31296 42192
1045 32245
20516 38839
7346 9062
8486 25775
12410 38476
638 20752
14944 33535
15599 42097
12561 25059
10961 24391
5677 33140
10430 40970
22844 35715
1648 41556
11381 34776
2210 9014
11180 30356
19197 40261
28774 30524
6820 10120
31007 35831
13975 30640
20209 23231
38176 41697
9704 37079
7751 29877
13399 14265
34836 38846
8396 24919
2976 12839
21227 35036
34246 38980
6892 8683
23940 29094
13129 32282
8184 34081
8595 40031
23779 33872
22191 31521
1763 24136
5580 40912
6197 6357
3955 6222
17940 34640
13845 39053
18315 34517
9809 23667
4263 29198
34343 43235
27170 40071
14043 18100
19792 34031
26320 31041
9712 10902
509 39539
1171 10611
7253 12230
7333 28963
3112 41373
3026 35937
27582 29435
7177 31833
7524 42494
5917 39901
2388 36589
30129 34343
22381 32934
4446 26057
2499 8312
20151 31870
32117 43229
27569 38248
31459 32117
18204 19760
2941 23182
4227 41410
23859 33612
32021 33318
5415 14026
29815 39256
21923 39411
8777 21362
21468 39770
10081 41859
16090 25472
4397 17655
24295 29978
6437 36345
10748 11585
26079 33961
6294 31341
10021 26532
34038 35028
2693 15883
14705 42139
2958 13148
3984 38427
4549 29568
10537 21164
7512 19637
34758 39289
4469 27330
13033 16493
9435 14542
1206 40941
21918 43389
18725 29446
18180 21244
212 13665
9371 37912
31028 39636
16474 20335
22920 42610
15555 22280
22640 31481
17858 37408
7855 22605
9181 20260
16589 41226
9574 41654
20457 31172
9969 13136
6444 38613
10581 16144
15620 22116
7122 22461
24878 31847
818 17797
13672 19230
3303 36349
19233 42280
34687 41866
19849 27502
5964 25329
24135 28541
15850 32377
6611 12308
5269 14150
8884 22898
677 761
5342 33122
17172 30822
31482 32235
24863 32663
3304 32228
2785 21083
5244 6923
3331 36303
22980 35090
12307 42938
1421 3164
10732 43266
33125 39366
2931 32397
31807 32934
41500 41839
4644 31252
9472 23418
20050 25132
12162 38992
758 35250
3510 16239
9931 17324
8695 25978
32977 42127
17246 35093
14428 27443
996 14662
9688 17566
5902 42736
6350 15542
4326 28876
20855 42306
1487 17905
36350 41893
16402 27763
23129 32530
26949 27912
21894 26133
38120 42972
24245 41487
34823 43201
33648 37047
16878 18832
22646 37257
16366 37905
14678 34384
7751 30495
20377 29849
71 16011
6318 12971
22585 40953
8313 34170
3533 30344
36542 36586
669 12173
9028 42783
529 20272
10629 15760
13149 30923
22104 35927
2526 20576
2720 31961
8349 37210
15440 20562
30489 39842
14930 22712
8183 41644
2420 4315
24375 29825
23387 36329
2222 37319
13695 36694
13067 26545
1408 38526
7683 21292
1399 26894
3665 25171
9874 39397
4899 34349
5494 40416
24424 29128
6670 18125
31693 40136
24886 30879
24091 30416
14367 23918
26950 36377
22200 22402
7649 26030
18182 26281
34107 40728
17156 36465
7201 27560
14988 28143
9477 33695
14414 41642
629 30251
28928 33406
17478 33483
2460 5942
8045 39966
29394 30203
4183 15311
4533 4578
30746 37939
28058 41659
8045 20718
11389 40492
8459 29403
499 6234
9534 27971
20976 21617
10557 36929
7733 12495
3022 12246
34019 34091
1560 38115
13284 30693
8323 38375
16624 18268
18714 25179
5043 42183
21668 23830
12011 18554
9670 32935
12535 13047
13020 18754
12648 23312
1910 17179
14636 34642
6267 35397
38985 39935
7459 30578
5069 31511
8436 32775
12681 16255
11505 31376
21710 28378
25545 28764
7779 8302
5649 8408
18750 24994
8063 37108
22215 30765
8781 30743
1192 18067
540 42987
17798 18131
28814 36286
23835 28867
3172 3680
13868 18447
9694 16151
26819 36028
4988 41321
22516 30878
2615 6206
33861 37423
13302 35971
9344 43099
1432 20910
7997 39679
26750 31727
6797 10837
23501 30684
26267 42870
483 30560
114 892
826 5824
12198 18888
2547 23226
13952 43408
336 28820
1933 19391
30091 31955
27808 34263
31708 32792
7681 13220
7327 39295
12465 20171
12994 42392
15667 16672
22041 22075
27689 37200
29580 30692
6726 12475
992 34759
19927 27787
19127 20756
19859 41616
24531 33831
17386 40794
19251 35317
3170 42988
7362 23424
29173 41830
29932 41882
21546 32834
14707 27072
12482 23908
14275 16303
25943 38585
11380 39732
31927 33445
223 4568
13524 24248
17873 33715
3288 19265
12775 22440
788 20592
34252 34554
41521 41590
3786 22925
17122 28828
18084 18851
21581 42627
2853 33862
20220 26669
1576 28929
6435 19250
29734 31667
32698 41586
24188 36444
3006 35767
5840 31872
825 11210
19411 41991
5859 15118
7646 28444
1818 3552
16368 25363
18040 28351
11904 42711
17637 17758
36624 39057
3867 12125
7945 9263
231 20270
10497 33763
25247 37138
4478 43046
12378 13705
34178 40058
13414 41392
1022 6247
3404 30336
669 15019
17418 26503
7272 18030
4164 27580
22975 29432
41802 42340
4475 22746
3663 16452
1792 33980
30506 35687
19155 37433
6270 38407
10550 14526
7403 12070
6423 24851
17870 33393
14699 19209
19458 22158
1359 29402
3486 23171
7942 22147
15791 31744
4421 4955
3073 14142
6529 31693
4847 6295
8869 8951
24835 29623
8318 9602
2585 5693
850 17632
2310 26399
38166 42729
28632 37264
19396 38434
1832 42050
18565 36062
247 8479
15632 21484
19400 20648
38721 40507
34330 35510
14208 34813
23107 28396
5102 5474
14912 18162
30816 35704
24395 28011
1770 6648
191 31932
9754 28713
10334 20886
807 27734
156 7802
1186 11323
906 20543
17649 29795
30756 31674
17819 22070
20551 33174
6770 43402
27299 28238
292 3876
5894 12240
54 9188
18236 28774
30286 43244
5925 24358
10833 16261
19924 22846
4054 42071
28610 35569
13274 31508
16047 38449
17462 24842
8796 13525
22207 28647
19970 28102
2304 9564
14944 35389
27361 43237
13540 36353
8030 36623
13442 18260
9760 18678
27798 43238
10071 26676
16661 18148
23105 35624
15473 26284
1657 15580
36145 38001
8485 30787
15487 31817
24165 42959
14360 24199
21417 39458
11921 35039
2921 27818
24194 35029
19293 37100
3604 8600
22294 25209
2701 41815
1472 7317
31211 40309
11422 36789
13984 34650
919 7141
17981 27450
1571 9016
2126 18660
2634 8513
29651 37727
46 6987
15004 18235
4677 24276
23874 29547
2065 3108
11705 12941
31872 40176
19337 20029
8225 31213
17566 31557
10308 43369
27628 32977
6468 25643
925 9026
32114 40463
9205 29921
19791 42830
8063 13135
7029 12878
12403 31938
31642 40653
9951 27267
18323 34919
15443 25637
863 24363
18320 24822
458 32945
4046 20622
5525 30385
10263 32457
19990 22287
16380 28435
36739 37181
598 3154
9474 15035
2905 10854
11173 39094
696 35742
29737 40288
14777 26715
29487 39359
1214 11761
6898 22379
407 41466
12562 24239
33919 36251
10460 40326
7144 19402
20161 41767
22053 40557
31182 41018
20106 20368
21468 28792
1705 5582
7229 10815
22301 23131
1105 21802
8467 25619
2868 24908
1047 41045
35424 37032
26591 32957
2887 16290
3302 37443
201 3841
3972 6686
3362 18246
2128 25283
2526 38161
15305 23959
39480 40211
7815 31476
30517 41917
14455 19093
4403 16671
26238 31499
2352 13098
22895 24405
12067 35348
28450 40093
10030 21093
33496 35902
19104 25819
10093 24825
22827 30128
16743 27682
5595 34483
806 1332
16992 30638
14838 26186
42179 42692
39806 41320
11751 23219
22764 31277
20378 23284
16405 28626
19011 38837
6254 11673
9369 20071
9101 34778
26747 38142
9689 31538
730 28290
23706 31386
2498 33460
21723 42277
32351 40136
12559 42761
11510 33336
31807 41204
3980 38014
10269 31066
6582 13582
7460 9384
3162 33625
11834 19847
11381 27449
14798 28076
35091 35236
1994 38249
21830 43278
26730 32846
1489 39245
6942 31271
24013 39800
22286 32941
7303 36912
20546 27540
5682 26507
4981 36259
19119 34182
12712 18251
23322 35718
8738 43370
15449 23283
30489 40757
22635 38952
12836 36222
20608 35773
16287 42095
434 27716
13161 21460
4317 27584
6664 23571
18757 33951
24791 34590
3560 5913
21403 26033
20993 36523
3978 37163
3339 23472
33112 38490
14578 43362
9042 22254
17533 19984
19717 40116
18561 26842
2751 13099
12559 29124
17871 19979
27411 28642
20726 33900
1120 2006
11474 41919
410 16368
14709 27980
9397 37125
28934 39643
34378 42695
4172 19659
228 20269
34897 37598
2942 4938
10549 29497
29940 33910
5347 35804
14996 30639
4950 24090
31470 41918
3581 4107
6917 13440
899 39163
15402 20969
1632 20998
19159 26360
2322 8613
5046 8522
3046 23196
26187 27857
4693 38205
5758 25697
22248 26367
3535 29022
23201 27978
21857 24267
10719 40646
12429 41674
17734 20216
9694 22193
10682 40764
16539 37569
7448 24568
17516 35040
1172 40611
24182 30294
32387 34800
14163 30264
307 32993
9335 15844
3477 38816
16707 30737
1865 29463
4384 22524
19497 30677
1447 16872
24472 43050
21077 40492
8024 16218
9617 40790
18165 39808
13792 19367
5897 19224
4574 7722
21376 35082
26975 29377
10144 28414
6046 16314
14147 22160
1550 42260
27553 43354
42408 42581
7307 20899
27709 35199
1237 18351
14560 37790
9744 42443
7066 15360
20831 40062
10607 42818
2221 2279
27689 34732
2 15337
25672 41131
8660 9797
19527 43105
29624 31714
1989 8537
25107 30742
25644 32667
18937 24580
11302 43050
9974 33456
24683 30414
15193 42025
21546 30366
3479 6566
28013 31796
9611 43203
10388 17231
19981 35354
20406 29868
13295 24172
1158 25763
17560 26586
6735 8965
25560 31626
20794 31670
20365 42110
912 7048
761 23094
4023 19646
9520 11944
22771 29817
20148 38850
10533 11354
13252 34274
15797 28556
13020 20153
7288 43264
18057 31714
19020 37423
5722 32566
7632 17410
35943 39638
37478 39911
4674 21269
3214 5894
1451 28617
33420 43425
13665 30656
3640 10432
18438 23677
4055 31585
37083 41075
15420 16151
23855 41121
21018 32475
8304 10111
9604 17657
6569 10716
5083 27331
10076 24068
3355 33079
8992 14834
17141 35246
18301 29980
39890 41369
27781 31422
13102 13927
10696 20743
5427 30524
111 17858
17554 21829
6831 21454
2498 33623
9110 24854
15254 27351
7069 33111
33555 38523
1642 17608
18706 28164
9805 33754
20411 24684
13132 41281
10555 35972
31171 31542
10194 15779
34338 40854
8470 14321
2643 32442
505 10965
3884 11300
17672 26372
2651 40439
24411 36626
1202 39186
39648 42371
37258 43304
29034 32332
12236 31317
3748 40486
8922 29879
8278 27333
17414 24801
6550 33081
14043 29245
14922 19041
720 23577
3953 21643
19871 37363
2401 15539
387 33725
35918 42159
2881 41251
4226 12353
3049 11788
26905 42058
7438 38589
5931 42084
37059 43444
23425 38638
8685 29535
14780 37243
11300 13444
12033 12275
13553 28455
32111 32113
2097 34911
2253 39588
15723 41519
20663 36932
4754 16794
19633 20579
20367 31686
24168 37406
2740 25154
17678 34272
15700 23630
16947 20962
25177 33634
4991 36894
3737 34419
11152 42970
5090 9546
8876 30419
14568 27911
13596 23614
33270 39427
38388 39276
20040 32230
15799 23986
1126 20077
9465 27781
21920 35921
18092 27092
1656 4027
789 27073
14610 31705
16821 26865
37985 40734
18775 30505
18469 24571
8480 32297
13072 39270
3995 15587
1873 22162
6934 40725
5303 31130
2857 11752
23377 32689
12136 41019
4423 25833
5952 10076
26532 37480
12529 22254
1894 20006
25663 34816
18571 22754
13584 29215
18310 43358
23938 42555
11323 33002
6916 37860
3686 5568
29546 39565
7286 17391
5208 41042
36672 42351
10159 12670
14362 20622
23876 31474
1726 18328
7008 15168
25853 28682
12592 39168
14084 28225
15173 26691
12062 30308
26984 41145
18686 33442
9310 42903
19267 42055
1912 26597
1444 37863
683 24802
10658 24102
24812 37053
5755 25346
8860 41162
6405 26394
20491 30543
4527 41997
30623 43282
30050 33032
7805 28694
2726 30493
3647 10127
4554 6667
33372 34553
4604 37521
6633 23777
17027 23684
2536 28117
10225 31575
20622 35163
4033 11102
8843 32298
31425 41691
15337 41967
18027 22078
18441 37933
7154 34776
19176 20595
12409 29261
9876 24224
18110 40048
16852 42527
23943 32295
8104 12896
30952 35994
5732 38544
3012 28985
20897 29891
3676 32183
1171 28440
23263 26120
14317 40827
6055 22201
35526 39163
5694 14116
9426 13815
35082 35739
3087 41587
18729 19502
9809 29014
21392 28557
19205 23403
6275 18942
4934 36470
31792 38078
40591 43323
14637 15326
583 28620
11451 25185
5961 18782
37682 39904
5873 16683
10198 25564
12567 19058
1137 24483
30169 40055
2679 8931
8333 34424
13102 42787
39275 39566
25278 40370
24779 37239
15088 15383
11427 41191
39622 41367
20844 32485
958 23205
2915 35976
7643 37360
24592 40796
2860 26655
17792 43098
17885 32709
13871 31634
2929 14182
12282 34508
31649 34363
10259 30539
6328 11197
9431 39018
5553 17802
863 4070
6503 9508
16514 29834
28146 29239
19743 31164
6520 37970
11309 41293
15281 27647
13987 23299
38733 42558
29893 37504
19234 34670
17710 23444
32876 34641
106 34831
28712 33033
11349 14304
79 42053
14969 42055
2172 24160
9235 28876
17581 24727
14434 25681
27463 40701
6273 24665
15609 25419
28877 38735
9661 18138
3494 20353
5929 12023
20171 33681
19327 41435
39788 40100
12714 14516
19967 37823
19676 32921
15265 16160
6238 29747
29326 39500
3795 14050
13564 26737
3990 6412
25953 42363
267 20762
17319 33213
35763 42219
22217 33096
9026 17748
12136 25772
5255 37534
12877 39770
5086 33561
5531 6850
6443 41641
2155 42249
2258 5221
37117 41141
7318 14514
18422 28352
16778 35491
9200 43161
7708 34856
4392 7516
324 12786
20722 31848
13982 34201
103 10343
23921 42573
5650 8420
15307 18614
16227 25939
22994 25409
17902 42996
3788 43215
29227 40029
3752 34890
4513 18773
20225 21593
6875 31098
32642 33605
23496 24115
20151 23364
4856 31944
36939 42158
9852 37280
208 32209
8281 23764
27830 35933
17712 18928
4499 26422
13977 21375
4493 28859
6777 7528
3965 20072
2558 3769
19922 42910
16881 19939
9979 33076
1155 7587
17057 29964
4573 17484
20937 22179
18757 22168
10475 40827
1655 9630
220 42018
11056 35854
23489 26677
6349 20263
16594 38541
32535 38215
647 36578
745 41085
12641 28293
30032 36992
14991 27961
2876 29311
23408 24244
3993 23409
20964 30576
21396 23817
7149 33306
33912 42224
5730 11516
8893 40334
742 12679
18848 36407
15170 20729
30706 35401
29536 39979
24563 36512
28627 29780
8668 41155
33298 34602
22818 23597
1741 24434
41826 42767
11820 22263
13084 36568
7286 25848
2061 14990
35661 36949
8681 23832
23660 28787

