29445
160123878 645715383
250101764 597983114
515401298 882686607
434901011 957051803
237091627 543378421
231588216 883465848
778780288 925770629
423349400 580177986
256931385 538478957
338524273 841259689
595206759 605282642
859508899 890464547
275495336 530247639
283735433 794220941
55988783 511583170
560658872 601674191
990022085 993657950
385098884 467529788
866879005 889839137
189703560 726162225
241076350 562543220
515987388 864278897
279433027 405539561
206302049 962920812
696926385 805105766
923751291 925902957
928109889 946678339
787330870 937934230
714424682 828314527
965666890 974027596
952085146 980546259
317283485 718763580
529366552 712236705
292760129 914999113
367648356 957894373
984427163 996722381
210347296 562178511
757307515 984481146
459073070 976822537
455636309 653359953
690168488 972913929
806583671 839356968
599613599 981316290
877590687 883590168
763229181 997962516
894904034 953259370
952817387 987045744
935556487 999598188
565343581 971461364
636698967 997604105
995519580 999577956
378342251 541642165
336430722 401719858
501786649 673591187
536031722 966360387
126847905 781299130
296536665 828622620
726110149 874914418
235827289 773062213
768097268 968155157
556777858 969329611
329479720 750005113
52923947 112672125
750592144 961124996
45566084 733846342
437245017 863100283
343014152 397106342
423329403 839085411
886210031 949044411
232542916 609706855
459012377 614821388
265476913 746578367
414366814 553637773
752102818 891407299
809278572 929923523
747280612 847115127
112644484 270563443
864454911 956078304
153479403 222792449
378616054 933990594
71620079 421254586
239755057 867176256
303695242 431795497
249879269 954155203
243266424 327536547
79875394 737735230
236018129 631137511
127230549 954981087
449859321 641768021
847748870 954602159
949443442 956957887
140447300 169640089
396671720 471617136
201346187 616557235
8093152 96423721
567757521 880894572
518936940 659020692
149712208 701569442
614689892 666803959
318327938 712765952
271557884 569503383
180271042 559652547
796322629 930090433
143869436 184700475
227764894 427449161
351065030 751208661
753130029 861871780
366879218 652107688
255944715 795409957
969975776 975082344
845719075 970145064
438819973 637311965
502625169 824317295
310052348 453869737
189745277 216751192
323784589 618582384
267276728 815536010
97668850 936383044
45526324 388406624
601779210 979025977
921734276 930721696
306127108 436852813
937602705 986011682
118316151 510017303
269163744 707425738
333521891 821887934
133791287 645342213
98701277 958184887
833377674 977883484
385496568 694261470
230574956 362182235
398839014 899454589
939001373 958247329
17839534 155506768
531824626 949627415
148169610 598579978
296064549 809745981
893277698 944569535
928665183 931156658
234446211 852897255
537179856 778859157
529106160 950517379
300372218 944584402
396682459 685424769
680705990 919800410
528572474 569191271
809113004 874933834
715405574 738745116
152981923 638502740
967893947 985719345
326225438 997965347
784112165 876532028
125045676 981167293
756038977 921720011
152401442 244224506
770742355 951204184
408325160 409860883
479139185 910574135
32695184 843001788
269113151 323766694
642995042 966157192
260894827 644422917
69753222 838370339
883814877 906743138
953901941 958834848
129752058 785541881
772936506 921058105
482821261 782885557
968862063 969195697
569254334 991418567
914734877 917002196
119250258 396863765
177048270 932182015
875169251 978619763
499720924 836677868
607922894 825993952
607726175 969576393
122470452 532395679
157090375 571110321
797108004 855909680
320925914 777775512
424505793 614935806
445076765 977414663
556965230 736619853
975434369 984511145
645829969 884752718
967087993 970789754
300182280 744420353
626103660 664280218
380713054 610542445
268558815 984956420
477510772 880509115
617261600 987297509
646163909 928172345
353092630 656619272
393329960 498299711
646594315 680908477
963847868 994104605
345171688 709759716
561295255 664399812
95795596 156568722
897832029 912125703
336860622 370223207
160693004 779155393
654394807 919237637
3751736 909897728
30801536 247774742
570520021 722617460
805184296 980546225
208287031 402356564
600443593 828220849
74377137 200985943
792109242 916767246
463022674 608500552
405672806 812137691
637246365 694681850
134179114 393214201
261538586 624926299
289355573 877401990
261577821 629600775
223805875 352962737
775300692 957833936
923301321 997825579
729840929 811072366
130204920 822575579
645206422 868885047
157637384 592904656
145822273 450945057
738282354 934177777
356534431 405546742
419176637 546111655
508162207 748060899
167346201 795232099
825216377 996881571
58345339 112648376
489965781 770871730
341223029 445013896
484576766 973752012
470707407 996776113
995673829 999122521
364056061 529417005
524838708 835346111
768895895 822817859
774187335 879809736
158856094 603958916
85043815 187068195
31680141 238820265
370340352 690885156
570166243 790302430
78750145 543273217
548501550 653930050
865875562 909854373
694757815 981469432
711314771 732941672
537214840 758283093
68475401 362100464
309821962 836517229
219355807 668840031
539210729 849680199
261246845 678271239
781023731 999494320
249270131 806397801
865673558 995617281
240166415 669773284
358782624 599303300
600364527 822975553
510874642 809516936
720968318 860884999
408151955 470198631
745396944 816554233
63920878 161443019
293762356 854190764
754789252 947340884
120821482 913248952
750219401 911264041
180302120 934982895
996919878 998058970
814084869 941722941
527554184 754872016
708787077 991288860
280651470 795123045
99963240 683381236
736673046 780001215
604225758 884789465
32475261 156385888
215249229 495964752
543761048 933331310
552038316 928021624
872563749 979594649
506280119 850090894
196188635 248918443
166797962 400875808
337834920 483710493
634991095 708407937
664146023 884721698
886020564 970602069
124977944 853605513
941987395 945608203
633173383 743225178
192196394 619186853
384353274 763878130
213240939 656270816
194203253 467009039
845253792 949745881
888474422 954799185
828824969 985919637
591077791 792466476
236792649 486671752
459248356 772385889
212886183 579609266
39150459 405943782
562831307 906413372
267203032 894214893
808918892 842898266
106170375 613828391
435078431 828392312
771299987 971646835
694480074 794018117
170463821 669533884
586066488 987817239
519943447 843581030
926463374 947140063
667181291 718656028
949385718 966036743
645690809 955663504
429370882 849691526
155075990 382926907
641488865 671660048
312444667 999664278
41508838 709124872
890851467 959804879
161484180 450542847
725947408 893825422
108491947 758463696
855396413 934709226
117188301 736672351
676973574 802434263
778252304 969733283
450506385 767064594
48702777 885555359
753570762 849236364
143508837 235050613
991255707 993955901
926001238 994569549
918230140 962570514
732999078 957302580
233929381 346251860
725284920 769999401
53649158 641739347
368634343 406751435
132450397 648580055
882406201 998808373
968191936 976421750
317533098 771191168
861925336 913338614
523371521 868340342
866633020 868080627
492642478 783233725
535963836 578358391
615594856 652001339
433387797 722663589
186016300 643549002
823625410 933376554
508706128 632147118
887963845 941074421
485682216 972584464
60949698 648803882
736281392 979250973
21214871 870659840
513703611 696543916
769739625 858290746
193551111 531126537
298135005 957729795
920622481 943754951
681778513 971758382
296376625 470933192
253598261 918800153
180896211 616137990
558321469 567179715
672481396 912287932
631680149 825922310
818884342 910201287
769705418 998117434
201608309 269152001
606137486 924145154
556173056 970660634
616310646 978555576
229365741 855641776
400829680 625992461
395845663 481812946
775767212 931718962
560559656 904413806
558773149 613260118
156469235 993613585
901812902 959710099
318748464 428529364
333863904 407088425
323404129 397911257
908520282 933847127
330936495 560397801
585045755 610751638
919773570 927627472
165325686 933900622
787138290 985637267
442051679 649376489
877258028 982595385
169609692 474487627
769656423 900137414
40949045 954021397
209006218 347068555
194807832 570151066
959687900 989138550
611126136 833701348
102051764 106460249
576944148 714975400
457039353 964831877
595275547 661609236
207555162 644410791
27417311 314031263
687996196 735895251
626700237 662394354
441031106 776240329
703467252 871104578
259119067 274894208
645952349 954366936
706364388 738330673
640145279 836621223
29736557 760875317
120409409 920990196
726828188 965240053
890388026 972909485
245932981 252794492
955259332 971372333
888667081 999120058
939390048 976520008
418740600 823954842
691016699 830814227
527044958 882995963
192206303 215018265
421317264 667104862
663667170 728533860
708445296 894761947
765356263 941342696
728125226 813686741
224749807 392128176
855753156 986005203
832989706 894138577
871963692 939490278
424876140 704270948
358810721 460649732
609542463 917647933
320105248 886834174
716763918 740691338
959465964 979435776
831872056 970083164
599706226 880556583
9490688 382963654
115284852 821567636
965135343 971038085
149359099 562120347
179258994 628525867
165852197 861534206
205771476 455920668
287885558 921489792
868239391 884541810
61882287 141640967
814548282 945647963
21689783 205467369
562462088 919347389
226209127 988994323
256609276 295318642
473862619 634878917
619164389 925327786
126497175 895631953
794479562 931220420
427068773 976227536
380886101 765131810
647890087 906910325
614217402 923822328
961286925 974590591
328434120 429392785
478251263 914534740
672243404 980338204
194064828 978323630
153344520 309250360
83143076 710269871
326871492 348290095
576776859 807253685
83006178 896412116
652839810 826517408
645896321 857424570
645775152 776785746
305450751 430237535
360097524 566664492
857874973 861416041
231904578 680705912
145875958 408750114
301368069 587950365
840221454 985824459
778663815 798063870
833729892 845366682
738552705 872184598
362891431 584449982
59644712 711579773
775762957 944081473
731923328 961947354
941484064 994156385
561517614 909733849
967627416 970393628
79551152 156400279
851698737 913409090
33253992 877525729
953798711 956465494
493052568 572806479
867352192 956566690
101158760 215900265
33946283 225222502
268110595 930672987
658048850 901650480
388732831 416448684
700701782 725704247
601812950 630868889
22306766 326143032
551035376 612797001
619866309 722238780
502631844 591741998
401911269 865430372
20320560 24080715
950387423 968885255
458534030 555508419
69823456 399011946
59514542 161947099
563874692 668340477
583133249 706196283
592671456 687422575
883058952 959913444
310378118 947745074
883389776 952822689
667718321 715462840
396532573 424037817
183418948 463876185
120759566 670289134
133805228 904766040
99782044 819534236
730304926 830072454
580540697 871766269
225033173 712640114
871056323 880026533
51114324 258294390
156201618 432233263
200308967 679254805
293189542 605242938
886642867 955954640
909821725 974494298
575876687 992617783
662939006 692659106
908925227 933410022
923102778 953268276
892083272 985853477
341847995 864716736
497516557 622449415
379597213 769581595
654931886 798508539
49155267 163965783
94789211 674073690
104380653 218284518
559064464 989131537
699348137 857700000
66639859 802458158
483892773 961879120
669752221 895104724
533284557 802076357
413207462 436497292
769062826 885353153
299083915 605572438
613202223 865288441
275147525 620401295
977856657 992998311
109627816 955573076
794705246 805345881
710710548 869193931
724153526 731509816
30333447 93202454
952176334 971326603
758710196 829457099
628797485 664783178
970015510 973434145
371795914 510187618
195086984 361877791
828904739 907947950
503030667 969529690
220866242 545472509
810748223 888568322
289162600 486810106
98976167 483681588
611468318 636953647
800658823 838062272
919328422 991840397
656471944 936290956
185736160 474661274
102060752 131793742
624586524 952432498
974731396 990301124
690807364 988923421
962567335 981927294
505902006 879131409
68529925 922445344
21810662 567605672
439064078 935992155
537485974 730972093
239097343 759355130
10878447 591562828
911358934 992702143
527155923 911056027
980435457 986166916
318632453 829403979
354106671 890273223
260693855 421969386
131216626 527864093
129659808 377926317
664037184 779988432
80891772 654696091
323066520 699890129
158680032 798451473
133460671 690204844
587234864 685687437
339612753 719406462
151604843 392309035
131470243 690246212
565309758 772545523
249416367 700023676
554803469 949176009
510128473 981475440
762300515 980445044
210219879 278298575
50733702 987084857
429030839 811806987
698463649 910020552
647968227 692106779
626335699 752510255
792302737 843607644
209971727 892098054
830867937 993510167
288691826 753664347
308040744 925032862
724753521 832390617
775276363 809786146
408261697 812685273
42962867 403182175
888541422 966711071
561316990 860454242
742489252 886289986
311117169 466416272
85341450 291694594
85301333 773394050
536064097 871894678
856459317 865541527
388391013 615663840
155660580 557187014
820209561 992909337
986866942 995660296
969452112 976558321
629133297 963457399
23081404 803702071
943506237 993819361
873554291 921532045
758700411 885302280
773989403 894052287
162184032 799896827
593086182 697185921
185301865 977044856
840145083 885579713
940016559 991026947
169389084 373282472
85007087 136444381
39061818 347077814
323048719 370058855
444582955 812172726
417190280 703772046
220351085 993019566
828477193 904740221
271798330 500766202
800355304 968186160
573894887 949648564
862638695 907657306
165045038 362093865
974533998 983535672
583911147 656652271
445805034 593175129
306104225 714567640
214945489 395810174
105134440 262402547
440890383 489827604
521741797 652315404
871818546 906760745
159378317 978730305
367235821 572837134
983552846 984897148
210084485 955720586
210497578 287038180
750486128 768591526
224918745 460814531
639619328 928799761
94059528 642723507
209952158 669707170
961337480 973002948
40996364 952310110
792514205 829065569
98017176 190918075
996753289 999597430
244782208 708313877
17222167 647829887
197796618 260151316
567128305 706226942
986721845 991401019
724273392 778655308
997626779 998583303
78139788 259199831
167063296 565594169
205124533 831539555
461150742 969420182
310190500 528676328
37658607 48091596
282690400 692960422
831275098 966020437
727340842 728778464
61187852 636859299
229794375 471894492
654317510 980104009
64787441 600567752
411341689 787955409
192208960 700224164
814648208 890223810
96651415 501853855
910115953 991254993
49427195 432407807
984632514 990080200
63049455 551943691
648396066 821080380
990827136 995288681
173733788 222498005
422231204 726950403
267385388 892582875
451650515 771599100
509493030 809509885
484481495 740761333
835293667 908581976
323228423 879031975
188920217 222486705
298764659 865578175
479260168 928578241
51045510 166135058
212249239 633498086
268397339 405386003
631845890 733878896
837021864 866773204
372259846 579516435
784980229 922231136
474841087 847508855
568499044 879235859
667462085 941479027
463748205 593660463
477221298 859146093
591441067 703930259
672661517 875757802
186143642 907487903
136831772 429923911
885968230 996453778
49068444 859068440
365973546 817539438
603423481 640900009
248086371 255857675
20749557 798476198
113479885 868310103
996941912 997710221
66765374 427023713
154251615 589098975
670148286 911525657
930969807 940978214
580117553 763746707
676282029 830780859
441490971 593216892
313866522 843431320
547149174 790683240
716078526 788660247
968248065 993831863
446677165 841134278
161945595 216555651
516253698 636218859
389430322 447163723
887692208 958381729
993828407 998639017
727509518 849492460
509274377 668004525
655057264 833819163
666454316 993680708
455375398 711664272
432333419 503015347
66028843 544551323
566733132 810529973
395235016 813658025
34831849 505404182
12945091 753941785
776159160 851148310
619672435 965592508
113380518 353397322
355446875 684151014
104403278 253173709
389300222 858102151
518474728 577886991
116517809 499571021
382810496 493613352
612929822 901069967
760627065 782986591
225469535 781301671
528491944 795230208
475121391 965094333
420005776 770331393
461451469 642412883
653271273 761627088
120357239 279113048
83845894 587971707
974182684 976775512
865902573 932959538
146706039 742405426
608519088 973374615
968094003 973912203
662787100 911762671
128903823 526906169
254692719 591033758
132245393 697089558
515212781 523764469
924305334 938040393
888491957 893609487
650281305 706029237
830126333 875943988
123028538 593400967
857158888 869048580
2980349 945103486
63430637 939089349
711454944 728594440
557167590 891369778
822285746 953650112
645179579 964005645
926757999 997141777
107145254 982306966
788477384 914311186
89604210 825681018
434615432 984223341
931364542 977788336
107838517 235739979
259885934 406595755
422059440 950905673
701414686 798056344
610542750 853167732
477995003 638957464
53398018 918108311
755180549 898365766
670529750 932320966
822391448 927314272
86232877 458735902
825679236 929833848
203878364 945552729
824965887 870540073
185597869 275865526
107304130 431249742
644134959 681144352
386908423 937051680
580636991 591070768
21821484 406620052
535797138 681782317
84986127 801660004
45774993 737050032
863812011 932803434
41340161 919581072
241821536 434929198
801326279 846865382
659997865 698535487
66099686 791721335
397500297 592180833
583362099 777732412
298470765 991472889
987048464 989360925
512732166 613252351
714777407 773112538
126401995 419100232
801218195 899376740
600183934 989984308
33799440 292000750
397072692 733076984
819916198 935983280
675507289 720204822
420589796 951285037
807283621 848039765
848283945 901803221
189933571 472742924
988167853 997359748
592098898 777540963
805293130 931540212
273643232 662418511
973959432 974512603
410088030 954882551
315920307 742022612
180747700 200349863
658848920 935013897
915461298 950699113
480972733 638344744
502723681 673774532
72554235 706010716
102549032 176928281
209748658 676583922
595168109 784382798
273108230 461534669
878385480 992376527
303001660 948131815
278871217 890910542
257563568 859667236
307164701 516203315
528116243 649447822
533832252 982875467
814041952 959285962
596556407 670058172
724596088 814287917
156817829 485318030
776468891 810775359
107646319 412879688
405971219 544978176
989951088 992947360
847816766 910520170
517051875 676687242
703932194 804598604
592873699 850888065
48537891 172721267
713004222 967266082
281046289 384978076
754896398 870831830
464572545 701709053
350076381 371419981
247946242 828775933
161255101 721316903
705462046 776492777
119213584 184164458
647585599 890835769
279324926 851919743
35218463 295089380
189531033 588496513
29593630 962511205
960909122 962763219
749234769 952932564
24722456 352728370
630143659 950408425
205093945 373669846
385867445 389489040
575732826 904999652
931819949 992052494
880476814 916001733
403987109 631285859
706566813 871214946
66990039 580949341
877295193 985338774
791295172 828226505
682565308 735817872
918468580 999595609
628157796 712328488
349295625 538243682
286454454 288577850
429481636 919992027
414896251 443793875
21622447 481308254
109410606 194032835
780497574 879372326
45598956 147621081
681499810 945334389
195932193 731633649
711595072 864023641
925351221 937791919
726883263 941183646
528232176 738328298
410091684 634257118
499569472 707184790
488310651 761410769
365527676 610798199
400082576 993980574
250076806 928833907
883982082 965446400
392588672 997733121
569932214 770308065
185965158 501198149
869204772 869445121
972008035 992444499
794774055 976547428
133668399 782471099
551406893 822349219
3928631 765358432
732133568 895071911
816481081 847661444
89841545 281480791
509284734 789176489
71910285 507795535
696505860 730182053
752213280 950583952
249312716 704415871
58550995 64094209
848609079 978585202
509437432 753264849
952037912 966725035
344309067 884256864
89663763 603210303
81275994 181617537
997088518 998000977
98955852 163559933
198242248 777246221
137687963 965594037
564716397 578668764
158471826 779397395
428820727 990754962
413870310 776018846
212663943 918916188
961282380 993840060
385182118 491132427
848598686 858014066
796991101 862208626
301829399 723490263
431746303 791649556
124287545 321353916
69896299 838007168
255729873 883095894
911414900 994119246
880947808 956092640
838571417 957153440
524758800 982605716
520149358 567529659
366343936 774938670
350207928 914215001
228718353 585411312
464068089 795543921
196731007 971546295
451131987 896648661
271587482 549093294
823182954 964022323
420554973 649644493
747009369 885572500
850556485 931816255
843304079 954983827
120728436 972011283
50027939 202782869
781988591 819097215
601543957 879178161
208011247 816119542
698873025 891627336
124371826 588872468
934074757 935947731
155777925 901525992
370342032 871463538
270029279 605306651
750856 89263182
667662071 918215403
434240034 674103718
951290248 994343695
73638150 817434668
632124045 924315763
943342043 967580017
84830719 180241641
744464747 821535086
72584897 817588535
290438738 432635325
487038720 934044018
708164155 924424383
725015984 765066201
170296698 331301141
219311504 373404185
42347318 674378124
154913136 484109165
563839233 598268679
4065985 610083326
542565475 568906482
569727203 650599313
453104310 903583262
539173115 894685026
991733751 992203208
791668229 899416771
779490560 930715140
73275476 921216871
396695147 750557518
229505407 434270823
421751580 883329730
674158462 990426596
568059401 985163618
651436028 692510113
472716708 485442371
991431511 999761966
747450055 817395538
733356745 858092279
283688855 899866851
636665586 984105759
278488647 678654558
315342019 429082705
381958521 418704291
787111097 820517910
52547341 880961994
70438166 615217085
619231889 940138487
613463614 725317856
431555570 844530571
932685208 946848817
593824121 697623848
374146333 958951161
411084273 517453092
805869499 920897591
121939568 879833536
385436083 800060922
416570723 436009448
787908313 854902376
307166450 452852356
895304179 961615504
838902541 988288549
898312136 936995229
56685109 691639870
633837430 684192629
812490359 953237542
859800825 902360682
871099882 920224807
645243119 796365299
443688522 974003560
255007686 494766555
27050357 704325801
56910878 679285978
606667022 852139944
819955291 924898082
455812903 742519475
396385657 458473507
11348396 348456665
433859072 446467070
161927365 526903003
377276671 839616381
259226590 877517991
919669797 969156902
987303802 989414044
558798501 845405004
859384505 997305439
80156553 246805373
542463770 595708489
556158825 736270319
48251200 598457487
274967451 658477147
599816307 936496108
282104427 495999525
611923746 821707781
981931274 999061484
251737841 824781893
620155265 909615699
843456016 991627414
428281127 861709973
89192724 127268804
536693570 652805643
152115654 163349906
280703859 562469644
800618329 866646360
464093763 967838637
189705233 652889816
617595342 718720851
765396440 920777231
587649441 968843284
403632435 468815447
216373956 761436181
150296338 355470914
953907090 967212134
998529413 998563879
421365376 724531708
604063717 865155038
701343922 814620350
77760258 215489315
987651133 992308677
739265244 874350180
20138095 699831061
365604082 986639180
562983248 991395490
717690735 954505866
744310000 745979883
886233208 977537558
63904721 944290641
445755695 761644232
809305920 813385438
569854581 765639501
134719105 945527126
959013558 981605042
745081358 866936941
458465622 779583076
606003621 620009278
361224425 945382609
774946465 960609232
789843425 873347259
576931189 896388699
52968536 240757238
61223864 77947879
906921842 964141179
736645251 816825885
204909139 745389208
67375166 422652640
757946634 770125515
56709509 110587684
164681858 685725101
54541985 196967032
970435071 990802336
69813059 891841914
679512754 794607182
373370556 428724320
624827939 852040056
75182430 433328883
51646465 805497110
338652308 729267040
513720406 605658600
349082308 516893705
764954421 775296722
389579650 934622277
575799700 822726431
487089519 582644885
915739055 966985697
425309990 940959939
712385324 863705145
957230109 963245439
168024560 451599887
938953753 955095361
381571775 636795972
271777463 543234741
315143732 374057109
700315373 703619464
912848566 941815273
460054411 826856864
725018352 860469269
787821539 880115753
201572421 734801211
513984818 965810130
621826673 732596290
447245143 574640874
631107106 752508748
97990767 381755457
432330233 731143355
412758170 695168570
97012186 850736426
829628960 845860638
638418711 841548655
46528406 913827871
639863897 858401063
661262640 812226082
463461599 912752439
950487576 975865164
225201914 832331996
345260085 838726975
144014047 402334487
527741143 714341138
887715125 927683617
389960651 431031321
897649292 966877585
504297776 921351386
87990458 797935075
913095785 920597874
684353960 822883808
917448058 940648308
339511302 564386467
352928297 561222428
525570533 681041274
995007382 998196998
569258434 885696691
865053133 900467327
745084036 790840360
412126893 759680866
381889897 774240549
844352740 918111044
674636254 689243364
908151992 984350686
514078239 797460655
71150573 516024499
420447729 835195729
601408961 948239817
755681534 861913442
347665680 677131379
285024879 938784386
146942900 835033299
556303668 722838008
762675187 773904263
360573839 715437840
343228604 654365735
188346419 540802196
772560336 821800615
91738840 430917798
728807927 754867415
119772239 629942581
42888157 960598188
608035691 802477623
338039984 403876107
174539887 673005490
119667804 230827428
54991526 448412776
239697740 851837254
328008645 859177312
72664913 94399631
393586022 878217303
583409922 917370096
971716883 983679225
753761972 800702471
912379966 931862997
436617224 782872333
168951558 351895333
135161924 389917179
815554030 990112789
803385287 926501621
187741166 209824163
430086452 970336011
948169246 954620436
355107589 956051988
909936325 992906244
790551193 971831844
506199084 721487244
968369489 976699916
355109141 359837836
574491328 672202114
64041110 451160118
538578693 817679036
176602086 781197318
422652461 621492614
505292803 872774615
434244599 816356370
828063931 939638862
295557110 983470027
286951779 311411287
595753371 712612553
590555119 665658028
246207968 298075019
915804026 951804120
868632731 959506834
108888216 780154383
795488749 854567264
123681788 699019234
995624941 996614580
749725809 864886036
390419515 964964780
568373064 859215179
549649339 622454659
512180405 835099700
572816954 925396675
855525665 914036007
927467120 980959323
668922798 977770270
102905400 769910851
287215260 645911201
16149290 709789631
170319893 295426963
476590275 687356407
319826278 484509658
914711556 985395680
104333080 318974396
64551738 601433914
694273665 777152796
239289897 715759975
619555523 703013331
862112648 988359078
239966705 599096023
614908770 712685807
293775383 897301109
627189151 634259483
467161428 487522669
961682550 970517519
972526954 996378186
819676204 888602814
775450307 901170138
374046672 836932545
434151624 988613624
900875008 996435869
50975975 328926672
749476335 910809829
146520942 374350041
923615867 986924791
213939022 847042243
479062697 837947631
839671337 901867834
480008874 939484198
325151547 578032670
123586685 200411831
337485577 753932479
435846206 835385459
755696958 777307405
693913191 975121537
701760043 798125428
110481732 529729753
458075703 867149386
854304167 982332606
521402048 907987391
531158292 910205777
802680972 895901428
544205451 829014164
70772589 195381562
842290428 886778323
537361640 956423087
804213994 924918149
382018904 795753425
735723842 872228168
450962976 506012257
803007259 836487782
965672272 994939061
160856770 543079074
797051940 868326965
215658465 839988531
395844688 802554061
594961614 908432097
444593819 533348885
62235872 219661566
755959174 999060580
792880935 894957741
699607104 860812813
234453694 866186734
353407806 616104699
963100044 996800073
997430401 998756166
237722925 663486550
410959691 985177483
555533096 927931416
805513036 963178640
864714586 989045374
808196566 879658865
886286453 971132706
483419805 775401707
248634270 801885910
980933143 997401036
311725422 424784667
110054475 806735514
544110079 868160334
653373203 790594496
228541705 880988177
756408215 839218098
484989964 974950254
690352762 904464708
701872798 783213796
796357129 999840988
778761147 919839438
505527753 618873374
280705981 827437056
560906591 783188907
201301080 372493948
104218064 788173171
277864230 748832088
181628493 386795082
225089197 401744869
999606687 999993850
156224916 527351193
444441764 451983302
172788703 624806617
879290153 888668926
7592157 597531103
487367247 870931704
393315447 460936686
529624000 873110034
838877129 987605505
254328673 838267244
118047820 290449432
143368378 268045564
286264713 844496380
41023165 561610465
466699010 648741263
435973511 767823709
696275886 925052069
874631141 888812949
199365254 362080831
177056473 880231237
206609736 437773184
767454486 826731668
510217544 795187646
31011965 702087181
609829368 779849333
712566128 924660716
930236548 935552235
434458977 670797633
896813048 934383191
112647311 864491386
272318099 561068429
301011341 991067448
267276710 901733617
45341995 967212479
262331955 465304500
924518205 963876997
502720572 812267634
862304940 913606887
584638614 594113738
12319911 271245690
243763452 559720292
558472821 572358392
932965931 984643138
549521555 667379866
986221586 997242442
472423083 976863857
633405358 872433932
486657147 984799900
995612371 996644676
509951168 581327254
464647089 495955779
927386390 963954524
738771138 949416421
647889754 923471935
692441800 914782868
79649172 980774508
564058764 656520325
605907658 640907057
970653980 986219901
49274157 179669641
751066353 985151176
34974011 187930567
344335301 828091855
354241937 514783948
398607679 669752916
723860910 821089575
937814310 944461774
596343273 636692146
525410474 768149521
174996983 876037543
691119804 866459370
279967880 874244325
317499335 664178674
943865500 955837767
846843730 898826650
567856804 718848835
130756051 411203108
863733503 972742152
569894033 750380738
104395333 955795305
112323299 977448229
891861533 912514241
302561804 921252845
45247072 534083984
724877222 833428522
427397989 779663713
443625137 677308152
947767807 994625109
212901171 348083414
65252856 250629089
830935795 970295711
415740386 680281612
712195223 818594183
857485801 860548014
3345345 516721119
551540496 880257966
641927814 953619422
444654182 485106814
34303117 955136846
65402964 69429442
865920689 896950116
717829755 948490723
759489991 922683622
229709357 321863029
800180914 902463742
664727604 671410187
993665457 997123692
961118622 991571785
418887060 852198848
681667825 822845173
372516379 551762506
573002369 891016302
119232110 498327744
482013058 554257903
158626105 350637723
386141218 650656574
492923119 570144908
645387065 968915296
404242465 414626421
244006138 559106242
486253568 841506136
966669424 988947394
503246954 975227783
84560788 829543504
577505444 723845313
467625616 637655208
720249952 777316189
892180266 944471768
737953443 783598486
298570633 408128830
491046815 720390045
663822950 798201597
596365246 874870757
373093274 810669641
807836163 871816153
744494591 995321428
902754671 922389994
424097911 951949271
148382285 268219938
558718667 764276798
313819026 556909033
34091137 243934712
575300801 716052381
158637041 263863873
467271830 805985822
489146801 519669711
79662381 611576536
994308913 995263645
545584378 735048991
201847085 259384395
782278489 926589266
442463782 780901447
286370809 790185042
238058692 367982209
88828306 584283616
63980408 189695871
265914929 639131694
628117033 739672471
628058034 666465078
929592652 931950339
435587158 708165773
770192962 987944932
937363631 971285226
431688030 813365314
679280095 714754312
774077993 880409006
945652782 986173126
558876875 566090098
157785522 506911287
372117499 714337504
711204774 951219573
165433730 321940655
411517622 968635673
467407256 677992053
438501894 752640220
653192623 774297326
318378557 707350290
832097162 834188167
589887010 880179708
592097414 843238493
155700176 304999259
613356904 666645092
165230934 478499741
905891018 959108180
192907210 774747907
413461263 534263407
102718062 597488087
61995003 833684886
183692583 443856813
595832085 648115129
135655399 869883106
868492407 933224285
309058756 654743361
559518038 603328168
110494898 238878397
45460688 831840280
148342248 316528492
755165471 980495084
810387238 820328150
749174722 804588000
128253418 728541543
165499344 950788151
395824034 976438963
813645481 990999752
521774153 674228711
108805964 569309683
432124452 875235125
793923796 965760068
340440859 696749779
73748731 654009795
754365892 935984312
3829785 254903166
55848822 464178056
219150744 532754669
479387670 883860887
971891863 972913624
884196976 996930907
904894092 963062999
709524059 812966181
102243910 570717707
701882462 824196594
119804506 539893350
320331113 663214065
837922894 994661065
828095636 981430819
12419340 516491717
303772125 890264513
786073451 875642725
917830652 985408146
859606082 918150327
462215332 680361762
172840497 562517292
629735101 802147963
845239272 929532642
402920096 754397010
745067233 882354113
451500574 707423312
753573001 979523078
865479157 953461287
129800669 627152806
145250193 322462333
840398153 922421489
1659159 404342131
753951512 992426482
311466442 551364872
376667331 742420773
25458325 58167209
985078648 999109409
997182951 997239373
513205631 866901329
241131102 510214274
11181764 438421383
112951990 269216143
96400946 390804020
612917750 815406601
216772807 449633929
61850894 967464055
826296027 859563674
663355339 825966058
347052504 759855550
175701687 364223607
206506291 227502744
32682303 912524966
569680642 758981403
742702412 753541554
855476662 878677970
192934548 897119859
900244268 954030058
860308053 997412809
933452209 947032433
448543926 457311650
964338124 985515844
737125661 984680961
91046523 262493562
194280637 427814270
531709100 593934869
581989372 680873100
115030471 213677139
462379373 573476863
47958123 984348938
809387183 977742233
222445438 777686101
895420032 948902925
163297996 454127273
224562383 572327573
362233824 865733392
581326328 687360437
954212087 997472449
114965009 237486156
741791087 948942392
58887605 143038067
757379846 972405495
495764912 680762138
74629996 114938316
58243185 288689415
632510765 654863904
165927080 748387787
418536275 841521920
991426255 995229186
320814313 364601889
971820680 988755530
362574970 404659813
466675934 798409021
298352738 412401447
676988265 693367460
813203897 983689008
556649057 990435802
326313291 376197601
220089231 866798616
453158458 874794493
924842170 991293152
773225564 877550984
187845995 434467246
915509336 957637649
862650365 923962500
937167335 979749292
441739860 762604575
941989856 950789473
775173452 915506364
624010570 870620218
741658701 797657511
908771872 941200262
753432599 949489496
664806597 929674861
67541261 538360883
800225021 974833807
262933203 505553118
211159475 910423270
244615765 361195642
606902431 750359150
634567663 867799942
47479060 864436679
915807163 960868867
895936469 949550852
939454768 950439953
428041842 493334312
535223977 603723926
146855406 180795596
926571098 931636495
287500259 905026388
167336050 368804494
962568424 981418373
503058183 776414717
487807173 611362498
966997652 973528106
38448459 940628749
590637320 660008427
991225821 995418921
735798461 960233541
714585092 771177533
759447407 763209673
463140750 882587300
470776953 489056759
456326340 859385442
939288763 989699948
297723473 785384216
721745158 974416187
642511522 723729996
210015930 463785406
312693498 628157665
307024033 927602819
641052563 764438445
718621860 830012043
24060241 975058097
380403382 411980690
549169827 752605893
113915541 295243364
399619182 685332026
798203915 806843849
115417295 699446628
322613091 607301158
672765964 940827152
365791039 875409572
406172297 607388487
45192939 196301467
641836593 810048643
235423683 272155378
531027836 893589481
999848424 999859880
997774809 999705541
731757341 808162443
272996928 938915748
36453958 713399713
918289238 996750218
969804135 977612394
318144137 404988355
7617944 749342829
445478621 649998966
377617381 621534336
416518976 747361807
836052762 989531601
830109510 947383773
461201923 895019487
642967214 926661703
420840058 525362255
619639351 876792925
310684622 516973806
454247421 889686056
74518489 528150200
718615083 797256880
887863286 965900088
90503284 824439173
307227286 415721518
56777745 675178988
841191220 985211993
341577163 507333691
320940498 985735456
998337027 999529684
658308246 927686966
734478681 883931148
979393284 997611763
631402577 663373652
681378050 813444539
446808075 656262589
416986754 809760528
547051136 720152903
683571228 741908935
84876325 265452655
521290419 911173078
845272542 871477472
859163659 886386623
907551385 959981193
733381254 809598276
523660828 949528893
626931360 727146103
534036010 716956127
475110606 664040633
774792757 852119704
707039858 712391080
53917882 576506902
92680741 237284232
946338147 998065697
992084938 993331307
501739088 905578955
855031112 930946435
265235236 814143330
939340138 958032182
675927153 747871143
749012133 823034269
48187258 263124948
685235534 964394399
778017543 893962477
276306262 861618912
247153629 382219119
171765270 517123133
783434794 963444536
560798634 925893489
911517046 972997735
879902233 993974779
767686167 896106537
678737026 826667365
496509186 938423745
888608761 955277692
401766041 700054638
343850703 467726248
220994362 342986634
623983558 985297072
856708330 946850464
966367556 975232576
555880521 656689314
603521923 735655238
462845521 601441906
52158488 95698069
450675881 647243038
4149316 938163371
318994902 642969418
440507326 744829587
810213457 837439304
734507399 735131484
6705009 214701713
690958385 949082003
661466483 942229971
451661034 538351587
195290690 860714539
69121172 667248507
450997303 817540628
800167237 973405279
251111511 900254305
182834753 826048312
387221732 743778487
106079525 724507407
947787433 979901363
562739457 754092172
726015974 738801255
47128316 719132752
330911724 588609526
546959251 896765931
993667634 994076568
260856221 929216863
128581175 890544849
286807614 746746971
319646227 396608631
94020788 884796419
298635553 624741620
109415444 709280457
351134779 910075212
782227604 906497563
390164692 941467253
880743728 969270198
519499402 688079662
524374107 973760047
557225516 661787506
148882030 265228605
220427526 758669291
619855712 834296154
615250567 615822165
626638787 888514261
277898821 313453322
777426031 800163511
252319453 450449536
968563189 981498476
488959430 821470582
748687723 906997159
307016858 843650918
255164398 365961442
284283257 770484135
960305075 993742800
493875673 675142494
617031823 814251914
322220675 355431785
31301439 321583793
939138933 979416452
158043928 809357012
158056456 415901917
519534177 789176628
468673313 487214980
956916275 976849261
479732045 834216425
219482619 411719275
201948406 914226323
684005733 945128989
33661249 967593465
46939706 801616983
263993080 776155337
846898009 894956079
168478390 777905453
910685306 957499448
660124498 694267551
157212213 358046059
949070680 954113555
546118124 883943229
344395717 453664111
711596285 939680916
233450125 260721964
126686939 746855232
431117171 709921808
946082291 997169318
909801622 936714125
969409013 985922931
172507063 189634605
822338742 895978663
226868910 978962675
685975891 979114990
426152729 762581684
16541005 888625786
573382743 799275112
124623594 621549011
441670938 555284156
815476553 844825348
81055594 722870025
469621807 580434562
345573169 437814123
772513710 876675037
121274623 678247234
543815503 941684145
824050377 835923283
853650373 856068736
63455645 359186306
313622075 494176378
175650978 609482663
803646981 912490544
795182928 920058926
648146366 900821271
851331992 886201869
806479751 927426831
276401945 844430827
259768299 562287677
785926964 901600742
794199123 890492169
420659149 778657537
727007744 833294524
309753007 377966513
80182186 205793846
414781445 733514315
886767397 904606962
346323879 444857764
576998084 593784440
112736041 301310172
657894848 898978908
848672563 857045004
737178550 803337064
593577118 645236589
546491755 936358487
534332972 828021639
421462312 500543130
17502461 150542146
424705019 565058977
138284877 435300675
252566405 977643381
663038160 802452897
506300017 623105045
135209136 166432239
34649515 460704761
739163110 861993678
784053942 807558215
922993258 981747892
772689795 784503918
411702822 852389744
512383320 652685039
940918271 950070159
591003816 770420973
692587091 714253234
881297913 959826009
807808616 918228315
184632056 655864632
665774291 897206196
780582258 794369750
489551145 894084066
536644316 581672344
926835129 968550215
154324295 481658329
413038489 428190468
955421360 992860434
436139878 849729307
242315770 248874179
281885055 876360949
638864949 996224871
919704665 985065358
56636155 450001303
404060173 998888496
748737055 761898455
197941693 911252315
671764190 912719980
199613284 416746901
132699873 616935854
658503501 959241474
528426129 905680352
363511955 466834109
201755990 735352997
517297448 769207723
930964372 934430961
883628984 893315789
260494154 476895809
686976077 926034333
187804371 768673941
917974768 927940916
335267702 910582742
143486920 860531467
142279098 574832536
730632822 795311043
231493404 281598520
868453306 932859271
243263550 485708535
454007669 699560879
901389247 957760176
654755027 878588364
162288959 568935630
684196383 863020913
270670645 566511055
873513002 873698753
671333484 757341773
503007407 776731301
259466643 980288414
404870598 641911594
398036312 949411581
236226742 318242399
152548908 462074992
762360084 995915119
205882351 527702625
398609385 770285240
195978736 728857652
237519321 397785790
885389077 918391194
572069352 853546684
804090715 903385311
18916202 929172726
459232890 816843673
271771011 432803809
154689853 171423175
975053578 987080745
701207129 742480796
50506791 613132574
146634846 194709943
418296842 630071671
430953552 623351916
909555189 909709835
404380134 440853176
58670979 287945423
148504135 638481979
71182559 286448112
517881783 874591553
467943980 475085483
127432346 964847405
781935719 880171759
963550264 963876667
240756613 921103616
354618477 530980215
230585905 901531534
504521386 952986858
76833504 912783310
475045039 779521703
614287013 979089365
375296056 737333940
303172751 822674451
292981132 610865579
626463926 909433365
551509060 920191620
168581905 324581792
220662477 554543349
729248737 979117052
823141532 865666546
535518941 619578441
94836704 494742303
322201860 730542045
301894370 395898970
297701137 715746537
35537410 173836743
782574495 980685874
193393419 199138399
573637704 958455270
258264462 481092031
885212229 952959233
860007235 897196402
200619776 302089733
833033082 981924513
940948286 994326259
463142809 806374271
156629303 719433265
675946171 976497669
70424708 872383066
427021341 493975729
940356342 941644340
490390208 544924434
640191756 730027970
654757516 880653833
573416615 620647034
130537842 362352894
279015119 841493456
818180774 953036733
635024751 635919146
663266051 932545792
377179000 627148923
620658167 652964939
385528021 725095810
820923310 840178607
816833103 895422926
16744897 776227078
990925136 997303671
178041554 613454330
463784200 484678010
556816336 690081633
695638159 718282530
379630694 960636476
286976329 646999995
933909603 955477545
782344970 931721981
778440265 970532894
282399851 477207547
376848703 456427658
578404157 705134420
680074210 689614564
372401691 408589471
566427985 921846166
97388741 341914156
258688941 895560656
350274191 812418458
395050562 700743254
260082110 846663856
54671740 171204018
590190134 650103593
563161847 778606800
322534753 815614941
218764098 899236708
501888210 546200186
113538049 306718755
621599364 726868929
253342882 384238246
111841347 335598052
437942002 777971047
89022398 97613781
852322100 959769713
489024469 885919210
224513428 941279025
100116434 863177735
685659807 940701574
110474191 627152428
470156721 818102727
869834610 904910871
639698993 843222652
475541299 845025847
84621141 864815830
601631017 614584793
395433757 727082688
191229905 335462073
980519589 998453617
459349300 584142323
863476416 898684342
831914217 875515631
893769321 999295279
586926392 794190702
929087449 943638098
379715123 720011806
806333302 830359846
488535639 730135352
755692436 850521651
341526797 743038754
667187431 731691214
926348805 993873111
415753370 520202365
540632045 842875983
720418683 967693737
191684256 277236386
351835654 353026908
87252531 645241920
754567154 938568282
722389472 795929014
419723701 819730418
775501713 923921129
175227289 351749481
853880439 964747618
530260641 776644511
571774342 965361797
817990537 909067862
464865206 711410929
887591324 917058624
373031974 989673713
156582874 833259064
506396543 975372647
56423890 806270518
276137425 494680178
729335616 730580494
356145338 439421101
95808403 897878214
831212704 860978598
612395268 858116560
994607013 998675898
661662476 936421176
396360911 505908884
35822082 748551907
281603111 333901849
774556849 831117859
459545783 838152473
493664316 592029716
144152181 416941603
516436224 932604132
504314288 596310960
290973361 328460074
999141962 999901450
396752204 584437315
590653107 911134087
448583349 462577611
576231236 897552521
726215183 738729292
593688547 723406927
310123027 390052198
36567849 751233006
204140250 275331437
433323886 861364902
173686551 422102326
272601793 693906458
475786241 909797863
972876718 984071176
86860876 849919517
616425144 913170803
347390541 780541833
454361052 784238649
48285078 385036622
698742583 851854111
941104319 986754503
387209398 787380085
290126392 566498750
20983869 947601709
16465566 233948104
367654805 545738244
604829891 814281958
560210560 969600205
927173122 989529665
907453735 990218615
849801436 983982091
8523783 52222876
941175279 995001769
281067487 457543785
542284579 691464761
894618993 957646910
38621298 669478157
341716664 818770045
614539652 817287901
956535112 994302839
677723244 874383902
948458161 956374908
852927429 867261981
955968238 997287071
934219047 971217217
962845257 969760068
934103 592508018
543464816 998787849
438938032 809427621
650839450 993172479
241910524 781924378
250695281 544581749
380291446 578534716
532402448 707759478
79874170 897078279
953010501 961865128
328434879 404256723
518849971 779764509
866131620 992548682
335110418 791543172
2820317 817562443
697962914 971979446
79021648 996825240
703389811 870105915
59097495 848450360
47591266 152644814
474962567 597506579
890798058 974708518
787292283 923147894
767760199 809384287
602979420 615587491
503352501 658310486
442924649 496168585
267593919 399359851
803578997 993322342
516898036 855312370
387848976 421982901
985264636 999659439
65712681 965007782
112369743 305223698
196150661 551549919
291265048 604566198
789930902 803102398
701680458 956339926
526182583 850148056
333675507 347122841
688716721 691910526
380231959 624789353
220119787 524721156
734681129 878073701
128610793 366183162
973825419 999358346
12138004 424356933
423027755 617816883
185996561 602681736
43947738 180968135
103073825 226558674
957027715 994394309
532914727 650796430
559006128 725933599
736605134 752034876
658949522 724915753
596601052 834710418
410618200 950699878
72424924 820851394
84202089 517532076
777053314 987458827
792031967 886409143
50019612 770646297
212774463 802092498
943034031 985982081
697494653 893508061
476723677 671810185
510555457 968608726
242961265 692370695
434388069 933490738
653878205 871555259
331296709 751411866
309458206 941502709
424749137 765281475
632430740 801407693
585617635 803845607
345620431 688416368
843483066 914608561
157317513 569574625
564087754 950476672
888675066 919425050
144136995 626748159
613080528 977605457
706146743 989604468
892417884 926186547
372154298 489325713
813772269 914888799
16843003 19031667
444904503 720448287
873263963 881759043
201502253 395851348
355410473 667727908
993167277 993797833
425234168 441246426
362085793 875151021
252499162 775076480
324136696 334136889
421792658 858341991
850748251 980318440
856598193 926740871
129402352 553225419
142883212 876294302
748824485 781938527
501109435 796335037
636295323 642678530
859684869 938891081
55760346 391524840
161204385 498668694
259119057 507822330
270023747 933957659
724542187 945259898
275649343 316135394
303557594 634113565
317647097 803077034
598937029 699984404
198723059 868540671
682331837 804104241
644467759 935700723
973644088 995236380
861833555 902929004
599868290 979756523
306527166 603234553
385807412 693054219
767974661 781122702
636848283 898450943
187200379 299713032
724016319 974334749
325286328 919024129
564238009 723288083
591309250 891627807
895304213 918510056
463675640 742050048
661264605 924095490
57530491 902938018
329552379 645493533
677936464 896105433
106306188 569757591
633400701 895433947
674242375 829214037
192881133 581514813
212686732 381038321
486057635 913708591
140991031 687737143
771921804 878274610
709754430 954730798
738020863 935252416
542972741 718436930
203237376 428306535
379182534 897597101
247019411 866668395
380438746 451621042
494896409 637740260
849264255 867785631
138293635 637635124
880304358 980130746
633288386 974002482
924515254 983027370
142058767 994911812
685966579 825739042
843246391 982066935
817328500 853866322
174721193 467822692
256567663 626981104
391591601 829116500
399080331 580660774
851954179 930231212
797559489 860046615
433252581 973602065
796511539 976676814
811745525 851614797
745644434 929821168
852937475 867749771
341201239 928449349
449830393 930511534
517324564 968589169
204852177 897779899
454130150 850531334
630180718 692572620
14111707 509929563
710345778 928299291
483423145 683046058
124331061 485679780
858392615 983471070
42740649 857125277
78868852 776882427
25833115 881398594
452594092 546633743
722329820 833458965
124614143 128329053
25975420 519061942
380431494 868287349
674434691 825566738
326055517 702917530
887883308 988147718
421772900 822035833
920137857 943862730
483992034 715318494
251101109 833717449
923374695 998434589
167982307 860706270
929234783 930926027
389456361 543552805
648505314 823430277
862699865 970443529
556649678 816603072
993337145 995612952
791446606 813221494
437951219 955217597
762979803 866763136
19213026 94392481
267200963 355842284
988617202 999777608
382705872 573404834
475376912 567563578
700360617 791274008
748656406 840088118
849767342 972809526
273695955 918817506
400574446 845920036
371679173 610873184
389287220 490007192
704689021 708427067
890753477 936148581
189500369 519651536
945754988 988333486
332196417 360562319
510792242 898326576
432534163 923752177
791054196 919429274
981821524 995800393
566096856 888951905
613556845 624497276
668189647 972909242
362963100 886173719
642068550 954855161
103729853 599639088
28970759 389272796
907889951 954446588
312818946 826148270
910099791 952698283
289234379 991604545
585698545 666612819
781061434 842466875
4300120 66603614
848959846 931630995
252270308 966613879
668300364 994961275
905412777 936381617
483308504 981091360
129899575 268012358
941169273 950929393
609274607 616936705
128958421 589606073
423310179 635195093
869418828 885115043
133266041 618529846
83877529 749829517
909228654 920400517
140606369 398412311
206703719 608889714
356562242 922011061
150615570 471654727
738521404 782429727
756278173 951280054
94259428 188641220
765680425 895692598
978232615 991701757
964293468 990287320
955362003 975469607
273471660 990173799
876952100 881707870
606292583 679907838
162749499 444884101
915869809 965760397
792131633 879131961
761212164 832065801
117456505 359012952
944791462 945238171
525707550 590270505
843074647 845263616
569654527 645468066
226407819 799892832
904829513 906659907
639671838 811400220
95022308 295373529
890052352 897877415
963592527 987593808
535356352 740105378
594580906 982364405
277882664 577611965
790254632 907534081
131643680 468700700
269019527 721557887
831937162 857017129
163530119 741191933
571085149 758840812
655607344 763133808
559848847 890668250
529575000 625159328
328067235 916405027
281244182 753274721
34627615 929052485
848619486 863876469
715945996 967712208
360133493 376622973
65066349 496990525
527451834 959361516
40887198 783381005
355309193 639688157
820288306 943642654
794273498 831032506
957375730 982859667
174293721 826327888
964134700 968425051
948391804 994858959
973173902 990497899
32320439 657545966
995192055 995201124
738134651 913321835
131373724 873463134
782716354 843308055
526292973 745603472
523196406 687466500
625224701 901070104
916670161 995941174
735964716 918795587
238007705 665971506
572133597 699917738
213171 571777503
442371453 645169051
161099468 424703707
221257948 542707721
941291192 995821924
640975531 989847088
95591316 627136278
53792725 561260751
812260495 936958146
113948603 293913857
686144126 870125401
468231563 770658560
848769817 954205007
962653577 988513398
72316028 534463887
469068640 495785365
989054331 991864732
333536410 692856898
185501826 656532809
786246099 841640605
346932483 599164130
72811538 422897691
64012949 492919290
163820980 968064225
37570814 278478422
326870618 921579547
3077448 618631186
140191911 652476567
940216126 971995330
164131816 990782738
134836506 817690925
190450489 960960037
951631835 965904399
469996294 917344401
681317210 940501934
927531958 990383238
910029648 925526654
501725604 775717001
970774276 970957222
706192148 726446830
95571835 310311140
163713056 337516394
584643210 855588546
270159575 423823045
951456910 994959572
61411452 369714478
192230255 475671029
453718060 966293105
881538537 941245385
916381412 917087996
966192325 974354669
66494368 77155062
80353303 530453854
156832321 312541952
248210705 488455894
728750701 801531228
472433673 746621220
566152653 907917675
47100069 687227761
565482773 980222250
528949789 916619933
998686285 999743230
893698063 917502917
234053443 724622979
487084285 722412142
362542526 575931527
448937551 549241161
1657683 526418225
290266804 719826160
327569443 503545342
907762386 925059140
454294876 747274372
698309983 913136802
868224925 980459776
262596447 353564911
720376062 753414628
496988661 800134131
632760370 955042194
509658544 532157915
244646325 310030461
607353700 916090421
277819140 418319228
835532430 987844889
65601514 484557567
923777079 929431535
12399133 634685796
310589777 476258742
411624306 617772946
720760404 946892705
348311254 710325328
947134041 953225550
901695073 952218006
444632886 528958964
197984084 358103070
384097679 944251943
634744033 945190593
767947216 797733257
23923872 745085772
309049069 947078022
480873654 935684971
944208215 944403871
963035011 999611783
876407827 948377260
653575405 771168914
182973104 638368354
775181218 947229047
393108079 654799369
898565642 966151440
636036232 713635436
909949514 951358671
559503274 881582813
519940908 768187852
37673037 147136673
897652029 934885024
829389171 979716798
449446321 594595287
930575643 965622710
883522233 967622671
356381688 503508684
30731658 702503791
620046902 670737421
577966243 651327778
258023686 394765105
580200426 721005911
42864844 825624022
774031406 775741027
996995851 999033316
235151888 642068443
955767417 962328105
915211313 984759171
498235530 612021434
489090265 754798531
713277133 836461381
284915457 534391085
635081770 793728408
156363138 744436971
349042653 653491945
885805307 951634540
366074702 820232802
602901993 758962540
182680284 501345468
983018370 996844923
778111826 985138483
545731286 942483812
798292811 879578334
677718765 978771052
171034791 383970409
26803147 855587484
983304078 994592487
980994262 986916868
268171304 705625486
171697435 566867500
64676824 573977185
21121362 383428977
130288198 831112786
96523613 317157483
19761271 497821037
525512541 534250610
955084687 972028540
212071057 293674229
135989716 593761799
462896915 533852702
285305353 649605261
966143916 994190967
286918701 639910825
740215253 971550045
668540022 726373129
51341029 133022437
6117970 409767014
1506314 237305117
89681378 548440805
676993508 986301703
51954361 957548149
263685145 864263085
577343510 775727676
507724363 868949293
20470396 485382534
21248115 840182552
852717772 870865035
703010729 711617521
780851845 929282392
544575453 611157986
394138399 616581612
547925375 822351135
799474754 810407329
192415858 391972413
841253103 886301421
988966963 991303520
659795961 668327088
459052477 526499232
837288395 951989673
568646233 799040009
515420212 559299967
202675357 874839392
421382331 795626864
112396198 869882021
202590090 441720387
524054064 524678166
606757857 810154298
495801110 556441493
123095397 406534169
31240527 300289529
46160711 592286600
681848764 876286133
513766878 880038585
462999556 475474560
242816040 984107660
353393245 774706298
983609043 999291540
238926504 679783974
452481966 832263073
159102303 378522298
226207050 491875224
704749145 778391734
681252669 819907018
799190046 846254765
214683349 512481113
852047250 981382113
459139392 917970369
826508868 948444894
33886874 360275102
95762156 872858546
859367872 905048628
788502098 790838927
901409669 901998305
289396329 901863878
576347079 988638745
779142511 936283007
550410309 764869952
670912024 804520921
825237124 920962900
168650823 919727476
816131721 875898298
317919727 907119164
749282064 768761168
112190128 930728892
714350228 871361625
829535600 891050970
953133618 969100384
353118037 881280489
768586965 849288735
24227906 490236597
195250886 649624796
130275142 856551362
827792211 963066027
359067390 490177713
350148107 953328689
939109519 986892639
791274245 886033890
509334663 808832237
336680173 944906030
108813334 129567922
983575836 989787521
374039274 784432540
577468613 609717860
40631908 825948161
691748142 756014088
916041874 969235876
477954952 914988929
63071200 867116460
639917815 652648967
967700919 994967275
644608941 890124680
779251104 936778830
565232952 625849378
165405100 666850857
770938969 994105142
91507360 832277477
462564434 968356827
865321206 938637048
352807429 745540515
735705192 925931963
832141271 904821768
298388719 595858761
113135613 402099885
951657898 979923182
618038328 660359609
126593237 730536724
397957034 565877881
876393644 980575780
993278612 996623808
267879785 616676708
263307876 805583322
140757204 146580781
32714113 450937017
555881158 771149521
648611195 824017846
907142072 985497114
399246895 402754722
200500804 660436964
823518386 910534452
686428389 994442848
750501120 777322029
399222165 540318992
271479994 648087985
572221337 775379912
207849925 383367399
502110375 767133685
66221456 147852093
797952159 839794459
707829987 764274155
319639239 774858072
735907758 975021525
307474782 923951113
782356735 808407378
253060146 437704200
277191223 927202150
621728833 628976321
823933248 934963837
387878375 995456697
173236858 404563131
326620744 877217668
494385136 630461779
438287527 567943889
356599825 657570195
506729911 601848033
538592333 556667597
27577229 708810702
473374649 495635826
203374551 563232902
43743827 86836594
524587693 791734299
371289446 773835559
825621191 930357837
838843919 997465837
712412563 957254751
965049383 972265584
482120301 785169202
409676344 977972869
30216922 158617740
201919167 835410181
198541337 977355217
361124046 917227540
15505707 227167711
451879155 757844738
808845961 909061829
781762618 988857764
182246848 766808610
336404992 524685974
904239165 993736078
329445805 404091483
615404957 908510220
820113410 875895534
136405239 557760921
962998430 983694058
998233819 998872374
877143058 946524952
502546693 868865704
444321078 731954253
889507320 982829016
790518946 971880648
178327712 536363504
341960260 936625435
444760583 534129788
253307740 281698638
261349676 347088505
935870876 978216502
381046841 489108779
693300858 885863644
873395318 965538165
472808493 628863323
816559768 899203178
161964454 979140013
988524639 988929506
387285936 548561749
602214056 862513722
704371458 743153118
805635544 920612861
357158361 880788755
751847677 980235567
327022080 371268515
890127883 921493560
829895142 906758180
210182011 713565612
655443161 824197834
905556698 964281800
604410677 653257760
999396288 999426911
444904654 618423320
826892785 876743589
848368209 992074043
276346095 987271327
617128334 917027260
689373112 807276192
428333487 936991904
757908036 883114823
464558134 570519997
405114481 735173647
962956430 978013409
210680084 421867261
978351612 996678449
710240420 886162801
184594932 325779640
295438313 853993461
403249322 857692508
125284385 669942187
638380159 770640662
867549416 960675960
634266896 871005099
318093979 417429581
780056201 850570029
716700124 877433635
133642872 964690447
255434806 496448003
210425547 942979537
814055356 899618179
456310330 830184288
203218964 510820998
907080619 966283773
109413076 350262128
689201734 725011796
443580950 901973411
797345098 898112398
554705616 780396013
693385726 807677061
287049944 747400229
607464160 708723215
516980551 655399915
207602653 836813644
543964926 926858519
446607309 449049526
625106705 682211228
953041077 995946261
206250854 932816900
847028723 966560969
272625334 562304176
56240216 576272438
562632949 765611318
154913300 657699287
440961446 640558177
790167708 989639565
271952336 421467464
117019426 642232224
641449186 694930037
312837672 633814985
184735357 582322722
639041864 908038370
583167716 717044211
764490693 807447698
431086256 731628582
773709670 857905851
192607693 814497317
329822458 720249955
408463176 680662900
300256258 865606146
373927079 654527695
784862981 968509963
545411951 687261280
277139848 566403494
807601897 991134579
370982483 681072219
922291018 954376887
991133699 999258312
796779328 909483545
448984972 848046736
563312490 702993241
576921305 606972740
285932228 739095476
777527808 810208141
373466146 588828395
308440612 849656296
719328107 945113328
655152967 871733401
302939768 580972851
383376860 581460411
671281585 867886335
220678958 369984206
261961370 342984113
295193880 895534423
560030223 610611770
667782901 769646693
672952029 765023459
851530457 952641625
377180332 425588760
427293118 946583508
523939293 745815902
202240885 581728125
620273868 881814054
500156641 966369957
626822556 734839875
656521022 769791462
967289732 982116493
592701641 819379239
147499274 983188721
839244420 875778513
434513894 482649015
359938330 509727899
886362739 975571961
52596772 200647515
661277440 949102927
961254555 980736433
500561779 961592829
676487139 761971900
35575725 402655283
950868508 995729049
421455510 495317136
105244810 608775593
21768522 542888202
825407153 916086388
68782122 977091100
817039488 834479220
610399433 881693091
371190579 667147981
796039175 882028783
5602582 262763794
623187594 685925750
360664500 816060733
926288941 976153683
772183271 877535587
702557799 865544502
219845928 623993384
297421277 912191029
807859571 844618276
853211365 934359680
189976809 637261015
709903711 965711822
935744438 956379903
174276472 740511161
544379580 681556083
25504644 153220436
55955566 139749556
64710946 588847809
581583843 959208547
938290946 978504606
510708120 969457725
74080949 119700367
357560457 457218475
522531261 739223211
785101788 960043710
185590106 363252247
713111891 868641729
393866761 526307353
156591781 467395667
758790763 758895287
379444895 419182697
851010432 975355803
45016644 229868859
150964178 539821568
526759881 734278905
53245043 756671277
82454517 325889129
156694038 843962848
937936443 948366608
578581090 793419260
113796206 762815201
75879834 269977708
635569413 850395804
161497261 631133666
664124202 721209736
28552387 79745115
297762671 544189475
326946297 547161649
486347512 937277599
684920885 739225465
28890893 949238157
928572696 996556255
557055885 792861697
239025839 480877626
727789987 778276013
890939373 991273337
586921497 728955992
256574298 905512206
482457895 561520936
458594289 620102458
55718577 496921789
956018703 994260531
657481678 737529867
625442551 732537000
311338767 994192014
688248780 847011424
359957112 445476491
560730212 614333416
610635415 874059094
933133868 936402761
570427040 868844736
638669028 833736135
976087266 982158144
375546421 825996339
930461178 984311454
718058227 996758118
655209765 757799100
107142161 251455714
599996234 841063791
174644671 537742679
784499575 935988541
515243578 632010330
500916939 587674968
297825963 685658284
280518449 361273050
259295452 547412051
139389520 889429675
733066893 934172393
785133419 919093631
188345418 906922843
696506489 712252166
379725323 404618606
479623604 726888535
522588168 921782981
942650759 997975162
654538311 899077213
911651277 925036127
646822363 871404598
218218626 257873549
734468918 782349427
830938452 882667496
900148088 980270256
649871847 752478157
270002978 787132769
978878089 994989730
461364031 944431430
173934795 813078123
243844659 388373380
171176307 938446815
260973898 959294295
487707806 988892429
586090297 957984001
555628159 927474935
515005120 756139761
701262134 888764630
994749830 999584749
764284068 892318076
705720751 943615052
26859814 971073618
949768010 962931126
669013468 709175282
174561796 987459635
812037767 860242992
549578652 909713010
594356561 973440052
598007961 762400639
811323995 836714527
833200471 918911853
972254285 979401684
350210639 640523439
34576755 473144775
798981101 859512304
687312599 951081160
768551941 831779952
483622484 825180102
333952482 984906070
860038375 914133667
129511021 723308138
667286520 998133328
390194842 397410705
29083895 306423571
240290482 341984060
35814738 901037369
801112197 962351779
518341285 791648132
503088036 824634141
643542868 689523047
318034997 339033965
212038373 562094489
379641187 970223265
381486217 797495318
907715350 984500467
642324567 719371914
789212576 825920336
212134323 829770938
324699807 696049491
911833941 971099244
290575764 629420761
706448483 854519550
877851103 929983171
620334754 974664791
999740328 999821826
489895205 548121088
52765560 896077828
857482299 881217545
953946359 987242721
485959758 939369149
340761967 520629198
819269218 959831291
898754037 916611100
807845404 991462846
618614862 930709855
59863312 349705427
131676852 588622658
622604620 720021934
758054698 762301120
62608389 904146000
307337705 551491328
452476148 879391911
618466063 753940117
289638925 996297847
801429171 851206310
938963422 981781795
979009976 999541502
369427182 661979293
981094945 982469370
976887127 984940126
547862179 822892255
655342367 815244921
3998697 416551392
79198130 944118020
490423655 649877190
607373319 962741300
209317193 520029877
643496849 938551546
536956625 638943444
561590272 602268451
194010766 342083457
321129231 823448285
286390547 622230813
885697543 958711018
717432233 882422995
922520625 965595397
559649959 754112198
621722769 757014274
854467274 972318270
897182174 981559111
494973850 852979231
120727829 201344731
553473778 769259971
672158065 808608663
278351777 658123084
186868107 327960603
742792455 765953783
261515912 762426399
700188115 980546343
680419384 814335156
575878056 592458154
795998616 957502301
914402085 957629009
475049860 997209844
839365114 900978146
647683176 820702935
920905363 971672146
609964942 943606024
634546764 974053218
38852044 556404107
675904062 715229932
894610591 923480217
865500441 892291245
733225128 753555241
141333299 309686224
435040068 796158081
104685670 122138064
280432450 353657059
522006530 550770757
880580514 948026676
992576816 996850803
457163604 488239601
658245655 685821121
595151129 735776858
966874615 977892124
108212189 921828924
405073424 977129518
732605230 916649777
636579161 828827130
103219905 546024780
44339085 472433258
350347518 986837695
272799853 284409452
449493957 504537562
124706751 746410964
699975204 873068351
129863865 135398267
345549474 845453617
311849240 490560430
519389781 942664258
997755341 997873186
26707809 730033568
150914253 458055868
570440761 628827747
238186531 974565516
971437988 971586622
701528091 763935355
99059676 588426515
849142818 914764654
25656269 921255170
783044509 840935091
545527537 639510832
178104103 195631662
463098560 886718606
352606476 542411849
321709017 789821633
692962910 958298580
510067520 715462100
35818833 411468346
344478363 611412954
43090107 825106231
212434693 867051366
473547424 482600395
240962158 659103664
362417816 553461579
262073510 371691485
129880408 722571887
454894215 974188849
741173224 783832151
559159223 630024911
870346430 945284461
173675757 174324561
201688770 670530059
576063736 936338689
567949348 863845080
493208515 619481267
738052492 878832502
763399101 899864348
674463598 795952432
153767417 400251845
476365945 798032857
380121575 799564148
648686109 754927833
52433662 689882042
494988245 696829644
809945627 953679076
348391772 372746108
999359062 999531694
712613715 790668707
233813460 913484725
486770209 519874967
343430362 672770264
383079228 530285980
881090063 898868785
954730965 982617780
31121338 816431383
361568053 830878227
922573068 956979796
32519791 849764918
95808595 394633914
334046607 949515910
403827435 559525588
551339087 810936458
11970748 694936729
972500484 984780662
22029631 596103293
440059682 861280724
479732870 728106070
786592700 851155693
129321433 206175262
26605676 436958373
886102197 975078752
125546630 781706663
134921148 424124035
766109267 787936795
538419793 955442827
47016692 570484696
230234128 935788555
430171956 758099664
161494388 673113038
166598453 785036315
527262209 750991423
610366646 727115373
501048970 578038554
266066726 349255685
790609827 831394074
280454462 574668578
996463504 997345965
750756325 978951834
727302718 916607380
833972444 950471303
569789253 914171575
647120391 929063500
243542115 271425856
657321877 720971317
91225693 108719821
786109234 999410478
646237079 890929436
238566335 791036185
656818529 810243222
914441425 928680449
294518214 537537133
481049440 653055598
388722773 525427997
499481637 546965337
576677817 605855781
345728942 887926470
929265991 986137535
778950880 916330034
99141427 109092712
805424746 912099208
841676377 843871267
416532222 958253478
137311619 938346919
701382588 827470843
444546484 887938234
862353475 931442298
193975863 878539693
333125434 996120372
421257682 666010913
409057350 790523778
627016989 907339708
227818099 463764509
503530990 604517341
945095938 961421233
373231158 918570949
692462985 779541538
976205103 981915054
226225205 789604939
880789958 932292646
922947079 987587116
282485586 942813828
696367799 875078873
602477880 618582233
900289904 913518608
631765248 982757986
713477366 719556551
723027573 892469766
26945401 879744616
921243015 988785677
554792049 881127134
269194063 946826392
764916499 902057524
353787344 475955170
597866248 968641945
218317829 450726656
39361311 582018968
261346285 511779659
338405565 942945697
338116075 361139502
123378945 282542125
463575708 757998685
794966761 924887079
778472242 970528727
45287195 779752458
481575293 844619818
726482011 857998092
673119069 673643768
849374136 955282790
324806342 654096350
403950561 885215584
416171529 746694726
475947740 987605867
76882265 382789246
295028634 939689365
195028890 253692344
106347737 900314645
395179054 935431988
678041152 691975539
592083347 631406378
441953018 984505201
156198388 295142891
973432295 989998866
160035905 375291791
444662907 855646092
973255497 977870857
4665572 824884458
547116853 832249930
577392112 836295453
871494803 883621755
205472182 808239907
369165214 601050331
164901347 801253868
29293467 134808908
378596189 545339409
593041332 999878637
653480740 825142568
939981829 944764679
747279747 867504661
24794523 920283893
814901519 837694456
727288862 763050605
294426617 765784979
353117637 945170912
19298675 431703956
185498325 876207107
43365584 548833510
948454382 988957666
716667354 755043381
284802505 734267616
22597445 674520571
892352226 964769706
273739897 715692377
38861633 161629439
327924036 554721897
611578390 627447624
457963743 662957697
308833799 733589315
651319939 979746649
194249372 432290278
475903474 546191106
784378845 932913977
1623812 85823820
711040308 946725236
837946156 978457149
446830172 605780189
52405237 891969954
415711045 685830836
736446349 866577396
947466315 987946962
601665359 970110018
37148669 214827181
777075250 807428323
744824250 887861124
618319918 679858050
705915244 906525448
706697245 727542248
739405691 759090779
710244181 970154917
478119558 912388163
67244170 580100487
505043050 751190473
345036605 639224443
628643352 790950080
478258704 997798304
960759282 986863878
791081895 843505308
828327010 903520412
903974246 937180702
471126141 478865429
360866012 862119448
836267453 989752512
534339488 816911367
195580802 494118294
55512365 280163281
364430518 644148243
736343772 876737776
392217632 527337500
634844866 807580837
727445421 757337747
626474805 973309500
869998844 913866656
874336581 876860092
151031159 752283004
788886131 831221793
39263424 100888248
446030282 548521574
302845679 765065449
228999569 458474539
738393619 939597944
986142307 989790257
230328120 455486074
364083102 635284828
454128575 924996760
685749162 754318070
41925276 810536518
864163970 938160070
129439328 793265152
850184910 855726259
499687300 916033792
165549480 338529062
520636324 903237167
597994853 599510035
995691945 997584704
134034983 353996288
381926820 751781918
188729597 893173472
358456417 649457139
602926448 884844040
133832966 437431052
318312676 565751895
685641033 942749468
975643115 996772527
659197752 732366869
175932600 823313304
932007423 942273915
142377999 252657405
91034084 339330633
976882794 997723289
463702405 501177256
782119220 912994059
147940127 449551443
602053911 624089252
278576854 920761761
981358409 994700015
873778461 968562761
144408393 817750666
402322798 705599279
40797380 744854523
514701518 905567347
894613972 953653316
645382722 775323303
471757830 762138035
415478348 599880611
926054599 989995342
302960838 781316134
100477692 122200969
569867235 676774879
841676875 939711797
775759706 870848339
765974944 972873120
30516241 176078750
627277650 795548257
514768291 949190940
316414352 518260275
722394978 755772915
581012092 991322574
651819637 771135543
979326958 997980872
182526487 254952958
755692795 979035861
904516238 934613033
165201686 182758088
873944921 937693937
122447145 485615272
499397753 942850564
726984838 841313582
251920638 916073925
951552337 999355780
191290516 450964366
556252511 947132721
147553585 623833158
593118108 642879871
614722110 893247612
833807250 877545477
493844137 885492966
469410499 945603042
836214147 871591267
493816735 553616466
599960517 816554830
324264209 490374597
323301748 396866547
592185824 896401044
31254239 371051055
157691075 458001744
783353538 874456236
101077917 849507370
339286200 503385989
534757985 626620678
732216717 958346811
131076850 353682724
169475382 512200365
879540355 910168173
686052943 809562789
581729320 740493942
687126680 980479961
634754234 909448703
653436580 968639888
279886538 937301011
90920014 373626551
579908461 943640794
930336965 931574740
622981615 996060668
103255731 444788520
306888081 368032633
59694023 896710864
425716124 937028179
292065760 347840090
733944134 854753813
488281660 580951225
744372823 781880381
517727083 605918331
500256311 508946145
702708725 966461741
714160841 918807092
47330158 452343351
469205132 815347404
338580327 663194694
621459810 762958018
509649910 767346057
259592011 755856925
321159840 733708137
879204007 957800665
836035600 869760221
499505192 577962283
826692794 936925955
962800593 988105072
338198840 837109528
652057819 714259371
623239339 905188863
481246746 538939578
181891933 408380611
999524377 999892723
59291717 531690252
3044570 998983516
505430882 686663210
98591529 475117470
676510169 765024636
173677965 336034029
484238559 532724574
933727960 972971704
778184381 936660271
324901320 725924089
868582527 990682163
360184434 754351116
46603261 263544723
450769672 565907429
523554851 793212116
419775829 824119190
236883249 857221190
141846477 692816845
792603312 863799447
587245912 883095812
98460488 702256421
367264431 992823844
938660712 965340993
846736342 850884924
340581043 934336914
70870719 420165253
28786464 749607862
945119529 978010736
989550699 990651220
978684583 980785976
820638491 873542519
211494109 480483726
360893086 994135868
649845318 777176663
898503409 900556343
133589956 410968768
452455961 611170802
266322704 954889343
578034011 771788229
267168718 599240581
456248534 989021064
124864336 357508909
602182883 937682826
79676462 889479060
653172815 917855006
672916067 757458470
669093459 792331335
841163291 973681426
947043826 976931120
326479872 540481759
43695811 218462201
163166000 704848737
770301314 943881374
522451411 559005995
955353613 956757194
759868972 830351090
481615820 951956720
334289936 963451686
753535806 863076426
359675432 368651183
469554374 757119377
789769179 889279563
620134655 662956927
152838343 487300545
252004874 418636462
678091759 747653215
125843789 795677848
361903119 749574736
582735919 805194131
762977219 857097686
909348838 968814877
389420572 710479614
12252801 664051796
612354451 882604712
919784993 977822299
420375099 514775984
521371488 534095025
575047736 749779667
903640547 996158772
143711823 812044076
202795817 643280554
313370524 589367478
33174286 141325997
27923377 287411009
899929182 987687803
228378574 600141614
391255906 834662944
186627349 778774525
195546099 827529785
117968361 131160955
434914697 618298852
371822243 436633114
946457287 950897220
800309484 986649416
160996756 620355005
725034352 880829976
382254240 625651416
332105849 533892452
131355791 653893680
309175394 801682706
940868468 973238917
221235988 462245603
512915807 981881121
871478078 961532691
313160176 337186434
486618271 971161638
645728221 992320509
180581853 264009623
99645736 149283206
312128342 337243585
276557726 527921205
384983952 598756745
888552780 931525067
548768547 977206656
142476126 608767349
41640278 208292976
991694033 993766494
412244919 537269279
656124110 781761304
494497436 661622360
846931371 853906587
199212262 650587258
67207289 280530083
9274715 892478557
115047400 587115054
343092784 537790003
126632531 379456829
104542673 167936380
817960479 934192417
245337931 750525226
835909962 931393225
492871669 902283560
434164322 939186427
24833030 296829958
154550811 625163835
743298736 815023488
148396888 942714581
283810120 947553419
428494499 807415046
726293075 806031075
255736683 544994731
362159565 798786700
655197731 825179384
768433103 844300172
203333418 456463257
260278591 674153826
530907869 986457653
812019528 844874725
781592981 823149636
500060634 625360875
939132202 958699624
817343967 984237001
594715630 765856280
419421245 788588861
626911443 697333773
378169283 702462467
903399496 946272734
175439960 658207279
578644199 662201372
305462429 313208493
896006255 929694690
552297906 654408443
766932402 920475197
101996177 529740556
622507791 878805205
747253000 869197186
621232932 800566833
327705161 902228294
531889292 741637821
928479732 987830101
305108859 996606454
550629232 669076062
206042954 311869302
75354680 305655881
68781664 144369095
605476632 935621435
546038429 971100327
759916167 968652735
742611435 839482186
113827172 348104503
891775562 940729059
141062342 431184794
106761411 132357772
389208451 515532754
237583408 979253838
353185904 426341951
769345391 791328994
118395646 768288086
293801422 491921419
322715783 476072911
477838384 572581673
513796961 525934739
169854837 328777892
977787329 981000343
609480570 740250654
97827611 143831629
598429487 831006546
239584887 411728363
173732241 948122111
61092883 380586775
751233420 973114601
479619142 763527465
852016953 922612240
702299514 763494720
743759390 776528404
318844774 413203590
14395705 247659729
68936912 144073495
331403674 684662846
460891449 471500585
531691376 676652682
721905316 900158496
118918602 670121427
932155112 935180608
577983359 786283923
388680489 777962256
660400417 787747758
629330629 846220410
722917054 798334829
705544384 825185767
729127887 985539814
676810057 862514779
734622811 990833213
395041913 783066793
118465472 421928430
524210709 879128839
794883196 987513115
104527635 893055001
194429532 683920560
724805136 787797597
960008843 972348090
658070093 728226402
713096683 894641458
788546520 968194483
415629929 676405957
59077344 705655633
100399141 874304154
584536015 688798088
353178604 881062587
749362159 982014354
104789665 744329803
392234451 886785136
872402094 926594987
52888414 62917573
277136348 985739138
935558937 950018353
279845137 469606055
725984250 818179609
840781379 917165492
242818992 876044936
318110764 481040408
333521588 964773716
254373132 638505770
879867618 887937702
248732942 845433925
463931797 901212233
191811299 504560447
575660519 688845662
699831627 951514740
340865197 985581853
402286861 972563700
145383156 628354870
877258881 971447812
468827811 910401757
309503652 561512949
103279182 303879624
521858915 996851845
704657233 856310745
334175137 474055396
427590013 558161315
129060075 203277902
924612663 958082909
706468453 780156593
361264650 949204411
365806687 394654484
468214000 907036038
674445137 827818609
493776281 791223112
172797562 796164186
649986544 756154080
972297574 979417005
915465144 923148236
189413229 249110235
246718169 392242834
998365182 999710773
255130402 610866398
141020444 528040356
378573741 973716914
519945515 654059782
725147201 910856758
657934073 783943859
174493877 974411379
665416801 705866458
333112121 769881045
573743784 964042135
742815422 848466939
202984308 290754706
139903368 994248957
844432335 904570731
650377425 950279389
964057173 973984423
422445019 531139290
801975647 835662540
852574520 963553666
46103778 935204998
294039521 841849315
995757608 997153552
640836244 833610816
394907055 967598096
486281756 931038975
934309314 940370776
738196813 964504897
737568378 792393864
250304288 722759468
437449849 646560198
64725679 831117566
188345016 526018527
322248208 346420270
440257020 692623086
600553374 807243939
463342985 692701152
622941560 937160113
590171613 866098903
232567259 616192221
783421701 823705878
58710197 115284728
243422738 676769616
153309119 602416317
572893627 768719559
812595724 893489404
677543030 844178705
25623193 348123514
403830693 424267722
29390375 219872878
27482579 941175874
657557725 964025348
135103891 207586677
399011521 640881558
487170129 574366314
106822621 307234155
429931164 616557704
88185586 537034376
780107774 992069030
350600675 436250952
452009392 832528016
677992074 978044593
768501553 937796303
826962485 940149723
117946068 251492724
86764907 431739851
700278935 842363954
169332789 792823970
254981828 973247004
596047977 745725113
382875600 987842718
60444626 608136205
166287421 471021917
320662981 727513357
889375525 909299762
699807703 980716929
114408119 672498505
170714556 768636317
519189941 788243873
770776770 812136600
536581850 920450688
920170173 964193630
136086525 403065394
803334695 885079073
244758932 517561030
587513090 699830794
400557352 726888961
414311766 879546441
313888945 469013630
884904249 987602933
605259620 743802235
360711425 817408840
794520282 988837393
634397532 685342798
356265158 853126831
676677387 916301765
966692323 978767528
981853869 985561356
658414016 889281440
80463855 511690788
275111011 517929998
253408862 650153469
589678378 962939497
948260502 972781656
822920733 856607921
379010113 408134539
342842085 370967284
551423240 853713727
281204332 593002293
582135753 646016158
133651048 810372542
488974418 615353931
830085033 889976847
785924546 833921948
430375028 489575315
270772544 902404129
962094285 998024280
707914715 918010621
611184037 848185748
34008376 258858955
12738191 331707903
705138374 960854900
901631927 909216287
864893395 889488892
735675468 833475264
905532686 968673779
62113417 355631655
37941679 520523130
606184192 639599957
329030016 807599174
464692528 524239901
995890206 999582982
718490962 886468074
430014562 732812427
333994310 702511530
311821633 989899700
822449053 995328912
913856920 965039391
86983597 854304570
961172633 978809714
305999018 469550298
305662809 381827470
354321043 597600352
945594500 978132798
611137944 938848518
24204722 65060451
527964490 757793891
952486623 991304906
106365783 831676845
54129238 222724004
360826879 583267260
809779184 931237775
355065390 667299583
944706295 959679453
508534197 523220853
10792373 371137724
371934416 381477737
138490282 595006493
982130716 993563533
595487294 804218509
382527707 784907050
703372702 967479842
975746596 979067048
774059473 986093889
836047644 966073095
394521397 413533066
404602031 569856802
605732153 720638167
165866786 243633153
612199819 644221394
348932785 470861520
16998765 408991142
144440513 679553201
672610108 999914453
646674104 820277001
28244620 317462170
345502509 404815242
176329183 327815567
730060767 940281544
320456172 874337979
63352248 206852159
844293290 995223098
548375004 890634262
468542305 900581804
975724030 990881448
665638867 946126894
876941647 924604220
2412453 447066501
108332777 385067539
212955244 455031867
598977001 869685273
574535014 706365726
956293501 973466300
994595099 994830946
29841424 920939040
379460534 465495864
474712915 954005284
495804801 975507528
332749204 374195909
181937891 292823533
141474941 902726055
679293151 892957687
5441417 257576022
103977536 728465847
296906670 332208052
430435302 715675298
446467940 720261252
376445664 475806058
88560342 773551376
544938425 802213844
971414794 972609199
979880274 991201577
691417881 845736270
377806729 836616545
588659820 956074672
94571515 590836395
15308486 588400391
89833 710866508
831846165 837832446
679271118 941538101
379120395 968445039
23461378 70190489
786554045 896312716
367102485 753507860
553013949 970256785
753977691 822268646
577502502 886297675
310741365 381152381
350622672 447774184
476273075 630117105
803632671 808073806
178012756 857051926
648156547 860009967
534831088 772170168
539591637 989924872
179348083 889857870
733000237 821556891
714796138 777049834
296007088 861724018
575648926 784908933
32945497 722090637
292940263 332856059
707813412 893442040
735494061 811813089
30464300 73445150
109180321 202346608
198641474 551783730
580591713 980425280
575208410 698139518
442665059 624650953
124427529 761940028
984161190 991606214
269034852 984222241
563844662 927516574
145247068 556475254
132991416 505588504
449380482 996660575
447650661 451399200
290118084 955945668
903035279 933478622
40584376 386649990
865651125 870774250
450241329 992859114
710742411 798210214
81281314 293042787
71263889 183391923
20954529 637908775
475012441 495865066
311684346 681171415
618586292 706479975
638605843 698847749
517262239 943079989
600580063 794849552
214004461 266647757
966919078 971721749
105407439 486693775
499024001 549283058
679679150 827941912
422900566 465631050
729384980 888670501
913684491 978718176
989075110 991682176
636048270 744650923
136475092 688337532
352976028 354774533
7465785 842100007
321458192 631462473
223406184 326364717
620537442 967919867
711272434 908734112
15587320 29176508
662670431 726648509
241884597 444211489
524838034 884281856
775507662 835773414
47645404 379006612
475935485 804819270
679552695 895976937
323990126 877673503
667493189 807002772
422513239 528017376
119194184 984840410
38872208 40127494
996119482 998486958
812058287 995154349
362517227 904260386
612638071 670927992
293550440 936183054
60563590 332866604
63046014 886969373
781726839 877796622
182211358 972698585
308275744 854906492
774254306 838065510
607723518 988122216
24502921 175877860
40360393 468401429
802509404 839373465
695599467 934996114
560175809 820650442
636190366 954934825
631092783 830348032
611575243 960010186
605448972 975566747
97239869 342421182
202122574 607163288
858546850 893755865
562335540 652801966
701393561 768676928
658694205 921840212
285043681 814555263
250653862 835703284
313134724 519576465
666108283 851289603
971391192 989067927
621448657 920904254
397346061 727803814
390976310 484625484
548114521 998823112
40263913 89203062
895870257 929317796
953174854 958529215
230766796 931864908
159195928 502418724
475605195 873913163
324416276 750631457
403381537 765348696
663554750 897886102
162526275 559150381
552107532 784606274
527509021 870195795
858173279 988300446
417004696 855718733
913447941 928098839
554487511 763793598
645252349 957464018
314108188 842549149
354812144 938740820
737706330 897638314
535845841 573886121
750700650 980186108
111090142 198056874
755790477 928830627
13049768 128001547
206121210 858806531
797317026 818533981
500923149 883367132
141733137 223834483
673124539 785879600
955314689 955469413
159054947 436490999
68941761 202033119
319570721 540268371
903072711 954558347
613180713 683648823
529995004 830771211
324419763 640653038
62413876 146401045
215522093 762916039
225718633 958051834
955950155 987815638
243449440 258235943
937543939 997199066
235174822 623924608
733503683 784664484
367637926 958808363
657533425 680029644
509232353 642712964
8975236 238306066
748802987 758283579
472181944 764166585
984408275 987472402
902685038 975500035
772539860 840458189
457366180 951430240
868850332 944526119
530414642 798120580
467787058 566361795
903656804 981678848
723719995 995795351
465314284 885090536
683832174 829688488
389853223 652949139
960394312 968481832
449305371 690931013
208792547 675668831
977765301 988622419
617153419 818962148
753150680 796313977
131076750 942803474
464792480 773618343
438726782 740519102
299077614 865548587
975001040 981758575
105220376 910683673
120085751 193535106
22413610 758610187
956164082 977301176
1774752 854182601
971793002 993276206
217384571 780869521
421884813 801844701
574432897 717827267
740084044 904096997
555712306 568189251
14874942 687683799
52930464 180668679
85092671 772615124
742606698 929709799
949049550 961617535
638688651 987040592
844816049 930871630
766856202 871370339
614312272 782988555
757299211 804820222
336400473 428099050
853548203 865258325
220139946 407555808
724475335 771127089
290223090 849772700
493731111 971531587
858945283 873406554
991908257 995185130
596976300 901417707
387336377 540947326
367705062 510757670
569930186 657671843
5947697 316489479
708843028 911884453
134717033 420831564
786600269 920385446
983003309 984263243
547489814 620404357
284810035 839986815
150405765 985079810
570994712 835799269
496594936 805531221
921531722 992585634
388236879 516364121
831082468 967306449
545790647 941109224
81106032 740531625
972579796 994439757
458292827 669641862
602633170 727779570
712682178 715889120
377283093 817606103
496333336 797511812
362824220 460371338
195478887 238528151
900444122 943027901
217176732 711158598
348669628 547848220
115860026 537641488
840486982 892131111
726347361 790522917
827474736 856539011
573180214 626171819
850783385 889130973
415365754 646477966
944356898 961801467
982339093 991657709
290567018 589397539
946059664 968616131
422959556 680135563
584731782 739050730
521114985 596752923
600067117 776595081
961891492 966848511
197464269 264810343
540484296 826022322
953122082 968901282
947217646 961526953
302318561 544614614
1194199 769100000
208496947 997236043
423943865 972316909
413485561 843675948
579093547 799197586
992151258 996493627
597528789 829622867
805551090 990545674
478081270 817274361
348386602 999147290
835553387 941954322
575597409 875355106
294542089 565496766
522848986 918751579
171351620 259565869
416181483 612484632
836271027 922213934
534238585 711932498
849999983 881500295
2292021 806229300
854614055 868743254
687483709 780885453
463963047 741578207
949524383 962959079
327467238 884527552
699095293 762079772
864623152 935342203
723951422 923124356
620375020 722043974
905242071 977604546
125162236 855082291
962335997 990332456
896344830 956876812
324453638 708097848
919815177 922514872
289317082 293633233
241438507 252176185
555731609 694641856
585677613 791418013
634381251 837934494
608417211 971209846
757914763 929748066
576714293 768562055
107679075 900401597
754418452 943470112
914717386 971372761
244555988 724365075
949944484 979110091
876109037 925362706
311383580 675242303
102128904 179345138
981301125 995001284
216417700 993963642
19262636 627356985
988783534 994341733
589190433 603419447
931547275 969066523
959265637 981640879
127070853 688185969
526996902 752353054
619181631 780378529
884282404 885463404
479101801 643954948
950922415 992250004
495793568 944037480
638117663 810962863
229279742 229869726
592376763 894003426
847414987 863489648
605213738 902060365
132855518 876998621
39009291 822231632
866249774 869055266
564388069 875060986
24782259 785006900
506647571 852987245
725673820 948745872
846152137 888818181
15796367 186565611
972853202 980931087
446556648 898877589
502201108 911067724
608624858 842230002
127804895 708711201
224419160 813131124
913416287 959536437
443477806 610526799
128050412 329191495
600982323 755340310
498678784 953556000
379406273 933837740
12247632 292748259
465765631 855715405
614398020 822427244
761766121 897406151
178398306 870377343
426290444 493705276
278142311 801951555
68601758 271241110
488278754 677096147
359061409 552118664
644119759 920153291
898752980 933075419
455585649 508672817
910935324 943549887
914250521 918070027
824145979 859445889
576546718 976893307
518653815 862389685
983841032 995315830
109877481 691390817
852786554 915889573
425653879 619473133
265757015 952988237
399329787 583502660
946549150 999597544
471117259 944650899
800481675 844527539
394030926 474984706
140911721 581732715
56569580 603966542
939325084 959812664
602796713 728424995
270965591 462203123
170113087 331463749
614290164 861473749
599191842 751468999
823160160 876224769
606363414 942908555
704578376 711565483
627220846 966826782
936458948 949690249
954511637 972151429
687463610 725214361
664332405 893712564
987070031 992719111
737993191 779206743
961268621 971010971
997991462 999291456
143100692 367595505
5627185 84115766
787953567 963955738
813964953 849313045
841856196 992324515
370627534 683035602
11912644 232633674
688877759 842146566
784040901 928657932
461750394 917642196
702296973 838796759
232170372 839420722
871815986 981238294
292905415 920252672
376136299 402909820
611638237 676082937
733698003 792204716
541552674 827973157
996132993 998220090
965050768 980539490
318562099 717761305
677632920 893426977
64348888 953756527
480257952 929442118
857265196 935962794
929384945 981443082
400909700 843757369
948340667 995698295
111139394 744772873
302507009 598035864
717125149 814441679
106130374 735449013
968112556 984077949
531320189 819283907
142268896 840856498
770831511 963228450
97670606 899505199
270657690 942295505
867534000 869613520
802601449 848532724
297804828 526280721
434114564 565791418
593163226 639553376
499621699 973177394
806222352 878886091
324395021 528446143
986900382 998798844
610618708 967762347
32381457 120908144
648783235 823933145
541999759 837523809
715638530 976037435
710080214 758290731
857236499 994360586
734597073 991451265
740407159 971020197
193417773 454996760
953231686 968458280
214248000 733667822
201332403 548422123
848565499 919575034
985182351 986312548
933523787 935235662
914563216 933939323
943246457 959941262
359371368 437561401
74254331 149304970
864589905 951395604
541888460 796107208
254333443 281551969
979363371 985675676
907637401 956585065
669615993 823312625
673423963 986090372
234059069 465229736
742898479 837583947
310504656 900791133
566786229 897162761
580449902 616076762
129954638 697166981
136307100 350357624
373375876 410966851
918362890 928195968
946603354 971885160
543959121 727946433
124543122 137962000
239411756 258221438
109218378 812838475
770867321 887020857
910106189 913150969
270925338 462756511
649493969 955630526
14356946 841495931
378583353 548168946
512998225 630730931
451358002 526039153
329813276 793253227
541735514 910335440
584651079 919952707
289425161 729225738
657559517 940879303
485564597 889906864
851865856 887085024
621159363 877279065
231100697 861356148
267193617 545524925
131189877 641813157
450878495 526571586
20466919 574627195
412834674 997089217
893976527 945718043
908160980 977985962
798174412 919990270
831601997 960580996
902367830 985757920
769824567 811016458
858838066 971453169
242486074 465790791
923468609 979421003
172594318 250485843
761455965 882506584
603529609 858051151
69739192 674804510
538734321 927477698
853695078 932302519
889352498 925485594
557782758 751351122
199247078 302002534
495109696 898885355
558812262 649521155
177963755 209328613
993320062 999534614
139471643 328125928
879310427 929851533
960400605 965987698
660271217 787258278
569793406 845168586
177643715 181069076
592734549 812846208
835274251 940232020
26527461 93312140
431412447 508249234
841947953 953039867
806540319 915918560
420987696 941731115
736434576 773616834
98296628 645814543
593461927 740571838
763466843 938110326
539224836 647298857
516956884 736141066
442572284 509226977
242218498 826671328
90652193 994323134
109819053 695183464
717406169 860681222
528680065 753097002
958516911 975825981
334023579 540554402
586674148 634236950
822455753 834954059
958193084 985797530
664712995 710754037
720441129 819193436
704453405 814226532
296240746 319974211
197290321 391819768
578128431 928266308
778522152 852807898
950847075 952023855
300299414 316787492
474714077 884800962
880108788 906099807
336126492 583204424
829576616 947668018
468490147 647433594
343603163 648469419
774468059 884653512
956493178 985951614
137335896 625141874
197403284 445316347
284736457 448084347
395083778 446134076
898403929 964715538
381870308 445294615
631088727 915285466
292478010 648174356
510074750 801547417
40296597 794372579
493747090 936622068
716588950 749667135
269351696 721302493
983751863 989831674
817574327 878263088
237801783 433374507
814452513 826635586
684257643 945914090
197986033 445690966
789568949 974538509
640164359 768416073
791034845 892809654
54480765 444830684
461777372 536822825
595763282 690009209
460106562 618243603
549225296 869915702
39624692 777498541
421037208 690622324
318154547 535929898
246480107 289094303
804703610 816468017
776008399 904683740
762066072 853383927
941483283 993535786
319198334 673450998
58070859 657965187
331798016 499272847
502442277 582967228
985738201 990897677
508086182 909176136
48525199 709883800
576235091 646008205
605213617 663198214
954154364 997704793
111051209 414449570
860394814 973735529
667518555 710119129
538803428 791606339
795017227 896632308
954367521 954424520
972834481 977188007
194092733 506075615
255622838 694629242
586262888 648114131
772715223 828673261
912583131 969682055
795485814 948236770
186252961 413436394
773643845 983732307
982601471 983537065
346160141 439622016
507652905 958127005
136726655 936376691
80829737 527657422
773966066 799547923
217548278 994947585
457580853 883030612
142488860 340962155
496440547 712903961
877115155 935233858
761341686 922916775
30222570 786688335
935141817 990226962
942724514 978993759
961157318 987781210
28539628 621200101
414589012 818639316
425762785 833880026
134889838 328409000
931190338 992534828
827529344 911717707
851995708 955804477
600681077 903185181
656312812 857896790
600541224 629001970
788450648 811001779
359321509 445881371
693176981 783986469
498277342 886141859
990029139 994532701
795241572 852577229
201729447 285740828
212513784 602217626
494425591 621785268
12182079 224370900
508473158 637250187
272576251 350692249
135959361 790141129
634754889 712820327
742834698 847800510
933731066 971895133
214416294 739975495
776159441 935591389
512588284 798492694
464128506 630030811
191232083 895124853
605687913 821411085
5480468 260659091
152759244 254504338
564888718 941524871
411248579 562309182
666656618 689036476
9634644 330132021
432315817 468341836
182609123 231771479
971047967 992361352
321696010 633894805
533071247 636931478
763876778 803806408
342797511 956415454
943495756 971446097
338321775 976616642
266535154 459852677
73343808 154995276
569540310 999580643
984412790 993108440
130567712 666630687
157804574 188448772
970468700 997926468
691033424 978314608
208656007 346201943
601112035 609905528
667120114 698325907
273811328 891777017
390654991 995259243
49893165 982861609
516253517 631200635
302589988 390906196
30200879 461909600
376805613 679716518
220486695 931219873
962189914 973873022
597814654 824196829
263362180 396338524
78872506 607458672
29027356 844998316
134743758 342884300
747604097 850399805
756477665 896086913
573117224 661631329
718556858 784704356
720793841 852197594
900991368 957825091
456598507 857555512
19708787 376795392
710203538 721036845
480432657 934384310
201393434 787701214
767106071 936301829
29980742 258661276
530018376 781599169
813946732 937709541
345433097 666687402
97152241 803860326
812537307 829625210
715280205 766586076
365512778 924349026
173851892 981030691
912335600 988983730
605595034 979183097
195501499 971648600
611422166 767661556
276654996 800025661
319669098 516604153
637147644 944402004
509516117 724876498
258396031 679554196
252897900 944941442
324488968 462193680
27991378 944300504
608040012 665835375
307736665 495543061
929241974 937729197
627515063 799814767
606128642 803557418
430163122 704943265
166075758 337012170
90182433 747624164
649370527 899590383
104201384 632949211
109440191 133428459
110236105 316854372
806665920 833131866
270614210 511940254
152470838 842954854
352454323 982696861
902767872 965523738
774059842 983059295
497001232 682246867
736513228 991915367
971866673 995151347
775491352 918757515
63073640 730796289
485918377 901859989
856140963 999124588
537053292 739772997
379804606 746967731
766965922 795655992
870627943 994168315
744799580 761582642
131997425 942248036
679236458 985975337
833436434 939154535
413332926 482518602
893702385 928373742
691900769 777800604
757552366 869363405
705433770 992580142
214743206 551870570
664270405 916896836
654937427 822666688
217713716 532125408
482154900 585403388
59546062 507635230
400053116 463243581
406861521 596503626
831962871 852354838
647093632 981748765
368283138 936652348
230867507 675827093
962016000 974350442
462920918 865337658
728640112 782009984
326987798 582678782
663719664 703933825
64236549 642384220
341544455 386936434
545330487 558995570
710904074 741309696
93593199 638465896
313904110 992617118
399903265 641803709
507234920 881943258
946288537 959689559
392695056 994651826
187819092 468344850
634783885 858352855
125635826 155677801
449056065 697683361
921787842 943046208
758623543 978082732
524673403 838120591
270102146 270701464
225341998 412310056
611254142 625056960
564622095 903542621
336861236 878125468
862576787 974342590
97748176 875818262
5634574 715010225
5039221 611809900
551636433 879756056
46459696 842739340
401276105 639516874
159829693 371588870
467360661 643781392
14424910 632904310
523923383 844076444
544446334 790556254
623418283 820725222
551982901 668356482
444454871 869853305
431384129 621961268
402716925 699046356
956243503 983892612
966377944 973554431
947167019 991065577
747692042 809387329
301787220 976499579
425018787 543408903
342666565 642719711
912522275 959097760
242247468 851560862
856795452 974543309
505054254 598980394
334590155 737585766
270634730 543444094
543124163 942941263
147709941 676569846
398160845 943371803
324327104 949317656
852407032 864539098
872128531 915341732
70844705 407591052
391461278 846090005
570140036 818256173
430571602 694235224
86448582 178633485
866035523 878883723
542035495 822045489
587367808 680178679
114612522 840912059
166664587 472939995
537564829 974451177
979201209 981204232
634872017 818219266
685860600 864334327
76921411 237618636
117717295 503639391
22013179 882141481
52049390 615242335
589169615 626414514
499624299 984173713
750327790 918604919
624639357 831831790
859983948 942875864
293757115 490305499
837140764 883524605
32417693 895444822
127972220 197732460
919841313 959673293
426543298 520523204
485626578 798125187
593833360 689926281
121850581 756043397
446494453 873111419
114546154 393471915
961254041 985906024
766465894 953766595
54769193 170314531
816485881 890408222
476593735 780415101
890514219 904703000
595415508 730538345
657863233 843545314
972081148 991777958
180897708 485531116
210407338 387763875
12911006 684933404
264285878 494279672
914202948 965814476
449321936 580396464
406065966 577052666
953819657 972076086
901410680 987416583
745959173 784454852
260872193 681002625
728138225 736212438
845559968 858987919
17651061 664906336
344277309 499189727
29061448 77871352
911692350 994942730
682622750 852022243
630176547 706880265
565899915 651140394
41020902 179909714
106836333 315632119
292699566 870057925
759125902 838474332
220639836 667298770
554166984 702325816
210299868 985110454
981509806 996745536
158685312 562009631
867832609 930612035
587271389 778971905
680333806 911471847
342243544 850483914
333263296 955876394
515310439 902728000
382396837 592749977
139532232 180702885
211339616 382482404
291714564 978188996
170960 392343773
714377930 861055199
941320111 996063504
470690995 499160430
619119983 882262035
295553483 923819129
807268590 933862264
575248307 687141516
624097366 938114141
514870019 903748650
423527004 801472491
198726197 617657215
918313251 920500470
161926801 770424013
259941950 941254662
960627940 986597910
974192095 988625120
256817815 521902658
920194872 982637266
811599720 967860726
230266800 821343719
364010609 873263152
978070504 989688069
150027271 513234555
567317013 615670012
788639492 965441056
497126662 661204530
302244121 397611311
316208736 479925866
972857198 998538118
509482612 754228922
999311061 999777965
206724396 436103609
236311440 349372761
936515059 937561495
80073979 533846582
714724005 747425919
392011587 412946998
51982147 591880182
963763864 991273927
530707876 580318176
600839990 858077274
260481114 516191457
822647231 919145939
848043595 928381587
720860936 877150363
806646344 894215705
730837837 800249112
253151105 794069715
83270749 661258374
619148669 700255450
515338234 740721681
138464546 870077666
669351538 965039796
72752200 988658420
172467065 254781241
599550056 855290735
431945571 582648303
638456431 886320092
243339414 604103440
465116131 572099929
625933311 647661668
663880834 761108140
10949983 558098713
15641497 293554064
269331860 499648845
363316175 636165011
444467102 644229505
23942 135076917
441296869 779295259
765664204 797767353
379885180 529495519
131963610 400572959
425502817 534320043
671316759 738026776
438140802 546867682
963698360 973610928
164371905 681820228
851863886 931135870
475043573 820557875
541812172 723266846
335609304 799720084
904144083 948644643
999989658 999991106
98773811 249103221
850163561 955068025
178141248 858918274
123937110 837037745
431321088 612263495
463064049 844872215
335421925 524867659
138215119 915004228
133425832 841470919
271842135 329357382
332540102 512997733
705887708 876484351
963861529 997567127
492729968 807298791
669767555 692887412
366612276 542354276
222883501 461137981
509778093 833166712
289061601 404383979
194397481 334866211
536778797 670872554
662422609 858096020
78844860 864016751
561033856 572955808
101993972 185591184
74158073 765165892
77126872 381268791
654454124 885485187
785982400 912845738
399702529 400505202
972675277 998515515
229097768 935298550
520544628 789885903
946130296 994220680
259258233 837090558
126912128 663203875
798577964 972779609
270800833 381850888
59864818 659995807
582460047 754834855
335715059 485356400
532670139 998183826
668412568 995711222
179907179 326467550
360173092 902568440
849779210 996663855
986137702 997056065
230704876 685431612
953723021 956637513
98099823 346386408
583766755 936766309
156346376 574127918
484859061 646925999
572490000 941832558
85017283 391108008
180006651 542133853
117291617 437021557
413131986 997749267
383763230 516077319
667467908 825266800
746504468 750831199
12851402 733163721
121087521 576283019
249916337 886167574
263020979 913113774
444110465 699797423
209901754 827455622
599300668 645922509
116475609 942805425
984400112 991825199
76456595 446226505
448122905 809320576
394057925 997418042
811866468 900815047
438566627 495757470
913515707 988335434
878777381 929003213
162085646 868906665
370303587 828185874
694781194 765536288
692992532 913819454
996414191 996555204
121973936 621844628
16090379 109247749
710029634 759268672
513227353 604374371
625437678 990592168
211099536 844123063
409036627 462534345
84928820 515763419
935946998 970225123
838963421 841753584
520741542 911504066
237991822 531036536
919425066 936796896
45454227 138815495
9316266 883421113
592963624 979573875
36841933 870440717
89668198 499449888
244217294 436325459
770191268 849179152
438606358 544746658
192486366 843301881
921415406 996953130
281389766 945039528
156708973 847494203
753477197 804273153
717783125 936820766
56184976 689226047
223390587 888938674
537502277 796083571
933357859 995996707
59807127 111136629
556949396 720185486
614080841 677741895
618505125 668796565
233927051 810889611
406871183 707939943
501488841 788920180
982122941 985420902
921323355 962536851
388623123 847379202
414853796 875372939
303273280 409427881
901218604 934193867
859893115 872527991
732576938 775081092
504406023 987825760
985988657 994509335
834088862 838186411
251415363 939216884
346699892 400267617
581043374 817694129
53982337 712129157
326200675 816470837
437683481 744867582
590111624 732586159
189250280 483368668
639515198 966676243
240757223 819698150
889215316 933826745
550946637 790203332
313523258 863516883
380736496 480000210
280483833 361543942
890789825 899980799
603327606 722805578
338757037 970894655
472520963 758498520
210004739 592976849
350521180 636163767
81211909 713540382
37973094 564777341
482072141 570855100
352790264 978367487
850660974 961348238
267789832 400416567
469133715 967934282
700224659 715067445
155412686 242365146
872681881 969546406
6988779 544712993
727979962 854170274
759586371 771901566
314269921 623717179
14132368 974041089
456136084 756259041
220059980 755357722
607502267 991951216
343444217 609596396
549080130 961567686
372835483 606265753
411772633 414392610
497267707 520652746
921739267 962320617
289211659 605578570
379633996 794894548
54166682 590722260
214047554 610900541
555243809 888042013
437877559 495245828
430289484 671924236
110345542 818181652
820600102 930908949
504087319 585015758
144358366 784888419
53017736 498895752
449184390 553893676
212717093 487296962
181200001 621828436
590244480 799881237
208885895 568054618
956937000 980236589
747126572 876249964
774880562 911122875
900423773 969305882
499815669 752263917
512457362 750692754
173165979 479436029
905486404 948693284
290517737 681998623
709723795 765546529
9145675 32589886
166780253 785606738
707429803 908479433
525648786 581771553
224980277 927890545
9251339 131374733
575417063 990486802
883944435 899397063
145753428 248940550
353129428 433110967
273372187 577036312
412486955 533563302
995805642 999425638
823037913 876633243
804634160 826740685
617966029 939137809
720598539 980696246
625481710 681799945
643126660 991184416
479079675 515689413
805395623 921714037
805450916 809335255
548819369 884264542
714743992 728467190
669238546 893034735
903595179 988139665
546009056 964784244
528372887 727850127
281872850 752671449
882871910 965100744
910104912 966330594
488038069 933936302
384526740 773604842
515466260 771136755
478896443 631340905
158019056 481079183
798955257 945577939
386659687 525841953
730655149 751827849
213507478 374877696
841403484 950097988
385052168 508028105
973468344 988354179
52443616 101766442
937383628 990301388
999558287 999676800
406463814 590433647
343502597 585742524
919479274 991922848
507660087 544933324
359942239 797156297
673621683 710681163
31120957 461740492
727308750 846441208
145367252 560275571
470724874 805265568
395152271 825785471
19907230 351022759
486502338 508608102
384978984 509021937
549639202 980547144
728967643 815209062
223350830 992658328
229792253 774481826
506140474 787088384
340809415 541769761
413963141 971062117
317653328 514933931
47396819 99764845
907543499 997766817
477661446 625092268
134050692 891758312
621969823 775978784
781121157 859976044
329505774 484288750
424494386 618964860
670056798 827593762
550473547 673571368
741083216 775352667
118906117 364810059
241756789 746397563
826412120 980104187
96874326 705273069
220806711 367945264
694226219 929687664
408565601 461017740
271262905 346927692
57287675 859024795
759514527 845870693
432557526 655677549
243890755 923450263
947392703 998170967
458942952 576270672
52467365 500443551
648113868 948563322
50793809 766166622
116209501 295153749
219441376 305069737
279983210 823555262
469885181 743437486
106902645 804680723
278779983 585753998
402588552 919944256
640495774 863734908
896692314 908414870
831330942 960228084
458442764 829339739
405199797 740401692
211048711 668570206
862451659 997071648
332313503 472515215
499608525 863871202
988441586 991139890
52626402 350270284
859815598 930442668
294926189 740243699
180246170 877122138
362861878 752332979
779338037 893884590
498590665 982291151
369014135 810640090
12315193 403600188
606882844 685364603
954885223 987582533
403540671 842702360
369943947 443212680
558316979 782103396
130672361 166282984
145352996 176750475
480406377 734118594
908747189 928956906
721133789 872855008
206399058 255778064
824291366 894113706
55172011 378880088
788397229 918193487
633796016 779618307
780394045 981095382
305687819 351040343
587538940 995922035
173944794 520038050
970100019 989727405
145499388 745269523
89879833 136780424
226404270 852139070
418178015 720687956
247335496 424012190
778967103 848911274
531685764 639047740
523419450 811131480
87453733 847227332
772905545 936300101
360118884 875026516
915912909 918486011
107845452 666999721
202907235 727879921
145163944 197880835
648514338 910831223
483639223 536968827
271264008 689695387
925043920 944072933
523617010 910320511
323846944 785087553
972199783 995170435
211926292 664031386
20325315 737728557
171573884 664525666
643112261 680002484
350360703 942070877
480074880 830439317
92467428 543983907
632457709 846844649
982624586 987007481
347856569 528228199
925240459 982035328
255647267 921261669
870746251 893100296
743159163 770898027
677906090 817554736
317904357 393224419
899065695 969277159
633212333 823147373
860825459 991863821
20087989 139173922
777120375 793993097
868351063 968004576
375667724 782582719
14663113 978363155
320407653 743433442
86224548 305741762
91528156 996902514
141796940 262253735
156632332 866703545
994265779 996276365
436652048 810140687
400189236 567926980
119164506 709657526
585831749 676839581
843952418 907563340
612173556 884064038
142140845 372855051
2460181 131628397
663316836 713317675
355474058 596539819
528770397 708169721
27206503 904962949
794666289 962401641
806698947 983867513
341014847 387807031
404339856 568725846
490339617 762599726
509081925 899367116
880822199 974994276
279478436 839085137
456222068 930467733
836356557 976430286
68021367 259257465
803982891 816600551
365359469 930654482
876322558 902050260
290024912 362037936
618006547 859099341
943207895 996077681
324521986 507292453
623488078 941983903
681635376 741581307
177538865 291513433
215606232 450189679
217443045 234595703
385524446 778450108
103629775 700869028
816831043 981925338
202812058 217507046
486178157 879345706
291443780 636020780
65317823 84454475
76696406 109794640
960505402 972390580
227733794 662602537
401613926 940259082
589721705 807919416
522815980 944955953
674132284 747770861
593054656 982378073
986178330 990929456
832327671 956788427
792784730 988451018
416696726 753332745
451201453 650138547
955447269 956932720
13337533 512793511
901041902 954023730
271909063 405102572
174665709 370139651
495928377 564696818
122910812 399716748
332513661 571954935
419544219 524340858
460994324 697143939
381434979 934045883
228006023 378122080
612426273 654250718
279120786 286433363
995020289 995587606
865394174 895099381
470695350 719556394
666415209 752289608
228765022 698436541
271426832 541663656
295789956 863522911
212828114 442178558
904508385 925146516
363950268 949608212
72404942 892618582
247542105 404042032
140670624 214299993
288219263 814490855
888877781 941292619
771976559 864753428
150102424 319401092
114306302 140380621
434270285 904280867
786474608 847540926
245890129 472916723
429502834 866787345
781471297 964953936
698873846 876768809
494369423 749237937
358779578 857089982
478611046 784121674
345078122 872037410
875872013 934042536
894959518 966612605
846057780 970595431
346361596 934525247
348804717 708914821
303948372 755787355
695497 333778428
170815147 875815855
274595644 641899341
590543604 604580940
12019686 628807982
717512057 907109653
323070987 519388033
137280859 649101430
18618666 700450656
991906814 995092214
140607901 895434432
296430806 808991602
382858687 439595654
275225182 992519397
771510542 777608664
450960767 511248296
568878955 919924019
867624635 930603008
937033019 979804612
348556545 560630055
737479108 918047653
979835792 991135987
330734076 600918659
837597288 960414579
355286091 637620680
203842261 633759580
91609293 152894259
863787195 975628019
788196971 874483377
767957761 965251211
244238496 590859246
815057486 896094450
524935363 896797559
151952783 509065293
877974261 911249198
754983608 877088812
326589879 458729243
980768209 990203442
474701720 934959276
832900799 972804426
219008524 693836862
755775000 790185073
307345762 660476818
303628183 859532734
953987331 977078592
806068505 810441506
290094655 784550375
530749291 778592820
536186249 565897761
906910915 966589053
921084530 987387140
727082745 829823890
93991736 745652333
913999203 981162554
387782485 471231448
586493077 960336943
19552086 951481501
214882664 406649586
403288374 640954350
114708217 507861090
598621404 928350919
672849326 939632949
781220394 972609476
173977301 383509880
58209493 126730853
108876384 546740115
123936652 323046182
813846051 918908757
128903372 646287242
467420330 904667394
426128075 598405184
487733717 760886870
402176692 621892865
837198218 994193806
2365350 953519236
98169293 103433907
949570722 962316599
916783533 972412146
491088407 962603714
22688004 925393979
351262611 585272933
136567101 230815999
97578707 457809100
245178139 423367944
814921089 908095242
563362248 821513051
445410666 750579417
754060674 845541380
6463242 794775270
765831136 779617307
467745798 882031684
52435467 247193828
511707979 973736579
966828807 998569229
809994976 972116424
683849001 983061629
856757783 936811749
924945623 961708351
210954545 727165991
230447656 607006286
353050901 516640372
373659426 429285946
780443064 782578881
235412206 451567920
883605752 973244099
733555533 849208668
785206344 847831258
857297366 937811629
934338531 934927845
8992044 765456567
402135029 434508399
384903096 553140021
974086259 990010576
960327121 978893343
146762993 817690330
259035601 749725030
383315727 387546228
21204020 758314575
74743931 549744846
827779024 868820367
891585575 954825533
44759239 789623800
675347600 876639272
643757140 908969038
145189150 793646594
914710404 975311503
609302327 893442135
167251474 183014011
865477278 974807060
998585853 999939826
124996346 891968732
357198129 408739160
628748792 819372554
945184111 963326155
257932657 881110760
367615040 656937060
394824860 714762913
604432877 785256444
732660354 809798319
795254204 894469576
506910254 897819893
262610124 852159098
263971562 940439286
249895501 896988287
612988881 741699265
649809643 739928887
369915309 709843035
220252571 808057081
294863105 722758237
290242336 433675869
537695205 975044801
392741772 749469397
264351991 641985251
347557733 736931820
875586387 970219869
829377359 976927012
325008036 998753927
563528112 788139908
187073220 817358859
389262056 390979409
712143707 776448631
883620534 974410323
243208308 645799588
35230197 810121122
477708697 635445404
306188032 803800856
155351499 875966263
15822484 346958437
450868652 616661215
959859620 996314359
265258621 625568396
122826088 605018767
155831008 796846643
125569376 539167875
39926632 57970325
221060932 728366875
950579347 989810529
206194333 522782989
821165927 989756393
882111003 996346556
761213816 994418457
66378579 145121146
549591181 924039806
709105398 770415602
935578330 955015052
524490697 700803429
890782423 899947827
717963375 728550715
425840482 580656083
24913872 360208202
852271295 853889592
617949920 633224962
432764238 534610143
133420136 380081853
556474423 699870740
627563918 848453631
780388503 873064898
595480365 640109012
688670461 691686584
404549509 799554920
864100883 972285519
477959476 617204309
724378653 930435629
133052991 449708702
217738457 924342248
117821945 671794120
625200775 842049638
328381822 779699175
799443427 926919204
39554973 656708591
539263564 666997084
652645677 835121739
301678672 761649902
592589535 771365108
88830932 595802197
511449252 684922773
209519594 882867810
426860228 515779078
56347661 189520687
888208413 905032319
144218698 973579064
788118735 855970511
170215 968395344
635050211 913640234
969872538 977334132
395710435 797092307
29304992 767669898
696354944 821267805
231281808 257894359
573808941 995806699
392423759 839350049
877957990 968067028
392752024 553558558
502062729 502752849
211192198 574696352
647693623 902602258
648656676 900000912
460910505 592975844
405751506 559748559
270640158 377246010
269118562 506795576
370963964 751880333
17426463 698532440
708222279 713622807
924251491 982122108
163540140 523299424
351368238 775200226
787932154 790688608
839395757 940296765
328284417 613320754
522669388 621395267
912446079 937084429
118610138 663993715
623402472 871487724
66727088 691255129
933503516 971909392
348704190 486107582
244024505 367377575
553751453 820570184
975766522 991840965
58924097 679181288
993827631 999656461
445958119 821831764
597077478 781201065
367680006 375797902
747988151 807576378
718129487 846918267
64779097 534658560
791337872 824389745
709713702 987056257
592674715 667029086
404946449 832079965
651884752 787747248
85743277 108980042
863152605 945087037
887957234 960206843
985791984 990918266
106479296 672197317
990003367 997049709
754551953 791779866
91816950 686805342
741142215 792508027
901152461 916442756
588999814 707315570
99200974 570371390
470010771 821026745
631525004 867169319
556160934 947620857
838389804 949494885
511038739 753571605
43106919 705130250
863928953 978878436
375329966 433887402
501359813 570878367
354117585 587690347
973007016 976353469
403322522 866809209
299057496 697435030
68083083 228116666
501486519 634460225
625004688 948807030
248041423 844039005
157863196 873595882
667316851 967827045
702344006 829052019
401494699 856822741
54560648 934183858
553008226 733576130
745274426 892461531
803461425 889223857
506245507 901330909
621689226 708459293
707158396 966261083
633907259 909518569
797135703 923200790
111676828 774955885
353175233 585813935
20181909 635129509
422718967 875472361
342023951 822276404
488695216 586352928
884557537 896372639
351767501 671091939
667216323 909048715
57447653 426610859
134570112 622553260
15932046 720089320
167544205 204804201
891327115 939058499
850921292 909996685
353329894 491496773
557579630 718173415
98921822 960454018
165423359 626713438
14392547 286654156
403556693 415003395
12028801 815852524
53160125 193900173
601627653 887718093
835729613 927744779
108432897 199240369
57314028 104951519
900629925 903426860
312069483 645009298
585298913 593730632
413283142 705443755
391027826 481942743
465973915 916844567
230807742 492017852
415802745 955441634
493141709 532474005
179783377 969726447
669765551 959074640
128745532 365017922
272030557 763525856
571906977 971597258
131364497 794194715
472583509 629966176
16078968 463457167
11560425 685885686
52726655 806224044
28530084 891764838
516346140 727964534
310711249 985335720
458379361 876272065
496114067 933846761
728098294 939444529
713892447 850961065
167978975 388632329
585013074 780025306
183577976 204079141
280593299 495980494
280088200 992151988
175127147 416417023
651323918 657584934
184167949 507153634
326929834 676059843
212585430 307567410
498846583 889856873
257963264 536469019
988717192 993685193
158519933 211586546
642476716 751080740
688420547 831598663
590239645 924201164
137322009 248490871
416380594 625789628
316444263 893907162
664369929 798101826
493799479 904890962
766697148 832750358
421158813 537418639
760639607 890983092
232825213 642213576
451137996 595482746
907102171 939605439
526553260 626893100
926428812 944451945
544513860 675198008
711647204 968138711
689584487 913584462
893813873 971595673
236801870 891993004
750304049 863839595
641722684 779137647
551438057 765884985
951513637 991154499
651418160 919510343
926668820 951935891
704778584 716355541
713968026 886213455
418159719 662891061
514261380 955261991
396436620 423195516
785457071 812795463
573579907 959051389
194763448 204419655
162537704 548402313
4523847 670100723
903813023 949928753
324232935 929866833
744569505 903489150
164607743 254269524
387391916 724407791
29681521 809468015
724260548 851807699
178801726 225425131
152121984 733033496
938469399 997603737
688256155 877424221
349486457 890668227
909276551 994743638
654577223 831400762
541860207 986464678
917066682 936258026
677786933 720895870
675091617 816078225
336629175 615878492
682529837 798726867
77935371 950214010
69256350 860842964
314140369 507921737
217563799 814273268
981189426 986161322
807336102 872682946
725972823 929902635
681739941 743907235
640714961 804627143
821967104 923768420
733677955 840150000
312467554 932278667
386061895 897204828
98450531 445183340
494447675 523159447
421358552 662411514
563544690 890958692
620016718 845006073
161597020 479328989
838422422 975169389
193543769 259315327
550692221 977976893
242869453 846304684
660449478 942589244
206102026 516617889
30856321 813005542
902964228 940734269
830385192 977653130
577597574 910174220
972619946 994044887
934178302 966794855
113052745 625097458
602808441 661341065
832950142 916029310
98795161 355324789
148357970 396832939
174328903 309112955
155318269 236579058
181155255 880030827
941099883 970857454
61418448 175511046
845159659 927539439
844125298 902380088
76122211 314905354
545474612 857444577
534597815 662357661
926287940 952972645
210258214 844716910
71740639 649333702
518288057 889154480
383949440 832550145
632763956 749667933
708650452 752149522
220619417 312539490
271936785 604078393
623247982 996859501
992735771 999391038
617873096 818110236
470944371 483107918
370962902 644998121
377578004 566335058
519242896 825852452
208189499 310321908
672027032 930597153
336253110 972946459
152422310 286100724
306962757 415085955
64978091 585274888
885250196 913292468
624318200 707647573
460935614 913951773
219345063 764270743
5501633 605124053
949884152 978325420
975901933 983911455
723936395 734763717
924454303 929443689
655777907 978213073
729633834 971607999
680861082 778505902
161656557 529741000
554462753 760046525
610658581 966995686
622386733 880151329
219248616 634824877
316829129 435432495
36888791 537914749
177905594 968022268
107282897 181534563
884306141 982630890
987515984 989049392
411995709 501772631
448067673 820738934
148158764 479378225
770246241 847217578
268439639 661423536
788796484 848069977
282060236 642984068
463024290 726791834
663940526 689699794
340861817 751318278
834308572 880429546
291677866 894856667
113989032 462935461
888486326 969859644
167521662 942182386
792292452 986932037
196131033 496087065
787975813 830144847
43630742 433202692
473434616 960809185
200689360 993624050
170684659 446078822
120247808 942425570
806251536 975888090
887060950 937732516
170390211 338053960
110374605 355637058
467840320 902706390
775988998 969346132
785922429 809873146
125564355 374329964
595631810 828163215
856056153 932482596
115915704 607670552
687226331 731344832
707570023 963201339
892875837 946493415
794691772 892047861
926659181 930633053
895810888 959475116
147943491 456608820
638342210 984704591
959378186 980607623
652580852 827597824
10144203 636455157
178335041 591581088
304044177 490755728
481954699 922833195
683645900 838174826
291898749 336566679
71399492 169964156
189606386 233693479
207989964 231501368
469728045 673095313
974752235 980171378
35306731 627051222
671064902 792166029
350267228 476970421
988121175 992576538
142885553 654593983
780728059 784077060
430552545 750980198
139938690 950446345
18920714 28477249
997198136 998658379
853975148 958386586
168158012 826492984
775561938 862425008
856802137 943233741
517926425 854479678
948801521 992083097
347442039 419099123
577554517 658813233
379324016 836568850
738603250 966402893
608632419 806522009
275797297 746131838
313175683 336680912
943268361 999597503
597816168 641384171
711244137 765173275
762495099 771467341
74581390 322078273
187601170 333621356
649698543 793480456
412857433 507758914
981280272 981394665
544768300 656557646
536305533 818998607
992599200 998852438
218011315 370456524
510094933 549617635
173550289 256305834
474206520 831052724
958976373 963713849
754945615 945330360
729078666 918497274
27006843 73206056
300003660 660774566
384333812 926431084
971361247 978770243
474792948 744104768
834146922 939719630
182673719 755686042
271057504 667512588
994386207 995347883
992002935 992615213
267100624 699039212
964618687 986353252
381273319 620865378
609923619 829816355
270413613 809626382
302535322 512965210
379816245 724843350
120976796 123189692
993676139 998186332
907004105 960430086
231557669 822713979
689306314 780158592
392617577 649338593
310257409 716546195
755916467 913621890
9575530 513300091
874995450 930683232
491052455 523211717
115847667 873092306
710274326 749879341
878886551 960441021
894155964 947119522
297266138 563914590
838063496 975076929
258646178 924718527
530840683 575238675
754760107 895940648
283719970 442603110
260734286 592580952
365701674 868532317
25417057 451309055
213169242 734252153
861990477 888665447
481288369 683414020
656280207 664753188
86212727 945983907
730325434 902801313
72961005 584930763
677442263 834673276
10627809 131062840
374210980 920390760
257712971 606939705
471160027 885653208
179713904 944476365
305828349 388989671
249041054 331793625
385765738 485301035
593335971 854420569
693774000 719278670
287431674 477298320
106372313 901583177
668979562 909518050
648305966 760054124
306047976 578186447
425975474 994125739
869328795 883426947
805293931 966109015
141048559 439935805
721449692 965935713
180884445 317123936
374679669 532804038
988315689 997998215
623544918 813607451
233398642 468724120
346329494 992003736
623782425 639172122
866204132 867623751
83536439 336786752
999391833 999815399
5353669 560757442
548726134 589381237
919408602 943153227
634069028 727427330
307519174 380107315
273239031 971986264
700237472 876276063
622574886 623009079
523883227 549826538
106194634 698750081
123182379 357760073
23815460 390949634
45128160 937533444
743496815 770398186
318431426 765626021
809163173 980306509
794438703 810411176
653722282 674442472
801951637 982799547
501132657 787363498
277400276 695077823
242487373 333582102
203475708 394906308
46222169 580221814
729330046 874443098
431299936 830174236
161824187 806196815
663150576 721101821
207275146 600091398
795125312 933384431
51112631 640896432
704266005 892411495
742036098 978974040
494932098 952881328
661024868 731583181
840489199 855793097
587996028 601897663
838693974 869498015
210336712 446196930
12944141 708926551
92683199 524310289
456079169 986915738
845853191 862660031
659210716 856266085
351682439 929362826
434093598 923568896
784918268 820850236
636620240 991065292
579714902 884808242
911858112 980506728
643752027 938202556
590230115 724247820
659441109 895063302
621099786 867803082
678478042 740820106
241228240 501105076
93071355 816052924
789689792 894718461
240044189 550790974
446292760 573536168
520982060 912277833
475689170 959641060
189756255 615747833
388165513 440104869
495545106 836608125
941781576 984396071
583680292 605916215
627696362 668750809
496659378 763479763
750840363 940567409
766411352 893865425
205189991 775765006
762586748 917932075
131116434 743069821
185630741 939560121
7040969 429300458
240498360 794484028
455673187 495852884
362454887 556938188
942099751 947400549
431827062 644086628
849637149 931469044
552119926 855810786
210843604 435255822
701522996 916198843
154303512 297399235
379283512 634844072
655771572 777744216
451301677 987412331
73821800 712779522
283314029 338078718
153655800 956309953
679799196 909456871
746384579 850473733
932743602 963607986
904564895 944832827
456644158 561727557
49877810 850032648
628257813 721235409
338614355 849746737
500303662 713248110
484658715 836767788
904439557 960963588
900541915 954923698
205793186 240122896
950672707 998493740
953627937 981675625
943170423 983042296
590013927 912519333
857134499 978899026
879381991 985316127
204077360 297092243
807537865 836665676
764266501 880326119
505018834 509958916
736953380 817632125
784638835 908804130
318694958 455265665
619083480 848215101
838031735 858004222
854679385 969633968
558667253 713955151
475240374 869420403
11744226 919018391
209378651 491301622
12845527 201436805
610396183 789470467
819787071 834163906
919229200 993072942
490651571 926348969
485932241 752789445
631948686 884342863
743649139 839878036
130729831 592732112
86704720 335714671
831970586 923448073
974520330 981518312
350314042 880620927
662584676 768114872
317589572 341501996
276201705 644139098
956729769 994739358
751470274 965363659
405494313 809849021
191347206 396854350
802578810 974314283
202863953 738829853
338623705 357878930
117287834 126606833
477607534 809050060
184104630 516712771
721439177 935506164
401268893 881182419
214221163 739499380
819569355 905247259
717787552 800523548
967026823 979828144
888841305 993125538
856263130 984979143
531292184 558763001
337802049 596574465
870414937 973613514
84114383 141818131
434820173 598494008
275806619 331570738
801467682 807509555
433128156 739003428
345164674 858832047
297225042 384326681
573185004 598930622
3868022 348638213
204803810 750748255
773179951 778665934
583848858 808970463
570419803 720217915
23774370 937081452
576005003 662632092
659040480 763062626
884979162 921855598
366979325 770071411
462248822 647019514
982494157 988471997
943851766 976760133
268936378 879879348
921092721 936837970
98755519 801877511
811660307 965721752
429506635 712039569
374286483 492183079
598720920 616717126
887188534 973019476
475127278 718093796
395289057 827290258
49036148 197599415
962453664 988015740
453017870 566330668
901670501 964767030
378697936 449296884
713971665 896681725
221986533 294906434
310134448 343797286
503842978 721190620
631930003 791371725
751373487 809105683
196591432 745736781
979163518 980023483
819450582 863790735
601466681 717193285
147250867 358057347
898934168 903075845
420725430 864851408
159077713 572999280
899436957 955916928
636869828 695714372
507283943 700692664
627081832 824964229
340041959 777152706
327504892 965576095
184683111 554451294
220981881 333520472
789472909 939120434
355855864 984086710
430448390 653738413
359193849 403518796
747625334 901704163
589855616 667732886
624090800 664206009
616246933 635735004
251077215 304815939
324695551 891206407
486383612 488118039
135831663 263799701
679387484 920710695
697391021 871985385
514953188 843400395
202529688 585867048
520963596 564000961
549103650 853034779
918541722 941307069
608836035 641401172
234718851 766751676
998075028 999412465
481094772 820148212
176777223 556243846
688850097 740314868
29688488 939354764
721647087 868613343
624310991 944404339
593519897 692564035
449088374 522011995
271644055 966737760
729012088 926813765
501086362 788577421
496379322 514734126
888004267 921346006
412431467 792336982
862125394 993699641
144945306 770308236
797165725 801485347
559228037 713529288
391167736 669794042
747085602 820937628
227740896 763223744
921835672 989439445
570601696 606493943
954003877 967660361
798113134 836600814
978883534 989161880
967869053 983464377
349235409 851558268
758517978 882034272
260459939 353311956
938300116 989624894
589107393 891958089
802994447 999238219
849847473 982969521
642392909 987996783
301617674 677543979
947653023 960273887
495179936 794576925
728008607 790585356
941364661 991104991
418044007 825986917
41672105 482419642
794467299 931595388
247149053 809988695
635558443 878143421
208078510 975470101
63709896 539582461
622527645 968932659
146048857 738412700
889255942 978107003
958400710 978319021
673508104 762896752
663513097 890396958
870749021 978482160
541168985 544353731
665074309 758682535
296244822 850421803
709245088 749077480
440328927 901179719
31022252 312932864
52467597 352446201
97544812 379494119
964686461 984990960
769446180 869094867
10559926 40111139
700929240 802209797
929833536 963886162
152644387 240384407
667396003 924774449
833589885 965394694
101597677 608318021
580219903 800540244
370394785 976566967
996890964 999661389
930174564 963799340
844530218 991879312
364456957 726744061
175252065 567188261
412625448 873482445
275820893 282027677
95878218 855363204
185061118 440851693
106305907 185945467
227275579 312995077
325550077 426016858
331803229 505695663
262756702 557963599
259124361 508285049
490189348 791164951
133319907 421424348
522960784 545392258
293278696 380230694
615500561 808369550
365488730 932189529
794990099 833762883
517547518 742675301
338728445 466519223
888148071 925861569
847968016 916198702
584857884 823145275
594036736 896889140
889337024 903204073
647206878 804241358
347572575 861980383
71776869 940839633
778609707 819970855
929591801 982212273
899215262 968645052
688657023 736521373
880557471 934221341
440451861 764607937
763658181 958095088
20287833 103473090
551833262 627643137
783424216 829180410
204702044 579318218
901473682 975142834
221547076 734380259
696788633 790684424
598131704 915716355
434091134 988569524
984988270 990487640
57589737 553288667
757437691 799597909
481865351 923713734
587825102 706478609
953328139 962954788
526896140 655277005
543955000 649886135
694697248 774903349
510042742 896742223
363165585 589502320
844790471 850326728
319522500 869785207
317317110 614789832
489011668 881618003
352515004 410605603
560536198 954359232
899156183 989763542
729731593 757818357
834963184 838726575
472906950 599462069
191099311 906887817
339201819 448865343
920674277 981174416
749865028 810028376
687419240 868608731
43851722 145764879
807871938 846184437
818081748 901451216
593962665 740530023
25355396 404302727
131240674 996303710
770906999 889683545
699047508 872301983
826463465 972637498
461687061 906049242
115187000 261664426
620208716 947393727
709571227 857338386
672923485 914475677
312423024 318085593
512097906 845349903
185845669 438094769
802901585 914217844
410725982 626994426
903232159 981753464
121462845 164370276
895306600 912414402
849644957 912273394
703469938 738768298
898036904 982587837
161832846 802971619
700177290 793576451
72626 413328145
235425681 958060968
746042912 856113387
306551676 871858225
319671953 836120153
341789772 507801971
982486694 994565949
375367260 626521838
487277475 782836429
296215815 664987617
618328741 647067199
413253953 935642511
852404028 857280178
977842326 980890290
233337377 980636056
101014454 965803685
743299145 917175054
467550478 520596734
357893737 842839281
963233442 996274601
60834654 133406913
144091816 780335390
414673716 798755666
504622920 639566440
377682744 496503795
194517120 851429281
613171523 895800558
266327318 854401642
756835818 910132210
502179503 783979731
423435680 906171438
660318428 792016815
695390704 715848977
840063144 863233351
580733746 785970762
172881587 569832920
594431293 695267308
888146010 954060335
751037936 996318960
868798406 917796455
268635699 781286315
907241992 960677104
854672985 918497819
275024511 992392635
556321182 974884032
804779887 948647049
638616535 858525274
345495147 829278576
501848208 548128707
643590160 893193329
233542729 362606918
823615659 966787000
873801641 999335769
578649617 678810018
897136420 933448674
937803828 948447927
575492207 665081304
954689260 995126913
93131661 586658308
560396861 609004352
663412997 829291044
285218507 833779853
224644422 387997768
426588924 572395923
423780032 861992608
704074989 991972323
55824736 716663222
570909281 689465767
248725468 779736176
315877054 874040904
625553332 684650705
607511095 813881416
444662903 499893419
778610225 823346208
477197598 856890458
559481258 695617497
768904115 807259166
365680414 976242306
829048581 917286586
425071946 440212839
55819785 815875161
633329248 776128599
270186029 921281047
692738682 839703370
292176016 800260825
153159035 881027563
323578069 739546073
986735108 997291280
896749487 982826221
909833403 971167605
775903130 896756257
10749357 153653956
308668520 619659173
173261174 932944737
152907998 776286300
945176053 958859727
337520552 400762063
866388921 897154719
56149602 800858828
474125739 548493151
537018760 658505805
733933584 861525737
269144120 607512366
551465596 603395042
147494646 724358338
958335653 965041145
669074580 792866182
40579265 613691952
974173663 987726528
377543826 765392668
27755021 640046886
247207493 449105335
521146738 528094794
858174133 937998601
886352484 988882484
603086914 961031591
619363883 909969375
617181681 675968027
96185401 833134576
588987317 661652442
353732263 624289215
974923422 996739057
25603084 958556207
439350304 940973864
223659808 282464637
390726137 630354226
57747284 310431628
902644085 995877357
314953132 742905009
261928557 958345731
938554361 960475180
659452833 673022657
77389044 409299565
471433605 725454181
89306223 392761883
579849018 721326879
805968583 950195984
119176243 965139088
427821116 924685906
227248711 378789768
606985997 687643664
353085536 858051314
458702081 464226248
921549741 923497838
42459641 57744430
645733501 674637906
119190108 401651882
796336875 820037974
524482120 992299908
362502382 983569960
436500440 678960500
271823318 672297665
477361833 886896995
464597847 838660005
328071009 587847458
507277910 644921717
673905627 955389325
499525448 697717534
398538255 610619259
886813026 919174218
694621817 900120021
144333150 242773147
317689685 508183573
604152656 887251358
530168145 817464530
133723172 338068685
644503220 710891467
40555029 694641030
181360942 815720219
521305660 837595099
83697836 307319849
115045376 666659115
201732587 521093367
492748834 957326841
968878321 994056850
661906265 750273000
764281105 811192434
99227476 129343596
162736485 608340387
270619054 905863059
173295354 855829553
241094288 246929149
308599525 897065778
614868661 975177900
724528680 743125046
804463080 930613841
11164222 262893228
715288896 951661100
750787152 821926503
58870272 316228863
388729668 630895802
459563556 558155361
54542331 866163658
539098580 810012202
559717598 601773167
859343880 953414995
365162077 704700330
971935929 993788181
554372163 928764515
155677527 306356616
45802937 740061186
485263831 915702359
859431362 933058823
146306094 615657981
542347895 800334426
496061423 652712994
919149126 966379368
521551201 779308443
528357632 540974889
619965196 832649810
498254226 872942498
519299802 704562859
274079525 356897413
57891740 801657042
451499205 559001402
728158902 738073954
32250936 487871898
156063791 372162792
291118433 749154317
847021152 857791761
791669371 887593525
868716319 954781833
992936437 998084543
492556680 990479442
309716632 651732180
601873666 974382899
439915488 669694994
175153861 940860534
950945761 968976920
876166191 930525057
986086054 989461149
631756503 937728416
897206020 925317953
285487204 456619761
620553259 841040372
762207223 924847012
801314600 806722494
245596626 246589147
901723341 999465467
160753910 177617720
620275020 777533341
390515452 794967240
228071659 690440252
885754004 977470720
374086269 795257140
842194400 908392783
926628753 938168175
532776251 757664721
214768730 526142394
107272396 504271654
967003563 974063967
526837224 756118165
160413248 811832538
818263846 826156831
115057694 660173774
162480320 215253161
808270092 906628608
798204793 910839381
685701612 826431673
559055586 762360898
222660488 840135312
319657997 437988097
91786187 219177006
626249916 957331054
593743167 796444002
171575709 699256611
116366533 771170487
485020746 788029597
832792180 991267292
383061695 769193042
627447476 877153232
503834171 583213638
177232019 309203596
367500668 882029957
41732945 355379196
926794667 985986308
733405599 995941567
939262505 993445207
172853116 217131430
305544804 861341717
577704345 599445033
469828817 810156486
796808260 897530887
214837318 583923596
329265221 793210024
164986547 353770829
602308504 755819859
20901176 63882907
744848539 835055961
611097530 611333600
589984157 592313936
422873638 824019583
337474469 961321622
664272784 779030556
839266710 968850097
971432598 997386860
997267074 998528129
660459784 678122029
73788479 865254852
981719696 997034376
618933493 932786395
825256083 926080115
645549382 720062150
457657675 630445142
894718309 981142164
316448349 870792440
560822831 830747058
709372765 928179731
162961854 328193753
301253791 508079888
24916341 284660061
154983594 304411636
119042329 184353982
191530140 405144564
279421217 561398307
492385822 870010169
320039859 977468157
358152922 410886652
140173392 581329867
427426875 431007135
704518992 735070837
119907174 863177195
424680893 919240657
115839590 385531995
309011925 357862365
78699554 383698869
711848510 752673261
531179960 717681439
852301259 929832108
923632214 991213577
365882399 672026131
971427340 984630361
276731832 613991333
902862051 911446144
263406719 573737955
393768995 493192270
351378396 478730445
952952813 988776316
89527494 211660833
300524677 444390530
479902627 658468685
25857680 94186852
349638081 691213433
318196120 949737081
681527626 962648936
437894681 628110228
251345353 755679037
804245181 936426001
727233856 921794736
269784633 779912889
808261957 932753177
591317072 786710323
337506199 537362480
848758216 978966398
49453485 916411643
846941449 986993907
688973809 833345160
306630691 877835228
602829058 888221555
68598773 913505450
148153574 730098292
752031914 872642359
137053451 861952608
191489367 773788373
948012346 999423022
112833145 595985815
450355859 534105421
756028003 858491962
478993389 964673750
79622999 517723473
377251380 890116019
555062800 866865922
609382096 889125193
786991945 969064088
438727339 743582239
547492915 595221364
981290558 991382213
432199418 435657351
974515505 995096012
295361519 528198909
290939598 583162244
747220681 985857471
376581073 575802106
210282343 739354507
144162855 518794238
467046773 904796101
278291907 532027416
283136264 385860727
958195913 981818244
93595923 584952078
862323 560290866
644177801 723427453
317483354 957696068
773183299 873279029
776968412 843931941
440291986 922769981
954708768 969305960
236657638 986011745
582586219 697203612
901604333 977823706
1567600 671582080
331021775 519909146
96254001 520962431
224019074 332118677
831869617 938348279
845587351 885124660
266428894 479861907
210697157 722698363
682286514 763583707
375357424 754678544
788987277 938895537
11732239 910479731
126644993 283384713
586639406 917558287
798502781 884413366
21028930 218089026
362100009 467837362
98931106 574715680
80969877 118637207
791192195 977219432
63741576 324904523
877537325 896873614
373588857 655219389
321817502 456325202
565940658 676898771
198040339 887098808
797133224 899053811
207394390 986899243
336048379 562587794
177238442 558553638
143300763 788152482
779279265 979686464
793404428 945684068
495944191 656521883
829243715 864033557
312089674 341861789
791193913 932802280
612028989 654466123
7356380 561926155
986042851 994201224
374238772 471101387
317895889 537494353
589257877 892036575
487632516 889685020
239692158 373818768
243831173 616233347
444000436 486218225
532597361 706381025
481430241 802508495
684497065 859418383
931049599 984054523
617352073 965123613
918739906 972850627
798773532 831945343
425685615 634603462
965633722 971182595
12636058 666615542
556285302 647599965
153100666 758905467
948760619 993780587
136450393 320408393
980405422 999117037
533572986 557548061
749980187 755358095
405901256 687787753
562365061 848192526
623416140 865352981
517292724 668539273
641866158 703326510
940793749 947845603
40433085 579526843
354969414 826902461
733801028 942171860
33335244 782801588
669555316 734998308
552726238 742565013
63297089 744410337
492274321 766978340
848295781 995551172
967685778 988854396
509874647 568570044
474438575 629581783
931802058 936454895
696405642 843043393
38152276 800519319
728838860 743310362
231107346 410463835
105143276 302769445
912963628 930907392
418105262 623915949
969800849 989813392
153420655 308669034
476714722 850330685
900483823 939573513
708729844 880286995
452910411 551156274
962317494 997706870
78162072 489639176
476547400 643862425
66888923 807694477
301555117 390690176
41077381 877737157
755456842 855910050
866802777 977798376
672716152 677878183
763358843 896895252
836621637 996277751
487463014 700057878
701151408 874695506
329811866 784751213
376760962 623528546
620868540 996610062
319350500 990505581
941156188 944468843
514054039 592188783
525617761 723780335
408608565 882798348
423602838 484927429
946899408 975256867
491056672 578236253
744658102 768398187
149215363 217260331
684909776 707857009
302045704 735110737
183800466 973925106
243955160 331295056
461751236 956565550
627584201 784066387
398490751 604537285
2205628 845428787
583313980 871171017
634004590 967126273
139256484 771456777
157143572 829522072
379395580 772026186
96098267 457614877
303195720 432663998
58657438 91418149
654401407 766816842
35032646 524295940
993956772 998767527
826559805 975218382
712366172 777313795
87015663 523379159
349440759 459447481
360958017 667970302
982348289 998360947
917230243 957154823
428678275 826095485
143006725 419800196
72685273 493177360
363804627 934912063
296244018 344218482
810717580 879053507
470171496 955549418
771539779 871329024
300586669 878736149
821416602 985087866
387621317 769520501
516907419 791129844
757042755 899638468
591497160 947593500
857363120 924334657
621164089 659247401
319543681 667547097
20459932 56447955
372213624 655286329
819159650 845854979
260580289 726624398
196385467 254556524
309490600 927945885
802665770 966783921
409122550 571300225
234296577 623893198
275534934 423827332
669227937 676856422
749947500 908726255
401772147 868333118
15393652 388686471
246880886 675152571
318345626 566626767
834129883 912393291
790707582 836655516
262937569 809197638
85474884 282190660
52047127 680612919
680489154 909862868
750382652 926393510
486135537 513161659
173585451 653537470
798678638 846961390
60446884 317370196
998951395 999444231
723452245 918938495
531611197 886727048
379019952 442947340
97105737 443977039
960488484 971804181
83668446 975446630
582930032 898938945
760412190 926440758
684355277 966493284
23516847 650540270
290217286 888044714
729120067 793659399
559445693 901139794
816945429 842798734
403782865 969079530
761500045 789034044
362023508 406738160
929037900 951657494
938373492 991906071
199161317 641160330
855147904 940703378
570284120 731804858
269679444 928890055
719031956 884888265
336474731 885453138
579240002 644434656
626295420 828925894
725328804 730655216
421472773 740570689
739111801 990668331
280981838 578008542
477308781 526078672
200346333 669175211
903129145 974493029
542340245 727565313
371014315 781939012
355235709 601840594
60256177 195153707
400547667 766079746
467579410 524562609
627630298 759933935
706544325 746130983
122103875 958269519
815765150 912711789
52648595 412722995
69674341 612710296
488134127 701421928
893008415 916263946
213442586 283547650
768614036 898689916
278633916 308877981
290435967 627440342
344522262 524955749
588155484 854637888
948072231 971125552
927778355 968822698
637667926 673579920
536000610 638280879
295824428 641555826
384500637 616978501
592789493 616611777
505928105 953953882
724170400 910850583
262999016 270544671
900623442 931317832
570016464 646509459
137952328 461269143
57973025 139539063
228905863 472403824
574198965 771942598
668562941 950434209
686265651 753447211
90647093 916935564
815782045 951041351
762159022 934380237
649279264 786288690
392626983 960137005
933906686 996155292
365420609 433804014
445140550 980870052
875120031 885631367
472734243 489166452
962962753 980399766
797200907 922653552
524852690 654344622
534898606 973284077
209666919 332306145
56575531 622983363
591740810 702972718
188840569 687945578
462587697 736666056
42501241 439595440
690174560 895144001
294844815 751348853
687554168 947542861
301520996 581699326
15240348 584103417
542519936 571969317
339768857 726026631
540462624 579651946
363689798 985725762
637247105 718051303
496808091 742648258
714155839 840705620
454249074 558953651
492409828 572223997
439487127 711566153
770667547 835169038
703595182 783828781
602678564 959975010
485800450 904696266
161314241 367160409
667410257 801960339
25551243 253084113
441920487 670577393
969717106 991601223
966651622 994041534
405579764 486081109
693003839 918216453
516358279 962767756
492226894 693823207
811344377 934941935
705470358 894443877
219271143 360477019
636911434 685430217
792223646 932388394
93664394 606296453
939003422 958716174
538952082 702517546
277586196 560055696
187417656 463008470
818673910 943486374
727222968 993445723
747297306 842869044
78879770 967270975
742189294 855545972
404027108 501057307
931433583 935740514
870163933 881137432
164538385 223652925
663016352 756246941
680081487 909595110
18853525 754329908
223104800 387495193
101557363 868641317
532477570 753657757
388687265 752897969
526912525 568305695
135723640 394835750
319336562 756806303
418836830 914975765
383286011 996017411
463071223 677043463
975178874 980485258
333236270 992695351
938984575 942854405
426040825 528158459
691385807 704498732
417518851 851810503
967360879 998017385
439070698 924418511
29616960 861667988
531571475 882474686
365203528 998747168
479417613 917240444
967894050 974454176
69662053 469380113
69498950 289111790
535683953 649385143
458569081 751995660
685199520 752053460
905420996 925002987
226492145 920302873
537424116 681277913
38186551 757832020
989152055 999678579
611952745 935173770
997027005 999205921
109283842 594554697
385353959 440298022
333038395 657104341
740167099 911116964
86049783 169715400
761047973 964723853
321558525 526014724
96862895 153639131
870123197 893498358
672241562 807187950
52651405 881150597
481067316 684027777
404163217 910547696
754976220 779868076
120332195 565128381
416021367 511624140
408869915 865893041
931578065 986623247
172517977 763016563
745317330 931346542
597522285 700677694
865698776 944631687
733250524 809373352
455940308 471701443
196552235 713031519
606304553 894142730
334199444 578864810
187857636 906882471
248444187 551499891
427054445 931989110
18990168 286689218
939405817 980721352
115971877 788435390
766893434 853411114
698875931 977927668
974054268 989310779
781362874 871631995
96015680 668115863
879870111 951307238
259524053 395403722
515391628 694084870
747996305 876527436
558509680 970113497
569853074 950754548
909739093 943385327
280022400 884250889
571000302 638617347
735037781 883633099
586468280 723620961
526570017 931966831
217485746 950532019
467035743 864733294
25645935 91331685
919231916 934856827
243543003 627414726
765916088 787700063
265960716 371505876
880818427 914208836
307274363 489712474
672170044 760940318
995979010 996760772
191206919 242255270
38194688 350271913
312724185 427830830
742328708 883102988
986701659 993513699
877256400 891826042
739340440 923920185
270461652 473877477
84918883 383075774
102820128 943427677
331973166 355818189
694067732 729244911
252017262 315578331
828125497 965576165
374412000 719380427
143361031 731762327
219164422 270616305
454486347 683909795
761231506 913524142
429066334 637819063
384621743 660191715
620830843 794057616
46494048 102634358
386188519 830385438
120858662 883478268
687645870 969558355
169131873 550920927
891003594 991199283
711058235 957202789
836912215 837541361
597375945 613996965
566607806 685305896
645817844 864979380
360832541 964445791
564214834 579418301
497724189 961210287
824994486 942315162
148646295 815416532
776905748 823049699
234435238 871145040
740578563 962647184
388211633 509157194
715136621 971525711
239701174 837564629
461352072 770794701
79089576 659313732
421123082 447756960
804806084 923992938
768418031 997491147
402766060 784525993
976535910 981860111
859884544 903481861
905915957 935850219
544872584 729514966
17896698 550138115
695291431 801603226
590486871 646030561
909366866 962886585
882425245 922103756
888961873 911998928
965531781 985554158
122978150 147149470
49789677 268848728
210494681 664269395
337735655 474845502
821352978 862516204
255229796 897930714
112828573 519981779
38325745 183236044
259831496 315928688
681739121 711326159
912294841 916346777
49188542 589606631
256292979 375293731
682221184 705322208
768030122 800488557
385129913 442211838
890268641 981940721
361280486 822111878
849076905 888078415
799116823 908042007
533101442 899566516
493499576 714619231
99835362 687887036
609083019 792594957
229335230 833631093
545439273 700415215
245261318 551603253
360035456 590974279
801660195 926450344
684466982 878426818
220370599 972963276
108819585 418982865
482617375 554491680
934285215 950976950
385932203 728915181
216128338 223133212
557242357 850095240
835409836 841212814
759184308 952068520
409902430 721020468
512106951 718161767
319972393 891866036
854919475 931338829
9452805 998459809
842779610 848616094
366881365 720218461
993662608 994702096
133762054 847822232
201030082 675202523
726416548 887666431
461856274 745669997
331101623 949971196
131702482 481093857
442897925 751457950
167166239 510791933
45987788 156601046
471585238 942319306
965656233 986183714
376485034 625871323
780251217 866655134
945604643 976333934
871544647 965446876
44441957 735812291
829448817 963911114
81186710 836391726
455008406 571733993
478995778 947669651
643494363 698998346
839821827 897694226
92752030 604819138
288095389 711163916
638965716 816940260
446010762 705667562
271454699 599158649
369102367 759592128
80492274 935062334
200846770 537787427
387600663 602964307
914210808 916462914
260885559 750388606
399550183 946517568
878005484 986079679
426555801 949127971
676674416 769197658
991885803 994590569
452903201 757598302
634184415 727242560
439446959 546766738
673001500 886751517
495007019 934691292
407408730 453518135
322993647 461593752
993087703 993778564
887522856 902636812
528293746 983498589
929405277 943046439
499544237 881566574
795337191 979613839
729893419 983005294
275727143 782287928
520894109 721868216
332611376 477234253
41481636 802755070
898119722 995136057
620130810 826843089
62363065 114766153
981963454 999310357
900005607 930432282
162936112 646354737
110560354 837719731
549740112 982109725
24195335 122587794
728233175 979994802
802143456 981600566
268398998 883051362
709255589 996315790
496700448 832539979
886653329 906409503
140896288 379137904
676726152 886214032
323429917 601332666
970036385 977893930
945601956 977924135
52732167 612251083
830025021 927196243
352542664 364593825
771744621 824631052
179680738 784017541
939093576 950005363
688781655 829300954
23629227 273462306
995141470 998409525
386664120 543243512
613961112 946616673
962399406 977231568
6034473 378862308
214140856 542892888
34903384 533583244
672555692 965321221
79758866 619245001
161506183 271426541
337731150 405833533
112558813 653107479
34138779 441141423
93560748 560390995
82713353 922857018
584664156 944459462
86083885 631316184
14230222 928997901
255064853 256026029
519080487 843367567
483471728 620131448
933841558 941212508
200150926 877760947
85647929 966589430
824025601 962275296
836309752 932502446
934531120 958526146
670455510 911643072
701742223 701800762
507302707 778893076
445100201 791235540
255287607 658482632
914518822 919936275
275075191 572177112
991025184 993219507
263334205 881464234
660458494 850184150
107252096 444862383
620237712 700935809
888230755 991712020
834554949 886246689
341206118 845624586
42610986 93454718
547977622 954400931
47180753 798386482
977328763 982969301
969519353 971423444
809463831 922939347
560192502 890140011
817043721 946305735
150070456 768160833
214866388 747875487
911912242 986831417
157546783 482114815
417331705 729751935
783582643 940488675
691362814 999886391
81163964 483560844
541699885 888623332
30272752 92259258
85265570 302363294
406709341 415548261
105527927 905896685
261324220 445924730
387156119 715482832
83400807 165447212
785024345 989767970
392291049 731520643
75624565 443524120
898897055 943769193
783230896 909577727
913612488 964145622
43010881 210992181
717657411 737106960
98560668 750676782
259400230 552443139
477354259 600661133
269435429 546034939
715045205 843169387
4333791 928732148
646193089 650869247
431048721 774381846
256778955 309073426
144783554 688181474
672956547 746797892
163741987 653475910
365038642 819490499
366447804 748582637
561901959 596226313
162820174 871605764
877668906 908175587
44307578 942983537
328348801 906805379
450440534 796759316
999788493 999915821
67431759 223883907
998873605 999953596
826425370 900006913
537319379 855006466
91081963 851882169
628716323 853267632
131514294 457301210
301754831 498063702
439087883 570459145
457140298 620034972
784945785 987500028
333615140 823394920
120596701 850660047
247990526 765070342
128702198 284783728
842816641 928343910
752861330 998647218
999357858 999421295
429996014 959012180
336998994 337775047
37991498 781973081
900224934 918059223
19763636 230273636
832104455 836376572
846316652 882064299
416490546 997349766
283423853 925929226
776253517 826956117
588145947 709603168
551147643 952708963
473881190 953283729
882995419 888743933
444559073 969097050
424188880 935193535
114117770 435955786
137328623 516355202
875433737 880187142
986461103 986867236
592561074 634071046
65709752 856192874
676365392 858269210
618688624 802397423
413101123 772473513
653582935 668136587
157558922 409041883
172557576 954584414
684373327 978382672
860714356 948319934
145968804 401146616
68629966 918370343
713935326 983378934
575811536 861881253
323028556 990806728
173410951 410501467
15731713 115508585
855391126 966493656
487052039 803596605
827737691 882293955
521032015 965532430
405635185 556938860
215930343 493917083
514723886 600653152
697823540 950687619
879753235 897381781
400112154 581180521
780186449 899390582
269549077 422471253
194598924 337772107
73030755 246440305
324861198 453647249
576946619 998863200
222188277 581122253
308640471 701166084
59479060 886359614
94860744 543705913
236943845 975289868
84139731 289254705
327470672 822788386
237853612 792625157
647403840 664769912
938642301 977277717
646312929 758550375
963348270 989057431
961090282 997327524
740984475 918818087
268523019 653224593
682661982 845609595
9679599 277555347
363516479 408381102
992093778 996307473
596588211 625297220
639120919 936642744
43120741 370802696
775992715 926406206
402420139 907869356
462559542 872196376
11750101 820473139
488519614 871219620
120289291 559571874
947821850 993150103
503153771 588699715
292451613 935978489
303356998 716605781
916139210 967131977
624643168 782274970
94840419 284602813
893266999 902335569
566589392 960255830
956479339 960147287
881436974 922310859
143971480 307449950
276509269 787478271
866783159 997991276
375294041 671793409
655743559 938863091
211331648 681501662
329997956 632032124
901695222 921764916
547587274 914437139
112375567 890682508
330897800 369069699
655816400 913890305
24421680 655088148
563138162 660954695
400634441 952277638
246732631 743487151
969103905 986201170
651774330 668770837
9272913 906345909
729649380 970593557
678289290 794122925
828427734 858760021
25820736 46458586
516589806 919174651
338441710 544889393
956522132 989311898
170377284 694919539
202446815 576290363
661598781 688206695
445532673 635314405
36624413 251918411
422944686 922356182
503241512 980769493
285888640 854226281
698113071 860823042
595234023 806218501
100915010 399228339
850422362 866501606
403598300 674609062
100766930 736930893
688343318 806089476
295424626 592356140
168244749 487840613
143654559 807053895
768493641 912141432
182400859 462427734
70350324 647893279
3970022 448672217
731688556 947094378
885906734 921505351
214486539 435698118
977851486 983828747
4370317 202575483
344367942 985743330
584554018 726192259
626213837 893759490
558373342 612356692
956888701 975761859
9850774 506553081
899445863 968061863
670485325 989625757
85103781 274633878
868162843 912245642
609087656 678931813
916943242 918052201
855314250 905775555
493251350 798724616
213494042 726178723
902811343 940882418
965900969 992107309
835345388 978051067
338559583 466901621
277782043 419215004
403665935 801747066
748473658 866259815
775344819 834911115
90636251 780916647
235589886 513231295
720449118 796157234
920872791 987184127
737154066 825959766
641766762 730552543
947724302 995423583
860666832 896293227
759960138 995864667
724664332 987069563
72627285 298798539
630843843 647234383
977994019 995641313
453254847 675720879
81830313 265074744
995967356 996903522
690614369 793118452
449943354 645599274
568848302 954108470
327866126 977687522
588316015 661630769
236796296 397068783
698682184 967502366
481915022 901398409
716218324 875513916
464085905 529648958
222832006 955366035
1787331 761803566
297871294 745402153
652888219 975878709
321128459 965581251
746599071 912785823
267346734 732923257
928849774 957666627
797961919 909370262
985587730 997445463
277218981 707821431
235771314 394456398
499022140 893220154
666731031 669605271
49028869 417915556
771125082 930588989
397922007 874952111
2101881 16893759
43020913 865813243
933380702 957125960
289888713 657331881
687091436 706914897
437557566 718589438
862438968 980702728
99501792 243778681
241831709 836041232
448811126 728394477
645838939 689997840
145536100 323156815
156102762 508135542
453046412 697660972
531699708 580112753
246818384 770831067
417167852 637829458
323930149 432500337
551597354 824215222
958273912 983649312
850669539 985683770
355540123 940334769
94291393 930320795
881369997 941205708
746413351 773109895
301761010 557646999
741694238 962448656
562798199 583769501
763542072 815213775
111669200 165293719
942682363 954756460
906235788 968105796
883267150 904964433
311818900 603186468
863212924 951247975
656170305 722851412
761987664 771871856
380957 344762278
549605016 907586801
27198620 335078480
955881248 978825751
400252810 750036144
897482266 976422096
22057058 87649075
539905387 902534397
557345785 979342107
96154518 833978240
855388543 987873536
600119005 816901799
349164412 957142768
897504598 907533326
893735485 966926174
716615621 726143897
947498059 955830654
728328606 761625253
851111820 860878568
198267606 422900954
303731820 595670199
123002010 352781655
326673712 612614321
271781880 454336919
640273674 762878693
427263086 661349134
617291414 755781669
353085772 897285804
851280124 951980583
766595460 931141190
578768622 684152057
668016522 751694872
16914739 167416062
414315274 645570237
533852596 796003449
82340001 664694207
222276536 944081777
410137215 560076286
925587408 997381010
336977667 856882104
458246706 724166955
742115963 933752795
389796406 951848569
141589123 916691146
675085818 694485710
565470187 693538386
76951665 801430296
236903478 459628322
958040239 983899963
853427386 943711985
214786269 728969144
400046289 764759222
49693649 65415949
591930568 668329526
359807460 660326417
973693114 974868381
596302993 811772033
626360618 748191941
147626756 923805619
517386537 606877314
606459893 624152061
121640605 808111198
303599654 824324284
321829822 516040957
942060602 955697504
196019723 539470406
443471976 968833897
342974284 883300399
831512160 857748676
648065808 749429168
28050529 216512346
20717633 292878267
567338235 719773041
370491593 995843909
803606276 843288374
149969181 160005393
925978250 939225257
584570765 879984121
555083530 678629394
312040313 786886189
596667391 741548285
35344499 665538261
193717169 200583766
544468411 792820052
864951345 879136494
248648785 969105720
427706127 747394294
863785576 878030294
760008263 817694120
91984745 280866343
418480628 964015975
377459307 965324988
998626165 999629912
497267028 853775841
421967507 708642041
567799984 705276134
406586102 936241372
684360909 840745672
527218430 862079216
288251764 685377828
341298241 772707328
842960914 885660743
567149381 764118848
461295507 571488181
497250085 865291047
642112963 715646788
444501961 570906833
828111052 960395942
891929892 895487852
384615892 766631087
148842382 151909531
165856531 898748157
43774382 918383367
652583898 850697943
751621513 965018311
344436267 538487516
152761324 283351205
45608820 107548780
796251942 984696088
62466788 669327304
261014870 430850859
755419556 830030388
906719532 972008945
386578569 583633472
617688211 739691065
477109184 814333814
855819978 963285004
685903310 983225628
852076747 881844727
509122793 786330212
473312536 963312268
983310588 984706740
835872755 836362378
813086603 828931290
755520511 842397065
327565235 749810561
388481157 460776258
653499024 938430812
528370693 634098057
420041789 716352159
652671565 991630791
546269799 877092199
928037342 998815208
663929378 928149032
543061426 959642786
34479804 988750472
77778637 663097308
62392818 479470965
92854949 947104648
259157950 721762997
274409448 353448617
185628758 952063766
247449067 385638905
221246191 385977105
603424561 984669883
586498457 826390656
423048824 908355643
246875915 698351566
326990957 452476734
212568781 410304742
778256231 825001544
162824166 610057000
123732766 597197073
410273252 671609149
709410181 919113103
840240487 912271445
94687620 120129072
99060468 888343065
133146279 241007630
82931860 563470753
528768044 552321171
792875676 870156528
149626096 557928260
370919776 517880595
817341856 852513977
403744133 973103279
631819371 800374177
768287020 813071872
507330743 718693195
666034471 859965189
533041607 818766472
423892649 438798247
261770416 509121151
369480117 969269475
654856947 898321900
426137324 913276424
565497515 600978188
616563034 970987239
588689766 734724484
131538728 825247238
213743883 328690334
307861595 364040684
896277125 947631760
483922116 662959347
996055706 999203653
735122321 953990028
525876072 580685596
504020598 896912832
858194222 872541174
800373338 994788783
77231061 840007729
975100211 980174039
935956490 964662580
601654851 907315393
962562633 992798657
244923308 390350132
305245585 910232942
589251428 940549830
527183558 649674423
251333729 694286118
525835472 670380133
151168817 167008366
562756128 907822818
940124459 965321261
236406776 500223675
19733921 850849250
465121100 507812194
459628788 706992930
209301813 945590517
484835309 668605340
421952015 524212474
51354760 172667678
730509941 764495947
909256197 935069924
126229851 760853509
10830625 616151745
512677651 591850946
622493151 683393049
334193984 814824407
627931735 999919424
38302874 634019284
896196750 992511107
20479089 579205121
734023457 821799143
343843221 872197299
715350743 767974368
491074337 733669462
437603640 631522014
586887142 663173436
695631959 952807018
865625497 951194054
961787262 978845892
537114989 915516151
892806864 984632656
881563984 918229655
594493445 710239939
902042525 949411923
737713538 977735346
268063480 775667749
999149583 999804446
478485174 916039880
852981731 985295096
859100504 927529477
987162057 999036078
867652911 871809271
72351434 873022063
714655755 762403140
580127361 901536361
973967732 988578594
745552781 990713129
772976553 950594188
814342428 909556102
150651556 221270777
795420264 850158891
447998738 797978318
354688930 407586221
794168317 900643260
598426881 836442577
946786818 980588325
106519441 545571903
84836638 334105362
941369069 962864431
656830206 923532426
993768927 999433208
78870297 156966418
594589516 606912411
285886755 900161054
333746134 834990493
150996986 744693717
12720285 180047421
697847863 735753379
436712166 975760728
565505516 725879209
624175533 948908551
779436265 784910271
177035689 758057519
840112245 990182759
512534601 808731967
98861148 300521275
984118629 994105317
245540926 543447679
513907634 555697210
455537997 538748988
556281098 583751926
525115342 784817120
946351529 989582739
401059538 759953816
536735434 985692470
145351220 643401127
883932898 959921620
238388943 768658058
134908388 372666026
727650983 867114529
671735707 710191816
852175539 964159272
887322182 895847629
668919913 694901788
686742766 996672870
32054511 432762550
510300913 999185630
516584966 709815820
557432841 777476193
903819361 959177471
850751201 953055947
743327398 819973027
975501293 997754368
200548360 499859873
126783708 369484455
439451214 849880163
774671006 951611366
170736188 589214945
249685619 582625667
890001789 984692692
477470494 491399138
438936025 621258233
134888284 170962061
280412720 586606674
700964302 783935124
838372432 925461160
876232718 941786316
904427049 939484928
207744660 838096475
236120929 450729695
936244025 951826924
544287068 873139767
366082068 988126130
304591771 491223068
291346362 508395932
404215970 655535037
361966123 954645356
237094956 759455135
312508222 793567961
381693558 765594104
946293712 948755643
106641711 426315179
466042453 723973862
3463729 362373355
953162951 990787382
770086668 994967899
348700366 457842266
646633097 689573598
342674779 826423218
465841301 753532615
515937773 950142938
254535715 932974925
397912001 468537647
845808731 990480790
438674621 727944610
770780382 856948842
54480134 933658622
18836612 58699432
741736338 748859712
246073465 513297578
743666432 896389348
581006079 806409823
658758706 877573719
931003360 939004432
586014643 627379649
497789429 926012763
858934171 880503218
622553111 976511789
958690618 961982510
247812207 930512297
942914053 951908287
356767952 579417483
482178150 567509899
493204092 551337301
44491394 505623873
571767222 647011294
162218101 670013716
604520468 948946811
907819696 926164115
711914487 942390735
498252275 742683693
450840037 649162159
963268430 971312786
346014416 775953998
224507484 530637956
62884275 392964909
578243486 814661916
996278103 999315341
804079908 853854092
285748026 766293379
888596710 949874915
673160202 791124790
887181747 988063572
901595067 979557921
458988592 902673922
192999328 615597811
791307205 882601904
573012307 907991777
156529913 894524165
653806195 775552612
934937524 983060612
971180619 981211729
765358737 833619731
78481376 477109097
734121662 763536467
931033569 935107086
711606395 718580443
660265750 963025391
386533519 876619981
386396272 777469412
606871057 609763818
838481612 870627323
572242529 647627390
83139995 201254081
213674718 789651227
631016423 647163286
724752606 926408670
310982568 788385508
427198433 716481316
109232638 329004028
708425216 834863383
918927567 936368285
426807358 759715150
450948432 638844912
546712612 875344560
983584685 993529873
871219609 914205102
124242305 868401432
398728756 645593460
517863822 875503568
561523582 947277797
971271292 990025094
748573798 916555276
539977695 562156465
755524082 817087420
652480758 806182885
832021452 944891547
130443029 209747160
736344636 924291848
412023317 858438024
240153207 986081657
117330029 308762058
418437231 981607040
147560603 269859895
805642810 974362662
809504681 890732853
5419393 357087824
752218412 899535630
565561598 694680740
975203827 977277092
183201444 845341017
965400627 996916113
240121229 443879933
745883895 994905282
748330825 956329495
512098293 711569787
971294628 978586851
576587029 839982942
933384252 953957826
345064538 442512054
615130410 948521732
627869321 844845664
660488223 687247375
608240704 690030484
336504253 548184273
102020063 553672809
188142642 220028144
963416395 965975237
419521711 967166849
76618694 384738712
536798334 625671403
597232448 961845665
846777873 998186727
100393518 310709122
821996923 860569841
345823234 470838149
691239148 919159984
801710956 998059334
723306935 930578778
653908954 938185705
733023238 972515068
682413069 742112199
935064682 963184337
503256767 650415350
265875689 461905580
179176513 816355105
445594148 788243578
47239337 205499037
495223370 946286131
766773255 815988013
702445997 806839482
60532311 774963800
810452114 841712832
325403528 930433170
189970563 404893479
485086625 571395593
138916443 417206325
841336078 969584493
756761931 768803636
775698562 946107164
249249613 552644417
475579485 486298836
829170488 965281773
300925438 885491486
146567157 635058155
450906509 605549196
37232793 537812091
712562334 864987813
245704763 365594992
730158347 967286406
880933397 985238710
71209280 261900754
41502475 279340852
899079671 902298821
359457089 407348807
425778751 504569708
68018242 254237105
478228523 637742003
550668826 674273089
143240486 287055831
163539259 635443075
562104161 748168087
310754488 670903842
445332239 902910614
942442287 987302297
406827782 649399350
425887457 445477566
601164567 680725000
318701994 423606747
920456112 998218613
159789727 714313889
680985286 782499572
64854958 213456346
148967899 499315198
925811752 954685615
120668835 245780846
29737240 856027525
307416501 815032369
3805225 681467263
720837126 903410137
675397300 773761321
419872175 493886061
425191214 719730145
306178127 330552931
331931976 800327995
234209197 657635117
218625882 289677287
645186342 941792016
100640536 268568473
735217897 913498785
585378360 677805339
548948365 945282458
924164391 965618027
717911936 754878296
128595014 376879165
994526409 996229311
47551521 292740140
276869673 650491734
709845596 935342752
682672278 967730611
653107517 807596842
212254120 634865420
486558825 808790753
373164584 732667538
888488876 943743006
776961293 929055954
990157828 998966882
969100329 998595123
803683762 912999597
958547392 981892559
714738822 941862706
543471444 885555634
726995025 963822707
710492596 799509756
946883245 955107567
193741947 600140680
583602593 684512078
339193973 958005956
573174708 675827930
917779574 942155434
375261414 787574007
102287931 434060499
49125659 307752546
82950215 503052840
431183898 852459819
759386070 969094119
244466333 560103128
934789359 992825339
998986223 999772498
27429178 887014455
168164889 702376717
12913948 975327610
358321302 997015851
738856705 874586423
403938435 970382749
795432482 963516882
122459972 325150477
582652739 916753958
104662024 739660403
319484561 490811181
72513167 962644571
34082472 673349713
567238490 686676596
714303460 791229869
968022458 976247057
789862179 813413936
960896299 995536303
770800930 945036330
897297682 950389352
251943830 938474881
130080311 506692359
518569400 715643899
218473155 442774682
502663307 828155147
285577933 715728916
295068247 711885922
202232611 316635544
495150615 568259937
74677475 399919539
347270487 967288174
624112140 963301048
90626478 688272355
814096301 956614999
320932204 833197731
879423931 983160682
158607309 375085733
272936410 620970537
949824910 954442099
722683838 748534803
139605434 264274008
669852580 918235692
917888198 958536825
169847237 279976445
780847715 845833932
843746745 968733033
962518078 990827791
117090828 185669112
428366290 896052669
734418484 981085866
912281797 957396521
644145899 976758881
535932381 840928141
412967567 470501039
773831569 845185140
649735633 693032908
837640647 848526478
426084367 905620518
127509077 430562157
245324547 596418776
455120391 745481027
365826444 746159776
912760753 943259564
414870955 827560477
125970677 418200094
643852754 816745768
285012662 900185688
328725058 343727604
812618882 845605404
884291343 957111571
608402831 925623176
463442165 499685591
486184470 830484297
820465991 824434215
10729964 258911895
947820485 977175652
422064256 761153155
27467485 529816858
869433736 987814449
96160021 363348521
307450709 572637444
259582193 565522542
6354649 498107297
710307821 721449522
358728286 460197200
459095853 889601912
253888735 584110395
222415093 485037533
659240027 794512621
255628055 416527640
620265551 864314292
903341904 984732645
122607222 623079751
759535983 923908840
463187497 806634030
730365076 789241918
211619958 985510120
420597383 730525534
506371432 956594168
123441354 636754098
298924511 675274969
271553288 673775462
402193895 441350646
382184124 859850039
473737065 801671446
255647803 460670139
634270509 855984488
923393836 981973119
255770588 641613481
461693467 888311402
182991995 740746564
657916160 795743895
519917006 685031606
342190196 405275210
39303092 421676319
479656215 794363895
875332916 954692233
60860527 794559345
173858301 475262993
437709892 721302763
298550474 945290835
873651058 894226425
281393336 560247159
54767623 995264187
337563668 995056080
409989686 646047696
180581152 952503597
392000397 934419943
962627389 987576726
124068417 354624001
958129194 980460451
90044926 141526183
842275339 994110137
545014651 795691815
167638670 268821918
291250076 372529423
230438798 366208258
485379063 628374547
750683529 917558080
854570799 895534494
762009396 765919175
670039429 987849845
567377667 746345966
405564527 714204548
303107603 340042919
573381857 638574589
475918820 546521227
681738148 869504961
142832940 757811185
348370624 508189042
665196472 865333774
174388507 875042837
202841467 620027661
590137317 624238511
722844612 811887082
34933740 514489557
128554551 564595336
494862601 608757328
339656828 356096690
252067843 500096832
47623027 340532621
919490257 986722054
354150250 563941126
356050354 756526567
92979033 844601311
859165531 951475651
499769714 633030768
513137043 918767313
100138091 494352806
282742505 833205917
130765797 674356010
200127484 353016799
407698377 798827588
166604564 983323233
326059420 412826430
213905512 282330841
316227223 506585935
996506692 997613907
450803081 759141079
783450845 809772159
540977200 632557243
868839130 883845404
956653083 993234796
13744252 280320060
566827721 793090960
513848133 861357291
117662910 572832668
272725925 730972112
89566998 617647637
657409816 659852085
806320942 919088709
494890041 881642098
703430975 725128943
542220883 930037515
374467428 900665629
293973741 344146114
667228099 688468851
262259525 551595220
511743494 530203624
976253405 980702464
423330984 640528285
676177538 736651195
952910574 994617735
175192008 257410038
119314362 836191220
934524876 947439927
202534262 278528430
531622195 728002222
32077206 861981285
985857131 997347835
982040778 996827997
470858311 980328173
934039548 972998185
288556463 635150468
132183504 800668680
33239190 152431502
982080703 992996840
648647997 840666416
690193741 813740913
623509745 696710166
261889549 936339965
737582019 937069767
445548469 623276356
333460186 678919181
134980145 720601108
116442697 560340175
665501521 992305095
128179573 928855379
387037997 746173153
733794498 891795513
439120148 476965145
696486574 780074879
134529213 928942608
359839191 728476090
548520645 875329882
103035751 501988810
97315616 341572516
140034408 526070954
95117404 575813372
866428432 982701970
116144880 927705366
153750762 600993453
757913388 902135992
322601324 453510120
901641273 910850806
111309747 656180108
308348121 922836096
316213764 444548093
163312630 203320243
13105558 442055035
777116885 791214160
119022577 319588289
86858903 948984021
965715479 965962974
12306247 177384520
790616549 935950898
454631572 660265669
649564772 723181954
762048177 803230386
645235866 900294116
314245356 591711405
415315439 621463254
700043447 871579984
121903082 489354165
140868602 309117098
485974721 963246611
830592643 985972520
316911556 527182929
687557129 956907527
951138028 991389295
285417114 984531828
495593797 959648600
36219222 848851208
221785951 747330294
565313756 698798209
689449078 825235383
618468729 879444817
152200074 446602721
198637193 547850904
554448348 756383390
796647774 950642521
580069506 750641100
863724425 993494026
274634435 600079795
931489851 984107520
856202769 866110296
82520888 127343669
168045852 972701582
877574637 913862110
596118024 783897040
498387025 724263532
11083169 706663558
530149749 703871862
514251196 854656866
192051613 518365362
666415411 704289267
315974806 717874585
529405355 721441484
477807023 578309122
662401610 693319205
651527548 839356076
596363457 934740036
323867855 912366240
56466686 157126582
190523992 535749359
335286276 368748026
391428915 850066292
107566941 562185895
674298755 946012946
196643423 779890724
743402066 941859564
649689400 726096444
69985742 190911334
726868463 809959221
480075728 860554323
391054309 508981863
60606961 702647069
24924980 149189439
669946565 834569156
97103409 344354419
689300004 884401706
450574707 646066415
936189307 951949056
898464485 928475690
120373552 637972544
113128111 821301879
872225070 912409765
36475877 810378329
245020655 601773296
965629588 979614524
478333995 848422277
119202440 320197390
935029481 963685273
160664797 175212521
302353576 496113670
925423080 928023160
599287121 681009659
248720027 972555278
793671395 970696530
744678066 905696654
231629319 971502060
200675093 844397166
368636952 572119380
418699038 549805800
697083352 861089402
897289958 976284745
203069229 620499542
850852787 885933134
226611500 440236775
172733073 436189463
692941853 717729800
562838073 610502934
979116303 979658957
654517069 912726412
92375948 378750032
800274444 999988490
432299295 833385360
540162452 816118495
339527285 405606281
557537100 661775731
44907642 747438682
245450867 403345686
510762116 627694150
639831447 827204237
575510930 638103872
482886453 957760288
938284449 957764176
29096435 405223017
734478200 937562520
510101683 639549845
443943323 847293625
378982230 439844435
637043629 770375717
4618664 627844273
388716556 632722596
219376012 810187413
271800090 641106763
359932134 523566215
824904395 940805381
63289001 196705966
652905905 921162479
209275625 322441195
428145696 760572629
905958594 967495067
509961281 611085177
64155445 271481908
876562753 977191170
968093990 971565765
477293348 641080651
970746394 987092235
710576347 952126882
807945823 999631763
889023064 960335155
219708398 586059634
314647777 659597794
763366221 866584103
334557725 645149623
922014046 991596407
753567367 989987198
721964180 811628181
936842584 937015287
182542159 898845638
189218175 404183155
389022849 689043217
621806199 961446710
897941232 912859760
100374761 455453542
300078610 575682153
659523797 679313744
656443515 897011157
626689259 685901946
370523149 780104741
400550736 977026967
612604353 791910712
293607951 723004650
46378971 266987504
844283828 866095708
662400275 860464556
253805647 621991917
251277872 882638244
423709290 734128180
140165995 476231709
717768445 725254849
236757928 836616918
132182560 674821071
430578661 795602607
50355317 773753535
539475879 605048771
475140771 553802273
847706010 856093757
788379884 814815494
221396308 759228239
840013089 947489883
310883729 455246371
335330545 389641446
727539471 895460508
912882373 938860517
357685084 914218526
305199237 825352452
695981867 795523710
486429028 569406642
714239801 797702974
787705674 854453578
898558496 907476533
103519073 685823722
408014506 495275483
682353891 905889672
441322009 943006304
76507834 435617932
753935257 824950478
651462788 721360266
37355345 376369574
757270190 990566456
389764868 849857593
184290728 334334049
461718011 556584449
864004102 900605123
342813887 634299963
608739270 982262497
325043713 799113299
919279495 944470842
981945342 987733647
901050988 949805263
584272990 877416149
396194786 804408647
74527036 96658714
712219979 898289322
192612924 367252033
531475208 977090899
927651200 988383215
367342247 485200786
520803641 983055589
74421340 583813470
369426244 925357614
733010370 925363793
382983401 889907636
519825804 864082278
587562536 653065343
798331002 918800652
434524559 862048205
830931158 877755825
313162882 973929136
257486051 770810416
797321114 830812500
381405646 689850435
926852601 967108208
311672928 606049500
729384302 935565549
518955749 704747879
294359776 616562424
367364873 496429164
811585606 843012928
472695465 976401935
755351997 840903035
20914504 884962088
92623416 677014440
827957492 862729604
570522662 822432521
837202526 986533268
333244347 336996430
890890938 912739514
605395186 788940448
536192845 857126300
255804327 891023729
648646175 930607623
164973096 410244510
99668817 386528974
127908909 223149977
632073393 839831937
929245936 981138416
196127131 419621668
925827701 941696308
882868071 967136005
355021376 960799978
916097718 947782683
344011057 706567605
543687899 841982064
601626287 820334045
69563152 351947650
131459511 732128732
989704960 996934234
386354063 828338241
73133838 983121615
942752662 974349775
39862986 855189391
625695424 643331529
460867144 493465239
444097273 825599272
877339594 928921738
938668773 951847130
570468323 854743655
818530002 946656037
26019254 407911820
68527106 392643208
217091123 483709186
509840475 937856490
918883689 993037592
641095906 678355169
592560777 920418624
616097512 629224876
61008692 314738148
477252054 844999444
900631979 910121843
963926577 982935054
916250511 966671888
501259171 930043104
368686151 892557831
650162851 667694178
488246813 858163756
540696472 572901016
178777655 762300780
858907046 929326867
706280131 840203892
364666143 738787211
907052780 985010497
305976204 683246400
404154306 470384318
980676470 986409602
434483883 687820881
672734377 742857083
175554967 956497066
55126286 79104513
593102995 736197134
546868481 966427494
85947084 275764688
105328338 824961472
406627969 539691794
684316461 773223158
575597012 838832793
560558110 797612899
686725505 941875075
580255213 769768305
194841232 762454707
508345053 522361710
219026573 836179118
805398018 870104094
190606881 589400022
255624989 502767793
876247917 974605759
834787438 986971650
921064542 925015325
595885792 841754839
487348270 577460086
512711013 736351249
251113784 579961229
151960821 928797355
413132091 829666299
266422213 613484871
770183222 885841957
886455389 890808401
288390448 575656818
513735253 736563932
256569556 464844956
653733511 821102373
636054387 901419878
596194517 928876940
814472399 879933224
523776102 906595665
403998117 583156527
565769615 678348326
718559077 868180316
63819738 630928453
911830013 978277597
248720122 411727784
468658459 744169075
196504635 984442272
388117745 488066065
736879805 983928547
141869117 773997246
896065150 906771701
88738631 204024409
522193543 946240326
570208488 898789761
766858819 937384820
201486294 424858070
34485931 262948057
433673497 975916556
143140087 220519480
142710500 686379532
479695902 762948363
972492759 989654985
969936629 981166291
398273725 478574801
310599092 948715403
779075310 988659995
137917467 743743496
263816204 824483136
377772558 503091517
176281389 982509677
16847146 557891465
82052015 113003671
6336437 928052884
356989362 743539210
55690770 920701519
566634957 929621964
688099067 949518205
458435028 646508895
880371889 938108621
423865035 710601814
140580751 245215551
577503503 668807899
364866740 776783545
356646161 468783311
101864164 862167782
393486163 824045326
545884041 604245325
477640589 847000309
157540419 712581280
932593490 999893845
816389217 825801375
506168256 635000227
55886715 219912450
173034281 274081286
765287596 974088918
192834226 603234963
758084973 902782291
329783184 430405914
767940839 959561752
668338796 823334917
664962648 671046275
310197974 478639675
218670168 616405216
649863765 964604645
104949524 364217284
30747750 899875243
612806725 707161141
657627390 672349654
132656121 967315694
25329770 393304031
369573522 478977215
202908324 513284697
527449551 701593362
206151625 211154506
322198976 891314115
14959886 597508086
356328291 369344126
785432313 887635473
966907509 983009832
317471369 563910956
201536674 761888268
481523988 499695761
753090290 945287721
129751345 578924044
545127827 945212459
337770243 508300529
726982900 795080104
800181221 923249358
201268016 549900667
650982378 733767650
607517340 734860652
760719454 914639373
53082573 732734715
250405445 284986088
754446559 788563038
550688103 801475560
335253035 482270332
197230422 279101659
80074354 769608270
793362791 985833746
418362258 497115548
23139887 977531347
729979883 966797229
368942052 530609810
23169364 260964119
531014533 593760543
931255775 985166891
363844118 973968258
520727641 757443085
562075396 970149379
227818388 240007772
425926195 983186551
728707821 948552340
277838342 501568256
956122946 972380523
773362366 939385509
905142801 987998215
435448539 832856465
453943674 859237777
60813046 428550976
729181675 847659552
883221378 905345207
875275944 904856052
757700354 873438725
268954240 353905772
89281667 380075424
16581830 916547770
364907133 845140206
606731539 853867219
88320290 151546904
207200871 610502441
69923523 603967434
813342363 863762232
740333565 864986921
258600949 951912989
679395658 878567480
981155801 985215609
324478729 526291025
568012298 800120469
978602871 997031717
7432835 227527450
546220001 938241838
918790058 944745959
406909679 773458686
341028475 958005894
723731943 723762313
516578744 668694518
21376924 428981240
918463204 963362909
59438347 684425491
296747665 704388174
954560378 973667005
200903782 840510974
749518477 811030234
928001452 970936576
496104894 627316650
155831007 358561987
312920834 478651331
805620854 980224567
76818948 975310251
181010800 522638634
232320779 720038970
870298472 945192760
428898046 929370977
3107030 899789784
229053517 594102071
214182658 363749216
187078778 838028851
720748851 825910992
47891324 696097621
261749941 642876599
750668727 991587558
835128996 839443821
908312537 927723748
800273124 881744456
743956554 772072830
774182278 869751129
727487959 895916635
215716454 407887894
896004461 952743500
734190830 766999217
833692544 955137121
413513105 965246624
361270469 678382404
910330091 987123430
881219590 964802693
647118152 703651741
969563668 996158780
501552476 644822609
492288801 772125937
227523794 836830170
206787785 416843339
651842292 904847314
341656250 445350256
792191904 946576727
742539592 761808952
912377879 977020625
846590736 988695573
889159941 952731650
961639544 967079879
327057304 453245777
750904600 825837715
932600997 961637325
525418505 603071298
425023297 674490700
295535203 703478041
574716173 686999091
253062401 549291306
819373285 985006471
684863262 927575080
164791212 489419109
193093862 730769023
721719671 885724676
70146769 417861314
380604226 774983511
218914085 385665743
654334782 887883258
584017273 997887348
112705642 622179905
269263918 724085792
925936694 963623044
107674763 912461746
14794641 476758220
245297495 731371059
334775383 343174698
68226883 796094468
201328965 557862049
568006253 871672300
392502584 580917509
164999117 437165719
673322603 798718266
773212834 966201795
552473153 886005745
66027847 319393258
281833624 966687263
137674289 546588228
20344963 311047063
411060810 773830640
841692834 959387893
680047827 768291717
467132346 536367266
608232226 620928720
846853880 865673610
272168598 500372320
521117231 847079376
392456297 820739843
308815027 349815155
587371427 840927823
838102930 874102043
339045744 609930687
183265178 303491803
971844287 987589065
653913123 750657587
167994093 828820171
176977933 803443002
853022949 927029392
637447150 964206655
775113677 791484301
820735398 822133287
719557368 915388981
783682302 854536270
229106986 523988814
310137543 792988693
707108909 919907798
872462436 915148389
527461281 806042175
92236711 205588935
388955076 748858675
125600497 880525972
916127710 992614418
694146848 911711433
956490759 991570145
456050270 693865084
876243370 907409424
292864891 425050278
397775489 513776284
408626700 531791968
570488986 772153073
809183446 826733172
294680744 298807167
271519424 589547168
666422523 669628805
556175292 913464783
99266116 505568966
116307071 122414437
615273642 951892737
537427936 849156260
955799325 992635230
950127646 950290582
268250680 610893608
80202810 148126553
96975154 175741113
374326924 703360088
435586008 501188186
937030068 961911632
791054422 943120668
623356572 684418264
369680016 426242103
554262621 994384342
290990384 538632224
869606487 912510312
442549259 628986893
174425649 849311427
400131053 836104401
690041808 906634744
525535861 704402706
849271207 949845577
316646685 619995225
871237862 932729499
828852959 957312357
956426483 983743268
500427778 570841168
765562358 964683423
101660309 811229675
393493810 688517026
182077693 409263057
11315647 327186303
172938317 542004683
333021135 837587576
793973211 868223591
874744575 984112583
129308019 390545026
516566377 749518619
104444542 745622599
198466450 484155118
29267491 697027827
331407120 931151183
665414862 725474642
540077826 541774328
560117159 888345485
579613652 932773141
167960552 477431791
838798791 976985868
326748776 835318093
421259610 553703044
86398612 769929922
157278147 885131871
721890445 753749688
512475898 878655825
563681281 684083621
538141905 872235774
583670697 740570449
17006442 62540343
26153770 342702811
109759111 235270973
436078592 970670066
871049630 999332587
292336493 890783192
371112858 970741231
305869487 918356075
16493535 950629524
97366276 649970097
57497136 336025572
867234416 990866534
854858624 960944770
437035020 952913753
428045756 606092681
966605380 981080332
498998293 989563926
635656283 658083991
778330172 874934983
293823598 338415468
299675049 914533426
409127977 716970258
745034082 868122207
519638235 752220569
78823497 453899902
980124175 982285035
399128074 478222764
282725936 464979060
609911970 838854448
652873215 859809081
605832154 987453650
2130045 159003611
106543085 857061437
15741670 104982169
917075659 956119059
617852631 761099273
254827152 794935901
937252815 985698014
971613761 991098479
14033174 875899318
700345059 883083899
338479330 701164849
164523135 904611325
263643813 587397679
143385370 681427503
564571167 566201742
857032674 973871231
43846333 262469862
17561640 920970133
544209161 892405162
187224875 345847271
751407956 972522248
238076681 820449251
167421737 935349282
794168802 942788345
617548089 990916581
833285842 872034146
503006661 789672196
902601747 947682588
535326487 729709303
18980382 680671085
131653787 804009795
48868200 613277507
711628006 768807120
315223023 366290544
138798711 866119493
972414679 984279818
561981994 919749150
608945004 718061675
496220276 608605930
109291061 604320254
408807054 765598400
997982659 999970271
882197726 962440311
86850859 950569799
378722994 446413110
16755268 766307502
959677569 977396808
528306563 782790588
456840537 611307299
786125202 993471134
231328011 681184892
463708545 738104089
315233280 401830937
176905371 376575370
554151780 887523822
84319100 155275914
169476698 547356459
733027540 828412086
622462169 917696480
510785659 706326620
606064288 691236448
457217831 886734507
905816720 987534985
229471898 716100886
522452841 832279470
459697246 786469414
283113929 904229027
738175072 756205132
878712383 918324356
224142611 593210280
735179669 762657562
753394553 858576181
378551970 643463070
354162058 921500619
711380625 849156844
332078916 937958943
71049249 842623622
525222201 817936135
774333749 842727181
319926016 588107974
260961920 691699988
219736310 509705275
44208424 660972050
992588811 996432607
277015231 444087897
696218584 864988560
383599923 557088529
230906808 485931050
379581338 691433700
668605935 933784826
526198254 674827894
916173548 923037626
969172119 973943460
238111811 298650588
447281928 937269217
219809530 293177384
738274490 744472784
137512072 556459081
340888495 422587048
277351897 892276527
749959436 908730391
402614506 575976482
714699079 889318059
339856136 427791069
747068046 766556709
406407110 456295574
877335130 940154254
705229076 875744260
160713719 748540838
376211792 535180157
703288960 882850781
353286978 703194911
297386876 324968336
373097121 655760495
568791037 913176671
448819422 608830890
710052548 919591132
792884664 902811864
313366863 430843467
247977057 797370306
869221299 940972236
267384417 952450120
71182544 793808075
964331253 976554999
471569285 903329483
473649093 536536261
503429150 778999288
899965425 994272124
740730936 853424954
681171017 947627505
388497561 713984576
587056694 914669546
227296072 872969214
128321491 992421293
760795763 825955288
116964998 426836985
587242874 773939269
956912778 963511261
843165942 855421285
260779039 606950448
310935962 326102330
347807196 435341986
744616551 971589774
757742879 833343099
677969314 949669489
497031581 881224993
240434662 390649386
604547565 816450960
847697923 865500437
611139302 648601361
259165783 762740128
792278390 873812601
67350311 393104143
796938877 897654730
925332219 975948085
888770190 925683940
223753809 369191286
717016627 756374448
340033325 670898347
436314560 644971764
148250097 279619545
451368916 913411474
886417762 902539016
361934006 565964026
299682009 804819337
376242378 561406695
653566861 773076870
71404078 550824434
865568041 915344132
715343262 983581833
269704100 390124584
388254650 591846589
224461315 909107662
280768233 717618605
106181828 749690611
452930818 459793839
929050928 958206495
927715959 991079752
703781100 798973631
690379932 722917338
99456000 506386912
511456656 725327890
544879359 950797350
438489618 986120042
526061134 822279246
182450877 525104959
57761729 633098628
219682666 361454727
93319413 863240035
49814137 437407880
532606444 838832726
479161932 961894038
521535819 611521775
252210832 253028024
727463600 872943249
942916536 981410871
755500567 817328752
827945638 876351669
710903243 862505223
99048607 672882694
221274770 767909169
359032585 824035360
481148231 608360518
332178095 851581277
537034321 651231991
626922317 924157762
14836176 252249868
825295492 923966615
914544750 950115814
593743638 927357510
655206377 986890523
407759059 794184491
985889185 995190602
766188495 784675144
605214308 854056504
641391836 912891112
640619262 918235019
650127589 715338951
974546661 993187550
214249297 777018553
388791118 655313619
258026057 478617040
246556042 606683020
561542472 899266083
54117068 235435516
789842282 790858725
85071560 989110300
563519597 879230713
225773528 705282394
58499066 681807959
124593558 243794444
503821196 626098780
446719712 813633326
840208488 895160065
34840196 794111585
399705689 448406036
246515428 725589967
581600570 606674677
180976047 993328902
690078636 875447053
826555692 965897552
65942482 358302570
501578315 756309414
395802397 629392508
564990975 640309065
689892553 833570383
688898401 787991803
225397455 694553710
725026286 992887721
932478052 977746131
694060231 946648626
369232373 552600975
588965926 822275443
302963750 915324633
945318735 993187220
541154017 929217415
777838841 974058919
294900690 960457699
395669598 810400300
457620156 811249708
453811259 536956206
555173647 711748693
446449333 960457181
274546864 519847606
216201324 623383567
336393765 909140417
344676381 622838003
222273685 936213708
315059845 405874357
257252376 480517454
706365296 881697128
467880956 478828801
648799667 675241062
518569010 904191039
674334695 889610158
438601476 818237672
154047305 961957297
644040232 767304791
8733701 612461071
706963091 959807255
974635825 986195291
37669770 328654281
791466577 966497431
32859967 821693800
256508520 781926635
422798105 448224369
668220680 843567081
641976274 802091430
676122627 700636105
641400650 927373688
590225237 604614520
35700247 334377835
124884063 556343501
149989914 754092557
840058052 895965872
112211618 188011647
845140756 868400684
844189872 899284491
296270274 884988564
740228052 825156791
582949227 641549764
837628534 949428904
408193180 627014077
132502777 808737342
527424764 681367792
374519905 670969661
157561826 811653987
380955877 556498858
863997988 916562053
987894437 997628409
854961863 945446811
685624015 843772473
126372725 189359044
62369525 103197859
196205283 668535493
917192791 986339124
340106901 787934825
526195350 614077900
647602447 749872651
995905898 998159754
812698122 951704066
992755104 996194039
761255669 864446162
154041211 202966940
778801764 964144573
867058969 900985584
704317083 794796696
635524906 838237950
76464164 458804989
152410177 934396889
800231744 913645254
485488815 513285512
775677953 827097712
765616292 769863168
749835561 852108657
751914495 904125885
699572794 964581736
527812711 933363479
810066188 864454080
976011292 996798843
89101562 125074760
673831881 676165263
849285489 903832810
758357422 973967770
978721058 987358073
476679771 492335038
296968260 845431104
85771748 560155203
719605840 892265089
843897861 866641208
134202490 890850028
690324674 949099255
525057859 706268618
164186433 755029308
672001174 685084566
195441994 254729921
174278953 932021900
748936161 749855612
710045573 811262958
858886112 965222406
135769220 557551999
611339140 696578592
260120453 707128786
264057770 542522784
564814013 617893046
256342135 462483227
462495540 658925974
883449941 924059285
891988662 985285650
843230096 845980126
837803824 892679183
308881966 883097581
933139352 938473104
231974325 315057295
1955064 39041163
242108944 830223023
281451590 667125854
740579187 831670269
291351279 699497319
201337671 983396660
911738488 924293751
429500790 550889397
616127462 669234703
55232862 129611030
93698784 805463020
389098935 797737437
399577490 817376286
720019865 977637032
558633949 634541650
108950678 198999918
793466961 825296043
768545348 808724978
948097914 997802023
123133674 158877512
667873786 760106053
321055907 920894788
427489730 916213461
303897931 815092908
493005782 866461631
963207368 989921012
301095538 831985411
656468260 942582305
840808055 902071389
701603931 814968200
128266974 634177046
320291180 780745980
466469898 941295906
498033239 946276331
171710758 934918825
872923806 888752986
659068662 827794922
641474042 787838416
854399682 956811582
142152273 503715731
692612660 738816153
554176201 707017880
782606745 818125816
817250550 938243242
653166488 849000877
519485854 766963597
28470889 781290688
817251945 975808713
444119736 958910847
335029518 415663297
139665663 811022976
460415421 546338843
143730891 416464734
865427176 932102548
451653175 769003656
736964552 935719242
249726568 901635112
416968590 481252515
702837907 990331325
293060265 583091734
469602597 829350022
944078657 979876466
27913359 698651748
134466632 311996560
609144508 876248266
819309785 903781119
613236052 661297674
577899738 781714287
609664436 925476373
390521498 921356990
963397501 963749728
142386785 828311820
141345222 895200206
711250760 906088612
742366116 977199232
67183108 67551955
17665617 565199979
368880747 371267224
732925456 833671335
77657236 92393092
434979873 653683245
160053435 335069996
812075138 908941190
740725729 749827150
7582597 287470260
519521200 998003251
841312855 940004246
497936506 946076502
312241965 471746087
552578447 584080974
871729764 997420416
34642212 266212953
950610829 965674200
49258843 250331350
85426026 796608493
911088774 961343230
994597306 995703373
44567899 431830152
229390578 291567941
681266745 709434301
447013472 961511138
557780125 597281968
467207490 673342597
221742188 248332825
858747605 997988076
515999682 821562027
669161717 750103522
950357022 996951219
338301289 900137786
865065241 897894807
4346872 520267774
181971948 353600023
816779057 992034175
239802407 797867654
523639689 928969761
460027767 594880546
747706937 890965263
93491662 518493904
516435167 887288478
265712911 822657550
271782465 477084469
940188979 970982274
57351766 277714217
617821326 987720931
791505019 838567967
439900130 933281199
460318840 995187671
204937130 390526490
869861460 939957348
418469752 997174552
366359610 500886855
808793105 870108040
497722566 604676526
320633227 632830615
705379804 967792081
795484900 831784138
143499444 229342041
50950516 556449756
491377856 682455090
688164610 758369063
892867219 929195060
564847227 794500440
622560304 874514324
439180437 578154460
749050857 959951309
371891474 442998180
766793866 773762439
84313406 683191224
437522429 616984140
802158846 991213220
717575394 909028293
627710216 934331196
599729778 688878182
228680422 702504754
748098207 836855198
924365587 986391902
670048635 864606597
66908882 454474864
302116237 979039317
922290718 962678973
690678161 914775333
890031380 919520666
261891032 528873572
602877393 710762195
632448551 829355471
103958705 467648397
371538648 554867391
721228358 900908141
525744651 873182791
257979688 299583972
180820603 780123554
402692544 858548219
524805627 694382248
604695727 678855666
193249992 524551133
243518278 459875330
293537757 628388761
705325578 719299986
568699969 889458632
518372961 566115078
714866563 890055852
360656784 634301290
832993194 899406554
967704735 998984887
999602350 999603181
970208686 990296501
474872876 591086876
891477630 953043751
800031918 884530589
209646482 767567062
122901806 724238583
752372054 958494769
6950881 754632499
621237784 655255970
687854714 922248447
908867598 997163103
870546456 914292544
878961224 972859402
751010616 909132344
536237493 936188806
451172950 965659372
56832183 982784003
241156913 952171578
47416096 149966886
549397541 651822830
467484356 561800294
8188017 631172940
243225514 825213376
534198462 956916231
264296545 979690348
510136031 590251827
975793520 993772350
681264147 889616332
200079182 821726916
583302750 890611801
474099769 713224376
134104832 961951773
358730928 938491435
317884601 886666000
674137925 803918007
655848474 903508056
264014403 866080873
486355202 825032686
586436652 674618752
812558655 967439276
691128576 714379252
922775134 994210234
153935047 747887329
615428060 723998958
78150642 926707505
950598899 982170356
370551808 605669749
130607698 282920591
279471765 290313085
312053922 964714079
742153939 990136842
272931847 441775934
986479210 988191338
646428867 809763582
663986245 802241876
362912854 713849925
426780127 820914714
458090866 938104698
267561072 349561356
916664973 964250516
299611876 728437048
50553722 356962138
51692162 951715642
182303655 655343286
982379019 994047676
175399530 176529993
484424346 831054130
136243466 578015555
919057953 981208198
720147594 872907578
428267220 924992574
63002998 873369792
846077868 938109854
661325586 716317161
460629918 908620678
317989659 648496670
270960768 361856501
806264369 880621062
714146196 807563875
165222220 416606542
61140345 731015477
998248108 999141053
458702901 714225358
569165302 890742393
251032410 528990694
157462627 196563761
850721854 871502326
495887990 868638265
771662208 938063630
26968919 854960552
115840917 491923867
235189764 511190892
639534963 931881456
580433678 637407444
776380087 937518815
956057278 971379018
446843875 746175834
63838620 685891814
437452366 749724612
60720803 736144392
964137070 972976985
255919155 620839931
67311943 147668887
129635222 196572306
487144779 926048398
515762995 519653869
627647862 659734821
369444049 981856425
526625779 963412208
573033756 875456377
954488288 998479744
789475185 900684131
732661313 753714030
312309106 991717696
904054403 930716949
468590606 873012227
607020222 905580049
260715410 609880351
540689938 807850187
232719794 841768040
715852672 733843263
100226576 334767460
550620825 896558815
104891160 202824828
96592976 410336194
485648127 759809005
852720406 988617499
439091691 996845413
485136752 749585100
852983731 860309900
39871026 351097339
214938506 303823075
855786766 983935751
114289480 979512812
88833261 624995698
485700218 667141842
397115708 846964222
737138769 941059517
283757888 407508393
504050626 717426340
400965887 591541787
134806578 726805262
474182406 952571999
954228877 980087638
512594668 912409589
603648944 840461933
57396458 427003673
2988197 527254007
481011140 731836253
315608837 985864352
79926101 255740326
949012767 973988060
377726582 509747101
974209251 992492726
651687424 782590544
278837121 762689774
569626020 735900949
418431434 993533370
714956327 784769897
519701186 920295636
623246903 626596042
291973611 662440507
737041756 760290957
118040250 387622289
83175089 309051445
231024908 852061716
193847703 907439493
948119858 956681220
997945798 999481291
633497256 673888796
531605067 689905699
955870827 965395847
288689814 936845318
276437818 850510984
320792589 455834706
77555452 89825509
380004185 634608649
931599680 969823507
178097114 568699871
146389043 896212416
888405136 950575332
706926127 801868168
7875687 570521268
608332505 724732027
548446869 856622526
982861122 999147753
223071434 618128402
512890386 581062822
660421460 998548157
160615955 756284281
44572188 903470187
580212657 663311073
125899110 632158899
427387606 663792957
324307577 805658322
486377729 737613386
549473957 883351333
159627046 911878309
396675928 592215100
227036619 545148525
673920547 721845801
288457065 420038374
391886078 702691279
810695219 911631625
135245884 271858779
658338677 947963007
959164817 975621690
312831999 393109149
135885111 768906304
851168278 983741909
396519264 829496158
711704236 971394719
947651368 997644187
938210015 971421208
454006875 947873436
205659005 964048985
703763543 717341578
672691343 990724298
390038023 903251612
398798633 636722896
671523928 892561968
560541529 856008603
119061775 626712152
590516726 679676786
57745302 168327118
502021714 911295099
860515087 899843551
636024456 735352217
898910906 928146475
179015527 857283325
95259135 133725091
636040418 855114183
28282833 161168522
850277671 926463267
206350707 291892067
925002547 938641360
928307099 954115096
936110252 992914281
629297938 959001814
187705877 644159493
367528221 621332975
163575738 263085586
771373856 934102326
47340688 779799236
430393490 807127636
257104753 979660635
935741642 946063433
733347057 855435048
713640237 861995163
415885014 922399983
573303283 857686801
549884507 988338918
646770996 683409260
421879838 832840212
250257669 944682078
954408397 964757545
924003959 987732168
629773261 740590905
666683170 780209782
773143814 825073568
706542276 818836122
651402749 953380441
670124133 731221479
953751408 993357134
867646105 914912455
910413500 952595288
826955339 926578756
978190060 992567817
824299075 926247140
552639633 747142899
566603696 872910927
668903598 941436891
611539332 687077054
415016256 979359678
876514059 979239383
356124232 940681392
519635421 854832300
325669869 785346452
905952372 928434390
655928112 866643736
163864290 629838655
379153659 746156929
892792916 910171292
149557667 971038799
585820861 776766238
306814853 576462683
249759219 662352758
134817207 530232065
82270063 405412570
270467964 813208709
214963189 456829314
681426991 761856858
234282114 434243486
199990851 254302846
953365325 995674349
793815110 949312254
303068343 608251096
781514195 888145914
698220866 849391230
928738994 972485002
66423126 229658577
203354398 662012023
664624327 825761346
419196477 935161589
250770691 298506040
164487038 233156869
396948756 688534415
510940550 753994243
67970747 661213459
44286821 549017883
194403227 862143790
412662284 645893427
702895448 973435401
420265755 984290153
638304572 993041819
134080575 823491462
13796530 527782734
400118990 624897022
183014183 237455144
630075774 664736263
762513353 834101895
969795643 983403185
586538437 703180999
966691396 984282622
349343905 596660505
496634521 542360648
555506057 903445920
740508009 772141086
283224386 571190376
980251496 997183452
335500752 370235380
172479486 416436155
846267229 939444307
3380114 939323642
545579867 993014697
352874420 827175624
989322596 991117961
563762220 754566945
636018690 989011623
470508798 511270379
235742845 920489841
453126673 543588982
715496645 758643243
413632674 835307223
141845258 527128090
935984856 983026037
816464593 909484673
320475495 956406038
619602466 664724101
99815476 846894800
315360386 537531629
267292047 668217904
472915767 558574775
201096852 319490970
866500903 912143805
772851941 917054024
326255777 482160413
607915618 844739200
866120485 978761086
573832780 831481325
200214755 951208925
675546803 981384924
604790254 911415919
135203539 161231588
642014699 810784657
391905385 843676662
878922467 918319901
537101142 861931315
39033835 46093032
60929726 896934888
704877038 982524954
80042673 100641775
606024395 833698650
379390750 454596558
39778218 65023078
24889080 400224386
161979540 257641345
610877409 705455553
301668823 929739861
413041658 603401067
779750095 783803927
832413417 845913397
841965458 952247987
588695001 813238771
156339254 742146625
327844049 437887607
622471665 674201267
705236014 886599505
928057230 975743740
793452625 907874847
768191834 971457490
719623723 724648488
414179218 873291369
594419565 961716760
920736772 959778383
653464319 982956365
375194107 867567432
181470078 486684385
699439008 906507010
297353790 756129981
882796929 966326446
991365914 999416914
253510015 744898865
820614377 984083222
321243382 515277669
944013567 959974116
19530067 534766634
698420344 922105159
702250278 813185719
496812637 553484053
233149500 286425355
696886773 997361326
271953870 644448499
907621228 990924165
773820022 807957257
500694087 750633586
533412594 957676963
217864363 646711922
365498403 618872453
897681610 934379769
691784179 989236061
495926689 681176433
158292987 310650157
750009707 806611863
202594000 991481306
395185886 396973340
912645482 936031376
967765261 992137366
299120659 996844352
655392255 807503262
935201744 958361403
236788308 356216825
374013870 971231556
88413302 982543187
246305388 481642595
684531737 812690468
993003038 997763642
162462000 708913538
134898457 853156051
680154066 890278479
101331757 981800205
924414755 941925786
24739581 96072267
174680560 539687724
142032971 990964740
200444173 986576751
770706789 825388308
375191516 916957569
217967482 309973994
222159624 440762918
848796591 886950288
934468514 991798914
897443128 953292703
985314728 996604933
956992459 964473345
680148180 963182102
523459228 971826884
687588586 866782644
853351570 861185508
835677041 894022339
936049512 940812556
453572775 482961272
737528379 837526951
589599417 640996282
842953926 958471359
394792210 883242035
327358314 542237097
420731319 812029056
642178717 789793459
399530864 792843999
695394325 719713594
496266160 587666105
807343832 899756287
833874896 931541237
93932030 261385434
194713001 389714360
6022553 336233609
774854612 833042540
375662949 459712978
765856836 807335503
873636532 892911915
111110148 445037409
386093096 774290856
700566145 703091528
365164239 546594978
657191908 864890357
552955971 970469531
463722463 890189692
646640382 890367715
258880734 683335187
534744513 787265446
935060642 978237250
535400064 749814078
619972668 941030077
769624732 971314949
493928967 628563949
352365977 570243363
886963002 928666887
94320234 237955903
708084582 987142878
448101344 642874133
249849518 866625346
401767380 560868980
617482973 842385016
504741463 990828705
372228954 788748512
481183374 641277399
132926529 870461818
69639691 594575139
605030154 729215154
196958324 339148995
702425983 775205766
846946717 929769665
397198793 694701358
276441440 312390663
167794085 291875741
116746876 321294414
993647835 996898831
144721719 972927983
581428983 993898608
526319120 840223429
861707565 993115994
154640977 537755218
574778966 814495540
767513493 998763737
244958362 919603259
28658673 176345544
79228639 256465882
65666938 448024550
6006272 342566066
300679817 849882154
568349603 824392353
871705559 943641900
985838978 989571406
492936188 576961757
592589422 736065653
232858391 585256551
921577568 940001324
847065846 861336621
162208779 463358650
417159771 569714553
388320342 500959023
420962191 881686232
27291777 214688074
890672275 955365765
183972403 781785073
485365101 994333025
461797693 482158451
965925439 975580919
99643458 859732763
102250275 207618011
642841318 816806926
369582334 581964802
151008565 580808759
566301407 815090900
456414022 856747631
543748866 980591314
636452456 921435016
472927399 784752515
133574709 704338193
783591109 960052582
615655663 916833479
626470551 823003529
958433190 961677122
332083067 609834070
758456177 907801026
286508408 966721572
155742899 684037306
817638989 825186187
370872226 592402851
436923105 525937034
230531197 452170306
636838336 715066852
632872750 782107076
338514977 574053412
78865639 417870839
72043550 581810123
934706450 953823137
966254465 994519098
710588636 811504964
17279146 959215227
819238570 888712905
64092400 294797328
137063584 233296986
63055977 186917314
517152770 977229318
223082579 798068087
786730759 864734622
839413406 911888852
930479289 948664392
362879155 556782124
978280372 986546084
111518315 509812649
324732965 706098968
48907792 238053768
151777165 719080021
39133977 835544294
643808998 776618082
333256551 815121158
456605091 515987150
100984659 981090617
472600773 893734035
827643132 997820552
929807052 938524602
765459175 779150253
497373563 644952792
419428535 727546520
197011702 607776388
387412482 886462654
482237418 913996523
811594177 956220261
540737065 638476242
379625711 610565387
53907973 621344637
210246941 667543512
916839610 948164903
469220913 980367545
279585759 381009022
49799943 329691481
377023688 802473837
257384323 389259562
480347124 775607959
942295723 999929913
601061319 750930582
980400103 989711807
997680977 998679740
299154986 499120089
811971869 937637539
880822131 970520373
765117550 776002050
973813142 978150451
932553013 954502339
12169800 725825802
533183079 761066985
20954807 154430804
210772759 966554386
45197859 811292135
936477843 966214827
152209656 864758073
206380987 870060781
559399759 731808700
644347920 906846211
461647170 570337025
612004268 771311673
550260469 722522701
406328550 621087713
630910393 970554285
642142998 651682654
560579084 902595972
457662396 552555122
311605733 836764015
138771068 424356201
154467229 353086284
614994764 622491320
461387941 794231171
319937643 518301752
883628794 976277608
553169691 771672943
472177461 912957332
106460645 627617674
235753002 384140453
52919021 304985626
343871338 421743543
966729202 979599559
221817549 463288276
753161793 985702330
701807695 859858255
324953869 652184096
691246581 805556079
369105897 426955525
751099794 852768255
905118339 964492583
496216962 753339599
570678067 626440447
597458678 818479418
758207906 790074284
38826298 939393603
136104970 265721439
812326844 870690161
172051891 717630399
415955148 976135211
925418633 947169584
371321796 762624763
568664031 748558765
142108927 664523256
564358367 618404070
649386477 687526197
283725323 491780291
296157416 622484867
353761780 937121392
115221683 500400044
118251808 906712828
801919224 912951479
396460720 779991783
137461983 333740336
98576338 447553711
41402878 778536783
669547462 926296925
229875362 791907677
766643202 823258129
473755345 710643874
268111241 604936634
336668383 393429504
55922502 418371749
66661452 712294035
126976185 162755258
595564464 937817909
492386504 700599692
779848007 911504623
268521631 357643454
541898066 740743653
636669187 981129696
469143896 678432562
556379658 614237702
336992221 827821792
555391355 652037858
533744412 873080538
401533683 687148128
638635304 718213954
339022884 780529513
682670109 809762895
84057482 799623360
677283922 955470674
207030838 609178506
236230482 942999220
670977643 820587209
685734244 739910689
323777185 609660825
166123175 277490041
588213337 619270844
71184566 357458802
566806661 732578804
260113053 764823121
839405069 985126591
838042875 960983484
343180959 542970340
843281025 975240861
442540472 587188593
911778966 960988484
703663614 958219988
699068946 793286925
230444154 586381266
365581699 846577457
617828406 888514778
779397877 982849124
307937615 445299279
29058084 669093811
296899450 750463647
331651877 858559610
271763642 696941365
368347823 449561407
284260188 875761456
592748785 683001422
726602578 885986489
274752776 782684887
794093418 908908719
127354068 540525648
443988420 577003414
613430773 707984392
441989987 950725115
229928599 327792436
418978025 757284518
679170508 977093814
771389716 791466939
644048549 878601444
689672250 971239555
369225480 472205955
320203417 781123987
941164758 976277561
552001184 786475097
111901354 135944783
957588427 995207889
86398198 139671124
654575727 806067310
330102178 470268265
211946181 523372678
702468756 930766786
355448408 422623844
303812482 644577344
884812852 892504415
312105987 643724123
329820144 941189333
6833799 513831043
211342467 638223761
694735210 969813619
917060594 918792553
668208425 888592777
742539551 806237050
343667253 432314372
438751405 661290555
853309467 967705671
111443404 707798467
967030399 970256702
17261528 944794260
227929305 505283260
639565140 949628369
328930478 815426946
119699586 405098379
211171057 701051578
979995740 983583925
276268281 454867674
293369049 878194127
223721747 893483285
229555085 595693687
268495051 675970191
870829392 990917640
999483302 999521727
632463372 687991496
26976100 230325380
851119919 980115632
558009216 716738719
230242592 285950427
345905119 984717468
818542027 941883500
359120182 570819918
733661140 936461396
647334348 807996642
384000506 446396605
144579582 823986087
484574044 510796441
517851051 623944405
26174547 385383164
939165334 950611298
114101122 219978176
654568515 663670928
695645649 709515821
596808456 658406375
843316581 952918227
594142623 874910441
178329940 678593151
965612512 967297960
122000636 255341318
708077672 945980094
686127176 929845460
722247382 755304968
67173566 349615317
300636978 495170544
415531385 515776801
166718666 541517784
850547787 902692656
47033754 839489892
272950221 383008906
729357558 800829458
549143678 755285706
145006547 331269623
107534098 291702050
459627510 904944522
444751212 677588483
83363 319410850
806499255 881834876
620120961 842667588
351147988 415785652
285590922 776098256
868496673 975466518
215520301 409859743
387386094 970274255
935670599 981209349
710875445 970022609
240956596 417197984
493061963 753888976
437070483 605249737
984155813 992117631
873574835 980731513
847678625 886128942
455632080 884011159
300662751 614645051
715948113 860792442
479840925 859870195
864957886 956260216
116826524 274867272
438222806 864705494
338219160 588570859
980952433 987069896
237868207 237879679
988750363 998673372
658868685 881542980
131575149 824844591
201042808 599848352
970424870 997033669
742384869 934745674
864441971 875511537
772097731 991100162
522483713 640821118
593171038 967625788
171527927 695805279
196640772 311422709
196524856 398735582
971692672 973794998
511054356 688760619
120876904 734556588
242168235 375135277
694035007 949644871
761594237 956635292
641730574 979365995
315667376 414054196
824322658 954932660
615197126 989613910
16011671 253250369
820503159 952720739
127967885 835695415
593517930 986936556
117259286 381149063
694268308 976310733
80732031 608854653
126418126 612371988
773511270 804479223
279279759 656035047
156090704 817161390
869401091 924897551
654820639 850776109
291144099 385292212
758194682 928109675
249251384 272203684
949142483 998080767
269231706 310040421
291544547 826535130
589109413 646670502
188572910 612525463
960998843 983983221
290325214 688547858
457567691 628886786
884421277 889578760
808504309 926017220
900527128 938746147
231846953 816827546
805611272 891198735
177532759 583963723
807443735 892449234
571944172 698829997
377898656 597938020
23840420 997037640
965733517 990006353
161046454 516315105
701664159 775844730
649072584 671207476
254416525 512258665
85653403 728564805
47126296 163254715
380147296 604230487
577197239 650661375
348398279 518823108
487990893 790095845
27246824 188557166
138878206 504843454
37638338 197833074
597572891 657642408
29474734 141894773
196368514 618063938
117564355 294270080
844437700 962884191
542768418 913061203
519144359 960892872
461814156 560364447
58292575 586997839
328099131 523211794
502556679 737671698
784864124 786827014
972891904 985781302
731876944 890120713
396364202 919167520
879838563 923340093
238239389 379281667
1339830 685129773
441624028 830398331
176740437 561985660
708428794 807845169
627532348 883865783
239563382 948625221
164049918 913610857
600576287 989577159
142142494 315580922
372518781 544353398
661484733 982295093
129099990 743235542
770451577 952882194
223373609 832704686
254662742 308111557
495627948 703586657
616409856 874262580
762144160 917369623
783926707 949830586
491429756 870792756
995354001 998020998
61393754 288485698
492581908 506851303
342671465 885807565
398991666 568883640
775346034 960380262
768305947 835369944
98996788 676887038
164311634 530399950
946647340 948974744
744674854 848053348
761470027 989155207
80186687 318208546
327040939 993928760
477306981 835945486
92078257 187038636
740380565 779640840
578572855 787931962
482759463 955610205
885288585 892142294
502079329 944443772
774913656 829767854
998242042 998337180
915697436 951020932
785582635 840844725
533701812 779674945
413890926 871203760
890289927 920294611
259439488 451415244
801059629 827532878
477141727 666673317
361821902 623218336
13797450 447897352
170461790 214473302
24351534 114018068
500232122 648507191
972104871 979608559
735741949 963384198
781457600 972941580
109662857 449825307
289898669 823661216
218481710 803840128
282368732 409823636
957443693 981326434
340321158 426221266
433033338 626410684
677309693 845732270
520253971 928621438
348619822 673402985
299366927 359710356
393709291 648036094
372008648 860901134
975362957 991204319
34964841 720663621
100936778 895740250
144880706 434295220
724059790 902465680
837178750 920467625
672726460 745413711
808127729 823445986
5772659 816202191
572053955 598714867
382447678 499055638
918939631 931957252
883294081 922213174
186077394 790869742
454343686 685412068
309970884 537540631
1646188 738266112
703578610 886774958
994677422 996916979
476097913 635024792
933049603 934430863
125545200 685426017
977583465 989096357
67339005 728129731
431505696 735267773
281430952 322050261
718094727 752313105
929339131 979331103
757931723 789995414
973447590 983092760
173908143 217524349
411879097 836943258
790979297 975059192
698776141 849890247
435335049 881117435
702748604 926943702
464442415 604799674
360895254 503137515
811397200 904326945
991231449 997786251
561988907 729285191
814749053 848451601
819330740 903318626
28290191 169370127
621449170 865489182
324870484 956252771
685248699 723104627
158027436 324849403
885601641 914230592
108399896 756373314
708968250 711772698
344771152 641201485
620006311 812478995
180249494 977588010
223313862 452193557
477713748 780128480
423130363 680188549
841450180 962449405
643520769 701050154
27779428 796897187
870345321 923611542
177680904 766155291
372385661 423099422
241606748 391731291
131931916 555946689
780466759 903060268
602196548 724361825
459526984 992935849
27176832 460517941
126152359 442829153
578910025 952180607
619901725 700865643
327100899 460554153
983840900 984131832
860048663 984146325
643230346 961073489
803662376 850757308
231138738 347401278
902676031 976882537
752296042 864054955
775232772 929442606
967476729 977239743
546168601 765382252
613753068 905109911
385538659 582784332
463650793 763063836
21480118 221851707
810024677 812169647
14456391 83348272
95222631 665991252
207747352 869295665
671948019 775612358
697843642 958765399
668835655 946220646
453601905 456575136
385378588 726827221
845536326 939299772
388812045 407966160
347601823 804259349
338864142 420262475
47451148 808574460
438494051 500873878
754109840 867184990
344075991 950685811
529233814 743659882
843149099 941049519
254709199 912211436
285376952 317970498
436634127 484914813
523326779 589782269
566485198 622817934
830399131 868628026
939762919 961563215
864496572 994015014
81826844 743113486
574502592 760787111
790995963 882910443
661058123 971857403
820194946 950278309
338734548 584807220
919744788 939439093
121287638 199522550
364978686 513075536
954753571 979324525
159013009 739971912
859688077 972955397
238540398 595806263
199289535 575849402
216702745 921429714
200058051 903346268
311805211 833453521
808896586 831092612
415754153 963206843
88170396 998664222
65139502 510883108
687806804 925128825
214894706 656319800
92527145 763108473
295239367 638461366
229469261 338441713
660844435 972097548
533442044 567658579
219471316 655676899
317053410 489531124
437756707 585367223
292909018 351641764
851995274 963574868
828038658 938242751
97144204 785062582
391965374 398175509
614687873 688282117
661741669 682467867
100492534 719357571
651807662 828115906
881928487 932972938
524275233 823206246
742444953 959585761
919619822 964550569
593851318 767708603
524132554 629795312
385794086 758918295
905538782 918868175
635127205 826359703
792661315 984442232
673158743 896456440
50500898 642627812
424463750 874545220
433518998 748992608
436020254 502796863
946722984 980664561
72319948 805579957
901350665 959617108
913806724 967875001
821155114 833680530
266030578 691435670
768120316 813648652
391662261 725771973
530695324 990943527
323019765 554856393
357869220 730424162
702685664 734507369
774846169 802555647
395246607 717105215
487138511 769953891
800822078 834814094
33696362 713433120
360947401 764643864
782632633 784874475
263770609 744894700
564201576 612940599
652283907 846902803
265760714 736961094
795044797 988519009
895288186 907421806
337391265 566080822
937379770 952461159
208715869 564742535
347068825 781997550
327656631 446336586
224943052 606438127
273697919 832178368
466222494 475834288
713914699 887547868
972581562 983391039
436142592 971568853
182810562 617610672
431731441 939183719
56045270 68986883
900237526 962863225
538499383 965822587
172743280 866444887
941459585 960310279
584008603 804710505
567619805 833488803
745639056 889257337
531839800 806334185
508992086 886956905
359924767 432300078
201547616 532317179
705013312 892133420
719469274 724192242
151152124 245579732
62970406 760944653
265399709 834325497
205609714 328787181
134023806 358266038
651612914 729470839
748589177 891364611
304005947 948433218
950903305 974784119
232485536 813784454
376899819 638067989
220876973 823799346
601635 471391394
143485631 345141922
94426220 197055431
582936221 941122321
601347777 947854181
115505576 333664022
752179803 764423294
610090372 789155261
2068706 74783608
711303257 950953946
52656945 862524925
862642105 990084414
391917322 605008030
368349976 580794068
501752774 555348734
964462575 994206106
519559144 620808237
807639720 898407239
360913025 541350349
615826764 998968372
639964051 977765097
472932799 516874112
716849859 862963580
950208222 972638056
83603206 224820931
477478317 865829197
63488648 177123684
399819743 943487415
636692557 886717145
738139509 992386152
634927271 686921694
618949432 729186542
396666833 623903749
573857510 641874306
644742309 797311952
636911953 665423952
102232685 362186087
529753492 801636796
443708208 819027175
220588617 527316322
898647897 957729905
435520637 987621817
104889333 718429431
543282607 852267073
342514793 365477606
497433639 745310898
410369371 451669376
830984850 839263365
325670699 394104150
31475679 946165017
647655739 919409559
960388452 991219168
585779348 731340457
633020685 973460491
798569334 819885479
682739007 850671074
132530887 409437884
918155026 924505226
821405462 983002151
511918193 644846839
961070192 995760751
326228510 921187668
506632578 666213183
782761262 884268762
837336051 990328631
163471977 962958870
258453163 984986077
341180941 469799802
930043781 984823514
934923052 969727645
855741466 933714653
405309111 594602397
454895350 670614969
822246080 904850858
667571873 759407034
182622969 508776057
963856667 970763391
917187371 962164947
582281419 917705900
786610004 957971358
232038778 671236947
869904177 942683950
319869164 535253590
82192423 885541655
761104828 768493637
278504874 680118716
31639761 784045468
603185180 949214546
296635555 991199796
277863822 772350787
783709044 795219617
923437123 945631232
434039121 540130685
451919774 731681044
959693039 972454210
393131206 850903501
160329431 383554472
268336378 337415244
56979248 483936028
321883155 411746101
263802735 423195278
224829465 758899125
60139317 927813911
263555780 712757132
127871243 616792438
352839739 827734915
932214047 967767630
52736285 545708339
857115451 925841059
837699743 895820959
216078552 747906788
715689038 724324999
462058351 853280864
823235884 914478037
536363163 950513973
253117468 922420653
783303771 969504255
649037580 677020293
938255565 998037348
603500106 776452524
857089438 875468390
223405948 246326276
167718240 207513171
720542864 784623273
786923075 806268324
962953555 999235304
897460120 997303733
862497763 980696494
542860641 912043502
546705019 628702786
265165524 625965613
20820851 406856904
537664804 873271722
599859449 895603356
379544699 607164413
392646935 405263966
254423653 876136936
596628975 745744432
471268998 675317043
241512048 968553530
647343678 842498522
45446598 683000824
775232506 845705453
882602841 901594613
143215695 165233624
448174421 715879956
984197122 986863973
792486830 803133183
237933755 293814253
457555312 651151492
319638721 985590529
743609507 938331355
916947350 982565052
655031230 681639628
45657230 688091212
761241668 896022519
168632609 889098706
20758005 190886088
399578974 767191907
905658702 998229599
17455330 670796494
886422183 902117790
558915956 778258104
231303898 438718767
724153647 956687154
360176943 727168722
834590947 855081242
620709849 688670073
563104243 613380150
367157091 401050989
620329669 757942199
446015653 903524913
390524744 417504067
97050303 641409767
919797079 950270522
929486851 937279429
745193580 761454005
572549042 921364548
651672188 978312617
483802671 838288063
719566591 814099431
595889146 688082588
698192998 961237432
435590392 589892591
633674310 842854650
650514564 759821645
583430287 853391251
827100443 866687850
817199225 930354023
471481927 752407911
308881561 875289427
64808969 659345175
701388798 885714986
256572142 983839540
642532814 690005761
73930645 600118608
367656096 560877334
969601025 979474341
486301124 668566184
837134145 940697145
967091905 997223973
139501221 160361676
350902658 878742628
164475639 623542356
404360823 744907791
6757074 963126920
463988636 523295022
727537186 888245763
852202631 880555280
995720539 999563203
843598164 863389589
603327162 913844030
638908950 858151698
223646298 532879850
418031580 657687631
998780100 998936364
205399385 858978247
207344994 815783249
450860359 480942699
19909355 814117548
586346677 709643454
378297867 769539290
267659816 300869492
719995141 985603330
611532900 815833377
423841599 507523083
564340311 869787617
10028390 144755926
171594085 251331356
578345348 874720958
31161393 698970603
625769859 678255344
499123619 800318550
27065328 32636030
226214527 374208919
262398061 807731261
378984986 902822457
942590322 990419964
505920001 671009473
239349543 380247288
951498433 955781518
373345425 669106910
737316768 743760440
133817752 184099802
87073538 850266276
723966069 733502243
850425942 929937357
409833152 689603030
793386956 852799215
165692593 924747746
167750653 789670558
483959587 917720902
943081539 972307036
805222168 861339213
588604771 661625052
854006938 938514914
740439666 893920754
695462059 708252482
458796213 663314248
623698419 648089831
524313343 947182259
641588713 699942357
986351873 994283627
545832594 882732135
553713616 760510019
859376521 938345589
203595351 913048686
752591313 992182331
478052157 868925822
960897761 997270224
72886255 543231440
634363856 941560059
712130126 887596097
779585182 845414580
954216787 956088494
593767276 906505311
756691756 938245828
20236792 396876939
117204775 691770115
271948306 523578629
921142789 985171936
347499630 923429661
83997150 757723496
30970092 779431374
331430877 737597151
958311771 974547811
83104532 457715341
439599192 559179403
717353477 929928761
94928884 671030064
518608911 979115948
84441583 617773628
343822961 644344416
627037175 679192466
95364639 393894698
29993673 945741099
247367159 659724157
37303246 556352277
266232885 755963529
537666047 618156903
883771515 928968766
435024028 658822194
701263573 815199247
290631270 677223763
536891752 774887660
164158842 416680933
139971111 873729231
972633412 986035354
460970389 613206576
553132521 915144102
818132902 931453640
219642586 298154452
531900925 842767322
347423535 399969785
310639406 985766403
567100396 805111172
284101618 859708543
252669776 992766502
935086460 953585342
510841510 616104982
342183703 661814405
666830511 866567001
22527473 86671353
369998679 424083526
261058775 555294485
242855669 997521713
180588125 907533731
486650726 968554212
686963832 869947368
89423279 844226492
489229279 836478749
90351429 796105770
602755889 863690271
751581025 795589862
664715205 994079263
58147226 540014851
65544458 580305486
411359774 986994126
461048350 795715422
192927458 317919575
642214349 723790095
591449686 668418945
804247117 886985131
553664820 864168107
389223328 977784853
89006856 782628774
245482239 681795092
624394942 908369310
693878509 926870827
223552685 281341130
133054132 469818335
375179801 443293704
7534262 147661889
159907870 242993016
868637439 919209818
784882819 867743608
90496243 148856675
914005392 921597683
565226818 566378897
995843361 999750924
754270990 866126968
360395025 866620726
263359467 846489249
486383005 646289457
949654663 996727684
349562548 354953520
722883876 829320138
740729536 945161152
931706221 953136713
558149111 739548745
63310505 925917428
462854953 676742872
815563310 830312422
177183746 289237095
412802526 645281218
934250738 996829764
670549059 816711608
602679879 763268483
869377439 981111967
562167458 949681420
25624057 150999348
889102879 905539568
14494357 971386774
181820500 469326784
161668198 584868769
371773221 542316507
480357098 584055638
285643387 654609882
321970283 494705993
97816639 938619000
166828777 273444771
225227219 951700218
184046789 560003457
747527 714665353
975458507 985045652
836058229 899917109
480322516 710328653
11937789 781451225
78884421 229655788
827897511 936998512
370119404 634572834
101659908 550687534
588836266 764302406
110747228 741626204
352599051 353144779
1314295 610455440
675636375 694023933
201991390 576825389
820475396 946611205
467594998 666995627
258632146 744435886
159400883 462083050
900501825 995620833
923937145 999662381
507666963 903671745
694637570 852027756
308831055 410322680
640453885 706172341
348218566 581891578
220121267 832452094
464167624 564364569
535552096 704531646
711856325 924029854
306422476 351664914
179385098 180613145
926736423 996532788
24805835 988783980
50612965 858098305
681453669 787593638
688729871 906966004
839031388 936914941
28515154 670556609
136643437 158365769
713569288 971323427
140803267 237237036
74006237 563963219
235261184 685277453
411500533 785825939
75839878 286349884
20504798 35121218
382744123 600753700
30664052 425400189
874510560 977377253
987858669 997294834
606352366 782783092
832336654 961383104
404672337 523590993
351779270 601915374
507231212 598636683
876077566 976029742
99664559 732894423
957566579 958616362
56810571 551715609
603843868 858236255
253941595 863162338
476305845 516859978
60779611 212105388
813850539 854256265
360538789 713111562
107979353 594983690
645268755 874349768
916341152 945627651
926234189 939541443
316945403 737968643
388577149 779349915
429193444 879300425
372455945 859672250
304533250 761855066
492065529 873286155
191940566 618362688
391535393 936357666
427479148 615306519
576769458 691483725
168238304 815415968
812636519 992731160
454159779 581322766
309502975 409351698
248603 293110945
886700939 944918037
696788371 884788791
8662877 695052074
604449201 646134066
91459856 632536782
136286572 973732949
998061341 999650696
671493757 849170011
568681088 912383190
21524986 404667481
114383826 549278667
333474900 352456303
256287270 312764039
625233695 900633202
392998455 861500717
141378461 662608902
440550740 946339783
826307779 988840339
903803850 905501656
280713846 437933230
94125479 984597727
336802270 479237103
913987933 932137653
576922383 592834351
815225380 891936403
400516172 520109757
328959968 823805850
370713912 682638852
78733144 861684627
114189497 894173067
537243052 663533407
102821933 826707356
122685952 361948850
62086466 747897297
111714931 820893138
308724416 623201892
359820394 584125096
559445688 995153784
148648486 325406797
852118012 972559693
589536576 933543659
405101734 868098876
360063988 779052826
984914862 996197867
696760533 975819490
95313945 111956101
333444710 362966878
288126930 541256796
766507257 826165517
219589169 324032655
163108085 440791630
962740483 992714493
879015911 911086094
271950041 444085654
362294002 622025236
779465026 978120329
956852119 965016902
83736585 378382612
300628177 858023603
390312842 937808189
549159214 854948578
182720326 878784804
365281765 565777464
912859802 977497239
946580246 961125003
574001916 728660105
109854783 481027032
905347817 962655864
759637643 761722298
159970274 194423948
927578506 995982707
716377889 760187119
339391159 616257186
482517636 983837477
65994709 120603750
108453816 130726166
631781386 960023771
840090674 995045374
631320672 712060247
679411620 780420921
412847541 533348962
965352641 991981999
798172073 940883007
97477445 440543936
751762800 972957310
414397731 689161218
654377490 674134338
968892737 970974226
110838001 485466853
305080508 904207550
138038472 711809045
106905583 934793072
38778801 192422978
332732658 703232711
156618853 292216213
756875420 862818728
271167900 703833956
336060572 605800845
521096628 979493527
564755705 660414882
569562815 951931341
770529732 807877878
808995607 834900022
595867761 923807118
636882456 792053114
114677700 270290931
631741879 783281737
948929117 959352067
978142942 984282319
5736742 328901293
88840098 497149999
301859786 540396532
460622295 681866685
161006069 552827286
154233743 278219762
342021738 968921937
414844735 706617049
199352936 528513546
216392069 689450965
590351558 611771789
26718953 946939408
637253524 961431716
400188521 680121699
15272511 608674584
2416095 640964811
383812044 982177263
707659347 877088749
749584280 808601247
767056098 885822771
395265344 477897093
347068680 364420844
312010346 862791312
766082807 794503393
515993812 985703493
113341971 206219117
409633275 993154416
127933617 742499048
100049477 924855878
406373418 871160280
262452776 814496636
80029695 860555522
842415175 889424943
455158602 958664275
85780616 675747049
196525520 246918290
820101714 840576279
599864109 814594443
603124514 835608880
617423910 990140279
981664731 994657810
538901367 552025968
454275533 855883316
538507968 986665946
459982894 513404051
116748497 628364123
713080401 822319639
334294804 843533150
168890025 822042348
583052019 784683283
279109942 626487953
78680442 574288421
120116915 974801918
712060872 879607580
254880562 401558923
662169687 864483900
308840158 807396082
254512944 523462555
350154267 744072446
113127242 378586588
762045167 937327620
249917193 715581305
205003456 835504303
126353430 675957564
231985223 241928194
148558609 875809968
748405155 878337307
232877087 804757511
102392507 259763010
955284908 979431707
835101802 946936485
13390374 392961201
897816022 986307134
739358149 827100831
918033660 928488691
694465653 931800175
79419566 942656796
519263935 835640355
635791286 716926348
993213690 997215236
625375658 633808334
958239349 979867430
921827343 984267680
567162422 801206469
828438012 909958441
540742371 880072583
67383417 453799590
713572457 882329376
41474783 207481651
984039243 992562884
997262160 998339342
971222073 996865386
243668160 908729496
969206011 978819019
600350932 755431424
399676870 772224024
65806036 830512439
436284104 609606797
830874924 847588708
417420752 756286224
730053668 886942059
151136802 694693931
620740897 935836663
263335324 302576944
115151836 291403873
121025892 192078826
202631452 965871669
986802919 989504663
549674100 843565698
841553198 881353757
356593632 585324622
661280304 965906112
270761940 757068616
59928837 912610015
151498207 882039887
404429953 706493120
533283940 682906748
233252935 642044716
883703273 952949243
256577468 350999779
534832715 549402176
938688389 942328617
733919543 995858978
851207967 934713193
81187544 876050757
482227614 800823931
422355032 975259170
766816655 861030010
216966332 593161353
623986092 814406283
741939407 861304344
877520534 910972453
754078026 826295981
769767790 919892892
276663836 763444017
640194113 761481415
52248282 636573395
477288556 853182223
328409974 503224384
880989225 927292864
305086881 766171547
268497100 750384111
154743841 415351390
345515259 523825337
520441696 665354470
892428512 983249028
451651510 937027064
40262425 591808205
392046847 636233350
190667787 973432884
487282357 492045407
492881361 611842597
161786701 845093820
189420768 351582761
878641201 902238762
477603879 691968841
502729010 995148135
499068166 630679373
518490029 589797502
852131335 878337297
258019542 415302970
995128199 996275869
359138338 531602116
91503240 110914790
274716704 859521506
416305116 899821171
192087352 520955249
675851113 991821433
268262569 656258388
907810786 983669549
274092372 895242124
435213131 722287460
377208682 619992550
689401061 864046299
235410690 798922301
508924120 875716492
605797771 988418364
240674834 841805450
883694271 970858089
511207209 995446214
321258145 641054158
369834924 975034942
502331792 582193943
82551144 677612492
890151323 974219246
490269971 995752309
782081494 823487651
881930432 910768839
465483068 919948677
877732255 918297005
407497150 814927622
668332864 681328400
612680118 738660100
745362556 977293124
349757329 383069796
866763297 987276814
742810511 952625326
245251274 618675031
771211851 940833818
788325369 955818811
952395325 988038372
608448416 694331536
739617014 902135179
601169564 941012305
346917095 606011860
232064106 641902004
798372242 886947963
356833921 514449759
329307502 491675828
436762435 734298558
852364651 902506087
802438099 873502183
480919794 949471999
245709378 970235347
72516187 847764117
206779876 328656593
885472975 910203150
738612952 875504279
240636015 539165889
337008652 367712022
812928208 905613742
521864532 723722061
491498600 970829020
76710064 763530018
592328367 602793645
853785111 982869666
737371292 947067873
715084370 924754189
800020822 888062037
952351664 993864894
132428193 224344874
122655263 485916206
723477041 901924517
434788529 496006641
935123196 977546905
910798502 999421823
27980049 143642503
43026434 862474880
99637168 551471613
66875771 223322002
649464131 722257365
864197088 988500909
32340010 787648003
997070525 999305801
928554982 998613065
316314732 896137045
981766617 988266892
591534513 609731260
818879975 998445244
824101144 968263269
460647357 830419819
861202924 878427530
158813530 469879529
282221211 920085854
101484301 558727963
13533881 678194760
351218415 501436829
323615005 442767892
773620837 963496808
343121633 780627578
514019435 905929537
93173963 100899441
196004511 961012676
265664239 848725710
932124198 991794394
440746002 849154129
916447420 939233693
26661726 844089727
709118088 824867226
642263012 973798574
683142036 839934969
848691386 887991379
703095989 807894576
813234883 894738491
862485216 936507654
106436501 796831527
425512115 699165312
611946765 852250496
684437289 907277180
682869436 730922177
695443127 985011825
365288080 566359772
780200514 963429870
696378161 769753915
364673801 564780598
56692512 236322441
192152533 593293539
269536271 934717401
776249807 917336067
716966899 831430126
491882418 555298983
258214131 791165741
562829758 710932355
663627671 808289361
598753098 886167302
836661516 997367373
994046850 995000563
149568495 231193846
418851734 690881785
918409768 949259858
497037012 685146628
745309891 915874654
385508484 478191606
205614549 429379354
879476459 984860937
906853058 924665144
391509635 618112799
221752406 615145226
137147625 423997936
801810638 909958637
47283999 250103961
389614885 678224598
424219373 562575924
660932072 755500855
673760795 825986694
610094958 826372709
58690695 691364994
904837616 989873683
327751746 412598520
584641855 590771648
347321818 618488832
802635563 811298167
462508811 738779458
770017574 943372475
307109119 861993891
768330796 821972597
405825658 730956238
391110126 582378219
415420457 501963483
803833474 851331349
462862814 962710035
520664799 562200503
958091269 964427847
739986881 863158105
711885041 922425830
169163005 880515604
82591425 535465440
707785630 812946191
489374783 958828017
56259571 227282002
237298418 357658088
479055064 742360403
481138858 668672074
777555884 895004496
256015090 949847990
180271439 581589060
48641151 377913394
295067676 835569912
265895368 647573781
793858712 959050110
604487681 818561624
256846115 842610205
965596772 983511303
85590577 975863804
970120929 980596251
213849672 850496482
88387093 192460962
615929391 619390457
718084553 992049879
123168744 663769010
493186756 647324494
359622797 530098735
701875778 998029690
412349397 848704630
360821880 672949671
825633159 852765344
767949241 892282865
230409396 940098944
103911072 775275957
508705676 666046730
757615711 869669222
787261809 983151491
743514842 821057509
941738875 963449968
672663453 885737878
730479271 742313734
668129469 891029010
422555308 425771533
600648057 858502760
871101503 880262052
756213216 963335289
162850721 814828798
828913219 920339651
814433094 920744698
793493287 966075781
105416500 615141112
165518093 534954914
910269409 965659810
139488882 964473223
823734644 917316010
266672609 425329724
20371694 730603365
26094612 864994699
793103020 872616792
836270858 959428651
373558421 802816942
988691316 997233643
210793470 645659107
576342037 765731269
863741475 924512069
89953590 955402310
493243814 620276489
368795210 935668399
426348229 722719250
703750583 717908419
81132179 658442059
629593069 773130108
138292509 907109264
651240066 741956947
36519475 142184717
141521472 520202364
287122020 688343980
136874968 514200220
865054918 908684453
913327685 931691740
325533740 535999941
327442544 737836441
293985614 762734003
25541610 155461801
507040726 685795999
723953514 868228842
474769346 913942629
7285137 655879724
338327543 544628120
354502702 742317757
163828982 168590383
506127314 963723500
358541029 371534210
158890580 896381465
863051222 899587680
875521867 993124187
781877974 869138359
185306039 990867385
222990588 467248736
655735043 849414913
711720592 793723019
433351002 529772485
283020477 878102246
994509496 997659196
897153375 993709045
492551154 564456709
280540906 509647297
332762263 440932119
843064105 877451494
213511720 524345314
874659255 900735832
526139199 685031664
252669644 269211790
609438693 630107352
397877686 436304971
41793112 318905806
913304022 927998707
132772183 769057411
692725791 843955655
742565920 847702915
177760896 376712424
152235285 862412558
953226648 978442091
339099199 680140148
807484032 878734583
514668942 914071965
896374340 897780070
882924336 896324958
111043929 343924107
172960251 565527988
286065815 409045854
12075996 160633664
801749951 831900650
5519288 211101189
847270014 922441577
26740679 276962769
515615238 779804494
25080128 411226106
433725713 859721622
83272788 703111421
42641550 221251468
754705203 784213036
850729393 911445530
321820336 669884437
66445994 800063793
331828753 906464107
883919997 888607854
737584103 957519216
530121063 675281747
158744246 891022531
592589755 782710001
998071930 999938875
658807661 836915808
163038181 451921070
765619192 768670425
232921185 685307136
620284824 987407231
966422883 994801515
863379094 928060843
245794477 425944904
910847103 986883701
638536941 710308586
567382128 974207428
666595362 795109285
119819102 214736362
983032119 984603468
750692072 919180207
54681137 659569436
227522655 278172283
311345973 747648647
319169422 572423430
170584034 471502022
694120598 823295288
512452601 520254798
526935783 750253575
365326711 494875898
663301058 740870547
302359811 975057091
751768532 968995296
408157189 960589103
196029574 268219702
793193819 883018006
835865521 896780270
711670630 828760360
245830718 509761606
637081557 745382058
949479930 960925755
815460990 895078773
124823824 275988463
993566278 995537293
454460090 724067819
945871395 966155070
641226225 687922236
651927607 794502739
275343918 528886338
798299241 919661808
170020973 184846285
257551022 860966114
330134692 664834305
751338776 889848382
412248418 693131126
791188007 932854126
312370299 856374631
300694197 832301727
727568739 898213277
433942214 954400050
431533872 843938550
704628190 873245869
656694820 969529662
928562876 958600740
981086318 987285426
98393651 222292136
112049948 405607829
324578691 883229548
579521966 777428545
441623198 484541885
674061638 863248662
428087717 656174427
333272777 886233086
285614111 916169048
824048071 898902107
94427867 243332657
294267129 787172239
306404239 440909312
502946173 660596787
912129352 968476830
135765119 154592956
255811161 803945353
501553894 751032998
420346688 885857953
108944660 725137760
105461952 431745638
533116565 586193790
832672086 876997322
155760070 198390674
939245044 964305914
692668520 960618075
691986858 724503892
141755424 325662841
652772274 954772480
79381138 685806602
475669379 929367608
307379067 393413696
698387688 866099711
900160208 946148232
668119689 957304132
134447319 949482235
798392339 939897560
433410276 746361928
393275788 704364132
694929887 959201249
579877910 729007831
645191538 927060569
263754264 749692639
182616638 201423340
314411790 963589338
210219805 787534449
781563359 896320774
540825534 632931243
42768265 903835514
206432400 612315881
3651590 973261543
446268467 604645790
42975303 872527756
737585475 827399966
857933452 973449101
14942976 170646698
285028556 387092279
190192531 270528227
465081008 767027465
597897945 914106621
303732404 342175765
802989554 833258990
456518953 615501572
369140914 974408860
220816699 374889061
406995608 503204363
958114828 982930942
56699717 88971799
226197642 288767399
362929594 740655768
756469473 912828422
695928971 900930819
919914308 977070426
315155666 663899386
679078860 827017130
946125660 966837783
251048032 991739772
204223565 335514651
833319696 854037264
965807778 971852417
974034276 985606021
196349446 342086258
906665342 997540712
270217067 872980223
750163496 832462541
831354841 980070886
391323300 439654584
208795142 650648394
912868406 996108509
973789167 980323754
91337814 729776104
313438553 991070266
126509235 592596972
332874204 417052516
997397222 999276000
696534648 949467598
366668810 543330354
286219666 713453112
620499038 831448439
551457377 561267002
661673679 922839543
649408873 975818550
504451298 753744402
304045494 994340939
284103352 988404414
49460446 361546638
124454061 854134326
149675106 643260197
126283864 404392496
806950722 866327413
192451484 368627854
714317302 991685528
121458287 778520442
641511975 803661779
402811995 624770763
964965954 966786150
499296965 644081239
266984853 399909419
53320857 699773133
829317533 851451992
814598342 907595858
768091590 950795385
462778720 785251747
887846373 901623446
976485903 993247756
449487260 988816303
131242547 855442751
682115907 873366177
182421418 840791895
481314668 861291465
288487288 344477821
400744020 404672607
365015545 763796728
102488802 434514511
573823008 802394156
78948291 529370301
959307976 971580915
406686117 812590769
228123764 441264886
815046849 885137859
127378133 823943107
843860196 941665879
223645308 269773962
607298457 612762906
614916088 791384168
539438404 637565900
313694256 618920741
578266652 967763353
374987704 848972810
518006953 620882569
380704104 710164274
716563479 869586188
496573521 760123786
864121653 955691491
994086848 997082489
31848302 748416409
335944136 612779108
419465314 697490958
258917304 284821147
130539985 991356342
405879884 866410846
250807 26738464
914312440 967800117
811324310 812171153
626581820 729492882
601736991 803463514
416871809 887453429
198179323 256472950
480760917 686451491
256576674 909122447
363015696 744257511
358002124 572299772
217977681 509049775
555275473 725978974
722522503 803936346
907336080 933189359
36624611 565025660
597728531 793408820
901265745 920779085
968813826 987871922
932893994 985348131
347384718 380737873
97860124 823143084
409125266 431146816
591681990 929774036
17380140 745266767
743185410 768914534
233949672 973584391
341425627 416466603
719568709 857452060
12605313 928915763
943015126 953247448
166576256 496427168
651980374 819671413
111324803 785067282
756932103 830972956
380961655 800317824
60641125 189729187
378550125 703457301
115707573 336689670
996757060 999253456
82659999 767338827
989945782 990472695
473384432 799672944
412825304 745750623
382111712 589974050
580856758 710304641
435146590 565121251
83549680 507317536
144338004 658778749
343876445 346742975
532453841 968300239
580365634 996330121
804036871 917476714
827211299 856957764
684125850 793874742
838635856 989892960
343642612 725477886
987339635 997865502
989358502 996927447
253420182 892767603
6026147 555632106
173000932 651038203
430813399 554975192
292253343 652639682
637790802 671211351
777150996 804176604
978138909 978356817
675634540 967515022
200845181 553655506
303706186 402783705
993246839 997005509
107036215 946188109
61020617 451686455
115735809 838451847
504825001 514124059
44244931 913633889
174638908 643316250
301542618 621789578
337082457 933001797
626147731 836553335
259170509 497873576
721117071 834861446
581181775 826079550
860866742 866507516
362583369 403039204
833627235 925104815
958125849 999779839
910214647 970042995
939403000 968947548
567954644 794507926
497963737 689697944
259156396 543959250
961933524 995102074
668625730 995565460
105210756 779554820
7778423 626120564
161342513 811471257
837258330 949744451
722453976 880941814
195841376 962474791
657042460 901168511
747413338 888803662
16194261 743579019
502494412 903414534
458504688 763013678
898147221 906778930
637337186 700659607
737852182 748429615
356313315 969081133
406353204 949309039
553200484 860552323
660437906 665932019
20867449 663758866
862545242 976858875
938664623 943465587
840987231 983199766
214504858 919546412
604526723 981943695
752464172 872469952
342125374 481780507
604798147 691794781
359228217 766090443
758936616 826604706
23211513 152362034
601834865 891099880
801643354 825460533
780813237 915447989
999876746 999888482
590127156 869913524
27727614 651847481
151515371 273672602
2556994 689577199
186339912 669546712
490224924 694928737
145911857 381037488
472314604 584819255
124987961 825652878
257822989 367048226
392278260 842178636
160255611 541894347
276701045 398884992
234242868 964908578
168355439 311934133
971176131 985392041
475855175 820410461
125974868 833674789
159803312 961371969
509923408 718529351
442278482 962534405
371085701 551666046
765133442 899627672
74179932 784043191
390432023 633079693
554049293 781242973
643296975 866115870
341796032 554773474
250409224 372288876
891667919 954114703
279575991 333791553
273696499 518639723
91618683 805335615
413981587 500571266
766202650 784333695
284729290 369050131
674445787 891928919
551561147 707100527
923496775 926988092
461643920 549396317
632002024 907127881
625198610 649225048
430550177 666667580
457826623 857927827
448937246 700153737
622154684 959760219
97449812 290283975
546407769 717214985
611881231 811455572
163554990 675763174
442741427 564502352
805897560 885472427
90340871 695745007
523602665 588810363
576807678 629846042
546071715 735542054
780788100 822564107
689487761 871110554
925623016 960174235
182862964 490826742
486329039 746141657
154233495 396199261
198458590 407186712
566248811 735555719
729961759 929353611
823760779 881719989
576287453 996237067
731479466 818936708
140391549 531450748
317591990 787906233
986292583 999685058
359313696 883178452
850400553 918996781
102781900 840737744
533636329 969490674
123976644 904335069
116947754 938983039
446722135 478922854
183630020 575026561
794955040 836145685
110607377 708217278
979718180 984271969
552053801 816929517
575804937 864686818
519876018 690248380
921846865 986975681
845735148 900648099
669215212 907899185
263730171 396431186
915959780 929364059
703263933 752986643
909017943 949939448
77670022 785519918
668456841 899540282
257317380 731480754
408862961 661326025
743905814 913219165
550236071 904791860
385175205 664028819
718605148 943227641
84088547 894703047
688952783 902474952
151088351 303247612
48535798 593538285
336514030 630192338
788298285 807680262
301996497 618341156
648649419 932340092
298326708 821668152
879452256 910500893
565610277 983987564
897963826 949430507
778411231 824753782
940248211 942397773
398548735 779927940
26719545 686696333
600752062 993000003
446213265 945755234
123749527 407868961
493802518 517584662
684937201 901842405
251785793 767179978
527430788 692975216
500489062 700593088
642613199 689944270
588034041 662613618
328599545 939845145
413524095 806178288
30510341 359480091
586859094 697895093
154891960 358103617
283207374 437557940
289893110 647777655
119272821 727191329
629979029 799994293
729560647 932651842
652555276 787632131
163194861 347718827
170007680 384591380
847396127 898150084
689514782 844118581
400191380 673659333
210895433 550427716
192359972 468965418
527972098 987598526
946559895 971893187
761575082 992584988
624969600 903674149
533852979 762428174
184516408 227928889
722661915 822818634
82880426 248147676
673648071 835809037
500428564 855546867
248053243 378247912
109649828 411300381
775043810 785127610
670351973 821776547
261031146 852261934
274978095 608969177
600409353 740084046
652928113 677492013
359918837 739747530
303386779 627220237
530340365 837166609
472157546 777184109
133793160 658000100
458016094 715965802
650878840 661808782
777354439 865798142
649712182 710686775
276630336 380512495
443271672 847157338
122021401 778201263
123872001 887287242
156552768 940831173
958642548 997080195
124471447 743293793
721442905 842884516
361165567 535502731
777077077 828046596
254226796 564474865
363559210 695085971
85100487 613940518
618099201 664004888
506556567 795995859
418585495 831945918
663056831 869808403
900046593 959977751
145559028 740440022
614379387 913597818
888274442 991232556
93730830 719028840
433572948 530941938
556529472 960588651
812077974 822181988
48413487 275783325
975683036 998450335
222986413 523841461
887178592 953737716
187141083 994589879
97351525 378622569
998328309 999540820
792843004 926716404
28962378 193512656
253417292 548680186
802552432 986090564
111358389 686275320
716652986 847975965
775773850 830492974
75203729 187189301
396276867 552892966
101483581 797778457
307951460 464880851
379751980 573165823
281876516 748418146
693874659 698200827
23176513 870753954
492408028 986632804
683231936 933481993
888063230 927283918
444651572 633703654
784975858 921387344
960040170 982284911
274266702 811439193
570957027 840670858
659238339 900067306
859475680 985821434
913463316 972744157
64641570 548531017
746257406 903571191
341136535 959196004
194995771 450511401
528270716 976153234
865953989 927237512
16800337 203330797
707960370 815342864
866121173 888503860
220343982 995353709
438741328 603202332
593455039 632669256
72178579 328302379
697947334 780129594
77469691 128357579
241972207 524521167
572905638 573739890
508755598 541274236
343120898 649214436
73807128 769836274
610179840 970917556
484175992 525543424
58550744 393996141
623343861 975607886
409576666 455661271
433922115 656645467
239307493 913941520
885651903 985830154
121127140 729930481
278719136 962312479
853986294 861061425
299146151 623527051
520046623 886168968
18959444 522672670
63057262 967702941
491395067 501255981
316155147 396831314
802637932 937522445
682020445 695436863
382499731 413553134
918383693 941065374
679106601 879105216
198124783 418169489
174474040 433263802
379997080 828216223
628775310 694650945
519306527 632158557
909042706 998802729
226812158 977939545
430455247 784556146
973198685 979738235
998843018 999813831
697565159 745290185
666090499 786639014
652822691 667729943
452180137 551905251
171908182 986169239
475822659 708880378
317730312 480871208
339556849 897751737
196032325 732872042
710235508 788845294
432549621 498235157
480514840 968806540
355756777 918926944
249300453 879624338
606406197 901727673
529422342 937901667
912475049 954717031
395822118 974541225
643690013 667620151
526551130 947972946
638614328 912368726
823892771 864010537
990603171 992418593
783120269 866422892
65223349 630502322
748854395 802073264
154901163 849968352
567325924 970729405
522532607 548042246
840432643 936784554
539013274 896334944
90280241 396988646
454895451 995413278
600089845 628215702
696854633 844250014
642619657 863271327
582861923 745538983
998184467 998426437
816113552 858237030
199903334 743617017
701226168 825026290
71132847 863650878
662851228 765687235
830357419 888127295
31786726 965072812
964213330 988799891
14255642 103277114
840365559 914299842
698311513 980873575
424172220 628543633
750116336 980107929
747501403 796360188
830825125 990528053
976101266 982027482
136717904 728363737
600958767 826052709
173464517 455966862
700294035 818730385
13059281 440998758
807480637 896294452
905832223 924072642
249371571 595186344
546780172 689878471
694353437 931886328
135322542 766834167
939098300 983654947
73912564 392767899
251604316 915137266
362945004 517488636
614922102 668093067
737020604 874584210
840103395 871781875
442219581 771096381
520422281 572298533
320817994 857659548
580455389 708513574
197027891 534459209
562307127 865328701
952164649 983364764
382500777 927528487
537370807 562113252
614120883 917968053
24162484 129587491
52569446 618683438
334246817 738181440
29022970 612821427
762908021 954373041
869423473 930043715
732491420 882844441
319024441 581931786
873764729 936843987
492011413 495705809
58451612 913686614
335806895 986686276
967615885 997299102
262551126 483322146
840677736 932970479
724771033 902205901
90019968 335000114
787811649 995316938
446733319 833528681
864193368 879793800
644228786 770773572
85340574 101505833
110723125 210160653
160906946 751728743
885770348 954869564
494955519 611642724
901345293 912754765
274883116 756163781
792761199 999679917
296066712 502340268
865193415 974024582
792331045 817204810
411156235 496382001
278370206 850006079
217535461 534794456
281668083 779745642
450132378 610228525
257576139 316823363
222300009 843622795
313339576 960640153
385161921 782575195
724713724 952837947
566097965 970427347
877560398 927709739
307439161 376215298
169029687 655054612
318730473 916572347
897654994 916206524
449375378 531097618
975889409 985818130
149504866 869487679
726701012 956691177
56666330 466287670
270919632 587618371
386171789 617048991
595906335 722354750
991936678 993760147
825601118 857679303
208772011 337519245
101570685 749679261
592194752 704994557
126104654 869642439
915029038 962860655
958718797 980071101
156696729 863172234
74147186 262777619
990713226 991178943
151898032 809203490
679343151 763357007
158505099 422036014
412880360 949283956
415489814 790055709
845244365 954009039
620931405 709391928
313835550 753870696
335571851 905283470
370040298 838392142
920042986 921889627
637483702 740356729
716525817 760785280
571258137 766197951
230066936 499669245
736386506 801329569
912887547 917351143
340786105 799560900
391014222 696309202
960170185 996174274
830612498 964322035
816063696 877924121
857963243 924900440
153875102 631535076
125570916 443187497
505838807 960699273
753418027 825430696
85327271 573898693
712028184 845772829
127843967 900986080
933717380 955167276
763714443 854555794
266732725 592443605
871145115 993802389
532232200 591218451
785026250 902313482
744286314 950537313
302652394 530256182
393439122 561110059
726584130 854713414
115379975 837328251
717997466 857906836
503806508 717673745
497015336 531122409
672510253 873575849
197223340 896879650
679331317 982261529
181110752 966555289
170227018 391236998
270123783 674793670
27949727 861295070
20745373 996333181
949323322 960162894
305209882 930901493
210126987 842234700
246566749 899750559
190939556 942846946
214790917 779591940
374263853 875847038
427251940 869604335
116057850 454874084
950088354 967632852
731822868 894736494
589340338 879830260
222666879 894390341
741386701 829053353
313233268 422084816
85165501 769843715
793696451 965132467
277083605 498484893
770828511 873271246
247339280 483984637
724965909 796796465
150990455 381676263
354534815 403779415
227439532 437722119
846696133 874956798
895496797 975825384
307664108 875752116
654780217 788541288
127321910 714110798
203058208 978794897
837231997 884020649
834744432 973396829
171096163 649855638
720389292 948665046
705866080 917466946
493453726 938846583
669323939 686159388
565582809 998349874
93745930 945927766
778512560 899288242
560488116 805699280
937234038 942222009
668416983 921620582
495693282 960918360
184940836 291926665
123584683 403509129
243129955 578614162
766033409 820473264
890674097 920447141
358724750 603782019
795421807 870139040
382238974 870985871
396547506 548680026
523780452 805777974
26720739 495862390
646025704 950468729
745667622 957243145
513847904 860076078
894982353 913293986
277757035 398584670
999983193 999994408
358274606 651499617
407349717 811746129
609176365 621618700
176442194 622120625
442719321 595255348
290458832 344553184
413594071 606066301
469375849 972917290
894848831 951459350
463863496 604785211
812291008 900449354
522482313 848421741
849634548 938474189
302882260 931148237
42509212 615510644
397617790 594684142
888818131 929047991
188700361 693071562
937103548 941556844
716105632 730161514
366647229 438144482
301950292 407396664
178446035 347359568
28640182 464177289
865427373 951876133
430215073 924916825
700775620 979171432
940561382 961393537
667422655 952499523
952942152 985606255
397133917 619268002
558093304 598397053
114192914 701383383
775254141 865460281
823616022 890784249
285617216 992138937
531483449 571705513
853168173 883183965
907687666 923478648
741421889 775053935
240746351 742032411
417391602 912378179
853302076 966294854
101994287 473090074
584180904 996408798
561858720 686847583
461223362 690389999
146394744 781240072
36144104 218670114
233956061 329090281
261674266 614344302
328539132 794676197
798520011 835733392
608690473 804605301
25734962 637560959
527324621 700217774
562599266 754608540
897994076 916418142
49567100 537340854
187785495 909029680
270907612 503229483
746834210 761817498
880475763 917292352
189708799 782140519
766278537 957889435
483749246 877021693
440727051 660616197
393143031 883239479
272812657 577085848
879265434 982051170
13846168 966886669
156696297 187377961
70729142 116483445
502844758 584509212
162664676 952293316
115203699 713194766
294489251 573139525
174933309 211939984
355124915 419925350
822967756 952580791
36292155 734067598
257473137 916829976
613549071 979244129
325765109 702767616
546172542 950914892
92799415 345364228
487627679 497195588
691400109 975271327
269069988 334188009
580298655 999568429
763081098 916523315
378234546 821013345
55504106 484699815
664711918 815059701
781975465 788072949
93198415 107020249
464074955 628635851
579189489 708441596
496177579 636157234
658514091 707888181
439265716 820888852
482368367 772238822
962762901 978532703
174140618 331007401
690593140 712544394
336705094 675239295
756444028 926162538
472483761 988467614
786558258 991609414
450806100 605941210
784945752 835880127
285028711 493173654
670281722 981245569
212140314 296594729
681867465 685044262
408304917 771862050
432400458 836383618
312595881 646791895
967504013 974612479
370960095 862174988
408240170 721695869
276835730 510931776
292311718 311682451
442195620 671339996
518865007 998822579
263521363 827060620
451823905 722165483
84853054 548922845
451267100 846918174
447946684 547748914
408760957 459557286
964771063 980691366
354119469 386548628
509437545 910125373
67571264 834183025
922055289 968797815
914164120 995853537
241405748 937809313
833358113 847214209
92249190 794199547
918607405 979929286
609159667 733950351
896250361 997646911
990778748 995388826
284274770 910633276
385268861 627307258
299549335 448571951
680664499 831241504
237222653 492628288
1891861 554776846
489360424 977776423
468734333 623156211
725298982 961647248
43749055 164629111
629589982 648464081
345599246 519967900
571261079 875497513
693728688 843955038
353680695 634083651
877793514 881087931
732675488 997844925
732543684 756782621
47794960 694496239
903688168 974124540
796105349 966886499
832011406 877780133
617563478 766684919
316401512 941799748
839743820 954364663
921469547 985275552
713543204 717925349
543747975 949188483
872282525 953814147
571694302 609277364
242139450 675943332
930213455 967283403
62443547 91711068
680833029 828664817
20630311 476536686
224986871 512998285
194168198 532141860
980492636 994516053
148819448 514102943
661355064 876200449
864050912 899353996
643393806 701367657
610764450 892386690
575922220 645625231
677866606 785600900
862911725 946464823
208729099 454028778
155024183 183312645
462811023 579540409
335569142 660991284
143576857 936544210
952270508 973628215
932761801 974313407
398322739 940804943
985201963 990838645
52687367 78617436
649686508 696896217
9295221 146114811
845280648 939103297
920631821 974301703
128392657 175668021
913866565 931079064
151334361 221634280
721748430 821894180
903458394 944291050
506906118 979780949
180545477 424170793
663611387 916899746
917006045 945244524
435057761 999442676
940501444 956648090
353797310 906879873
256535866 703320820
531617003 878149499
485452629 631625497
60679458 766994695
389878650 645364237
783066427 845779694
86193065 578244424
183053569 641219914
694887785 765202824
888382085 921816270
347303264 758521344
310619696 814977835
620314193 950696097
551418757 968471642
77635418 821277720
505749102 721328906
328192693 916444937
6049146 897933984
164964429 318249212
37956958 319213823
375223831 823029358
749495055 814119157
535027397 570500015
216395657 527416064
136559412 489104670
398064147 692321172
503035603 519521376
221531644 336776801
564250976 845248202
571003270 698682812
362766631 861770626
915218577 955709985
352788882 575525135
179903232 772048241
598465438 974394457
133373184 835657569
156749809 252654617
44695550 86216183
842178505 867251007
263953725 778339738
786018090 975301374
204349406 263154736
384036758 523335718
310779403 601555753
806887076 852508851
427393917 892120966
529946544 790613779
736105253 925839192
739045624 913568640
151377806 852021027
325911579 364796064
857082312 857203370
157338612 622632631
469525193 513622639
175903513 564776353
341609623 784962139
400689209 663528443
121766537 497464313
412336206 812906021
905519242 932286850
121805560 703374836
775264897 963629915
684397608 780012624
634946144 787417397
434148411 684658536
828228935 853088279
888866751 960987947
651839729 666239556
886607039 993267568
413621551 438183984
318631502 394888056
388047088 964558550
340937524 670667340
503469645 689218717
863871997 875236228
381460911 559132994
973371324 991653179
479452470 936644688
832573452 943377655
505607264 560861472
998616431 999657035
584776359 757109420
840855465 894221043
578928268 582279940
418937046 807499806
932103511 974286075
751362792 755319179
839679927 916797612
655048377 743486848
611227384 894052003
280312485 497793588
169902550 673621147
296463275 661124169
61751068 92210115
75449796 857837987
536930166 826867700
150042838 388969250
835309501 994603369
379087895 463205908
69750853 601564378
703769121 819359501
192784899 572829227
592072560 672077725
508521028 636407642
86552102 645809371
242969785 336833907
860259266 882052026
219388854 535263954
219038530 519132980
235637173 275374456
322454417 413616492
758502179 849534846
201332821 559936183
645076420 862763205
354699769 859611078
9236928 25819098
556126317 607178118
608187842 725248154
861127809 997282063
874761340 981348470
884779498 890171749
445511951 644560915
123016660 881714510
814251948 924972926
853955876 854988384
710462787 864130189
446589041 900089248
573161584 910603430
798228687 820979666
164795525 785002690
377551127 980573551
224450653 427454064
123435279 186098788
617998542 642632857
942777207 963653572
148035068 402087753
89078116 574418937
386189456 416872932
57683668 873336835
567746090 775708916
27723328 295694656
992026585 999559134
258080754 453294571
895230919 981728679
740780002 803202180
983149389 986092596
645502577 853115753
335015239 830377611
309900749 581962079
731259653 781185834
833062120 995923299
26662457 195831062
666146797 834630019
932833226 948022138
576308453 800448561
411457918 506248127
880596577 944072264
663411916 947597795
137980476 726991969
553753407 590180597
75781533 288823648
683181955 866489832
498338730 742245335
602466828 771811925
409617579 627948240
466897005 980395334
627220085 920608946
311428231 836931846
530123295 670811528
639054508 707103684
962801498 980264120
671325780 699526998
881369487 892780565
297024417 498953814
60358986 349266757
555245218 894841258
676814290 762839759
261146569 766905194
890945581 917000557
658348273 785694304
969957683 987243563
112662528 960461914
687046402 905636296
913937518 918089833
733638011 984865751
300171657 632316756
631387097 986565016
630520895 965544449
34316799 95714376
119031450 453835893
879822999 880646987
485858803 952097973
595100502 712801312
315479765 740919619
188713009 910301072
133141788 211764453
422766154 981692068
221021256 632064297
798970444 850768192
235553286 914155783
573764883 797816208
378508030 547594111
7671075 473830423
357631442 937160860
538410968 989894082
655891563 774787811
117144110 155821278
762973381 839634754
277236970 282859228
225509784 385838920
704399892 872101352
861604822 930353899
256003435 424659033
503590294 699226536
934140232 991612203
114036047 512208391
188590393 751256707
701735392 886450041
935290777 989867304
335328184 869929904
970023052 995169406
794134898 821811026
830634539 922419961
620519141 989605728
606268897 661938629
847366188 879508835
828226434 848130403
646520176 984805125
742437025 982992330
146298925 305679755
307346131 561738233
947540890 963294015
722646087 891698522
313483780 786265285
208983004 224253478
164039498 310466634
539808391 616321653
147870377 595023489
252547045 875929288
680814500 925771821
471902442 696399722
656801481 964925563
75589687 254390281
689614808 948049410
591466314 700654997
313065701 785857619
72263279 357324421
2934269 292849971
284926736 460725616
6292659 830131692
855266926 972663604
168223412 802254153
596795453 743685044
926373020 957962055
288102672 848627431
250303581 642134043
853079963 998290747
682716660 778163609
958351324 976496285
966188019 996306453
812341254 907626311
465352016 521890892
989936962 992703934
565141753 652178903
976030023 980759177
506526728 885556218
925515250 947971378
221534806 664136813
257397096 270144321
984597375 997302808
789284738 947742343
228122325 678723539
474539912 876808070
352467371 494485804
812675664 914522994
434358477 638587611
37475279 866855676
690439319 908424041
75234274 661433152
844003562 876183501
975721889 999206403
909633678 918419405
367176581 640646609
710157932 898885753
524054154 817136864
323787374 963074542
913966819 920510709
231902394 714335944
683532579 857508181
839183174 884440365
257875947 435037930
287840412 509062729
814571305 893985945
97335036 918646153
166704052 594457729
73266772 681848191
292122713 890582660
62432468 939567046
966047051 978275737
29018263 996586980
918979446 989135610
812718875 966154896
589457970 710690312
961932103 984797658
416158718 687147369
514932014 604739045
921116953 975949462
603755968 694830181
30308243 184988215
437465796 895327305
203865349 315703364
702214966 951913902
114655876 902686086
722295806 734852267
934654012 963034790
675266175 906286174
373950975 971459278
317351881 915167721
234624800 467197601
639764828 876993278
72077750 402863263
146849922 842652262
568503576 957745165
70897548 489282233
463793641 611535790
215859456 665473559
631636833 753038317
219940135 257080377
421443316 426499801
277401523 536187070
983096914 998659856
712057963 777054814
84646741 894152805
454755499 911694288
818699697 990305236
356288470 723854349
800826347 881140199
219917908 915522861
893437003 894240635
235594754 241284391
833558272 967729996
788133557 817310971
810950243 822249387
423664128 890935526
406289298 710212670
165612388 311818369
522510070 611181535
414756927 868504007
398455490 504383879
294278030 385155820
274681895 485509057
510735471 709540447
365410316 366101248
289268909 400842377
296968625 413437938
735767442 963454958
280416546 394622852
64871829 375119840
141636740 386962664
195442775 462311624
536716259 903665669
965514773 981907298
302912641 761800788
132084632 363344045
943720847 951901696
156759946 702241128
685816325 990035088
729094146 730298281
607361849 696121816
648873435 793837116
953265657 986128847
40237242 861793579
739611501 747175183
90414805 129812455
228014107 701585983
137312978 474196431
764099258 976689534
144883229 662554793
792819478 919429303
391116559 987851652
569049641 939902192
278885557 685999987
460460669 885184930
73723783 673857869
382410542 777507979
608000067 881327069
211003157 374438314
768306910 907758712
714237234 896815785
638361207 685081698
262110987 737685066
141258375 881401564
85120675 469215145
676831784 847523376
229399701 467008988
254391427 432146517
865610037 938658034
792718581 796232218
661381895 780729087
178415541 855705178
891554449 941384116
784167291 933094187
296290791 737403746
550636430 820626500
533283935 657628293
722295892 784577030
703037916 909498599
348341519 406948227
929281223 957372518
290466630 346124693
836519288 962491471
501043085 893745615
34125335 244136027
64810348 285229588
239274017 757414901
752592574 809788213
843104378 844933661
138060495 431604419
331520793 871727377
591837593 979883026
15272439 87784525
42841933 574984548
555971443 582605791
831447044 984162226
574688151 832140306
835542354 838833686
265464733 458041253
45600598 405906009
774871251 803660343
44227810 155685735
939680329 940716957
865377098 895500102
850370689 878946042
286109094 915520284
339257874 461403212
300270245 988639656
684956629 875995276
338585925 743890730
751967272 890616577
378250874 786344811
384973816 739748662
832828123 955999218
845132822 856623174
385705405 782924275
387656508 410623766
87162157 671379212
234602002 327368409
686677773 796356256
296207940 697039775
418340411 879208373
689991054 932576772
171351680 497069799
543896558 828693276
906818095 988128575
883767625 890570426
824862890 888278638
554269243 631963291
88134870 720607947
665138674 813257732
732986533 758651185
915954876 967081992
146785285 464274719
76878235 970363889
238842812 754259437
307484359 935080619
42221987 762005524
148647743 204897740
499671575 903875211
267162057 391862479
376458293 557458375
745837267 920245936
541177828 950984380
380298793 944353077
394830379 595230869
446307344 673507425
203605585 617259088
457158418 670274270
993140291 993951591
985916808 996910092
555544403 614924986
249949712 852041247
505742927 750991768
755470250 766916964
206246816 690160120
661987169 970960919
12286445 663398121
313817581 950385241
48967064 544547186
128088083 704303099
826513450 975302120
514202947 534198789
144990736 151036484
242379172 311460591
565707947 701004380
223368439 798974204
990151870 990176223
448123225 697543363
195735889 306316167
380683194 888145936
957985667 968702661
50684413 230421485
268202792 637776675
266831875 716094503
709778891 777562247
50710452 103709488
115167567 326543485
736566727 961494604
70911401 483029797
531207191 696873810
360562949 624932498
291618234 929342885
668731586 726207279
845777717 963192531
786522503 892975369
126016630 455618264
811326599 979598467
93663477 321949503
646677094 660998872
559303061 847092476
649984899 984764863
928476379 940246738
933288479 993198797
339400896 838995915
833010436 884703923
630586007 905021620
625659764 777296027
277731701 881230342
149096494 781331600
661977795 785120719
326735827 835192865
267170196 616597981
755270428 813139253
183911646 812708062
822384180 852585708
112654498 666498551
926299253 936413675
467209638 474840650
573945001 692251303
887220444 953793907
225626367 576203848
620000270 629892644
274015917 566947720
885500793 976393972
900594960 994229781
531204305 531321534
199820578 671184506
877772193 924828526
580479943 810882180
444062932 562089404
537849467 617412069
849016761 995482476
590575559 989924052
575469834 938825477
680640166 746340856
917564332 944704354
495542490 555688374
696057206 815544744
364038511 582493387
981536824 985875963
384632923 898763517
531546020 845096768
414175206 819227113
519192887 532918152
133694174 151815149
63656790 332430129
962693445 965398235
385306637 585249211
582092288 671001379
604709556 798075968
161424220 866291098
982607950 992358147
726013662 942888778
964772293 998523998
766473081 910065728
468089306 762608286
286552468 400517468
258999346 667267820
674606588 684111191
783848484 984279055
761883857 851093668
337990510 683257396
790832185 936210840
293946033 404350144
792166535 855429575
688969965 926752915
794547793 837481669
57864978 134257793
9024057 304944042
286734305 441284701
554336167 665514344
298325261 741980959
129431624 705876008
767582335 777000391
115255542 663622832
763790162 942891203
18286033 548633724
235595595 977150806
238964765 489450153
381133645 583720978
136896752 599328705
470865457 953115561
784392103 941084225
654926414 907656938
184993007 688607041
851284028 871020731
260924437 594379747
175434440 360616488
758688749 771592976
123755546 218151481
406595193 515247407
691899199 949436988
111160117 594677220
279034132 789623805
429384706 671724132
625117603 797543906
324207394 346557539
791637431 900517165
652435048 830609792
293397565 584543732
404303575 921231793
823482736 838114574
704138597 747919315
353759562 710769189
693090288 959856200
376929987 868699252
175319509 855514723
863833735 940301377
755071192 989180425
457105767 731363154
563366033 723813270
891907586 972356893
579803971 730438007
716734052 890774014
815282268 885277858
180643185 559480402
11894587 50777678
32921403 586885754
442169530 994784686
643598200 991504689
725688192 792956083
457969908 752679660
924070044 976976090
639087714 769923428
640685777 705389669
544114117 557848335
45202347 506863498
268405945 876040040
81278051 714833526
553506389 635056438
701910499 790259469
576765968 817209946
84533907 155742654
716789783 744104575
92497770 130387133
387359272 524325258
207041258 656750177
698909990 957203816
406794124 654494552
462094503 598290451
559371336 574167137
989215720 991251804
230311965 251409325
792180797 865219913
513226747 960863866
680632304 860401909
878117150 927918549
198574139 363548185
412365341 746183986
112518401 237826806
38365695 204876501
926775024 940206907
201858332 217523877
731962378 814696825
341236813 804832085
576826037 765834439
868681272 920617753
510010277 850396737
106967407 294900793
246339231 274748033
446324203 920128170
65127179 556187275
768640833 866252280
396281502 819735798
600426814 747647820
340631227 724196974
712397846 763597157
567141023 904145567
162178903 219505572
697069099 715067871
527955969 784074163
487509709 520479109
791233360 871710662
408566003 499033747
490461640 658200704
774312667 985282754
285860343 918124299
545462879 700150622
645794501 717920917
20512778 741685533
316089568 666916180
995431111 999460009
230950546 976680717
925115755 950992683
425837367 628746252
721834659 935861797
484089789 805058646
855832095 977410279
535467496 867944138
284003048 860747881
344502115 885167612
23973801 558882423
113894654 795679213
898600088 947145565
939246153 973538586
871274471 990077719
21246819 813668038
47951333 742767103
644767545 952264440
59953242 426083354
641409798 776589388
872218774 874037974
569932686 945244319
220194292 703899815
163598219 720053828
878503716 956292585
525092747 702128022
809337779 867640117
974983022 981486303
316148686 800834976
539420944 905175520
344776841 613537432
976087956 996569842
486371060 754290032
983445711 991471256
468241007 742999536
615973202 826401794
387311097 802083726
976210101 984633306
825737078 902818967
351835274 602655646
649653387 678381591
496569309 792853602
527144101 823096899
646381226 790878128
145337549 657286362
691257503 860307449
261909911 946317825
512536091 782597766
203059409 987788438
225532675 452707658
75468490 760168814
552531335 558836031
46602071 309877081
394924406 784230301
395818754 631266678
615411360 712026339
683006 223899968
963692052 984222152
345537772 857085152
436740121 613808865
270191892 748649782
169714214 274704621
14917654 348348316
506188256 958839195
867451344 939358505
255957011 935120651
630889521 750299570
877208202 959099510
309118815 842074636
879550558 993678032
156814646 572188011
619032219 708897232
368822505 504673698
701904101 894686577
134289835 268977166
33668119 48677535
740449232 767848237
38968573 431129499
816750144 830939145
220168537 356464655
968722810 997084148
641598990 737562823
105866500 884968345
828440466 976960102
609354744 792326935
917121615 943933910
401518753 670298654
34212378 411279043
646467036 729298809
345864580 893482909
892472906 966496123
926500994 933647123
80774960 897502965
539084229 748063910
336275250 715954840
785993834 874776734
11116990 349747640
413110543 628334438
968460767 986281180
797974122 863509006
550949533 627671129
607082766 755852247
1127811 909309690
111774507 919912327
306840391 483869470
275518007 816523660
272849099 716986958
337705092 485232272
402148303 536648223
200671679 324526174
68466235 894083880
15102158 709526267
399691152 796647052
587714980 749238696
576946533 834077004
128357581 423302051
596852242 744031963
696686070 969295888
530761598 952154007
256893222 654839650
935875847 985028543
383057755 921075720
664549879 784516968
991860853 997521565
327451430 534538214
873048655 876966806
471803300 541493093
206929670 676163859
482782051 775278434
131580610 677065527
780537610 996663071
483549657 621089066
246259237 681761333
681196591 960834216
407608843 898136970
973865440 992465326
921358761 979559845
116340921 443371132
926490636 947714535
787789156 856074120
672136953 883089569
274867723 418820862
175988873 951469444
416382160 758501241
359351713 678048213
399437359 470653556
93559036 131801057
899747939 983152292
719196888 907793736
152346739 312850843
548292046 944955086
863168065 969800376
131945788 586059901
387624292 936336836
574411035 882917213
100014352 319472957
400620449 589234546
711266303 938927427
906909222 932497138
869053278 873162605
168705433 995080841
484204623 915695954
597053694 866114413
739801274 918331652
433588316 450804924
806265263 835863164
223284304 767468013
625571761 636890065
852779798 905316612
989497060 997298284
554832269 752189041
244560099 842453980
735976511 779922352
737885022 961909893
633872443 854243602
466616819 703185466
646762811 925716489
983653261 995597624
843722163 979921892
494630468 791621364
910791213 933788942
838195517 915265254
313978583 599436325
958342477 979096634
495772600 772666643
77413595 295811958
178955036 952428070
2314712 503963737
538404066 838134136
541845778 832591139
810021938 818642216
927520479 946501837
669267498 935617718
101268878 725489188
139529244 396876139
632163395 714725194
857366365 935128227
86013856 768966770
495465137 925663675
623439037 693874968
626625596 837181736
676842804 797100150
918752450 966404648
659011926 720844570
176735138 593096041
326192368 896697184
549015927 787978680
54276152 82433802
488863330 489257242
36764973 667276664
549798589 562855690
847787660 986290421
464705176 992662373
719221904 923936743
317446447 948823405
403657255 774653227
828126267 947276263
529427879 950195994
619423970 747288361
181620822 785509657
816154615 868760923
992226651 999185197
970011356 971419218
505852053 716350880
736864971 885715890
360295813 579703437
192078671 280184609
660310102 799660215
343306861 649389546
318577007 421021266
441970884 572282376
646407058 657869494
853496009 950287135
425496647 735857420
158312154 371886120
843031565 940628403
740267277 919902518
71188762 222582940
569591767 789208923
65995974 903313267
11059752 772335875
473413846 828593081
386904417 410625238
417485588 994087324
711365094 887511153
466212239 687291407
297393081 376135545
996517920 999415209
692746240 710052254
577471036 625542146
260018681 809846837
49009336 919656208
335756821 991575356
225484143 750510401
172352048 634613361
741476525 965851816
870780705 953314557
900068009 909174833
223620458 307430491
262628430 311784199
913489242 961550414
641593041 821077567
718073102 816968621
114259719 750422173
930655511 932730758
978699204 993062573
929460542 982830031
920307715 981135114
681802016 766072829
951788720 987903253
72893858 656561471
549244326 592250364
914919860 971777092
816125936 911134885
264377736 350647129
342392447 511377683
878495049 954345996
400140260 721242499
979737100 986754687
691257476 857971318
869344879 941842477
932008543 956765184
560926625 577940520
203387296 952049079
837748493 840610660
487180119 879548619
380808907 643483208
767024562 840399172
642923894 963178458
988257437 997842229
512515577 879053473
971770586 972160755
913598500 997277324
64107438 658317372
695090084 962737482
230422238 648926841
669357322 795320381
638632442 919180103
329982243 522205250
440049885 843292537
555548710 656515341
123269395 382306742
377054929 696332215
394336073 759489485
522733615 544714258
752595526 964444270
737206713 790634571
939226822 965720804
992780296 994973119
893273466 996208053
694616205 802850711
459861912 759213421
783782636 983132472
392935973 399090688
170927614 224991906
778188192 799221755
951416000 979124398
716725960 727724945
319164298 585514513
584350034 587477052
81981527 713972121
424884602 733963229
102827087 346749574
634316578 851440848
33798325 760492261
430202820 694693193
337783452 425992651
931444691 939696465
460873996 811960947
99485979 508010355
216599316 501798389
778549143 827713094
368765612 752856233
740756369 783946492
489233403 544941139
882839606 980257447
760711147 803855460
788677829 825424970
524447910 568955212
784057390 807041808
650252131 929333216
353908174 633113516
304399326 668223063
318592281 457073759
624143931 834802434
767868997 772488218
644538797 686939487
602821820 705266909
357270973 497268161
787336787 993619642
38759135 516968401
401159583 716560668
716468741 971250959
665696060 721147420
896280228 993087085
596496475 721549661
701298591 925957767
621412685 655204187
611953096 816677673
70750917 335076166
174591891 951595801
587011422 855764045
734771049 746617212
372005425 476186377
234936628 286895086
713970816 987948407
380109698 470094031
757807352 985043356
691339746 782935950
326501378 554034701
181617667 959864869
97672210 550642258
478203157 862681810
152456256 656184990
69205514 579733972
309457444 696597674
334865093 588336143
427102524 613839226
482468293 528571116
526404838 595680284
537664620 552241810
338123556 541498045
177633429 285315399
173961317 619963371
766506242 970127673
781096709 781624899
883628535 929680097
78350775 545724874
84082552 127524228
483704920 583106149
322594218 969634341
575768757 968967943
521400213 905408897
298008288 517692040
910593480 931972637
458594553 736804222
971233613 993300117
589790663 967799345
553011310 829770251
577371746 615112800
952601226 982190400
645521300 807840960
452461193 756666580
105863439 799539979
433045058 501695169
172435525 885736825
13898507 972994609
835275582 898494169
478073642 777121069
53116721 401119527
787965366 820477694
713862863 735764147
267498686 707083479
939990594 969628526
57468440 852459377
886468371 999938346
278444779 580558339
752811891 963577702
95255800 708945558
187175593 308748471
240092324 263595167
162257195 460374226
533087634 955922579
326765809 468049042
439665836 561833411
877333296 899184107
473690691 736803965
800347424 907596350
546040921 598698235
784257147 896818777
71782779 718312579
933528300 999023918
669532705 848395278
225074628 497659279
348477215 965101923
277045148 651894051
86563147 782376611
745708294 935477244
797287223 817927574
943440650 944153944
627487838 685400326
189520891 356577855
777482544 840276542
100476414 159228387
366018622 712529406
886858966 949821296
261832987 766561155
124571435 128624279
604833070 824194128
124573423 322220434
451928577 686112468
42820793 706999884
961094371 967135907
799489067 994024670
935220249 984156797
471348154 810829066
806918198 907620617
98039016 451998144
937359275 994042754
285801968 458798786
68562804 984517463
414220739 626608531
907104915 940734163
646454517 773944590
790974107 852475778
241180040 727554070
423254554 584518370
665170314 987465561
742373849 900966862
162026237 894135631
231662595 913587812
151528453 662751114
273403078 848773285
950535943 970741141
135592776 960683653
584617589 736096735
101267682 857941588
864487280 884017767
113343891 689757627
216128367 443483146
489058438 757348746
896614416 933371948
401552486 754261575
374740641 530302054
774427742 911123852
516904022 997915812
785776218 787415599
496035613 992012324
240136233 787025335
910164260 958123043
762125951 868580049
910353751 985156982
241954478 912065760
27868176 784281428
930057546 959238606
115005123 605496653
936764810 993719755
232457178 426442982
826895407 975528576
794017943 821855057
732024811 941338750
335740146 968854839
174196336 947856831
678873285 700517142
353121770 572249359
104742385 211508618
587002867 793011517
190587335 692044865
963086583 994725412
769948813 910909318
811950332 978759690
815379799 941434157
218023394 473342839
986285162 986842509
542388333 867449435
939011984 956485670
468285546 773387207
821493549 987617766
329664277 786218239
742419484 963196405
779848785 796084903
373677807 988918445
220191050 375589157
107229330 638287248
920234518 987273453
117074098 394084881
261228176 470697824
571224677 973111430
534373582 602515821
281371924 783645395
958531666 985016533
535765247 956466096
301165824 837149106
71305201 661562219
450236857 758873864
323307187 760972165
680854602 985955141
297811542 504338398
780958345 944601974
362546691 826517674
802482429 895439203
638066262 728656802
868360676 902845101
387320856 783236221
821073271 969506236
918419197 939213742
980355031 987814030
67636030 978854969
945211166 993303532
873594014 876512118
524274596 734177068
314295402 745072966
847382160 938572885
418001635 519843453
978547161 996469638
850054758 917401479
754361259 960476395
536826727 922462479
312909897 546946048
761548965 999882055
363736561 532254064
844362072 893102413
696060053 866330532
858435169 925959981
960712405 997654836
460253125 663617776
857406714 915357771
850081488 930708909
27265736 774681957
77828024 550519466
822653131 897029391
475311009 550520480
493880348 509293352
608776564 618322485
198727327 209579948
143829741 789849385
437908905 532008845
830892618 924032592
832375190 850021393
908579806 949862729
951492010 988915038
22143899 448916641
239592891 418342777
410181547 901125919
19855831 37614385
786632747 912044752
532552789 842220375
510257955 702881477
186296643 541227701
449276917 563843828
614232518 963735310
732483265 878378567
639822386 820142742
621125743 637155630
330480879 868682119
889477125 951340761
702932222 922333234
947796743 950424438
670091831 790845833
783998610 970906614
600854856 745157231
307718947 937394238
620394905 888401623
517056738 898363113
165876906 190925409
625662853 786139878
198357246 800656502
202263443 322762272
613831391 902266673
110022745 484343423
826326274 906640370
17745637 342629483
632231845 808187690
169528707 623465628
748514403 749259220
850395706 978397675
941880406 949216131
413611504 759162850
960512775 989073856
915691353 941315996
757590091 931009693
655060184 886466739
682693133 918889246
227627695 751734300
646932434 973306665
191212958 591758647
434596053 461851103
658355305 887509305
847974074 857678300
164626146 400889865
821759655 851040724
661042579 805448137
413421425 551698285
146145560 214921650
668363304 717817842
687187256 877065819
915185612 967562900
216843537 668367428
224504 483180412
989297308 992847566
112740394 569331236
349120916 664805762
915647950 924138125
435603763 694229625
63289528 436151533
973456669 998783979
159465954 496156896
189106068 944001241
567858074 745165145
730937455 858223758
3815884 49516483
231263450 479119822
576357630 872949944
454440270 459507102
54392765 738097785
776545157 942847132
648208388 817995148
306166649 339580661
477477424 661175212
126896720 314801745
305364555 654603741
6221392 519405553
174594973 282970095
71887611 606765081
808117897 973086493
336011209 651084723
206448362 701877152
590135680 718664183
522646307 704732338
426281891 497678591
258959341 544327412
601386122 895755665
649834838 699596710
796092673 923657563
777034575 786475622
662398862 786933987
675857177 826964412
248548645 980104180
812791497 829091926
205849844 434742484
652317451 667890132
198972175 573456148
332512215 800744054
448575748 778915841
819875294 877042277
721002266 893075733
750093743 832893167
589295967 648296453
240227448 587357031
948666835 987372985
644826571 756520063
579178939 775840347
672684718 927641908
293166633 500588720
87549394 894365684
189097877 517883208
359684727 670363861
915061407 993726391
868465251 991786810
169721577 440391092
92179264 789130270
859820876 908126622
743393598 795665873
733905708 941153607
63598889 272208867
55360956 598773168
804399534 999580620
426818197 825366987
457125600 809600117
805035966 879054515
220762894 875272508
279918820 311189803
385753321 535953028
597463218 928670514
592726326 726705458
39361375 863496855
260873394 852619035
374879918 592926611
11641714 804591069
654236064 918726690
700850110 807819811
409078837 742248731
961403000 988234775
751521736 842855062
741581694 875314317
706543248 979558598
850223389 971931605
89512655 280301512
86052966 571487390
356415180 421664620
905731812 949149673
306978023 836554823
796162989 978008079
877257038 937427137
128914658 211537202
722950382 982240108
132095773 206199212
976243173 996726569
120221473 722363223
539455439 748013794
353828721 830744187
126638429 590200334
323160701 576312192
911199104 949464216
250981077 843739978
652952743 904671710
865324919 981930593
784134665 968813542
145708924 840547507
574651632 892006043
240497422 884258765
296545875 542285261
365646570 427647073
74548315 327152323
282357460 394516378
546312906 588244697
555717018 924426360
371180490 610132045
853700547 881977016
142635222 278716159
801631250 851294493
243198607 489577038
856274622 955145207
566457719 664723757
762263127 841242381
731666885 767076593
667400679 917717143
807052081 981863991
612592980 986465252
259245533 349850336
281509448 872848621
825100803 967435600
858850587 955232448
475452043 605900353
399857813 818250419
928611430 975751281
563176950 944369622
978513306 987964575
405705066 954221240
838062684 849605693
455090332 980276803
595166319 626137864
169319043 245074672
348160247 672087915
62886005 602122528
522720455 721406422
732108292 740408454
524445130 787105138
591961626 671558097
382953225 463484458
623828299 915940260
347992510 555885688
975727343 993630336
767598902 994943916
872557266 973604568
438950676 612172471
365017592 746056985
269058342 628484965
51527412 86453352
860634314 873465231
285700155 779098633
635189152 702489237
947220246 995313362
720110184 982521423
342363819 687816534
489738924 920032716
679556172 769490104
624011783 885368554
811648679 904466061
693001634 831447921
389483676 944875414
311190281 938397737
564659154 758351097
233636443 614070434
969978848 980844621
956381892 993074308
516571309 794779530
955431124 957609301
537119883 710741615
700479719 984924075
754558377 800174347
947807613 978695443
218122445 437597535
352441023 923790153
708930228 978399419
784124712 969136184
489457104 528740586
522419384 920283066
405176285 634006348
906660803 991130884
184307981 587948556
227822405 736801801
304325735 584680139
164157948 179174196
264511459 875160517
26400097 610721344
740261836 816829773
699751968 707562192
678616547 855872945
511284029 911024313
521516691 850370748
273339597 966119401
838816587 931041000
976172703 999184729
369200392 716417189
229570527 716625065
198673160 511230297
870327342 881442025
74879943 172219662
803022906 893345212
91080870 217162906
844649810 933102751
102103513 927013040
517907060 581553203
49946489 321061116
545062208 875420243
619437616 903909089
881206570 905626555
462413555 464684454
964178900 979310998
483524041 714562704
703038198 855356023
15154273 578616343
969484078 977705826
411698952 977152513
864201737 944851364
583664820 707396910
245026057 750238153
995185718 996391393
636729676 974585491
768722413 911595769
617456781 919605316
63630247 497434696
737132046 973075273
712511122 935511867
2320647 558975072
959845863 982181579
554485385 813503533
543688959 816662747
845078810 917520333
467043065 486028868
777820980 972060748
747629334 973226882
350140643 858982817
221098144 923272406
124157102 310596070
942610835 983368743
188579135 525209811
381473448 704478440
632317494 952084863
924174968 990369565
429627288 557163547
137441277 663060463
803659362 983192155
959163011 991362421
126557750 555003422
870648859 884927816
5580428 962697311
827974318 952033825
880832015 925639097
884522873 933244224
233026458 674266725
680312505 755424275
289817971 300077189
516371179 825772450
948072147 964980271
511519320 612128468
338855663 601601400
294331087 374608257
125580855 292925538
443876011 909460617
680227104 967605045
111641894 158600876
725158983 859285150
56422090 251624550
348715824 828373872
335113688 836900714
606775012 795935871
692817095 744705608
797225788 834472072
254991507 307108763
691906571 900355765
838129829 882183965
549720072 618383881
192400511 373043606
971767360 990793609
161595875 323515964
875832795 958774996
494497246 883540062
506759284 966843467
661619291 795716320
907126290 947543182
304174316 708903474
771924749 902087387
804373468 816350920
293828813 495231685
646756157 785034824
355032497 536250430
381454904 626485796
609674555 702012415
402929537 513151327
251890969 400504088
622535495 649886573
444878080 732119699
961209756 999007585
419257769 891977200
67283355 370280346
662332585 878039103
953614720 995643875
878209205 986203900
243374164 541286342
180920060 451155512
565034090 622330913
666587967 845049183
144212547 342941468
919822767 929978160
953288781 970710611
232522080 450141448
231883291 456263509
635116135 728572432
197494417 327030187
183220231 416672446
350089566 557784732
796078108 954590579
441992267 645113600
403471894 688031207
342236246 486498915
746572451 897318723
877283003 917790804
224244400 407339242
32152996 415915363
150792442 333217146
909620305 959196249
594531052 825308703
400566110 714228581
878296807 884301775
672615665 957373490
660113886 894665612
937603019 983269077
26615593 932096938
871960514 968022022
399651073 489158873
399192725 451905192
153961839 976174035
879207782 976078195
376561809 937069160
882690347 938242875
301731370 909468008
608930280 855583930
522263841 957316259
263116568 454387536
630928011 652510643
118006529 407690443
247003880 728900453
987386977 994040286
502551270 781304134
235604777 552437688
669904745 984317165
346468092 853172546
430716496 545077823
47897228 253689825
777020844 824349164
223063604 885511624
955628296 972789692
898877861 912131732
346902988 790266835
281893417 827954713
887307809 987984295
795817865 952906391
435867300 438626441
903472013 914994606
639553998 924112307
238999306 836295925
437351779 908857892
644468456 831280701
157901243 457202676
633285429 863098230
749961949 924250536
598009211 845593998
535968731 538839440
877040006 971271684
18777116 147659340
833069132 962517706
60048297 902725098
971677572 997568590
662621268 673136089
167083956 775422047
954544821 998001191
377809113 867462171
769354382 893452358
942911601 984915771
633539484 952036219
710083059 714435181
918630831 980364292
222873302 654085241
335287855 743156704
934136959 967518739
595706892 923450715
385578226 639324666
29573888 823072972
640332676 806090921
758196641 811477342
43893145 337626305
496887152 661356719
295518644 802746175
817357908 823721517
686250655 945383200
528920211 896593678
566461963 759637055
211652082 819787200
517484711 533180959
53047179 216224762
840935189 947492783
666381203 921277953
934936991 954897646
611876706 725885601
351321679 507768574
38097476 103383216
552127129 712654622
925564620 942998813
768590308 798101263
521706970 651474341
894081815 898931103
38534231 899761006
975731919 996673465
416436814 844114723
699433421 767614428
736672730 865068413
183751527 827667195
228609507 582054138
970487200 995457559
500449657 589890505
837766998 983907982
767598543 936157899
475583988 941769727
500603371 751957059
788621221 922338240
865345546 951663790
461528692 890366029
641062408 843449068
476214911 746267205
764694278 771772608
400929430 991405311
974317365 991520102
978298898 991112811
972089959 989929080
355927932 795226687
897474832 952991948
247468062 398277562
281703911 939607847
67536656 840221750
358614010 475360795
399683219 927157125
28875225 138419834
561478583 915822728
985972859 993198840
177191922 711057385
389438131 921412671
988837491 998196197
443673945 561241195
338176583 445465471
659577533 805695731
99356062 391026287
742416349 806482846
532494529 622519944
349983723 504486010
586549006 853725621
465736492 606311860
128846167 661818244
587761469 933313302
329883052 468495620
336121939 714527701
146575544 212269764
234608963 655796842
839289740 901684611
495471429 858613470
726665757 943595974
3539918 315940453
408943904 706192049
816039927 902641867
686964373 757067731
489862335 874471105
892744532 908123001
205764268 689570405
697917517 954993675
515405629 626607409
378211859 498583133
304571715 491859908
315119797 401088831
466566021 520430566
748768613 845958797
143820204 638638687
376868925 777113480
10027745 348192998
764351422 833643826
983690050 983926540
1162785 789612030
341447685 741913033
621775086 981145472
436413502 942174327
677216838 742069666
15492032 683700057
372646022 622243012
328460526 553862578
2030560 778504995
543347762 903046045
384649996 991782248
130893321 563237225
448064176 840539442
380471161 773770944
413805958 843160739
49073240 311056517
213371195 940035165
408717772 670461300
422973159 910127449
87672833 969899042
51407693 733612745
389147369 931966950
715232470 906075263
191667193 613876518
711696531 887698421
119733700 880800838
580693694 866332779
211526527 296830270
862916966 989804864
175809753 952555753
834068968 936638548
336098285 488266858
322536985 347291497
665839227 892648004
491048453 657852232
103537088 116975588
535890736 806379802
441408564 684487700
476087674 924747122
167877209 857642281
87284077 510135926
605437495 863740306
113671222 180018242
749815146 793519539
599902182 915322850
803806986 873814271
533160485 761630265
984995776 993813522
817469481 880228047
829788799 971430912
971975719 974170391
157875882 507677147
785809636 850046144
430635860 901655117
683138181 905341905
608119593 946607332
440164498 686267114
742913230 899726352
645370423 843062660
61648252 874497808
66439313 630872103
925253874 956888841
920721193 921039231
215472852 329863625
537924148 672464986
509686231 716122671
962354540 963281119
247084474 951870962
70855959 304374324
54330474 190640453
436897514 728384927
134912913 839750575
446920477 915437284
153282041 932903236
339000123 390161602
750014669 869768722
122206663 192740567
529877119 612251992
138879354 890670422
341124116 789570471
754722830 785971744
865770475 968664193
220813325 856049042
155595111 733947224
954411240 992032915
591754073 754072671
634655867 731030031
111596766 988026501
571507749 620892620
475159735 790682430
819882518 827058081
873297041 956095434
323118741 873169625
710483442 986426488
218310547 396565655
705038705 719756878
856313662 932253513
958495077 995263767
45018112 483442359
450299734 853108968
501556386 847732818
378063454 814828708
489649634 495095688
838005082 976091652
680601204 874967079
385460339 441625946
616475787 988750553
335236279 635438821
374201790 396245975
555219179 592128590
251954045 669150507
655471433 961094416
880294789 945631086
604283237 624944434
924575745 989872278
639997723 936347194
620800191 923200849
543967810 884463576
511724984 785043201
959420954 996704831
390762540 619443869
210388475 678987240
750898278 833334916
113880208 605726168
206975371 868422331
117711462 355947683
807964809 986072131
710874004 848454162
505724845 667621083
164674665 612289575
698696745 989647201
641531681 831831199
416879491 436967387
444571806 509248153
139365816 787929925
86217521 541247200
277108352 813060606
923728320 981014645
348717908 746942668
35605747 272753723
945963263 972732582
521153776 684290412
297845120 389938025
446640549 840781374
141850621 567639191
455935306 567233018
701156045 734379439
557676942 697483376
240713282 779962318
215189530 268653739
938605818 986773250
477003865 972340339
414944415 875179148
272667967 998601007
614917319 944468283
725374913 826243190
882456056 943154077
391677458 548535303
758288375 839991465
353618607 518066227
379163101 393836745
439880485 755367427
593766857 844167487
767312855 956602910
410099563 995059060
925956266 948434390
40557312 62661949
122132109 906939449
649591423 788117856
62777595 179772516
892361040 959681718
80383320 669899578
763909865 776534833
92339927 325456741
602732657 884953108
955792822 997058573
604083444 839085439
228431789 324106687
621524096 758590206
88580186 610342559
957044927 995353847
356607601 965598818
293426381 913625055
287003950 934288355
614013535 819075535
226355946 348319832
494842946 834006705
584186238 717727474
164268152 870918162
149894717 389047578
571965218 709319806
384637570 430932988
19623495 498513767
838789668 955399314
868643312 872864487
842275524 970751548
138765550 913610404
647631661 728192440
793576616 817595227
152932953 473554218
560462014 926104413
525318914 617597622
320553203 328425396
727508113 802029924
875063853 926754431
793367134 825750429
233531950 772004228
408633826 745634710
566183433 722066743
365687882 697762953
682529527 709965594
324907400 764377652
456559885 642893704
336121000 797727487
983542628 996067775
371803486 653829725
391950036 650116736
414913462 722646479
924627158 938052463
290652781 853632154
404598421 613881496
673447376 747749281
607527967 629412919
563133706 912164770
907838690 945050490
317016023 934485063
967192617 974854594
131983107 581187241
606310919 680054333
956340706 973641448
726235317 896036483
540622160 686309698
508225802 855162529
843058773 930219551
86445595 739334924
596799728 750243366
226764714 909624916
876247141 898812406
973539227 990569418
743170774 915218639
885919825 892638744
278513687 625872480
861568433 931784854
223571160 685084717
729303627 982294189
282478726 531753103
390684942 783386568
808780463 876912739
712931327 811679248
145879354 713338216
757055780 869540761
495005586 985280724
57953890 633395198
311732347 730498777
768124963 789224866
63307983 598002858
47081120 656023788
9032281 42465947
452524794 644951764
579173839 888081808
458975945 850653589
916420261 973809702
72024900 367817968
554877094 819879273
797663391 978096454
45004318 888904872
217331656 545553727
271705660 644854527
199373434 496349030
278054321 635567418
778742862 902800982
323353633 681165829
382063249 861775967
209964917 654613398
283829089 976625150
937957184 978156160
50209561 993713960
360217615 864529093
854802613 984485465
62379013 445194484
664184925 806809119
738935072 868995749
92191385 138224395
38313651 744582084
518847365 547707246
69101155 286266181
127049707 817835225
691255387 887692182
515987498 829652983
497618908 802838503
774639208 925918358
384953948 886069056
698915537 994152349
44358812 274023951
520459272 831877258
422223573 842837816
856126981 901572740
328477504 748755970
156976056 306233383
898965186 943708098
945939894 964805273
31446877 533893807
140288922 245792467
129327239 459420217
489801015 675990475
670679691 693146489
162762562 369521318
128170389 991633467
190803459 217143950
461486916 554835799
188187803 974164319
422219040 425232554
880989354 972385240
169029856 175242998
243170281 895066224
114083329 965838831
363911113 936243760
950961078 959865467
617467696 686610379
652014580 793673777
882562061 946603532
991547645 996156267
504352942 729499368
179758990 265086699
493160735 913995068
799176511 822359577
244457748 572140749
582376779 744019947
453613246 579956906
15453878 368469786
856465132 935373206
540479027 901134809
380502705 411669667
933633399 975327341
262170391 868597720
857680710 955395745
693863298 899668753
918559309 940209316
309310560 795107778
974915322 997118469
99764887 167645294
969960410 991496401
372542324 486225889
83804231 338286825
765103091 766627901
337642462 806792980
436942699 757586702
95888255 948987389
636484673 748888127
148804002 749034967
51371231 734686634
623321282 807691359
474602648 500020565
637235148 917583180
428774703 892432231
142896660 320945309
458202881 838380286
133676435 224288593
939735566 983360761
523594900 646433520
18733667 298366824
198662524 881768929
933770918 972428611
36252977 657241391
549030753 888291794
320786063 486482373
234527633 825505044
745900688 786515870
615638149 813282546
726935260 758574528
388254765 848862995
214728191 734446719
470059369 840781174
629747864 759583975
955196574 987939606
397138663 878621252
299922402 613578143
367343273 706220811
136148856 483861454
876434647 896224009
603530078 932821131
819778964 869710920
849666845 954572907
576990981 619220806
384929391 846763852
310304889 775763784
430248572 703867729
798145555 857681990
753642547 866422769
66301417 538279656
628737018 950850375
835194126 873125836
242862452 805976990
970924170 993316025
578964635 894985857
273060711 512564287
523834129 791645458
441049612 639428873
542614025 791251226
184054520 310722581
179899043 192173412
674714114 679627922
662135626 981040202
535051001 549158494
557845187 694151864
54532720 488203312
389850388 462090683
70628255 643356789
233927849 985040999
708232574 872270864
794170472 967047862
451169957 702764321
993403220 993465604
2556376 804965269
464011290 984188979
230754049 365548654
855419816 888330451
160688646 584968710
259081122 790951077
64066622 548310388
137050388 494660895
547553989 717511328
782166604 809755132
687293561 945635676
683046430 838299852
362443480 367496786
671072820 972479610
875110316 886310286
751824799 818005079
41465368 585659719
99958488 414074496
303631110 789778871
456262319 863660235
968573467 982946272
860936491 913575671
885573024 917329422
495923261 734801715
973637532 986129157
564884642 721099814
754450603 945823297
568278728 829964510
313501406 824535568
91399365 514498101
450429157 516507894
257154875 873242692
103261342 968293939
167547373 864859537
598124077 812119331
355327181 891912471
807980197 905967426
458195681 622725349
34451662 383948916
183144910 838345464
716893637 898076669
129186585 150816669
171709378 467313077
43630124 316260137
463612024 843562049
925852420 958770254
764632799 865595586
697333661 989731007
905605815 969774312
698033078 803811614
764395726 914836142
34450157 634036238
626702234 862410670
680676521 891514561
243244940 684417480
659545203 992906414
269625099 678418452
515970594 566718669
419690991 511498064
235265282 591319528
109574194 119678447
519195658 937118630
986980498 991931460
231473249 812694261
673830442 768646672
308431700 934159271
756140776 807983572
222192924 667343079
166252863 903204568
614926774 797581494
551577745 784049119
962591291 966176228
598607858 960977498
2172527 789910589
873476442 918512068
405258075 571468420
23605658 931284662
356888186 754833293
264357449 950022347
588970824 871892870
527849947 950673694
584657256 863493455
729771710 998440610
853152108 982357896
348123940 551565991
719840551 806148911
197739287 519026210
73401042 823706209
739017629 992549460
923777418 976603293
818804189 957881862
699739970 867093726
479222717 648681313
931658042 965746037
944396833 967765839
235581047 936122010
857658598 880166052
375621119 417353722
573270540 926187762
621730776 691207649
378667053 906656347
769860802 956277510
244904045 879746403
983433537 997166843
793154988 890906697
487067163 559060402
117662553 371612059
943758604 983291704
176503324 407109534
546918164 582311432
117153938 341219420
330253594 356877282
305473763 828241832
346233112 784499588
656921667 734721862
210798206 308248427
645648099 892069425
493386204 631905654
211345474 414876354
153874947 451578838
254201710 273888877
552598151 602303159
427598984 967156300
175673400 961165558
83388656 117276785
4797996 860998377
324578058 695339586
483555364 501420159
211710980 542417298
708449888 755981338
178357364 740697947
631051502 796220798
944985853 997653404
729805279 970992033
470214989 993795564
459093876 707312186
464538629 606346283
351715846 506324435
245433587 286238713
542543562 821494381
872334163 944265169
764259760 964934499
466721736 611023917
338672873 870237555
772695055 966643706
717986782 981707284
390798389 401330438
9875168 735253902
566788646 727398852
909942765 949127464
718949801 792187193
954005640 971586123
422469365 895132169
658801136 924541706
453030104 667179596
133197368 448512348
793124870 951757199
687389220 738214300
883515648 983407630
810254974 811150413
97080515 982996750
873715712 996248939
171141147 556337470
658744318 696922524
152062848 168037192
751854485 997039263
863217385 874724426
370345334 877270560
858460931 947726692
303178069 585906635
495159757 973341040
296699304 756279091
41313670 846201984
111703594 687743025
43926060 665529928
975392425 992820487
257343962 860913333
140251993 254757576
138906294 167096799
206776098 686086699
961817165 966717600
838300847 849594797
242293584 262223948
201793459 209587399
544403636 606612645
356546048 450507320
89396669 145785067
528442431 955881683
352622857 702116571
327616285 974048233
271531006 983566962
821894777 944661235
574764524 912203830
365262969 794987541
430563447 933869252
125825632 578231842
3622003 447414365
176752166 937562287
302970070 646328377
281435088 412702816
432205403 944792865
273132801 807274929
837262571 891955307
107237697 206790264
114342291 301216612
514804000 787693931
776975348 820262625
630238533 976573334
591435096 864280437
308943545 389539712
780209586 974690263
668266943 842959657
968411754 999403020
375635369 823861102
36461225 920639831
505422344 871412523
793184855 990641977
97888601 252849885
563047935 697317577
47362373 681322208
517339557 580917368
175936793 830919274
348841099 468631457
639914396 869900744
420797832 555396931
446110739 856714909
644838356 671775822
328205214 795507446
54232916 483542368
693915599 991460076
301622372 987297610
468592833 618420982
205706624 408434954
100918401 925823095
229978548 673495560
320715421 538310927
337814463 747411726
827738704 978818582
31832832 320850904
609195645 890629027
122419845 506289065
773949384 799397150
332518557 870900754
500895942 921649508
37546509 589811100
561524174 705130305
170562758 212598463
507412213 885206213
341479706 987192481
903679153 983609203
251903974 693950527
230690181 892265768
320384227 867278633
685899427 857003414
255296040 760784231
619985384 903887915
806958568 893401980
115262470 818011970
769660467 859579590
774447252 854663378
107037582 331635151
116790537 204562162
849941131 902842913
700689611 953755658
179313836 546809566
719081838 744724883
276490304 934401728
851812965 967792657
883611828 984440617
296574797 354150817
151271369 637923899
749713863 915788903
652024351 984484581
124872853 393688397
741064995 882457581
345010976 963555432
591292058 759634754
404155753 815805858
17297430 440552472
354254742 439455732
496202628 529447814
66262806 290506152
315181884 535437842
650908642 943505499
108197354 199822323
242313226 399297439
48267337 871720758
668210839 706109894
164315944 974425199
884668827 974807352
349313143 630585861
400461794 611898526
21939991 873656670
117695321 353964813
599016464 653070849
901099486 983018821
489724530 835152635
458826405 856833353
879707657 880096782
463484983 987273394
389551777 533249942
64623256 981162310
466488714 514591377
755646764 793000211
172377637 802189728
888312838 924352579
384663601 543555716
122802373 792683422
413904704 640044296
220251728 264168353
704251019 883051602
214042022 546739909
429422584 693562949
198991790 288838359
34482619 477734337
492158626 558256026
795365399 826400368
998635819 999985086
866847802 898561648
588087901 716662003
19316995 132391406
623879638 862476262
471030007 480116301
173469095 397873495
9801416 645369493
986843286 989559472
191888605 975785324
766425422 801789808
518543298 586705522
497175331 517500796
393367710 840624361
771868988 773594874
611235396 813368130
945921028 985643332
934987296 946283600
110623664 995689186
387470497 776708229
807386847 925023498
48924758 596634727
942307851 964270819
159753436 353645404
600791985 985448828
756957668 785168183
827006476 828485430
790497743 796167298
584075675 624894802
806806944 824772707
180813136 795441313
413795554 848502582
484119652 837289212
195941426 651073093
221665377 653922523
840743780 883457197
76826198 285664943
693826793 724466040
576183313 682823091
728636646 731362879
206160830 220522375
897539652 923057668
819950684 951332964
9007308 825702798
481164955 483523856
872307140 937287520
345607275 750488749
524992389 605071257
385017565 574187479
649974121 897635428
512199219 692684762
950619590 978852458
564487920 675831134
734967830 867586947
936984859 979120625
360185179 652395441
590271308 990587053
216220544 943651899
328581901 645124972
80183823 626989963
633146050 779692489
592178892 820838137
958464890 965809650
989454454 996953244
978992626 994147928
534932116 771672342
755224643 858431990
109226614 762721632
754547662 852224730
78969484 81221354
220480630 935969668
621934937 829545674
239520716 611672981
657605758 734491874
645677954 892188716
218261866 433445727
910182792 941375516
618889789 955417769
497297126 981260563
476989010 853988355
172536742 968203770
319196003 665110971
103675431 361619798
52647574 294605676
795245271 801365449
230835072 286917212
901504109 958267210
118592476 320353067
42721490 451356929
106470922 220110408
643242082 783621798
204694981 713843993
756729731 789654342
661681807 661715035
772291983 805303947
527211064 968947827
80316594 712892608
102258257 203318029
136490983 951395035
130672493 242862012
682377444 824233745
354146844 932461363
786296949 853387406
815973252 947999388
895666860 928095641
745956973 748258632
103367277 718037099
281230285 294116474
128661868 624041005
381204024 675005598
674904112 921726423
983854407 995215495
646862655 862484212
366280566 959018596
665483090 808078858
136501797 412274652
350977045 580046915
553625089 915986137
358162972 849659936
149509375 706734948
946787214 973521957
384965912 433161418
798081222 949997991
46708142 598856277
676168974 800297025
327836052 750974413
183450070 780270284
527555961 555802389
445243871 846901514
696813300 786925363
218527829 488338276
257560975 640861388
951679282 965993788
197478317 737167579
304338496 365087137
111734085 857242387
728718964 749408643
875957266 954987316
635683602 900466057
274605732 576853592
764643056 823288494
398164075 676706987
611198773 849194874
50302662 339061035
315834836 973769407
306442725 526420329
381069395 748290034
244917981 635367285
942157706 999875738
774847782 921605651
270167972 555780511
183231378 880665753
552403907 972926297
482876240 710676086
247641524 461113349
807676317 979920601
424810080 471617425
924300774 976323126
584424676 653346600
210735649 709131871
72954529 785202592
81456826 197458851
851083463 866222619
114146851 859188383
569294344 775387214
289521539 923659630
179586930 510455278
254057198 878367057
488733894 722796643
769970923 823589037
616436472 794254363
312442887 687803650
174528417 867613426
481648528 576953254
483977231 950547330
647912147 659407140
637333233 840299198
410602427 421819822
433808392 595934495
36143325 548452367
257555813 698504949
834655345 933360192
407371708 998230505
474686835 903300920
361765651 680235427
618505988 769705721
510422726 908481575
733319926 865407600
263415123 644761566
786454197 974085000
335717740 559847148
738071803 839358171
927079377 929290932
131998480 523530714
596690244 896753616
63457554 246639335
179903729 995448499
512975642 965825843
575173364 734693977
233913200 352899475
70851113 459357130
571014750 795415281
602681955 681599436
335256292 502684113
246599750 564641019
570663636 635703089
182375097 334000512
834980405 947984979
596703591 890357661
753469231 841481036
863714329 929973624
558596127 765304930
697145200 745149676
241125443 511250442
922749235 954797521
207382213 905400297
373354445 873088433
548517734 623129162
653115198 877032037
2723527 225270475
877988449 902894715
788507707 912865109
598902324 856248695
576421286 854624453
675305290 838621899
919225126 963954278
924294744 960810029
41920938 727433459
532860008 636520361
124169589 937584925
502877674 825345250
688366799 891855908
712719426 814438029
50312248 462535064
511056987 744080558
74847618 354061959
527576041 614870993
972998016 986505315
461655030 503778217
134803950 519346475
334070707 720606909
835167699 973375091
26910370 312580306
398834939 836968009
666274585 715114916
535803264 836946905
748500655 758376120
332821248 675292571
519466041 707650875
579313685 697936571
931243249 957430308
865861943 892823530
187294852 378960400
492455987 790146567
159602703 234104630
850532968 977650445
502844209 664433518
570410171 966199307
49908782 104461298
870535128 944120052
548317144 940484278
987490601 998802961
470732625 535416754
146486718 729836254
458214858 659915460
735617831 740466322
74062687 128861757
44603124 345460437
456576977 901439971
567229938 768101664
873645463 975992138
380012978 491548197
956372344 981656507
587497119 967063006
706836157 779143677
190042098 297913836
258821255 724770204
66670711 738050134
727139031 750175623
716241934 996616692
329961144 425659675
626268467 656050771
282744928 965472895
160106055 164203929
419799918 470726320
770916669 852476825
755353896 913129067
851621727 897183849
934402512 989945568
115674284 140408740
964066444 980976148
467028384 649251753
292104223 919124159
160383642 694204117
619836248 987969919
301031800 913429911
355954757 671986985
124134331 924754751
391068432 759053176
815042394 896057260
405877171 797578121
882755157 940028041
954961714 980655060
282847087 668119264
283414074 855869849
27639956 184271677
893538543 935580177
777517155 823693003
322744723 809682603
624737701 816760442
864796524 928732197
151612374 685606764
928173178 977725501
278662630 953227154
218211468 584838050
470115897 681089137
26806148 848562904
582011585 645233682
889916347 923486885
550798877 950324497
576828777 582412890
426852321 952786229
917502128 993396343
13273820 175906572
612802364 905032241
370829505 527906020
423010461 835218599
351121033 600971483
971788861 976549835
515876604 947690515
77813100 196289956
977468018 993054515
591920908 691314466
870256822 945439636
586701097 812676407
23556354 651752169
607687598 998989073
836491047 954197079
135139637 676816008
673050819 975172441
970922307 979410215
675490379 794131257
622206963 874238248
521858330 822340032
716953172 987925762
145409951 173379335
542656279 641871592
919217031 968431635
618925247 636482822
10223921 706921934
606111031 674862516
346542185 929706762
822789714 933361093
377717617 867242112
684194219 952922630
346093368 622019174
711664485 949809325
255198567 966899268
399142233 705365388
222771390 437560776
441849659 857968296
193867174 445806679
577659822 671612877
382788384 464972952
639607769 938056072
770252308 830499032
988819240 997586355
676982798 760204942
447194747 886618095
285163392 538895262
527852065 839820397
397090632 932967540
315306501 674440355
161248895 443578321
973640518 989185068
515605230 672127710
675381269 825842998
207023767 410400588
970831607 992119937
68003832 184439139
730070898 738148104
5971221 178576393
369817818 977879549
172577497 845809107
74255532 737500170
526744729 549370745
976593207 998893246
551971599 926193956
426812363 464104562
895483421 940071227
625636387 790272349
24543674 773028547
288158210 319081415
13157286 405411349
399898705 825840146
452226533 677256828
369489847 930676858
623907736 806690839
481313500 634130230
425288540 834285777
566309156 588395981
399817954 848804019
865112845 951367484
452616447 520867908
256048409 292253921
17611688 967655946
874045611 889809553
176957389 793751789
836944444 911791241
189930583 886676745
197043363 704970508
662736924 886528658
911784627 914572361
217103743 993218130
109584520 751907721
74489239 660612249
295574951 339820609
689863078 769917094
835965736 872470686
182049073 543896233
379238451 979665782
149933179 710192227
896777852 988806752
838488717 839056223
522777465 765103665
991212867 999623144
574792826 846330315
937965443 948366827
126460730 813429240
334587945 427251085
959163380 999992365
340903682 855704934
223301780 487021801
5825089 737391295
602544043 720003591
698042830 834702567
315474545 418080881
664950280 681694252
440959344 732821371
312380856 557055729
19386245 259259206
182345852 573899570
698750980 832793227
151833259 574649421
663363355 948399154
699860680 879458141
174611543 977449609
503957265 871365819
151772639 468434895
434697003 493801289
745085559 931291903
924701045 990911235
237039907 325362884
437124156 618718238
770466756 842853748
84459005 230773550
940086061 953471798
951379829 977584688
303550135 884421838
477714788 862978817
299473145 438678617
245614939 383528289
46998240 972471691
183603607 400382504
503324288 901692840
187542626 769657067
95455736 160266708
933332933 983229935
822149861 986850252
662915140 898501277
419616621 731251518
999660685 999823352
56000227 276296811
485169195 965216492
366218623 900578909
157974104 871944621
982078803 990934724
510366351 714790038
411904148 531119118
348198507 582575492
693465334 966754861
872313479 925840884
585122633 968918426
284091134 916708477
23332150 538878269
500154774 862231086
138722360 375778672
146297734 577728310
650261980 831188015
871922453 906701850
411889649 581944186
143796518 871524592
400182043 672169307
450835373 840494864
921408780 965417807
231183579 922081769
611284143 755216662
329737331 886989310
997565944 999549292
8738148 324570861
57280886 600337776
993233785 997158077
441678711 590721249
376413755 755722971
375281561 433801444
23408418 484377557
522278987 740185825
720758152 834803172
512206234 911004550
489002873 925468691
723887536 964876858
343999185 813642315
773878920 895240446
120608785 528175716
889998671 990469283
698797676 950691570
670166804 844613611
361468858 835152593
492523489 982960074
488536952 774024180
818872635 943916571
711104614 943847649
114076113 560286446
79387343 850686397
315475699 378957040
812817281 922012724
14666411 68686241
851528050 857564744
354990275 945451733
69448054 310584610
124303530 699456298
519025983 766326605
205686423 745605313
993139345 993748699
875271431 974273680
956712300 992306276
434795104 545204897
946778614 948490155
28675266 150783079
110999855 343050680
871183517 957767405
770300241 826056395
755978583 939525408
849311541 904654899
51656906 297709509
574269724 990686266
436092254 937419307
958121677 962621772
205212376 340884745
487924177 504149903
288301419 444234756
552541872 568038836
946049578 953581160
641213393 952248401
15444364 367249521
982356686 995106799
291179748 420291962
55936112 135985407
238616376 449877989
999394303 999716388
215705992 527337736
903116313 985471202
159904951 252615707
924882791 960178059
219753269 777363694
372864327 720052590
503625995 957521678
910031229 969809120
11024500 963522582
323845157 677604848
272091420 368304226
636976549 963422879
838370656 983113932
495588735 567296782
943637605 956628334
984193387 995423421
487280239 881673785
382853847 477834506
700952449 954098447
356903160 382310126
710998388 986661767
733909306 857732899
341597145 534137807
319759308 346551074
806517307 955642458
787206420 872206977
650810911 956355526
834631615 932966728
449298195 681438427
464251210 919654991
423784524 992453587
151013050 728090751
54831194 901244310
951967132 995596264
331505333 996191658
326400997 709378717
375457947 805735226
571450480 776360585
544374795 868553043
89868804 618051297
770280750 868281991
502806149 503955895
785709278 913952217
819423845 872662434
235051600 572322222
928584214 997375260
872443362 926413962
770574562 846419490
181217631 733359487
305604157 745628433
907428610 941564244
211989402 825428762
310391901 445427086
391609968 824997422
859886362 935620500
53981284 854661287
462245089 923422337
173482786 317239730
929560522 947184123
667416271 996073776
11572184 189449156
742666867 806382726
511874168 868639780
243837590 524587042
984195245 992269378
384333398 916360787
52911465 326959958
279371155 421927751
711685314 776232304
271439969 323961153
813774006 987940090
351400520 663457433
878019216 915661919
993175828 998204760
81142345 523386882
922070542 926929830
717369078 804166652
73497313 401769886
944629076 973754594
802424454 871787561
278902257 410544580
598826204 751833072
620335100 729293372
225582432 665818734
633540646 687264608
51199958 592559077
242480347 991920234
727029193 849926921
900731879 931382477
907483649 925822817
441188668 585277231
408069433 964349875
508615931 647324324
935618577 986472420
789688952 827376881
199039987 962144803
282977921 762061681
463756016 830296298
912438919 935640844
39400594 671841840
288634895 351056688
491819835 522537262
860487816 942107999
576911054 742644998
964317825 991146098
368544718 380430437
92287995 991389221
581073647 701639081
623466920 717750232
719081272 750673794
806464031 807019905
107647371 651098058
331550381 797228225
881541002 997295013
978187145 998507378
326157910 403559963
684696738 900340283
110461456 495460412
636099309 906710884
611139215 706722319
905850097 964099422
335441952 999810239
177253848 415034214
274682979 526027010
215564568 526657503
527861483 898168567
72980660 659678747
602171007 690700163
312447835 850866574
162168524 497196626
663936528 982875394
653749676 919404198
82229335 722543257
346961947 966182738
563450201 768094744
240552235 392406883
177524695 582254972
273303126 366020344
911301606 947587758
18840771 347128655
714517569 779649125
927322109 964091294
224245230 664995479
440065366 660030765
300567234 627856933
132868575 893960748
701903814 839179476
995352331 996907083
706689723 842553370
965250852 994543421
391676124 403878135
127370333 907137016
372199263 756659802
411053698 818144005
180706517 700097414
666918487 710166251
252505698 652578889
860045492 901427852
783119472 809359123
671029608 986308416
916119041 935866785
650477103 968635260
797064246 917329042
121817878 908998855
851057493 908838614
515372254 827704723
298785277 515830068
696894580 954144836
591213198 823494823
331963690 713232895
253024603 918535281
469209340 937817643
69845217 793717273
835848147 853537350
961389821 995453342
85532871 593116792
602968540 663824841
235655076 609888257
514198140 984963563
868157345 894219378
149145593 165924815
73571000 755626150
664532418 702254394
959481407 964685544
799543868 937048269
721895671 734956563
31401659 641594542
452394927 562811788
578153808 741625071
54467027 377887314
7186993 71396522
396039232 442290478
891604720 912790762
148406656 659900529
712432471 976088946
391903219 675501419
66650014 849459455
176616679 969000987
377491319 899058615
721172717 937130506
829060222 937417637
844688639 946064438
415233573 630151419
669701858 838550370
768585986 972735135
774448339 879472007
578959536 717579217
366518209 566543740
122044974 442318225
470562620 919310009
476476626 689124825
184828369 267345739
232650419 886150021
837424212 849573536
961668403 994563132
127051063 623797659
791776885 867930632
474032398 478741124
54162359 224784916
774157295 825172564
987686213 998081240
137333461 241686525
689659824 937537375
88566159 518253203
821147362 915851700
915172646 988483995
397480872 455983159
419112274 860530305
970865653 978257789
672201681 947547792
563872233 873872902
36487079 147952051
708761240 853836640
878036185 998810674
671685360 692196824
77563215 338472531
911893208 912153616
944066110 973489053
378250526 796675006
295003110 699057993
369266777 799013348
462167874 835088253
486227031 570040593
807966714 912518944
436201233 520622378
465121170 897575172
105030957 147916713
795202390 863767981
978806780 983291361
227735444 598355099
511431764 876636512
573211402 695630111
964419343 974578292
932466108 979264118
939905998 994319115
580558125 886453053
592520466 856399460
359248173 543136156
950450035 963088955
207310469 978828294
35392972 403564823
6841281 126264621
826948619 985527694
164925390 437327638
214503407 380439389
775546636 982840003
924823618 930815220
73086038 836688183
581800891 674807624
338455883 598531167
91239296 93898646
703607399 838142540
863649078 955306666
907025941 924461265
395051720 763049201
868942234 966130796
239758994 707900658
255044654 293014045
831406855 860060183
457021716 610348092
786960466 963899567
931034320 990766284
947847118 959516011
999432536 999795965
697371615 902738223
952709527 961732643
952930727 971694669
572311267 875233033
154957908 434734491
809923308 931206577
467790469 886497479
274349018 693569652
758903996 769213608
845526213 853661759
793428556 977247410
137743663 892448370
62378910 658319485
327480554 560435146
654258048 810925599
6779909 670548621
600115532 801844859
701785066 872893442
440926264 602163967
886052667 963603977
783784997 784306793
413227846 627690130
391672374 518254954
536689154 595938445
804107322 926469989
789917334 960907111
356473428 739871902
870582784 915136943
70344232 853946594
769556061 836932323
538658497 899485468
825262232 831069341
830892402 989654721
264049559 751710302
213881752 685988786
491483084 807010473
298052053 657587551
528109915 575772738
79459438 759855408
622929431 757864097
31508085 788926564
973936615 991077990
580918372 673684172
957497308 978053003
758692546 994310425
915865491 936871983
218205879 466985997
539904955 807491111
654013719 800336883
917569218 949060122
213304068 419694071
704018188 945894468
222509150 827225782
5136752 830330966
399134877 447503813
901690619 914057214
765612941 867620988
904000110 950572448
754972842 859094224
204086800 301286646
668219334 797243798
688924944 874309488
976612992 986620760
946620132 960215102
289765743 749659215
747790399 983363923
248405089 807120999
64840565 430216345
824168876 865548844
917537454 987603101
467231348 859090561
97694564 853234626
370690579 582706196
616599435 997232863
580351830 581838569
997922242 999906692
304935468 670865158
69406337 498154693
524403565 863886266
186263444 729701031
248270597 254006001
338473070 843406666
403156648 870076798
208233321 606683219
709790966 962932386
402062333 641784079
946255005 998361122
76471530 464944934
138653213 315179740
976583098 983347337
88575764 892140088
906562100 958391505
856209752 940574519
262607846 433306225
556713979 713130426
152889379 241877694
397598265 689931572
704263302 811606752
217687320 401862307
276828380 472378972
212444643 544906699
570492936 901245537
213438504 232037104
714672150 737192151
375523885 971334785
148154095 416534799
862643128 968780580
313791730 976253547
940840690 971112073
510040123 662062180
311367129 852215166
380488368 817513969
513826128 524747932
312871194 518504436
468242638 759780401
710750705 741565910
620133132 749782455
13067499 606881379
464627558 623746861
842333680 898445797
712869845 915143177
10570145 348314022
887672318 945904773
11426150 249311041
666610079 918244605
370500728 637009755
263091679 711550976
165909524 849082696
498860805 810648438
636712662 661629791
929749324 941644518
640403632 962074238
979019706 993147026
84207953 477343760
843407996 940411358
611829588 806509881
670516860 732344397
211900204 366349622
307764999 914936677
222433411 750035644
400755918 474066594
267049412 786130863
756224287 829402392
236610315 884951917
850078963 964343787
34038036 748208939
222202626 575547834
470300639 804375404
646886256 911774285
554944787 693950745
847397288 883138416
889537166 943397044
809835054 964323858
626838796 744415134
824598504 924346710
991684030 992452237
269204164 679350593
995261116 996940905
216041577 781719058
679691273 688917880
888139458 991006592
366612583 600705832
576157975 888951324
290933908 845000988
837575520 910956715
520753672 834007934
905864143 968249337
855405910 998459248
795409175 803739887
391322840 837292952
724374657 903767139
739159185 992822529
413630422 738759606
607425678 911438023
267689464 734395102
945149231 980445448
524647777 848205270
786602246 887299340
369432212 660427655
80197815 496254668
999297051 999706282
471401495 927771090
816270049 870909018
21699236 378553146
747254778 871741728
530207276 539595724
662924895 851866258
774093377 863582943
344232086 503970111
964891582 996539887
98319144 226732142
386129080 583929984
289880588 457335703
817907291 920853599
465702361 930877989
606320285 927970376
192753439 277595438
809601179 863546288
62993484 688261781
475766869 791593561
479117029 618247614
64593132 669487616
225414827 674581090
773739519 890355217
299487358 551035812
128640030 915623984
606134202 904638189
798098570 912107025
319293840 560076103
273062842 635788948
128794925 966521044
929581807 962384795
165882476 798375927
919478985 997756844
151093315 449852021
34634928 356893981
74334219 426088761
213931421 854764449
962860548 963312143
847107921 877974463
42030613 230733340
692332012 858942242
68670203 850740235
680808894 713007705
791851689 818363437
152436469 989043901
155805872 602828028
796739250 891927971
972077618 976329487
837011903 838608548
539194482 644207672
952089371 953838089
825279595 931566752
965262544 970096290
373103173 478091297
894623692 973562369
230357983 990534762
109829634 197590554
214959632 271016174
969844662 983894477
118617564 283400390
40395628 203517175
782098280 848613711
267774144 502528932
234458217 699825495
379965587 384859203
351018923 865161948
213119836 745336730
557327550 884057617
759924618 763512633
637718681 912951590
716940608 733263874
543339174 566816850
960520449 971416469
432297556 514224894
820994716 908044399
554677284 768223604
451268972 609123159
327732208 385044143
913679296 927113123
509985141 991220429
847038552 954419586
896884579 961369704
403629726 645470458
505999536 692895402
157517223 324031504
272775016 962995735
234874225 601593755
705688876 988464181
950202094 977060777
441270018 551436654
534667912 590936799
402283213 910155567
560013736 874553013
485589682 875469274
662609540 918245094
744447999 997570888
376603301 960597573
426582093 919362477
154357062 949246994
464415716 773819741
631371834 947928232
926242462 942084886
572321027 806830397
878066980 895509177
897564070 949372686
408224535 807142374
408375423 642199961
650702062 899594696
293133381 988106544
559687468 847508072
874125569 945189457
890740789 995680721
127051303 657336986
169629889 858235409
733476322 888987997
737780007 959387662
690900737 726178178
233139730 710276825
341197828 453405836
293662306 296189004
695474086 860030433
816612334 978614438
625262041 787519002
975785676 979997904
420739441 667176701
930262406 956885314
943288157 987336045
141800604 668947364
625349470 904839414
905058916 966761499
837468832 915628151
461463123 825035862
610005376 697113378
608218237 680915105
246621480 729225859
745415073 938042787
16347544 713368691
90350939 723211007
335959930 431412215
453491786 973777576
990155665 995066840
442917535 608876320
162813575 840219797
799474899 843597194
731046589 752548627
167697215 456255354
951431486 995636999
307937731 486927174
46003472 357486027
993904897 997360260
810934851 836183576
722221955 915723741
327162240 739555288
269104979 647087594
843717794 843870709
105782607 401549938
12890267 487987231
219198146 638593216
624449882 908148454
619138194 657090501
639553651 869798535
359260911 498933563
371989052 695469622
63718021 151570362
456199631 599950214
203420305 603799059
780937339 810537369
214628335 300768657
302144996 843899125
820204057 919993110
748391017 994003299
853365282 930044736
16037224 792681232
960527574 983902236
454485403 769064805
854039987 854942748
928432509 963716673
959234758 984603638
438528134 485637163
841891673 934268696
803178722 899014157
114912144 552810103
828603715 895232473
120505616 173233131
162140913 869007209
320398192 979767884
577221212 847495337
739836907 918692108
362957862 602214509
754485976 946271728
793749113 964528716
222335874 920463556
104262284 726749594
521532182 569853008
477467197 727517664
799095765 910760167
348532283 651048091
885409897 942299900
213942141 895744388
987121261 995254280
834753846 965169272
966462531 972481822
595528268 703338559
824905088 842801317
159081969 824735376
292802234 764675386
712128600 917272426
394690881 640784159
205969994 279161662
214740233 649382879
312914464 314392520
617833058 959392460
927608328 971684707
782891577 873299722
372697173 942726018
766338649 846540860
3635273 795341662
612309286 992106292
174981955 497414497
5317360 674505127
383191912 570193867
5675300 804108105
220857422 716733198
943004005 992373814
295679999 319698541
944956720 975359289
451583606 856614565
760755409 814362396
635789720 939728411
432924165 504244718
873148752 974709518
343237383 814949656
880857137 981544251
988376405 997750809
417608820 843564632
806725802 886526961
662083083 918947542
20772022 611101819
524482661 980129998
764224088 897591194
684951939 887321394
733522618 903288181
728477202 995666988
984441297 992522876
248426212 502684662
994962865 999152325
717499731 725827927
671546717 725355142
140609702 595596933
722947969 942514694
225068978 347728415
856645227 993765552
224180732 224365981
719638424 867576682
487428812 943722253
802415635 812058085
105613724 593679781
58481577 59921747
763283113 863707421
652295802 778331414
855091746 992206979
521083402 711164860
187277462 822110947
751516106 764898206
642014115 829283776
622983051 921615605
441682048 505761239
277244277 337300191
95860741 875287095
395308336 407177746
925940859 984177548
855014365 901140385
554401514 745596269
237644011 327663909
845310417 978355282
84018482 461999317
308531671 882946359
560340902 649618740
113929801 983949499
877343074 891597855
477771170 900369465
918501398 962270827
688148129 898055809
640552220 713674228
199871962 946564191
503914454 580384442
201559053 684846438
702488321 771069028
739764682 859086718
853727144 942429324
796674752 843016224
54749456 114070330
168929565 402353716
896106391 932209433
398723240 521061466
761448941 957930656
521169654 765074488
335905933 431238370
119531686 199703702
451834177 626542500
456689580 824088030
748097264 779492828
834353312 991357635
970517759 997370547
429883395 567175317
758791873 918877195
230505735 257902857
421185187 445104939
609135703 664310337
226977010 314734952
573238601 583213195
527471924 877504604
778058916 846363314
994258596 994937022
891556208 969799039
49847993 716961122
495614713 611619869
264692832 870711859
340852918 493881812
212853967 660356393
280334350 504519442
729061453 738097980
876506993 877663527
818051649 886446869
688907410 869574128
60086806 493095889
662320251 974980059
100067700 489295798
242718213 778892998
136927198 384194798
837086719 951859789
629041557 851369852
18896130 887258678
975469412 993423438
933199388 948451431
360177838 895207231
704970388 953943542
552430268 724052838
759509684 902743560
170410702 995747709
481777803 999058341
582644527 982073272
399684091 896357695
540959179 877220292
980351987 989583652
702548350 837795232
93468059 207841354
842932694 847467835
345513237 664681796
196919853 506217773
252431490 286812526
232789716 408496313
22772262 114253693
206144646 268537239
444929188 702574277
332289176 992629366
650176312 753567649
870107912 943093538
176488936 995604597
716635428 837821070
376399838 628527612
970457407 990978498
538945664 587736661
144992382 727549049
233400365 570621038
465391695 879732636
23004825 492568612
653530123 810019254
272593431 692609505
551250985 587240974
881214447 975614928
197699679 744583923
498557794 720179995
293942977 562655514
388556651 573185887
754515759 976497746
442255638 624319038
204639956 486490160
504654657 702134168
401897241 876608357
209529482 536157863
875603881 970026122
647385715 865927090
664805392 942791512
391816762 528466173
547752253 747931211
483536750 622903791
442503277 912449531
7069706 989875938
613147635 989197466
746268443 791758842
566825852 705796130
358814548 887293552
9905745 894632940
70608607 483225550
704704978 771573721
924060030 983454804
360739130 586606939
906987074 985380257
460432385 514587202
843324498 890984807
495610259 561234740
924418854 928207093
402471174 573733989
697475594 851296481
139396482 969500867
276312911 695528500
923524751 943642085
73788075 124256037
60270731 350554183
293251170 461090796
545170707 849012684
18602919 453958610
325639200 388396595
180368379 570704555
11754611 83217682
594592223 726406665
727999701 729059662
97578085 112239359
24494498 582407768
824811794 825212654
924806053 962683704
933388964 933767251
729741331 912797791
550026164 956512373
490216595 588016106
459791916 964555968
192263352 791643298
438759329 896291563
751215432 782415823
434550789 874873015
954745007 999903086
220475618 831022857
684235822 812156892
433875191 912949056
415117753 794716235
215196588 860682626
686705362 808534148
203919731 975101081
122693525 269669715
945145833 988114768
159645349 172867409
798193562 936157177
79366337 959457673
564376507 944947182
187438910 262181210
188732790 823799512
276450430 313745276
708755708 850731502
409242101 783279970
39076271 514680983
311648291 599139501
738067079 777290107
868042179 888969560
91614095 576988502
871828419 967007708
627204879 801942616
190148042 923400605
717251738 970130400
167823819 737671310
180737639 524879847
393275340 443004807
219000998 362632980
639156770 719258214
985667194 987201054
266650761 601177398
778458411 911082742
469499736 662054035
976598711 984696904
949935147 991045534
387592794 491212780
761327742 985043375
176732593 750296889
167081757 453461702
694131804 772143350
291347653 667448793
223581771 366005094
564154554 985194973
579605921 967855260
773481945 881622364
305940464 577730261
96989780 643563051
288721267 903854446
819932933 913204768
901724420 927936294
513417642 578514970
771053670 942680259
636243494 949671416
431694450 593425503
362593618 461065241
190592131 709790092
708413167 975169619
821448953 874540775
592664359 767498320
908308614 949825526
534325440 708142718
837437478 892424764
786165816 891318806
423009406 538774115
484916609 663574509
797823077 891140150
453083705 718294911
252115249 569090717
908700867 909646812
125223581 258779552
122224787 799528473
470715776 478905416
885773994 917546262
839519957 988115661
448448699 475457799
485419852 980648357
986409774 993756002
186057286 830391194
556662897 707847597
338718703 458628275
70043774 383676198
197972259 999904558
2693800 313042001
183773654 941471274
227306098 362173574
244823424 930790286
136502157 231918567
303076624 531787549
908922691 947041046
196388900 511016159
748059352 993035630
932306425 978507043
686062401 778750845
279618923 701548767
500415580 771110289
659794804 820920183
409303930 460700428
392140059 752491856
233468735 732873915
934775206 982078553
645603285 796580101
237660911 853243458
265970889 412496070
972154530 995453176
892658809 906260263
991143489 999663560
150240479 385856216
957912051 986778107
327972517 708120748
858016352 993741070
502293859 613620241
425343517 916288700
806132518 989911880
365352996 688433401
735523808 931343441
314202758 712203838
589815588 695742787
166406592 844278056
227848812 610058719
351749478 361242583
29275466 894747166
998316801 999019797
916198465 984985651
917671482 984655273
452615649 528451586
592000480 966823882
568077856 884051366
462529807 762878412
422717811 808466747
404740929 561462311
427732851 627996998
198779826 668938122
520108092 886485967
891914628 935241551
83693330 547478532
358472191 518459872
830165949 948982433
915835723 947755875
922814006 966673936
879802354 939351615
708641583 737905192
186818720 986744655
714650979 794004769
684877199 721991656
142243016 235733136
100886675 179203037
306429861 387659936
942221351 965351646
58965797 253202109
628308498 878270757
889270678 899088205
642424598 999526140
627033348 985300497
447343037 676666340
861695480 944827108
610645943 982957239
187555570 916498560
569813914 854646949
476557522 665854525
166677786 828277048
467353282 952489651
705802949 801594436
519407078 969741999
721182784 970209362
705682258 801201686
32075877 905739779
45451617 457818001
933206308 976006935
44829896 909941216
529479422 858107048
412973258 732875554
453601095 853018222
47490386 739201146
286709676 736132611
823784330 851758989
98611078 980291395
290431185 735862603
997135010 997721950
321122158 994561515
404812261 596947228
38681804 483929848
723527590 821567436
128799960 835371392
181181258 615463511
602278134 748652010
437253573 441350464
997147130 997701426
677105409 684830862
539661925 793284078
339190125 565405244
468536114 853541772
238963018 969018581
249140568 612591367
889910384 950312322
301387066 608988203
236020654 555526622
207270967 946234981
226434131 238002622
9582166 33395268
128161479 846133149
662116338 691595716
631536476 736896847
230077061 895546085
530551886 700980117
449341451 995580799
96626716 432033349
769271357 985511738
729672292 768533109
572619511 894343360
661474798 901479827
999437950 999740423
466919961 480366646
163020663 276635694
768124076 850512857
794429334 909221209
746680013 795837427
283061228 537669804
68555136 379841378
484032138 837207941
350342422 379731936
951468147 965504905
732685009 862283307
485374727 513954059
842193161 856140633
619787749 707593508
673545918 865069897
212090458 432105140
975038774 993882426
811720184 938077111
876182201 939563633
628628454 742732667
221875210 364411251
629521452 684289966
384299440 773748414
395600812 545756830
887239535 913874794
851601666 869581283
295119022 356596775
818321431 981917097
272485496 367634041
140581294 882945548
145760328 399543095
835945890 951709827
828080476 866330866
831035221 908768627
578318342 581469141
689163735 891502517
1780509 725544737
30822499 834304815
385826099 856019028
703241838 975791807
637721641 811142106
321818351 493593949
324092519 496400139
363032077 408417891
989909033 999691347
687757717 781689479
614881067 964481986
8137760 468693522
730473217 979011151
574555749 614037112
85694204 632057865
183975747 589760374
628177452 984095330
333274341 921331780
784835343 913526401
429211185 961920179
696362283 994060096
580718260 779592464
429320589 498202049
68616247 341826929
540123644 894570339
616650915 914687732
547637252 897952430
266050863 452810043
943408983 953312586
732917489 913365332
636892836 884789076
826855227 935745120
541654491 598231503
863696279 883270556
538575380 625908479
625798371 825196333
579989052 714262962
243022562 710522330
841133632 868886182
245001552 660267520
704048043 908463528
477559380 956815972
652942541 679271737
546219484 788008869
880546936 943733116
536256583 603312013
884527160 939305191
866577880 945311784
600801886 741074893
605838039 728557623
441528075 887064535
182240470 858479955
189894865 814671120
833027488 883325019
837294437 962558072
503113071 819133525
315530855 401170221
950400748 983366195
115984383 594324614
583325180 642831991
114463070 343724475
451820624 947442505
616331705 888517322
874605404 960744790
251209894 355188393
58282489 213684224
587656457 990544028
470387432 626906316
789347789 804820568
607003659 751586934
100269559 863420268
16587284 244624600
872990990 979275805
845365581 936346750
517818865 777653458
637670233 733437578
115011429 265060763
486015176 675177487
155837979 693972406
558230480 758869547
910436663 924497075
487756659 533061557
563947340 858331382
67311873 971612014
403676132 890741091
724595636 879504263
992100731 999669220
108090667 781503308
467114605 830139378
843509394 863641600
569664488 823714870
355777718 763265372
25962161 542681667
313957569 612221829
534367311 555104160
430735433 586605427
828870583 869911234
257688103 450514128
369661777 782190487
269252287 806783192
304364287 414073588
207463918 361168898
370885170 639141533
384654147 753695957
543541 125462698
935335079 948699676
553478178 772498902
675315585 802781618
4546688 954921690
207607688 601051325
966828771 990950468
772475943 816017987
794616724 956620187
96444368 856457171
310082698 594220722
340702673 480720977
237716634 790891498
393503536 504158056
772756044 873110657
451030189 666084613
708784684 790218351
157781739 427698569
809252454 811484960
62674442 342432014
354438297 787791845
369101489 489197851
829696726 930463820
457403797 878581416
585701347 938104221
757373989 933195530
290460199 731292600
152203410 854513087
18931743 36870564
644446298 976239136
266150034 997697757
569858915 983882488
172347998 796572328
994841874 999376810
85140365 405790144
198252747 258886997
511174681 532853627
708821618 722519820
231404421 784325931
832304611 902570803
980211807 998720487
223264838 860567365
710970826 944859787
659337113 857225276
664086661 929701753
748727592 957783748
610118036 769945973
211395836 550595037
207291282 222441090
305864175 917636020
476318630 570492051
681668577 871090566
471238945 983169752
451076347 776555856
360400292 771056944
774596360 860344956
879090311 996107077
342669206 508607445
305189500 856451152
878808869 943466893
829827468 995846063
118009829 558602941
380536057 484269898
178031092 837385409
379113694 507478229
541222342 704537002
52512753 91659943
810736167 941037243
69507359 316297873
972159248 995279710
615077173 740865978
499733109 551401404
543158722 889564898
92826419 222369324
306873316 428878650
464253881 842159531
720037451 836509171
134574296 633801942
762146095 882706049
571947466 924281565
387555644 975701596
656171979 748254510
500982757 545240647
421799339 659757721
997412303 999774437
798238751 816503397
308552129 600889482
628475955 633823090
846015161 997649960
209965799 281285801
544467497 851663725
466488292 612889621
244059042 657521001
405430643 718633720
53312722 315929402
17969873 469858470
827530136 880353432
210932854 707849638
140219923 847824392
896426339 924108620
365771283 406908927
483542494 551023053
905407661 980054484
279758366 530748662
250639378 495886452
542236601 548103613
831359062 965910253
127985949 489332977
99962547 561119691
55172719 893751362
878011249 905834021
547569169 641025526
351596777 568619328
875869831 902389079
444621217 925195347
902455727 996632694
207817912 526039675
88918685 924233428
978882315 986872377
688699783 958683008
211447692 933943931
619961263 742552550
359059048 662966298
452948954 738521456
259660297 597916083
565830216 838051521
796643391 836711414
97640092 589075995
762009017 907122508
624532373 924587122
72766674 744164271
328909623 869921538
899723579 984428973
41354643 393198802
219677821 298499497
862887256 867334816
708112769 825528800
392125711 440417006
600573582 711278654
659774657 685799637
32059327 884381582
352940874 586147975
137879776 476493694
272628046 636507598
496639082 557557576
314585686 345715318
505154862 571084600
269124888 321394702
967641928 975178390
645186172 896157065
926517043 958157109
120753948 982858331
92411119 520136379
325924978 391013330
553577777 731612410
571629337 604127948
390589103 486234216
157411516 862268417
662191564 764853306
499084109 657187998
239743132 428903931
754295085 967393196
790220272 963922547
877540768 937776161
178360216 280478880
26163211 645896236
887158701 963952771
668650013 670313258
626912476 786895243
240332684 529320914
960421989 986503288
669059340 991318760
17312482 744892839
812106610 877882445
115107243 929117156
424656044 553508164
948776333 963168955
964667349 981757791
786051631 806737594
809925193 985712309
647195442 665541301
899677729 943055903
521880759 858522887
917597103 980808980
845769335 896407120
382427436 555576974
149597958 811130784
497307751 535172305
727167554 791130039
498038433 505109642
684382687 809260956
840128289 909650633
848628444 867646061
719230628 809369129
308894632 424332195
772091606 892523962
453186390 454753913
142731132 938781440
331350838 997721894
99429582 756957877
361662076 586984157
689882900 712741373
677514367 905670001
761606802 809588021
886388690 971343567
848833335 865065121
412070819 543517040
973654382 990205826
248360732 973113134
804344520 873260697
3563958 953717977
458194884 650127917
368196119 469638665
306152078 547553608
893495426 940697102
444207766 458084932
997113499 997457731
823676779 905435369
282496470 602912141
170922020 923596504
568084469 755664699
828542001 937052025
446278800 478300536
733707654 946772890
313896932 924842240
950480139 970465240
850280273 956283353
422517327 570823589
68792803 883311298
979878870 988353116
700832112 793715125
151373596 526036795
909456712 922102429
749168418 968404845
250123697 949896147
564333398 592344668
2924237 376093974
18183059 662069821
451240058 542185080
708952652 956807300
911936849 930917985
205542853 898242967
33207134 988511082
732027652 763640518
902054181 935214120
645131187 665805199
225716112 496489856
810198081 974230133
404105849 656971588
964018530 984074136
24705343 475536238
948853625 993984871
245553335 433924666
840519476 963076177
12274305 95238793
521467555 521955755
311455804 393373819
61136192 393744352
360379053 583288494
662750340 679928965
430592590 709384607
439003867 731617659
187915392 978404350
953852847 973609598
475532871 975645097
348961720 452226430
697659337 775703749
66718263 596225023
126846443 182444977
766247215 891466449
567616331 970021736
211841648 640691365
168844841 778116608
22745549 526358613
430249416 486867432
327118740 947307602
359612438 838165794
168541832 177383942
64228791 888554447
537965767 996057593
293100895 853179757
510688116 934485444
711125223 751462591
792162689 818535481
379188973 673667922
634248038 707587547
847661217 902880675
66899530 684752873
327067333 893188433
302164199 488876837
613516679 869760907
68452598 921791981
460063176 734283519
500126733 500288230
986013238 995155622
492307436 500960642
406459091 518525389
314612067 342781332
717298719 773530373
431073110 478393858
115103501 943284036
581196144 619450721
301539598 828491958
269032916 554065489
791314385 821472854
706504998 730882650
52619861 577975588
346531899 854695554
501411842 696071999
335461745 834256463
446790889 757113374
346879428 599879577
308578489 796864547
655839428 735052228
473350735 914840274
290754337 695733520
302954305 804646951
222524262 724264456
726563895 851050917
310513016 969199870
771202581 832351580
471015287 821963497
862416607 889950602
322103495 587623326
278551381 756418703
317169963 411853989
553042404 864720549
486874285 762319833
167667889 422340782
483104321 879073200
197604619 805070430
168006226 714460937
900032468 942589128
708744005 887053599
865735041 935066418
554648956 985023330
141950293 185942471
8393515 955680548
672035217 901340414
778222896 931649692
46271123 685367090
138749313 751431599
254130837 859232204
507439178 930409136
556756527 747898527
585577004 610891606
106471309 183422935
967538890 985023730
814850979 892557204
691135625 789014821
264933187 743947238
535470849 966517879
473148515 598515947
308532556 606312704
666192983 673267517
414756260 700740965
962604490 979091746
261877674 690000595
561656189 782663938
62083000 407761852
294443767 480651669
740502392 969298827
51953956 327217200
364079641 929463556
711256621 913449677
245361839 470548985
968484004 973328553
333623405 511125872
538365974 769503225
523951559 961098371
680278456 690952418
272242824 847165285
219729271 477554545
831850093 877019594
717588616 922037371
954174956 967601370
601908068 624133902
362593252 810550595
699282411 823314419
284872461 678277697
341478997 678921078
25596895 84735464
19508766 739019843
503828916 614616927
54573628 550532813
649203472 897455416
794966173 948000663
42099321 808273138
975678349 980039065
843873167 916490512
410152064 492808551
362759885 562469281
354288396 497123073
986133635 988220335
172382017 912605717
825676114 927996202
543118010 594722987
294697415 717283721
495932423 633852663
568380532 702695332
102503897 863008262
426647518 502847273
733826224 910694969
290540832 524985869
630425046 674316713
697452526 888049400
387060450 642407055
208212935 297150705
256633297 738836284
784541496 920610148
300595281 953857078
68805177 274018955
957672938 975796551
423093367 464624969
498479711 680852188
753105283 758080756
989262234 994097531
26517923 149927920
490578243 838602739
216091759 376694977
103547574 113208552
886995049 996276518
747907800 838835065
19926460 155237930
738934254 851769749
309044898 931970127
958098351 984290208
72844857 340301909
734284008 806752777
126822305 550956961
519394477 967196807
710637768 725361850
736245332 955462356
948677161 996743929
244966606 705720318
584685240 604568618
161590295 200123479
657744450 997868077
663800116 944965281
128834750 340138085
188451009 619520142
386464078 605661013
315908048 702509858
301800534 920002041
914591961 977499450
401790335 919834557
630957430 673035667
825996844 914847005
870735423 959254415
690221675 906354548
425137858 737958994
747513767 880939422
848645887 853349608
924618873 962708557
766771976 972977289
406958006 443134386
196365065 593361974
300768159 810745478
306861895 605469633
931637324 939858264
534928881 696314850
902879877 995142023
29846955 471145506
765862561 945987948
871798153 891593436
916566035 993164987
527045291 828977726
136084669 647951216
627703826 689507676
80293820 841229935
745267710 925112819
616108998 710369474
236959732 417771632
24186233 799648234
336484318 779630179
459905854 650835900
543842387 826850415
961647533 978608365
255244941 525104419
282109897 782167421
275524841 766136510
403034178 536922330
411860265 546024968
36903049 905192137
197465966 761675086
242428219 999448653
103413208 196490015
808029988 876873705
4666258 32364520
488942272 890780310
835130678 867495198
640247952 842376826
281089065 935847522
782394096 875979072
80696019 366769077
525521862 674819790
457295722 745621460
881741751 985296730
534904437 907226214
345886090 497788762
11018262 197645387
462785646 895512351
175287723 912583026
573867617 623381697
302881765 652846289
998662032 998853856
325483484 515857610
420012180 734726295
523846768 877799053
238063122 547153342
276967667 485799228
381844201 415908272
922307779 923389419
433862374 467306100
64333715 930890508
429892288 637214956
801725469 882675715
881993003 885895344
282298622 846458719
85330544 124373704
126041109 870026844
457513679 478520311
854239925 874634057
211354588 259604719
337287972 477047175
450254546 916584577
881649133 906678823
160305396 619938619
762486745 949844380
699118775 885172364
970479349 980725069
233627009 504084093
79523461 259508958
829832323 893875588
99253612 730791886
998905337 999298514
5240640 24102734
68424898 344090246
791699751 794206337
883621693 903566118
518794065 924671159
775993855 848520042
975042545 998086354
908410171 954639876
951912203 988844324
886356408 889670752
670942180 995355902
609680574 903830265
113971964 526281403
4930450 785112213
622127463 718619738
233585480 367152597
603395385 643791955
328259330 966738314
931832929 939627969
942821614 965258355
983050934 986592887
896423125 995149534
375071140 489084272
185584537 960298534
665441628 698682314
469544455 926899774
403050256 951625923
902150587 961760369
446993865 688044397
672086313 842693504
517065411 772057078
829377345 929375371
186237094 245642679
949019248 990408602
383136209 725130365
371355406 441228938
762487131 834079676
763327060 883340884
859917102 917065082
314686885 710117066
988910097 999104422
935651053 948270805
731809067 997146932
916423099 946395856
50107931 632507763
719871228 916151095
248880154 786422977
941583533 963771319
559024787 620987253
389090299 420032421
12951745 766018991
309620537 853145083
770220629 866962739
603093907 902735370
137480573 756010450
604616311 675828149
169471882 463289144
237967255 388826355
689300624 858166336
756910475 910166104
756219734 772763984
59100766 749960086
644366096 774533984
591924139 618192177
517773288 919461587
56747889 477041585
971930429 990081410
370554530 955318234
842281150 894271467
694712370 871576696
717997661 935086308
926615287 988729141
67818450 615642687
522526604 570896288
450568871 939356209
523180899 737821178
149171763 312031732
645520211 663614372
490602304 714679542
442657991 825722981
506278015 904907535
720772850 880669637
884110434 907618925
703386462 882551777
959275822 993552218
724777553 932966017
704853071 848753533
585562021 766147877
465403646 801718769
703328138 763494622
909711755 910214484
636751060 795188114
908207866 948165857
703360227 951937710
280966100 426228788
65941355 532157012
275442871 779935810
558459218 871103454
317593435 666497236
224067554 782225809
353602679 623273816
905465003 951785259
100112132 114354109
682437146 959935537
370342677 732781307
524214997 938561925
334736963 362352075
420137502 851605222
598491055 848574843
756734745 879016206
842653749 874365678
502661203 882647015
934934483 947151785
184379178 533736810
444884074 567551087
658685288 745005377
862208187 922144644
701308372 787377467
918534211 942955138
194076216 794319087
410179806 695712928
669188729 788576447
539942131 700445847
90114551 171370249
500713654 541391587
525502868 926592996
204257054 954567573
473607582 988829038
210871376 654771290
793737961 990332505
252115297 349679327
730957161 840366673
865697790 876098225
652198298 661125680
117444175 185305118
913995296 964311133
443324164 633794146
476006507 820701828
371499447 616766129
964116573 986050396
808931044 916118777
960169616 986160969
794193087 967539799
913673595 946120256
546074967 663299141
249213176 898345020
931101423 998420163
227695887 478131011
533396612 757446004
195069004 317510685
845013104 854860987
558092151 991526095
519638713 548004259
999852775 999973812
986917325 988332582
254526847 916731841
74614884 288279808
910077347 913304127
917439263 946282661
289234304 512915201
937002965 953104546
635898456 970304365
496817400 786137562
369843939 558499271
994247138 998905088
308338449 589854064
892581064 975209595
172400336 808667613
562782806 610604720
944044904 995949526
819064580 836463033
891293902 893768351
393093384 594542178
449136108 511538562
328445273 418169290
341092115 522381900
878859894 977865623
606491219 990351457
345338006 938353986
171809655 812933623
440143231 745295255
239151064 485617592
814986713 818276139
489906629 963021839
609083503 772721591
266137501 617252593
669497407 753708564
297316781 485742988
250774688 296940701
926197171 927524825
645070188 905578960
444617904 692157459
738599129 972789466
977946172 982642284
675514602 720413380
180974144 206835436
408386346 964249442
730105054 747839811
736967788 808674785
889851595 896560498
86865387 232430173
748934824 880399549
267291192 948695549
461074361 850934345
379125195 525814218
674069034 951421020
433477440 661582962
588158501 808744002
850125780 975149105
561544063 921372195
985996741 996693787
785142058 933989477
647483107 742980669
312023607 896577449
71510385 256209548
689507841 795652729
18129976 304903678
74416310 253476650
316668388 365597138
446502530 649781550
810109850 991375396
494537152 629734971
859795561 946831031
444803430 870495756
479758011 647077775
932239323 983844497
431066747 552223706
432767866 999299080
343990469 701793505
971767069 973613783
318583688 594362016
453192186 772550010
774500600 774709604
826953331 835857397
822927453 943059757
435381812 767718587
12484081 796461007
954311501 972931334
55258433 244459279
448099919 781125295
471299378 963732051
940574331 989953968
233934601 775434879
610954181 945825352
67780003 714592234
620022180 911925093
833562468 836895611
596592748 614633261
23967810 433699344
669447419 919217338
607705689 755241650
392859413 836909308
295437289 674308399
434470866 930593330
906871881 944351129
535125691 671235343
356725723 514920105
193693905 516546853
140573210 870626903
992057443 995822843
59221464 610769130
679539434 817005113
84398950 782428258
950601026 984304917
453618688 847431353
884434744 934847295
734788769 794592965
614440388 900322443
955236771 962823566
237447823 871065727
565800970 951245853
251946744 306755455
384142894 913472454
840840489 941846520
645353370 905126425
431443597 732319129
799656546 981313932
107453473 537717137
803707217 818399341
913015364 925924821
294315066 580368786
286363318 461936374
91435631 200440069
14024182 483766601
242349786 418877235
205163523 656082890
927027829 964733937
494974034 702060905
170581416 596497035
142583754 528601460
773027007 913269425
210130323 276826369
38578623 156998894
505679155 628736893
877998947 946743129
40880212 237667284
590232989 986915359
376693035 491439450
695170075 703662971
909070364 922560883
177278270 735222409
982456445 987337195
713385555 861183120
649859903 824293962
616435318 807934810
831003782 974822158
20468921 734184104
217800474 838520412
177725314 808003802
833529122 926587556
939173712 949343450
552302426 772381254
624314136 846951631
487401210 639012260
83050438 628373568
380655575 651566348
19045651 375105706
522822286 532848493
58722876 438428500
477816358 550726247
384837069 486307130
892042062 999656981
726034272 880793561
323410273 767101229
158147585 362215170
711905259 735023218
312338561 314511711
977550774 986276383
752988546 828756446
189135771 429230637
115988246 593851174
518660145 857118285
56170622 325641292
763523783 976588533
766922644 988662505
745470383 984321356
59826639 307676898
341438151 820958071
780379853 957010801
735960300 934084554
961457220 964518834
619859830 674802695
12720194 681725383
900414465 901382467
956312516 966268770
987098126 995016915
994735882 999123084
157504304 933957240
215713280 453760385
984086967 995215955
486953042 624238335
443033801 585752452
714555007 920776966
415637874 912635507
943367568 988041640
474127909 657271204
471495381 729645798
917791186 959951125
218208146 249033254
623595826 884301088
346362649 693935167
64231577 607749441
46511023 146691198
107765172 581825979
740173686 998051186
814374627 848456871
697012105 929196073
924593672 928115968
248552757 523944683
838396674 882033097
83947474 924395074
403684930 576057552
834034127 881513022
990683163 991635020
835953265 892556515
405131465 813396318
868183963 879421513
97000341 445879124
584020465 738780749
302949285 467102889
30224198 629774057
509203119 944440822
425785753 820588679
715412210 726472130
713534652 831616351
966010671 971709673
380276122 657135768
239521937 705065623
947058311 956754100
290304156 395110985
726286828 814354019
185938410 862571481
873330808 874210770
404563480 675950649
605949420 950138069
574824192 872361409
760881177 799629462
905598384 926341563
412630771 465079606
763746759 927299765
210375721 587384770
418230046 721165026
746774624 968294478
434275975 899589502
673769026 899742640
356581166 741826512
217009847 803321389
787497594 878387747
774901590 869709401
873230960 959652329
295809542 830919479
137102818 590277872
679634245 963358454
685686510 995624660
938022281 975230623
28094450 595329321
957351492 963679987
401040173 903940491
988581595 989038400
884975789 954764917
810606266 999810358
50687018 714870446
585368437 849129124
707167454 968283729
537169825 950169793
955976554 991761011
74219473 663912343
550628606 914457845
413291993 599345521
583878400 935062171
673469601 904427335
214418420 573582645
922701995 950638272
565255378 902465658
459853731 673868326
73302529 582891915
966394511 985676944
624911254 743295641
355164342 653714095
409844424 538255792
782427933 978897317
88814605 418998835
839872461 992442979
26693290 156807544
312718446 591522894
191989878 574856473
150169564 483892489
324122524 563480988
583753724 810938672
229417153 675707698
545725538 817406347
635588077 650919605
341435744 989225084
412944472 889927182
20686744 828767691
311513887 608268954
25925582 214799361
271530393 381065061
892749051 934608605
896719700 995071142
697484087 784291086
568610588 719382675
564478845 793875765
921990275 946997151
247111999 679979197
845222322 889632236
159857608 912243432
178551437 273279173
939638765 940476988
865598629 905962175
858118762 970703221
548447009 806383508
640910376 912948615
751073777 961166544
537932243 754665734
53581269 862660357
168749832 393511273
926201969 983965076
192738266 366572393
233337415 431288077
791692084 889142557
616337135 672171635
230939231 546914124
753786080 966060240
278933361 823773252
408872470 832122691
293071432 852970152
200796412 890610156
549276610 848589964
700323044 939695129
243769654 835242210
416642786 506153076
190039727 458949127
236679479 479887953
183429457 904146987
520221266 799253411
516129014 816020071
718754719 892153258
262981298 280215205
183381140 660816230
878312817 960543122
536455624 798191159
167247340 835447962
407336174 907568189
215179082 953496208
908341319 925707552
751059310 780976802
901225992 914404812
687246608 908925880
482756815 511356645
788450758 980224564
158780102 916365418
140402090 738872327
203638822 228672789
662803645 703482624
144252299 178304051
383245660 425722512
105279302 361032319
67295491 136295946
493741357 598818204
90915889 686700665
408777090 465280162
772110014 911182380
347585684 790722975
293638768 926531311
597791588 766317807
687162551 699054745
423958081 634310060
210759537 365399868
665096550 843857935
870460291 913885839
204032163 629223592
480204868 581344856
435763511 562996665
308595617 890454497
894344244 982677542
67050465 763548774
622428062 969160330
139365358 919229726
99730174 972810632
346432497 496655601
62798604 334847418
763564127 807640456
905450162 906365986
104398398 314576414
169808223 250073720
905901523 961792201
893006238 944916050
815079198 875494287
241096732 270738357
503066124 543469322
36548266 658911551
95873823 375582181
325842662 834095782
791974108 793862681
362476965 806991762
517484246 988272034
989552632 998047299
223265001 476729686
797922101 946490410
520111279 907258028
74119139 752078340
15021217 504451210
156778969 849028060
755896625 834528505
318783634 846300373
106950005 909561166
458308703 866144448
116160193 600792596
54657897 877977898
366994600 733153614
936111942 971018779
378993459 564059158
110951702 190376293
260300370 997318479
270444561 754889341
328710461 957653290
227529998 754705397
224317484 628437833
544017106 958198211
317549440 649504228
421813413 839607175
795867606 904649312
454745674 780281283
178081237 183614374
165357985 214141075
823951332 897336555
334906828 950130873
271036104 590328343
95415841 233871148
556141008 613897799
701092602 987850446
17249376 830388087
900506870 957499784
554134635 568098062
711962867 930102638
641836040 702048417
952431403 993448443
285234395 488583367
237564719 834924644
488892464 959600091
869089836 905193161
381777106 585919680
52553630 629874173
812125179 820508504
852633081 978613670
731538424 829636810
731476474 898114094
310144357 636750800
148363564 495810863
451832664 615708296
62936676 331290475
203917660 995550256
729484700 819296757
859930125 926213827
386115964 668184257
278646136 384346274
528090894 757503795
840131376 865475624
505009150 820066041
668345072 885301289
773364466 920398916
40730554 702596375
487525667 755281051
477423030 509051650
940537859 994621332
952116427 982965404
437242319 921866061
595055951 820896999
597676135 870216031
604361510 832765613
78646230 998149955
380122929 845324818
508824816 847331868
588947034 862314513
74642340 374098600
591994866 740705916
201464487 402875790
282592553 910389804
227328363 427383161
43008653 413352264
150747627 257623266
43343185 427399138
216926325 556182910
705635003 763638706
142254766 806732429
754831829 970691468
372160831 817085197
329081531 734270793
638906843 704786154
805128029 821075532
692255429 739962104
580193518 648734861
438416407 682917552
645127837 914175390
5706714 976216437
755304799 767956128
442016572 447424746
344911854 911235602
176686754 879039436
718792881 919943322
298850467 843184933
788274955 893329123
9860212 475880947
182986836 496918454
904049244 994868628
77810480 577831641
734826438 923562528
443162134 513132619
214366170 365426710
736935277 787334772
829325119 915823124
450949928 995160908
357809056 906643732
411083316 653666381
411592364 902366574
352689931 833822920
89045965 311445964
178560974 599567948
105150927 332438997
178472317 674022173
927554344 941426954
579405887 968963500
660059895 876551328
306395181 838928461
88955402 192490484
241549551 690887197
700116123 946047479
394889801 778940869
442750355 814157494
310230115 544531530
815388245 903412514
112774341 893618983
572971879 895749461
306876495 500075480
498759442 529631059
851398486 887898289
353734572 603262067
71840172 245955625
567922436 642474276
763515326 997600856
590645028 900606684
775837560 998909749
68929980 663029714
612366333 964604377
835718100 932981049
774726531 929181777
204087167 451420732
383432646 847069794
969794119 999714211
386445575 867696299
742170943 856055084
99357681 116093345
833359598 968921401
913683254 918770845
856004663 956470717
528905152 613073286
981921496 993266907
423414262 646433290
306907559 608776400
523406060 743279954
765726295 982701875
349856249 682654256
2612429 593760785
798307400 974739836
877565860 963757582
121012953 731353505
275827292 548900692
35227743 473515464
985993267 991601005
965448949 972280447
458287650 688725916
235413372 593417567
262827423 974112292
782298898 991178158
748327239 825353530
138164827 324753167
355695167 772391628
284455595 411307383
31908549 134710670
555743699 737592084
756916511 885919434
616866764 778766987
173433352 817745644
961514373 989191867
253632463 830908445
932497933 964669859
277933886 608794692
803712306 994587906
155929923 634484782
918929007 931816515
247071339 373340409
719261622 950402468
7881369 315040863
770633783 782431374
254060927 332675193
524175839 669038586
198184042 829885978
165073467 857825821
841767888 873102445
263001979 581029803
526124724 937975385
644906167 862746651
616911896 649951157
155885907 240507549
486990967 787413504
586333125 787785962
355423260 785126326
573748624 980602459
198233159 858237193
651966466 886696305
773687049 970275491
847934374 979802487
645508786 970172864
519366531 611981699
670145689 866223732
307971809 658745471
611354791 944700206
596848711 909330631
990879273 993596000
795494420 949631011
208601928 561294338
531218964 648949498
879647571 980362532
206796135 553827662
589024573 831726635
841351593 847990162
888732180 899416498
446714547 519340182
239709573 500027887
508962699 554404252
119316004 584082176
77846943 643870069
605253241 895926851
464101413 710322484
159976589 782858610
890905410 945479054
144337532 358310201
209975357 893234615
819923342 922989785
527392018 839935145
416746863 661205343
404807700 703008643
394870861 477080544
644797610 733955425
48083842 894962036
205668790 411103713
963202348 966684599
784437588 909992596
49682931 134974126
182677087 687709735
93494778 943667695
522785905 868972554
110057207 913467942
737788664 906499318
54095895 656058584
803978919 961092028
954038668 993337925
899914941 936527170
777419623 950695760
107630963 256065061
566979659 909046990
986074362 991572166
965692653 988582001
136637184 982127939
303202037 877941909
618150996 873484045
169456761 726572462
61414998 965712019
991431074 997340991
189946361 905846603
856203305 955148643
964788101 998401664
760510322 957861752
120601777 420020027
228561773 769317656
955900702 957791431
61108746 647764304
798684355 857124405
268637457 812560405
896713679 918121968
957343090 992087364
349018773 646772843
744890287 753177821
937748239 970797667
42493015 215638238
281329563 627945318
470800837 994821777
166574961 334012793
327335670 451668458
208453533 737134064
369565109 972230511
322902371 563517213
178752734 233020975
176281597 845795888
343975390 536842640
476784704 714360941
34704846 752777464
674818095 995712033
990276043 991576466
633288017 671789482
340976375 534601189
153533472 176336939
766208715 861735607
241619760 589457444
961742071 979041960
438292827 860258877
577992363 695300003
651958628 708507931
368598335 536902515
128249296 301446130
7071081 741521041
747479956 773815577
670732778 843967976
706089145 767482157
508089225 665918142
400514147 505038494
828074857 907941513
666447002 792577193
767986582 813216447
587968851 938755797
626003392 754328499
931438299 974257481
380130563 604763177
882480834 904008376
560147860 642582594
238968583 940823102
381062200 890339517
605123417 977429345
411026742 835049024
767327211 868241118
126963382 639147308
70684345 882412393
492958601 598734027
826524173 934549294
689054532 807710326
811390631 891083547
847259739 933291148
452108992 694445119
747251742 926355042
689672014 985017157
502760248 864733149
483603387 790039894
836030676 938684350
980380307 986846969
765722341 986180620
68846474 142669560
277925552 538292112
39553576 107090132
308946218 555849525
129691953 132579277
773803689 815088231
150504886 411076306
428175262 639249989
935228160 944363724
361580401 987490703
755709299 787304323
779698517 878637316
335299924 832373536
983303361 992979106
552574160 778508509
766115192 904608359
629045666 880945402
945646826 972886856
568316450 807486578
657316371 837182693
56285461 886051989
805005872 852108922
29217085 819418378
830045699 902431156
984326833 998127352
991615945 992500571
376042598 414190597
784538277 833513911
840399805 926803738
10613561 242333323
76826765 626973068
654984245 666531464
538464484 814413640
260510134 379752515
299844116 970737509
501380081 608617646
6053693 854106702
440028994 721780501
279588056 559155303
913606058 928947263
59638356 881539991
966926884 990433486
868432967 881190798
933961198 963379933
661529134 821147562
369872448 437627091
67947968 718792187
535173514 838300774
936225354 960391800
398128818 599476170
931655096 956712047
337016961 850438011
50506322 138865044
848143389 985683969
50455906 735778704
555410785 629966461
101336828 657645227
502746221 985577463
176547139 990464811
765196836 867820495
816247931 863245333
176152588 696183165
156859672 463493228
524194180 773489521
485740806 625187346
765578902 793405147
567045133 775840269
485397251 556300306
754781582 804395820
608965146 865442309
586721216 848456665
182431441 479302009
561453952 661159222
287861715 583176614
214338813 814779053
199421240 380291058
298901508 862770870
549189123 799227796
96898326 580178129
374520932 872853221
365862852 720095041
147287977 439614562
214182272 604932862
552660323 672439431
443106819 921583550
818149234 971968258
307036266 558030499
488641379 667835539
511004577 617369378
277543523 640363531
627718182 764296954
567354548 964397615
439854353 564670274
781721744 936751226
318871257 682489484
954433365 988402311
991427018 994495237
399736764 973788016
715321285 731185224
201895695 490588248
655030431 656938902
663074528 787501429
681016162 747804791
52262314 60109736
58837106 580302678
617566478 797248022
266601090 437953537
317185998 470288863
162678128 748063480
796571214 815185564
236796914 351116923
496606231 558493166
190153790 502085330
118111082 662279150
727088864 746081266
194214937 518457614
865015446 918408374
370667509 494128847
810828868 882469691
413016350 779233932
672388366 839079007
988676007 998021377
121250222 598231344
557698853 793110016
946131810 946501957
515627541 993187072
625745014 973122385
928101880 936545880
708663730 922898895
71474377 221040269
469291460 873375416
538012707 744771699
644544877 870287699
624783386 671945261
899063791 978721616
727237652 970952663
446773624 683156119
706674751 969655770
764638701 869665686
480841759 536740651
879534525 892416078
677261837 992784124
206142641 421460897
502751776 590152058
86679182 795292534
865068622 887137043
701576062 801155666
464137293 506222114
783056377 991391974
253199903 898407885
535240335 583368908
572427565 738690267
475324842 802255057
122647685 185001380
910511687 949975743
594911219 685112197
573675117 740714044
512301092 713240477
683305110 884012590
997612979 997665253
713467258 780241653
3575973 782328805
195478667 681122765
856402281 957441880
659704493 671457182
500272545 583790916
677659973 974315809
1647979 248411645
258271884 508762599
476162365 797311318
787529713 935244283
222477355 921938700
832059885 899193168
164795638 729726360
683344602 684621582
568138864 631522666
634296391 798809719
222284519 761983450
358114376 821933225
537573592 777756294
427379447 707345855
181539525 561756862
47745240 767279328
237718339 741471026
938489443 978000639
67035320 492276317
736841872 779023891
687098324 967577222
450366462 932120360
954581683 983116935
237716948 732236483
620757996 712751575
685663313 951002145
330166397 731424612
353898861 681086142
112603495 295056532
347964746 501393564
32327903 823052544
90901406 302374507
418827620 951318795
466459707 773712611
792469484 923570591
773911353 992445610
384973845 938986193
411657254 979527289
50057445 350525647
269955891 436959326
821602226 958491764
64838410 333255608
88659007 977333962
902258279 991772516
634784584 877738663
397134519 732922542
790841959 819294601
622371152 914507926
674180405 946660613
146667978 571603385
555329107 571653203
452941335 502278491
626438175 718782887
33778413 603606029
196193854 759410964
355796596 428373537
782197088 997269006
486936851 913198109
636644588 890079296
732053250 814193245
470553251 781026098
683938216 979360412
869933930 976529131
660214010 787606540
140477058 809395096
159422687 939842714
615611958 696530807
595569447 855112427
393776055 412650631
923273841 989175043
158958764 472856991
666747280 949473774
344011974 595542787
784548180 883206031
326396536 381847938
40720364 360153245
955769904 991953796
161510643 534230920
785529110 827144646
540023560 925726757
758237702 833539719
626736057 721862706
120999351 339645662
706937742 815498344
726170941 945458022
822119238 995401671
709424037 787634671
219218665 952938156
296642345 499788811
884389315 894643724
300125743 374053380
769127059 828163001
586070015 668917762
734014195 951811076
30220678 634901107
891148033 893582026
155360125 405096444
255220363 571268949
108343882 609069563
237230354 295388337
54017245 374369993
640026748 695508169
162093945 834014615
257528782 289185030
852894441 902890419
327980943 729798922
424898773 459471482
435606494 527381175
195018785 824054157
46582299 113696301
914013434 975723040
242403309 346366224
461764530 542792925
815874770 865467289
979877853 983734450
237467001 995776059
312666654 360784726
763723802 813315989
94540574 806315272
647596744 821292728
645970077 823790332
793314675 869405450
243988835 285390196
258783667 264263817
103776417 667966874
325741203 790417226
777901585 801917132
704215090 981257823
144044922 420936696
927070244 929471855
376978722 923736172
649942674 809747592
673408696 798678565
512763375 880099040
942622825 945387560
773068657 918396637
67158934 104621877
540469593 664165201
387680918 792861675
976593102 998031014
318485779 645388204
590609113 701845949
68842441 478682960
277493941 538053789
639302147 986392184
361105041 409139138
701634514 870627495
711604792 782777240
999816832 999818230
323832758 338532173
300613373 974663451
573408480 728111510
701738133 770586717
408908353 976533143
492620636 939956109
937409456 956647543
586083158 660005486
452857047 771715048
830449379 892624022
65762937 157476356
192236549 491426400
574972358 592235654
918340314 974216251
663310720 758101436
287159272 730023161
20588888 373913687
516416792 987694716
6076624 511704814
907801736 952511830
950040747 976812607
385535172 544288672
770985220 833396643
676484817 840745685
850040630 903511496
983612916 992349421
49248524 589348157
932297020 963142466
501709141 835920737
684138771 760871477
746543975 944973631
635378898 678375110
583812207 754009975
409467199 751694127
669300093 868736867
204456287 987999765
3293113 994916175
870625916 886890615
145044820 609644544
340111341 898078545
358260311 977475689
121681741 651810811
844710716 999286461
309492432 713257828
4507477 197137633
954829872 968094387
672276866 822698759
595172540 989891705
173910888 483463142
669550291 809164039
629720621 713723007
566300399 867312000
599435947 847127551
159824699 233241381
514862072 947664747
961370997 962726744
386227840 801034973
156728650 787461838
795591188 853443992
616603453 619873036
655416702 797517796
24904544 593714219
828996061 999192771
145573986 319276237
431768211 571172319
372644736 727877838
842684742 950590290
97675839 663049789
234720063 329160803
576737051 786623607
865168218 870749149
20593071 588969390
185043799 358478505
96659248 264417816
35956520 255164471
770029818 806971008
415924910 975654396
517024768 883110596
899431713 969581333
375825099 541004107
890106074 945335791
516255644 786793146
652648985 777942071
794275862 822669858
761466044 960745647
632705183 931347469
45956963 201217233
679945260 731048854
641195896 911815480
790343364 875063208
113563790 572338585
981362139 982660527
700566341 740153727
29667609 216338404
869575718 887921228
377029964 666312523
733033193 852964592
114655210 443282312
938800752 952039562
808653272 971638482
503728456 643991103
699925916 722753048
946206483 979334871
204674344 675628284
230813434 283624644
956894944 980526438
957793296 970956313
736900229 916625226
465836327 904482163
393800490 575923728
997635529 998160865
594286561 710668635
58801582 82420412
903495204 958946209
935040422 993440942
370497476 539492890
313769831 575386402
228058984 869597166
551961518 762385751
5499175 763754773
514168227 983357769
79292677 990106303
199308423 275254042
394758888 679851011
842489351 997958130
608136788 653545809
797688054 840020256
614987458 668942870
980051397 980203654
742318598 964075299
720766920 836706170
256127298 664081539
497862265 572244252
477545418 571006243
812445832 974324718
253356250 815021452
408888136 459569497
634727307 676445807
442355355 989033766
994527636 996772094
54522930 476066525
167906160 512727418
878358055 913826201
729556822 730795751
932576536 942368695
800694023 888728640
802103631 846334658
367969020 746833391
791079282 976470072
8947841 86596577
214473236 572667002
348162996 664140766
589898164 606855598
571747885 594932870
759560050 972068457
316412594 670475356
813368491 963728542
366353078 841619360
782715201 794281735
490469622 806501602
175629304 927558173
34866348 271324426
773800995 971522973
824146743 921211084
416009311 666373550
311989357 466995968
912276605 990251049
780045469 931116189
711358514 774502049
37747500 715799735
42952112 541268877
575325431 663820480
887016315 956493151
173594101 357395326
293928783 406645343
109871522 889699209
258036593 942042077
567672988 905811920
45421054 265019629
118560729 432122874
884191891 905355048
730993929 957494781
468491790 648236441
213095560 951921786
104011376 757603717
94818592 182167829
776141675 915846925
79310991 114919426
521105636 543110043
890298006 936876535
372998896 443136433
730763802 951542238
593549708 655628826
170376665 593747331
767494594 957622770
976220784 983894580
10851236 724773261
645587628 735106366
941750643 951366831
211151865 672611395
918737380 939823450
322196702 498399971
834447342 955143200
400072886 725299259
526377394 675255429
952824729 978269415
79588159 255304130
920367535 921001076
926454484 964190924
983491561 991411966
388689729 643357389
179419432 737532484
474419286 867876470
799240146 927042781
631322290 793086969
138840720 765866080
464973277 959997708
254534828 814786118
534201601 648754329
630385773 821712601
121811783 659754197
38705556 321745741
86123065 124966914
642379626 937742262
850903155 875849070
810663025 972672300
481312133 649065174
75855962 759901161
884752396 989496352
644689807 677543920
758955166 793400932
428271151 866519477
981559234 997579916
95064263 987526149
51714391 451761549
378595770 654344822
679026801 785256026
434677203 967480547
421588897 778462792
924125675 945783835
510904804 648189886
454780858 631619589
177461167 978181601
921294250 993618898
432098766 536264144
790500937 859756729
800136944 991084645
88118041 498123770
35465174 873028947
279540902 464925674
624386703 735338220
677493238 957159511
929257962 955217325
250653731 312347846
97659667 929453179
869531697 905456521
897955970 950329898
283038787 609741213
999420729 999838425
680574430 890247755
349408892 559304277
426400523 688080864
299265884 579425724
726692057 947392334
209106013 807940738
848948062 883766242
292031291 574613126
490056344 714216025
397087823 492865721
529354068 753396045
59788293 557402462
18234091 63515066
32497603 903208658
578664072 738770645
276323922 675252628
876038890 980744819
125163593 588562294
556199576 954970942
146288906 301282377
550171174 795243307
998025931 998741478
264235405 395456344
185760338 200157839
861995201 961379044
243344451 417709724
742674177 789972589
562583976 989970519
799787036 850012972
55438286 120413820
344000855 726892142
49848846 496012945
264702307 371869616
324457128 715653979
728266305 911949647
589716242 852728076
965729280 999879121
115049273 912464091
795477718 943247978
7888958 554622471
456692503 630775645
246842269 423314654
294787588 668063220
460371091 516777036
192087940 260242171
620881038 695786070
662519880 690934575
624844456 867669398
590281300 647673548
837815776 843564926
205388787 597015488
629378130 743772560
122375228 470662513
605325056 821845757
209956519 239357763
719913936 739881804
827093474 880984690
900773714 962636538
368055545 789920905
110298181 225349816
108866287 493307187
167041407 979378762
93184820 424355592
503268722 882755684
751703910 836112966
931756358 983108633
953998357 991774921
640654101 986603192
171289143 361543143
716590339 999949842
428634439 930078437
633604013 953847267
495914999 655806230
548912598 712321581
548457392 689754697
817776661 932891173
428256622 905257587
942249792 959394165
476582150 788968654
952890142 996153269
706174347 877901774
515648124 935322283
271972393 346105173
272832504 377479673
361365596 977550497
150317906 722432425
226100171 741382281
206902159 333593299
563466262 953668976
622376563 812514376
659552117 993182290
475932643 498928564
374121585 951633235
821445942 891453012
880746887 888137446
452418625 806918332
647718835 787329693
813461224 883386027
766499223 809285243
4321038 961186189
316503622 686180982
545768476 872218443
408044814 672339852
861913940 909588045
718191427 786206986
344907245 916973062
733209687 854361202
874505234 990852046
625570449 898100507
222301016 798157375
857735737 920871357
433536182 502447060
839373619 913734118
727721922 820524968
801353452 887066372
286262759 781357399
52799535 219961370
409771871 492963927
960695244 977675442
257997899 595027491
886841531 952726537
579908778 883655212
291761936 778925062
205083317 720595954
416358457 722931392
987747341 993723408
653990448 770641792
334326587 514321522
101073188 396832908
77550667 451365899
37723565 416860861
124927004 282923530
957600447 959217659
265188478 366446637
275189170 939833655
944354692 946357298
727916398 910712555
211186709 944663906
842335481 958897996
946689243 985161982
502616374 994820513
597247405 928146537
379389106 629570107
220295628 529125397
136546394 391204802
663758515 716023821
636431146 813842953
297640414 764657082
346274056 528877891
774220320 786737822
950579901 965875476
335398852 459142484
583827530 712537868
81990124 144265508
901229805 903746619
662076803 979892828
825849684 930425305
554617083 557651758
966509290 995917164
169759106 696483618
757975454 964701674
286418269 607847562
726403994 941587812
712448183 807164349
113395059 780053407
115928400 993103900
6675757 972688310
537659061 740238245
565394271 968148980
108740945 938767886
379623374 863014105
492379145 895370717
776059155 805779819
783560438 886321228
917231706 995271032
529329554 880256649
685190857 801972252
41410305 434114556
568557502 993421854
26134647 906025696
225083957 550671424
437677620 730065139
89287429 253887006
292647065 879856648
156747786 217149589
591993283 696679526
253014811 770778998
537142085 897556077
28959576 811521917
540297686 864064408
418810122 940498915
680642922 912003803
492609107 808461861
787484970 807737133
518747054 697294115
502810675 777242802
330727457 565172381
775710197 937802446
368763167 731087699
791912258 877930903
866814960 987047222
586213081 735594804
966864658 967636823
422396231 574211333
919420883 987153382
612198900 716130612
208774259 994963289
836592024 960763751
425064932 495741914
736844734 795943690
20102631 277426652
526721544 593153912
396544490 575676043
292316818 644372706
725257641 997240229
768891216 945294515
311163700 969694029
945685847 984825807
643505462 683292334
881089569 896168746
371428008 493723415
264538093 900528562
80220700 911890205
298403821 731475596
467065937 932600221
811949945 890011237
822534017 832269528
24394201 804124546
344355321 638150653
959965901 984269713
660426387 841034258
785432026 962148391
261197460 822711435
835610699 894033845
827376576 936609030
373142916 762370185
242788588 683001872
855667105 958972572
334092360 689322428
837228733 972307087
802355227 923973902
263135608 607760632
924366973 948651871
162893975 941378288
157944061 826860977
164968950 456662132
108420757 700783821
34945792 980112378
374890262 581516176
873337453 993397919
891746171 916563192
451015536 815169770
413256423 485122875
659683160 877496995
333363328 353060996
183216344 231276065
979736364 992587176
58539096 322059897
500864961 617360753
180494771 513225905
773115601 828867275
556720797 811068828
626167604 813665652
956232740 961116081
312018683 878423958
195818226 256526310
912433909 961703096
624444889 803311554
45628442 370069345
307934860 517828784
867290046 963272479
337651175 697468668
827704631 966953479
612980061 884904975
461044099 906269094
43944650 535615595
743088926 997301102
469701885 935607021
416376014 893248830
768592744 986825119
211738872 655615405
618511091 845565097
93835231 520485401
279029594 828398766
956730667 997005918
969913177 994845595
155765052 608184776
18948598 743103859
492836481 962894991
683816346 704349638
629397069 726807460
565270649 700121992
585384743 807555776
484977182 651480764
873566372 983467080
332862066 614723568
401855571 679500495
174340061 185519970
535877465 712644584
50962425 769877527
220218332 689419523
770493761 826657646
176986563 279503314
173021055 470609901
516383824 543136771
404345763 548318145
471007342 765909111
4732365 149264575
862151505 923128701
375148145 450390405
546512202 939651798
901067175 997704229
547301799 763640123
28333459 240647734
813559760 861905965
902584771 952971708
745332835 928778291
229643539 810392809
526552027 684292862
271615717 736579368
95835235 471714831
155459356 879840790
914210011 997404065
263116525 998535671
14948290 936120168
535236156 943756177
908131820 989353002
904924593 928779657
157864258 497112489
890279052 999270227
547129880 646731277
384055857 506527631
178598319 703973206
559225962 574049080
774933631 859354615
151388766 895185032
852224696 952132827
923751985 982224993
9592752 290937660
587294590 620431299
314608342 821042487
106675506 921631240
672927193 886318432
485386346 667700284
458088363 784728238
330162902 535362555
788697039 819929746
554946111 762281204
66698001 733792108
496183180 790825567
964207056 976768043
378295395 667048472
860233249 997447284
739780934 826070298
507053739 979272142
198372623 401826944
302112040 509807361
34416600 997386966
631032386 766749990
36036526 707032730
631646567 760918172
359373256 674831800
788639490 907076716
871847975 972345611
42047553 873000030
77080668 934234961
588603763 723203568
701218329 743920602
265706426 456672814
998216888 998619687
452893220 648623556
670944684 894770412
439702681 811560025
454909185 792732713
838187323 913560065
460245393 478501563
113184571 718390049
969765717 977134457
96350314 129351992
986093787 991966402
835642112 910073667
633125913 879608113
364712493 419329275
575898167 588433802
575475773 608823938
168895116 911286751
930307161 937678745
702681644 897182834
656599427 807491653
406547222 474531630
206900471 420881893
450258761 958975202
184155617 739954745
756125544 914086354
438596 313880587
27150501 272072349
481486606 923892747
649328406 764213416
530139947 940438527
706668822 814998823
947351268 960814040
674449360 994728257
382488433 606231936
845368277 884746344
217004872 392646554
154406288 504875920
509950146 801640941
418184678 706379778
547442827 896650194
17667938 200582666
210163362 461929382
855937639 931333539
553398281 875472098
406873404 844260672
424876278 668833410
16032673 868541582
431021915 541793069
697552315 935477588
408478584 450816305
940243710 943217423
538728663 592389483
513853704 926644918
321467679 842269936
969602422 985148087
563665376 810622377
689394063 967209685
142476648 522835395
685017324 942033548
198266172 627541070
557488341 656515141
672243589 688911747
251123866 463144192
973048046 985533561
390880317 789225487
103051683 947526022
912398865 968879163
184881285 487136737
37366867 347389820
988845900 995361910
839717521 843409016
656902447 916667277
832264502 941204374
384323502 973236448
699190304 860061557
444244834 475380167
419335392 584701746
577619735 983898020
716090400 759233059
25159932 617982631
577107757 970344057
57173407 569193075
279560711 872990335
762157986 964504862
259119301 867558906
950889200 967258839
912855860 931261877
287426100 780935004
917503057 999552410
867913171 983183660
113419965 476423970
962978508 984727608
597816659 971955808
959428864 979717836
710014861 764095599
897845710 978169643
524001299 836267830
947094537 985018098
797389084 957929467
426684526 558745204
256739799 348387198
518940584 789158606
493349495 944571322
480848215 922697553
775113165 877174862
692914679 877176406
254295795 347399213
299427252 981200244
886412159 955999002
639842154 751217367
573913774 808962622
731121063 975577836
763721222 879665261
588566736 817485035
48190992 974204104
316538975 852140320
570595171 745114524
971029122 985248189
126086692 607811833
57838814 852131328
180196706 563949458
879707 958846595
579767106 910623664
875571188 967456417
997029224 998656338
911064862 967261817
273174450 813481251
264245715 930945721
452289371 919393403
22241686 189463076
628948664 641304150
493755143 496395697
246568100 713259322
794094323 834541875
65318123 744242616
627709676 940219525
872982508 909999014
787017850 816798698
199856072 479870741
308498791 610025086
996374529 999052058
413368255 962225160
448744895 905705901
191704385 660771214
384943350 744833133
171001799 193641738
903745625 904512140
158768809 803373494
323413538 380572288
178123996 882928990
548566505 769917220
857707968 937277037
468855511 815115183
508415105 616115289
7958982 615671176
560118806 579982991
374685549 844645554
312697928 827328281
128334027 771318743
618484678 885956049
300294203 532708500
88187217 278407130
138682506 971540901
331495612 688284816
367671374 440772315
146217743 579254715
36110450 694630862
730908307 785789252
741301874 961861407
715482997 804726187
3894377 591336215
368318871 873778176
816513234 939395547
890706184 909000201
918220528 932735551
582155840 759445608
298019575 729209870
499952035 711108398
429962588 757190404
88544495 766106438
762825633 886609185
234290847 397689408
668811514 696979866
531018828 885282137
57860618 432604978
399917910 939719952
599444994 914936514
345155107 863744878
146597910 738093865
987722469 993182043
505059484 761630076
473217213 694899376
889779873 953739288
288225796 662988385
314828259 722824929
16773852 800501645
52421357 57978555
91245259 163248654
299672457 960434662
25000259 893191793
351545404 665065942
273696102 639099525
525488591 527628102
657944637 863630648
802254253 951788017
233943429 369833270
771482447 830426715
253965402 836891604
268686183 299149897
537860131 967006363
695468949 868498926
731006580 797907578
575202277 804009485
769476831 854880300
170064867 276515071
348773874 986841061
719321665 958593261
688558094 878363770
502326547 760548292
415590982 765555113
915956692 982779568
882414356 941520887
441201970 541233658
872655521 915549504
386219971 895420673
17995045 387420605
71147495 960006029
231517192 537662738
746398088 789320586
170272132 235101999
605446472 739791124
824729642 929522970
454244692 634421962
807401382 830476508
919904978 933792842
710046011 853612171
148588744 189939830
350072363 547353711
388771782 743660001
886247737 969208259
281087417 648114980
716858626 915865019
683489395 933318475
239285230 415772806
443994016 966183717
991823010 993806868
785079404 969539658
974486754 997267763
993726191 994217108
874144029 928198546
861984436 953732330
457398849 528506526
245892229 786330696
69976047 958481235
269835698 638921700
350832617 781914350
534279649 673828364
864298798 904728437
798520338 816433076
873720 664492956
264366891 626697583
103602927 873612557
118296026 209504257
44206037 190393094
850712706 976180316
112861636 899495110
817937301 826385202
893017936 984787026
100945477 846867564
825252485 872162165
850203258 981442806
922789517 956187511
821898113 824745840
939198977 958262326
33943305 278818930
857050242 994329358
657062972 823409834
979216650 991905036
402492879 799765210
451036315 720663654
521864287 618276166
162603434 628621862
611416696 899600970
764896927 977168994
883950736 920849512
841464232 910960381
449196196 966763204
546911630 814160584
411058186 754201507
645559829 667395514
32165252 145101955
717929330 873033857
867205194 933319710
622635618 710969314
992714320 995183353
670200623 723195732
955281314 996380106
855875258 866237974
291061516 665226638
158531855 642697083
269450222 866411632
743297458 892251675
807556287 927680081
223773719 391688443
175411994 590666802
244321577 427473675
951895460 968306618
894791551 986846986
3005242 632882427
267992366 629147187
751451262 758619840
948305556 962618397
971970378 973198899
749246642 941446206
493832646 676340197
935847970 944850833
671217926 873138764
511037802 626569336
373826881 544940859
477512133 609444905
390736228 509787038
22445359 287181580
69365300 894017242
800461809 881889876
39150698 369775793
320189460 595388433
447585638 963278153
498541403 598680492
474813743 871302579
430222693 430774807
461544488 696420351
563338031 798613608
933820557 958954018
733077568 886693627
126818430 203545756
988899076 994663601
759342860 903384962
866695145 894868886
409191719 697238876
530851666 931558037
647375954 716526816
152083512 933251284
59122280 805357875
372847394 883086739
634916242 906444726
52594527 681944529
586058706 829827299
80688227 656721302
733161264 885901760
90972282 570421833
511187805 787424454
860497158 973714252
461660950 929868847
528652457 713388212
861096895 878073963
346671731 549430067
635618410 914269865
288282589 432034553
235778190 717677414
58716552 771277932
514548132 652036506
729203968 850920655
433731724 515714746
648444022 854814587
162223358 926528607
799677382 924994200
504432818 828390575
941067561 966704258
905201476 933602862
346630776 725416767
319179978 604294575
671655899 850591175
321669873 443423506
699355379 879124655
692068109 988754701
996205247 996655220
707177823 906590551
378545087 817081869
785216586 807632437
525991294 671992214
563450894 690745846
380954320 871159118
657855090 767855642
767317942 935079447
386596113 796718399
300773833 789934953
399027559 421519278
811552591 878418039
864512083 920553712
876193982 909178525
254099296 877465619
753022253 899719625
318781882 337942799
332177471 860973129
847175874 913909571
769806382 920896100
674665252 990306596
547640989 691569166
889395010 913204328
69171149 378562729
47837100 587062007
910568555 925004708
163275937 971108282
790455949 934729899
534945758 865438451
327245887 517761194
204067878 605836734
22631372 432158685
236197911 367404301
494394290 794255169
552596576 643038946
518327076 780677199
160815173 689057888
513752925 933254333
811924046 857986773
321781974 373001904
595746762 672890175
265478149 649574594
875653756 945156930
302859606 798420326
994664859 996048763
785472443 979975764
357377804 854642612
224277729 738119462
869010130 968445032
389874631 550468398
893943063 986928960
241736477 954113328
283737564 473162970
247171800 572031752
364468418 921584248
452970927 850316920
139506831 500816573
158069385 637159252
796340167 884151940
371342525 395931491
604179230 800458370
854151871 872377846
184583044 643474225
80902253 107705449
66168577 948261209
270744486 831854351
844737331 860612914
747691837 798245329
812995829 881347841
65107865 123231669
185035239 849363585
425967427 859413864
158682839 960492703
598772501 908767722
114989074 993244630
697403135 945110425
606381590 915319395
308738563 966748844
127459023 338316495
515914832 872697964
692070943 751522344
135394802 264191025
524681503 772097762
421789295 747470188
677882045 872823054
524700758 959774105
584610942 793153667
570412012 786845826
211393016 525739775
528596411 673542878
266417888 283869682
443348319 948694065
185927193 838320306
764281970 784601591
39815829 163779477
21764122 287680112
948454061 974099737
571537536 782288848
342934847 984547068
240927413 626612164
274256155 655008309
456713017 616469849
80561017 567707296
718228490 847388094
329666314 704206918
321623745 632084989
457157735 510549582
47378865 612738822
697207482 950718607
85351668 650481542
154990820 893637091
578745551 987555612
262451608 469360155
983007572 988082031
87541283 134499907
962545937 991682031
970745070 979879046
652559380 977569433
534925541 921604771
876084767 876581867
389033791 870332924
792808560 855842093
595528261 983905418
283473915 763346643
323404751 665078011
346444193 738428292
647034023 958681903
842808556 938608215
798481236 945928420
114546130 656900289
863229936 943036398
112620304 929752108
156741262 216457463
202951760 246705218
472206043 977171151
539090768 790284920
309831316 873145909
167885133 697637366
531158125 795872960
580539091 684001525
332162766 968564429
214880439 562358374
26984862 959144431
985940006 995378650
393185748 830983086
12726921 524919097
406914560 478918958
647612179 719699383
622260272 877883331
388049238 461312762
505128263 885601369
981492991 993227687
335666667 828248888
448885213 694817424
95323709 780165240
546390233 867202683
51465451 127361892
330671825 733834262
869984223 978229545
667158529 685009434
577173300 876418061
166498017 505483820
713126174 771625598
412254880 612507504
60140396 274243666
352792258 496258555
257778763 597291269
344517340 520149927
976848344 999393697
324274927 986240123
23922575 759372918
187638691 725713222
201917992 788003114
458954324 823830103
967835155 986787654
161769050 593340401
250442451 455686062
748391895 880300238
35472871 442646923
434091470 656880267
193998756 886485236
272766781 370400062
764789447 925908347
526423832 685329866
393412760 560544454
668524644 993206581
313655719 953308574
458594963 983217149
149413689 151146336
634825832 736062235
317484958 507674808
899105714 950371479
330358887 687098522
507704680 758730339
572237457 579912890
77247325 429049388
845357373 952646200
2568179 643202251
806476910 921490955
168983614 344632284
318420448 633667764
157592680 777573584
483851847 906566736
722481848 835052619
119795743 372285037
737249830 770705930
175317010 509987942
272977550 322853842
562463599 656097626
159655239 240079879
657253280 979543692
970601945 986614540
94842201 433606962
209344590 227685097
782659043 862099718
223832210 246804825
529548472 933283122
430565545 906803300
811014622 968601548
704565507 921977858
738233788 889846908
879652620 917569632
70825623 969223129
181687039 778631655
151897346 573061216
533515519 998340441
451222451 523791115
206395327 339946388
603112255 922966532
641785553 965403450
55376801 985086355
256446191 531060516
739362794 959451178
960468809 978215915
731527134 781512306
157546346 266345598
657670678 767500057
603697248 825289452
495825478 923967731
806394793 923882899
691248537 963834909
845860308 977133070
622604729 833525599
489901431 685244353
106107608 696859084
544137945 573658538
88340038 89403724
611656400 746261779
139263303 544663285
162770473 934755955
97579995 957238954
876060128 876706069
75235351 249956284
191098381 903959204
530701125 571390645
179842384 541260547
159614001 937544110
353735058 555547815
183995423 406619786
364535022 554488459
639002138 926645503
251404574 332376999
971351893 984527475
551147964 630639947
389631780 892149253
304828267 999186389
370239767 473316887
964880064 992725483
435961509 964114268
12050677 203893287
236202397 643835650
396076263 660566865
918059765 984257480
751770809 890598495
506127975 830709453
347360381 566294988
635658600 996920513
93406105 178584866
261154896 748404767
403607896 636600700
701383292 771642672
257416007 651494433
171203257 204861833
10005627 738763167
760627891 925731191
242126331 365310469
112085611 944737086
782051948 907947004
675935933 968226664
876842837 968262825
448039285 483767981
357942875 990010643
318110101 846599009
463952238 953764447
457497281 864128259
421237420 568196912
83739058 921362123
511693536 966942705
471859646 817857587
305717642 573116165
515041628 627932412
412029675 931719844
505380567 761477100
425738014 553498211
923154719 966414294
383810200 662735590
173240550 990774463
527772886 982712952
526630414 551825823
32206309 804101459
990682887 997594826
692384523 808972029
450730117 674138750
633110787 800962121
850383265 878753833
791586266 830426697
337130331 724915855
859994499 884843623
190552687 235217069
190227825 979281633
476337246 727127362
296629658 741416738
559395744 694946064
914491207 943094923
858691090 872670304
334823875 404913203
370134871 508700909
259582727 437087789
629061514 730302227
216272191 577307700
749785726 866540363
234582628 854608714
923240889 937239128
1442879 526055448
77757217 479942392
712059046 748900851
709941941 974700794
887127017 998360548
703239546 777913687
663894501 953748015
955709455 965587192
196934594 764633594
660215771 921351330
900881557 964174388
659928222 910113456
66123376 703382877
713640943 860511882
686415541 935005896
62196006 998388355
249742545 961317646
31082008 204924846
548823292 802963241
480534881 502745794
544996690 784854526
274872604 871958223
279566876 695862561
820841565 829690434
90069121 191664575
636317770 955708257
936665513 970206936
55500364 644495149
647012198 736585279
654691933 972547453
265472209 477991428
347487955 890955294
851461448 891876731
481560735 861345210
289834024 745485152
495585772 630813977
207111308 973845169
625069111 708879126
299821508 389116130
742791151 841463373
691588746 983823213
72172289 408502857
537596340 831206239
533190008 784461019
460492755 486649581
726714248 807447764
850521171 980128885
21038073 316790442
665714249 854348556
355739984 948469664
237108289 333866034
502321739 813609760
46162114 349367291
602533000 820236762
944863876 989391228
292348560 698361411
392603013 883885343
3617462 125300153
280999712 330378523
559587833 990334511
403111659 750028228
355064250 678780684
505848239 617102986
164190697 791704009
225737412 833470691
193142725 361103980
810278512 844641772
777143607 865882373
900393395 992617382
210823320 259893675
312915231 968417849
354678697 928289810
230123201 461577937
10592611 290471145
549918290 980128532
79862789 574472039
914278223 921470129
889951862 906771956
758712428 806693591
803285995 812735472
684047060 926182458
332630477 497736179
268451937 374468609
998412966 999728337
263223927 794896752
155187341 708392193
211523010 674106321
913375612 936228609
570828830 608719297
418314594 588013091
670807513 822210806
112192279 759884931
647582074 785002862
499981499 653459041
11598523 974106665
18464812 298087261
967452076 983486201
536559052 787860569
45739092 86901114
716497190 976216256
91353360 639021860
811240688 990533645
973709989 983405280
551487925 996043439
737701957 765456209
284100512 550334173
441210117 959353299
656854110 748311034
950380874 963434448
962483261 967625977
257989072 368329141
832311667 952425580
475351490 596822044
22352201 452007370
165225322 740062941
784596868 793952494
41390943 769680192
337963817 672888128
494019416 985358018
447734768 761738182
946098030 968920626
94897839 779122340
953238578 979557294
386524356 908655610
166023687 206232205
935837539 953128927
323057604 387678928
611770970 882512026
539461029 572438211
10205398 401072234
244584798 696656648
851571118 945375089
901324142 961930923
321624617 568961694
307020093 404847079
176152428 467738860
142188977 547004028
960447604 983049786
637222373 653014825
315486331 759234921
376300043 780371137
826077249 938795729
331152238 529388506
492778019 888659381
913092924 938640915
743995212 945167661
702812835 836859053
567357095 979459113
490981953 906277809
490642008 641150881
771289800 885324490
670238544 820097742
608135253 932682972
68626036 320706955
344179906 660058719
600479450 732582834
66912055 243099439
722459626 918041484
872589747 942933364
583450138 782011317
270269881 531301556
436788808 778743682
312706020 334770468
691063139 728358815
244499169 248853151
828625387 852555020
469401214 657489238
766682024 836057200
986232489 991830063
650400598 741957688
610960410 707279045
540560754 692160526
117487483 356238818
701392043 906307487
665373631 716944632
405377973 571086169
413387539 964118701
699797476 875338961
622807212 936704205
829643913 988025185
71650639 235500731
239209979 478952604
529951642 978662739
451737569 464100396
929669288 982024515
423451561 823089917
454012614 907746200
512544549 574922817
804537586 943267393
993753936 998045954
583445503 709580139
348759865 645353852
468279275 811985914
320349480 922735153
895275123 933224842
41797324 563472046
503764419 536500169
682937723 780928968
667462229 895429646
808244667 905986392
281730484 911267137
541274372 960226096
816675149 877599067
664372675 866798270
520287417 821095586
108603653 703523717
500738451 605858821
872052202 894638079
969166302 980773255
18608445 911942286
910065432 933206619
246602451 294271214
982427505 999262206
909761988 933490030
620953806 742158849
766729843 951941720
747738558 876756087
799155835 973442836
220079915 581297547
721631369 988318519
989427101 994847216
470225907 752235361
857920791 995988008
937517229 945353899
50729763 765965821
69512084 166194839
837265642 991167152
74733752 650026879
497295262 506139270
977076496 987845959
40125525 699053460
959987771 987082335
593318718 872185516
943702999 991343564
583655953 650899891
457067557 693600762
461419228 730393143
749907776 922322110
804906549 816282009
185212812 257870241
334405463 663861305
503385802 564534505
523962328 607147623
847818920 950789153
509172966 797938300
842630457 969015978
175217479 407532868
442426339 465298155
913334010 918080474
646638374 858441687
183035272 619494257
852129430 890823695
142815552 435481375
732841364 993950127
295431210 836902787
226015507 659342362
829224986 928816010
270319214 628639275
100580601 288878624
834716970 851744742
520224853 964635971
922146901 964910527
709855917 953430454
356393848 783304090
972844615 993145567
194563875 706318108
107253729 438043581
119369733 780302324
733740071 800206862
380139733 577746537
807673531 832887116
635914068 853422763
57589714 955766921
525592135 664709794
975568621 977445996
299770084 661442862
739930429 882088812
991830755 999118286
551729456 904965818
436525585 672507078
67958632 852054142
148401417 359516759
862210387 913808005
227660071 930445616
129461317 212498391
485450675 550585263
804042143 813358508
152781657 941011270
945891544 980801798
381209458 580885309
785024924 929666848
18185755 241493374
275400707 969435869
162353306 659298995
485190642 631365860
740265743 780636195
969931720 971099101
613335787 775273495
642090865 909765895
608944238 657005899
330683925 982104206
97442648 489662831
7439148 814527137
582428712 608718275
424016303 942488940
134881904 646467931
718732020 980536881
342197057 461374150
575394442 798841765
8923298 965834209
421902598 876566174
284050342 761782726
194163025 788100143
891725791 929153938
762456340 942421856
441945006 992382545
242876475 647964008
435471302 985639997
93003107 661991343
965776694 978161296
724288750 896798726
833266757 980825780
127322858 522697708
582783372 857073156
373137392 823861949
797899381 879130927
606411877 671358986
666140546 719827220
97657821 812602950
193478515 592862409
684924589 722450281
673673747 983812455
900931111 982336745
29172264 818395813
575091657 852460897
481591744 518810288
444394827 632628816
210243764 377873247
215229268 552197972
630322518 851012128
839018616 923783348
645510041 808603584
334654659 556407227
915942547 993881804
944513765 996435475
941772666 980529174
760691355 956131731
629282336 894407772
229166871 937572095
870652157 934914809
29422061 367848544
752482611 948717316
760298023 969312585
183887565 388824682
605700044 650549149
138159633 846834173
256344050 614832202
970577421 977897871
482310060 728100803
335384432 924870221
938203536 938627527
65058102 68301180
704274445 850781003
894530483 997716130
687340530 774695091
39397837 291028630
548692667 582251141
652099467 836913494
991398422 995764150
683069012 896779954
767901231 814940373
101090166 155758777
51428915 164685953
800121205 921250315
695986570 948209680
511401197 657324432
957984006 984717402
988333600 988408534
623933305 804726250
357953113 403089357
973993098 979334082
36484253 410640353
70656674 920178782
797370085 891664002
682384490 869104265
485116042 847081112
647295149 667976061
685133957 778778338
971145397 997732359
921061292 926902879
544450252 674459859
663015960 862909885
963399131 981639059
648697327 875323784
424030207 447227099
8025258 330554623
28298167 521024964
286975311 406432008
20698503 688294940
509174727 797343486
842676147 886352173
334304198 548686666
325369764 765344025
989794225 998074108
416652515 940277197
934620670 963119802
331890456 915212336
198598298 484209238
75504293 803820651
215694769 653623321
544207243 686515809
468321071 696665791
49078905 420573971
769887157 827283228
448127384 821152561
746254486 950388863
684174113 732005867
86736563 329595728
379141329 748675938
336987658 486657945
739084499 931150178
805837114 916576435
820044955 858535771
733754092 976936085
25813663 936844959
72886655 659701775
811176009 900128057
551490190 667593696
741757105 787418190
465739675 590382806
705168379 821515393
519867494 664252430
846342323 886998963
908463447 912710497
279369178 925738565
132184077 703457375
887782907 905997686
283250901 657860816
800973021 867714191
702281112 854715270
930847144 964242052
628147384 796119598
632730857 663601152
875455752 966599199
713899275 825291084
128783345 892171769
492298261 763989691
359029508 495666410
306187079 322987964
380067756 957788926
745934440 954766371
815961427 872138717
150569330 417768084
265229634 828922272
633447688 906839849
35099279 485760035
465529878 653981438
900230952 903753929
983839889 985533483
941018944 961381172
16161889 611033140
158015831 821484711
90779897 861716552
775115357 941223795
597058142 949563320
641842538 979225763
395440082 897649592
577880878 892224576
772425784 999674273
535416765 570819117
744419265 903424735
277156797 407061754
472905015 519240304
444737532 967590610
485550778 539374076
817293861 844815613
56942342 933172302
528894170 556496812
617590646 757605722
198413144 408261075
328039155 580849130
506804790 991658596
420444527 451131657
471459589 940202481
301080396 387338927
917831335 987929521
899452138 920288221
905529929 992997745
517905678 811433117
132685448 340411864
987625678 989509583
177133237 261971901
668298227 677361924
67941226 708890162
256043753 976050053
721361282 876704549
675289195 712959882
552332901 639997552
706639664 905902433
803392093 813735643
812812063 827586001
884920001 924886182
478722322 502401697
535558262 675909960
724500219 741236297
864591974 864946741
620578295 723922172
507051151 699668758
867573140 867912118
934969837 972179551
440775149 447254384
952209789 984022943
519281437 760189076
85950399 465954701
537257452 784288960
635547484 673247158
584610879 967749786
795327068 866704673
357821965 924598831
820857538 862475518
537365039 752927844
797775030 850794767
388731741 593167891
602350923 620696977
24458134 600984270
826740805 988718442
156382460 164064896
6010571 154066238
283897255 439635368
86306525 747622202
930926834 983092585
330045721 863614839
786251929 915816374
253963274 346053643
98850997 822059037
403176407 645603750
850454967 922020097
552107905 721184201
722824541 851417027
565415713 743066286
442518688 873856981
421741766 705918641
572627526 995866443
18200869 133322271
245863145 655644660
620555206 897438097
749386531 797212496
886980953 895104029
975753378 979915113
466993957 719431031
167967179 193660509
327940628 879202672
509661346 939092666
829679841 931385290
658576898 768865935
111198129 473462795
464072452 730554113
102169309 826531304
754965782 842786707
568933431 828464136
371985590 833281855
470855661 552384894
311638568 815158279
243638564 403485055
100741984 618006287
110872455 510536359
565798659 949076794
522282396 917341699
554335041 960173341
36846646 891181303
162243995 750158418
810461577 986848753
290956585 930683168
252516019 997218856
402750505 638880714
875419098 996424351
536472628 711599725
581054256 808157805
553553083 876141550
666233319 996776092
427112327 918525552
640376969 731285572
418142999 787611991
264456882 876462843
541224686 724982288
772121947 898972810
844571119 969582948
657324084 814018947
350699823 788465348
139244047 780642039
590368949 899235678
612208262 863925572
369029093 650651632
960839041 970310249
435478769 996266823
686282673 715401356
797752048 850295199
649670785 682568488
149672462 896348408
914387514 948179404
864636583 886029326
49498759 203550728
29898021 517648361
429111769 625414984
149775722 635469355
406443642 758915792
992744400 993956764
849609354 914786169
586707723 734588431
909292318 960218246
514822176 610023965
546851021 707216641
727345983 933067997
227967968 591654399
640996406 990853591
271235686 303439626
739980298 902435267
709027004 964348665
915090688 928598942
317250435 849350555
884076859 983480191
593272696 964427852
294465641 444140642
470245264 571440520
486362163 572109805
905960788 999487299
567779684 751152056
447173916 887000750
559062781 746918088
484542137 826910353
308750141 562345267
882872506 968342088
430761276 678882416
264304859 334043875
570923032 720775422
174150730 879946401
424209220 660301618
661296332 982700081
609722011 911238727
957801285 991849916
554977684 957519775
580595876 799255463
804053723 910799545
414575445 565286590
328471146 449444870
582615001 842257738
295507457 493883766
104993201 406767191
134142768 620061846
73344418 670511077
508129307 670098975
853010192 864169421
665457909 921685845
159873534 653711388
730718016 778862311
500489499 732531553
173494877 907983274
500400799 548163103
78124119 884016327
989516902 991824597
162838502 300829816
528774609 905697749
573088804 910957750
358233539 626430787
768969190 803170566
223379933 458854996
363868341 952533959
577194412 853414225
469311513 657692191
189642893 796910095
930969584 975364830
126326681 341713325
172246320 919673666
930805797 956138201
903889948 940905133
82859667 447577320
826701723 843390589
627747961 924294810
339851871 997915329
579110131 868337540
686794580 859995134
120051476 803767148
75080570 354210687
361097275 811061713
722608829 725668720
322943242 462701889
893740670 957791014
279224215 928561844
686352514 803952225
668291763 853632046
298516609 672409213
388444824 500821409
497268170 656972211
940007436 965171882
723337519 877885961
58367826 980017107
764193895 854835289
71998666 76518448
650135323 852604222
663839538 887451461
505303410 701455785
423427909 913760310
498782055 993518956
382555971 613857431
585619616 960276993
712376639 941014058
614668846 802443189
762364826 947621357
492203955 848618244
33808169 617167011
112264708 566717578
22212789 820367219
126129738 366612455
270256271 365621104
433749561 758863504
699438042 943852175
674000235 763251400
531070445 776727508
988235549 994932403
809628039 874471285
641572626 894697157
108575594 358310004
566438319 711610493
742843989 934701726
968338655 990537331
198573140 222733974
672580315 808436567
769481899 918916731
757376807 866868397
591339760 658516574
437574660 476848189
128516940 166342205
577456177 980830230
701925720 710708802
102094176 732406025
19495403 537170869
765902763 900906963
497872969 523370702
880014403 899651836
904485792 972830044
215044232 362400158
790066396 992882564
784433533 948240368
820702904 894418019
332926808 565511873
300748105 422860212
93063273 434589165
190276719 226688300
648861493 871562522
221790877 890899929
689876280 764695843
950977478 996788084
270837316 781296064
150777010 563741909
470455991 985419394
552784862 904309095
118021417 576823685
476235695 695530996
119039500 364698166
353328109 980097887
808559600 964834853
874056671 895327991
230414229 763678158
108262829 761625668
459019094 538480468
458229485 960724497
105983451 383977558
475465196 779493302
410399674 885645656
965156786 999122441
430355336 750042540
42947026 434910371
330399074 696507538
954311961 958646931
84667770 260705980
920543961 985457122
437854377 858288898
907450843 935250678
653643364 955849998
545269047 674888275
454386037 598169735
179336383 329574573
297950986 395110526
949279332 978550591
116820492 831201067
422838136 443686013
512579915 756899647
945801785 954698126
467938118 768511191
110360356 804237296
907455318 983375142
165456166 728114610
284377418 481415091
689324405 822604928
238306404 637373079
617091726 896023056
647798766 909197481
923597654 993234943
905603050 908476589
651647409 996056044
682314968 874590638
303439716 663953114
760375790 880305045
371712832 546900214
652381388 933212318
870651119 888531773
65051368 901237979
483578566 579066500
944743950 984799679
54868932 202228700
195289104 354783343
482203333 588811350
347362217 565116784
661285241 908888966
788110935 990625879
106491048 282125354
367337724 748709637
277222884 363657546
818258150 822398188
415667349 509773180
185089954 604065251
787844870 822791080
566433432 666793485
455795575 817918516
41631116 482384173
76350556 129200263
424046032 755998138
736606111 951202165
547847750 554536846
680341394 950936890
171932601 568775929
277806012 585147233
404990302 759600726
767927313 778690054
963525816 993090935
50353430 382366195
168662935 784981233
487052949 737192531
909549944 945035126
21962623 38766216
807671316 834578642
761935987 763810559
158546926 186459005
252782163 548181317
167486548 432501285
81828365 799810198
641998696 698220443
719802488 764801410
323832574 479290473
817890207 987851647
941349562 969563656
132211819 403807953
477702454 713896272
365766588 494860306
757532357 916928347
458237370 513563163
860109525 873714600
631323082 662494318
656478103 698665806
508005536 925558643
311425366 561976378
958014668 962957891
448713597 933834352
333955658 634431301
18291523 818244577
853882528 854243520
86009969 504003819
399969105 863216300
141043270 163175283
227216582 384619355
353040989 649699435
51295398 576629193
7608787 819205729
629679213 785738057
134468929 261469773
815880704 900710381
98543765 384735057
575073446 740545141
213547106 898642570
780262726 848503126
409866465 419845289
844153589 940384128
527573806 787535295
393793239 517605323
712607083 773043486
360516923 914494864
196233735 286389612
323185509 346107259
426741900 578301889
845474877 859814091
308973141 334473031
949920850 998220739
291019811 750736171
672104951 827444045
624242201 836668791
742588345 883060885
801291337 885086196
735250736 847122936
719956983 998601348
33527211 307685673
326962930 423091863
692585277 907913939
796337361 917142049
930389208 952900995
594379526 597432544
992445014 993126161
165480437 516234801
741916873 745536332
140646247 857243536
219053548 708867450
453894242 595585064
329905693 495384850
642395457 980531783
134780862 417514099
371775821 546164782
725208182 943502829
81003775 908050763
483569414 887103911
488741356 571592868
875358257 993039698
561817561 870474501
146589940 771846234
951918985 984769843
824366129 916280727
566864794 773806974
71770951 741644769
519782646 850152491
839024291 953023528
115180064 933236139
968748681 989048782
583810011 956476022
233446026 838052293
635024271 811342618
104790234 185211816
521539339 667606811
674207502 975835635
141203698 986379622
684518136 913061484
306576322 696505694
881802166 950596471
684356551 859462148
458284572 667513003
241035542 902413336
518846719 741738932
458286007 657538707
559697800 999649108
46845948 720394129
626074456 709977915
546301153 921834663
213985464 384780095
769450763 969774188
874411384 880231034
944126228 953337890
611304518 696235792
966196953 978111026
48606665 557084503
126026420 182136173
30524347 968798506
878619649 962957858
112818740 254305547
136630134 322520492
370445179 984467902
138695380 333717661
293535138 743501374
877707874 994687608
861365907 940512182
171768532 173869792
343598723 788906367
85404663 668808788
840286185 930214281
673593169 674017102
942747196 986033161
1615305 380317964
939219086 954926814
872849938 995557850
400016540 574420759
870113515 932468914
623065010 721939481
728730914 879006056
827742361 983785056
917864263 980530974
83351526 398365200
110946870 534283700
707289616 722551832
921655607 992882578
34463247 416525235
609738027 755428268
81665426 150918756
276631152 585243183
108264690 373945504
485130415 656345604
995905917 999872976
388655996 762143920
79409760 510780987
949156396 992960668
74848089 670031927
713134929 877296906
516681794 605815719
225280499 493380955
761698551 930958001
184397077 763958710
417725050 524797072
616790686 935204802
181355372 774036043
535020923 585892561
212184899 414148963
475812477 942055739
765357000 990713122
847402552 957732498
265897474 749751090
626431125 864393356
951372261 971720971
327197644 417977063
458055465 830822908
410441545 804348172
609977454 909550191
258091329 792851994
118887689 942476878
899837326 955899990
101570093 315657058
648805237 982550088
852646141 965568663
663486293 730121587
233525267 901158917
361363919 949046908
318827792 840927788
773583578 989528263
866683442 924299507
414620447 562109869
815009435 891536213
854228908 957950408
756234338 926380925
604795219 720262750
712658846 783886308
363709039 432050853
732658771 931775459
687811992 818824017
775157193 946247881
334943864 479204583
62635963 504368931
98196200 979856863
41875045 428141097
224307716 361119575
129798491 924080747
791806285 997046201
222835406 426062343
22019553 151422978
736802294 980123435
855801350 915793491
423020403 717847463
986238165 990687961
753397496 897639848
614014687 959025317
350745672 827175668
320618223 398724348
618240074 984290541
947698356 979575064
366123867 888137451
254331528 534392030
870227217 972178342
104758615 566581730
199648788 581874914
367716986 802482419
781134554 786760417
891132940 950259294
991751842 996738653
282362889 446690441
810993560 896452666
386912153 895765788
777940424 897379095
116758706 302601147
958716884 995696512
103999804 414501521
603517493 794793811
699207688 765938984
867254932 952700652
234724735 703072226
738720106 921002194
211018653 487860345
750150188 931804541
922591803 963994575
634175363 789718694
46955621 330936053
315931034 690012774
169691873 299043044
350258402 840556654
224945411 266690044
203561630 560660811
668234768 819438202
115823707 305413584
86334084 123727140
685137892 954957392
276180067 442770180
125611952 265036484
524054064 656869839
361782967 904182801
354507094 428278646
271132535 461198260
876101339 943938044
114840944 509923052
414605684 736833159
747016000 801766041
483530242 872461628
144830337 811040910
897925437 913051589
521842172 866047788
516194018 587452687
63438845 496633895
392781848 546526357
27624891 191826277
912267859 962775199
179093505 187991186
323279864 937291784
770221525 803292500
204384310 691105773
385674997 830251475
627423045 817946951
651342990 887863315
74046838 630798138
551794547 558495177
658413246 946060926
410415527 434195827
626382541 808865880
51188286 732079026
499223843 559582974
775193997 856773161
167358933 738534703
497139524 797368487
763901400 924929617
323809751 493656375
934684842 983899728
3308872 530255248
285185843 831316344
671702181 799018841
772300644 898086711
598038031 683491105
359200047 887897535
345022185 832968497
509480214 921431852
230329532 289926703
687008839 767349054
213702085 882614960
697483796 815505377
620864706 795029926
500208375 604826291
92025527 890788935
903575726 998813802
627225941 916544499
102179419 849884888
929544132 954873464
656503196 758863138
393216519 495702529
40236115 834838904
925033425 928457830
741141501 991312905
628809518 880657907
865844846 878367560
190368842 247039552
903205824 942113301
644618815 827671966
795130128 932757288
836950073 860037760
415752311 438168876
25854145 205987653
157557418 464641074
566909656 663177752
923903002 978809951
373524240 634924569
497093019 919209507
218068434 884847312
650363667 749206831
346897090 943719502
135973189 936276358
703414337 923534923
997309662 999501020
260730489 785423712
676755792 770144247
471374661 768578645
624037432 783729229
321283536 571086867
885251138 915675234
967749852 999532274
984516766 988830810
559454014 562875097
500913594 862586836
549458856 724972878
266423715 720885573
944700975 964786830
281118403 851795881
311005667 523336597
170832298 728813883
476576852 557685564
188651836 804731066
146458731 565761105
491820748 908117215
691300868 922196005
77829802 334133871
116377361 566519445
931112273 976246405
325589947 781705920
754419136 917143089
654448720 849610414
221846096 548500764
645183274 944688838
218072475 582239919
307008742 510082320
168443148 265567097
211979697 913387256
613836854 954482481
268898176 306065691
337350505 711086960
84230548 618473674
369685958 635260772
840290953 846475948
605505 402887301
164735052 198159657
376660983 868713249
552839948 782663475
44229740 124515835
341833380 426374149
538624786 894018390
189991313 304897042
971435572 987008626
229123640 975168013
175334966 361973656
181997045 375607025
251872597 847875679
783059593 850366466
575111190 686061153
170728855 193662299
83662313 920234913
300973452 715504827
580842889 865391858
367650613 559750035
822377297 944498254
52847980 434474203
512566567 909887974
668181752 700526969
937917436 982946895
661715296 972321535
884393670 970322864
985155458 985158900
616537624 750918333
322952 694807332
689150738 705922931
279899747 944098985
369097618 501152263
196475922 239527698
338732964 381002239
292061346 702596659
935857592 951537461
311976088 975491004
762337943 989061295
478505673 699566244
139934120 322010895
863179946 915770561
153752554 369352666
589963606 928227853
194904699 557556952
231694398 828238858
694232841 963182903
339922169 620269693
407071520 519170266
466925261 761560366
503538276 624993113
656045678 827980388
536112821 632861864
610808831 879597944
640620562 829871432
812139326 822736527
580616118 971377285
451794445 771724303
131612364 707756737
920356349 987317334
329381538 659249152
382319449 896550941
998056160 999479203
339003942 411785340
320939992 995439381
30372956 440574936
787018375 995824951
430087630 656162053
96108521 153102208
512444455 534576986
858811758 965022560
140501719 397437183
71698206 721436310
303091833 802725291
991372473 992578456
252113011 686416410
56888035 182185461
373815497 796421015
726816791 762813412
204921311 356295562
380653176 395744788
49276530 257208960
2709798 107219804
460395614 853774892
331849406 686808820
969079579 973311942
4821671 740696515
818840863 960084089
396241386 681764888
460537773 590530853
265090747 822757914
295824360 862892333
559959473 691221302
603752830 824010838
867052131 940328665
744775663 931793896
756760908 847330432
448840937 676630159
323068605 503183079
525500783 568494120
872783527 890166051
874955661 984606599
806278360 898238849
643356007 940820713
194686481 344168662
251822701 716988641
404303653 837514970
645838421 662637492
976879146 999509481
128098368 676009836
403022723 729018543
671552605 874247284
57525722 148262293
214785776 987549068
927510041 957599574
541107586 824376608
29858992 49397650
792674058 866708147
62584323 796377163
708606937 777037521
519036700 857811508
650356628 970404138
173408375 173841103
131892917 537624349
991607792 996554161
332325396 495651591
85079018 541694514
20778135 21784936
984448832 996998272
941766317 987504854
434741799 623561176
984941415 999808571
661042387 706924553
631874901 688463034
692503524 768860167
922428987 973152852
506244691 564535835
544671358 615807338
789035736 831494701
712859965 962300739
477198518 806707032
777820031 857753316
501209950 579928540
156210359 212885390
721660389 783153030
610420027 963077683
331736025 614891702
676810162 963886902
691472817 783589869
83401973 191329664
583778449 724504592
397559035 933378361
293574195 534533405
630028021 703449777
226498521 677746531
415888653 949772550
750137079 904514107
232576894 394764133
438550849 613290086
211702817 260584093
781256033 931559391
442006148 677821691
855214723 894050758
700263922 766382913
426258239 630049572
943632598 984477211
744384821 808331829
858645542 951098006
957972947 961398861
686466562 805788439
705787438 996746531
262645075 894050011
684963677 742277931
255968170 381423981
899076977 941350677
897981456 900076288
343806551 669230953
113481318 497370992
430079328 961917441
693718688 860197097
542701449 629241169
777036094 925066502
814766122 861594294
122433866 759842676
75088752 740891379
578729784 780804341
619351308 824962945
52934574 522615605
316393123 609977314
927594818 998578653
611976281 914804859
647505908 701167090
194068842 977175477
379495118 941998485
461331477 784009531
248742783 838812313
698758527 825018032
690933009 905016853
711902315 889129228
793549855 890931475
100475244 254575361
436401443 726415776
841157206 980022914
14355722 698719755
15806983 657791831
994215773 997260328
232946211 232977004
197130872 299726723
194775782 690960856
379670976 441439390
578869854 967065305
730761326 837447249
632829388 747885257
149128617 397714782
498406552 726066247
662918404 955029647
16077270 92697609
156475646 397152083
113136313 628349112
639584720 739692994
992554418 999218361
577739597 796907289
283669932 774071452
982673342 994177865
669714458 956539803
223617546 901498135
444366620 698139370
366342618 408848457
574573807 609370677
945082684 972034939
133749114 355950004
397939940 846807918
165063790 677987772
62853111 832911607
356151957 425991077
530492836 611603088
533690266 617668346
826969317 892981575
302960471 396574342
944266895 964978681
751345305 829741371
909903695 937617635
535212895 669817106
665387634 975849132
230054687 655700319
213871896 502742420
823300992 889865483
563974038 723130118
819759494 825804328
817033457 817136390
928626241 929187245
669556488 743902408
888988679 944439532
733880542 891899921
605706228 924088720
16249731 605538383
491577457 668653010
755975774 962958076
689293181 953937502
258422641 980381683
704877024 835521803
23051148 524012964
560530142 768421091
974637033 987389022
739426861 941687514
816551206 973761207
619076949 692857402
191617243 468043328
733098027 799158522
351697802 684603621
188253372 939666187
699951514 987782388
307218345 415379347
544437667 602474197
345817495 418840292
437633674 674287839
399900397 791757970
367018464 519636199
288546083 390969874
828130035 951167401
279857866 558469015
858124553 901159587
836667559 964636645
170679923 684974738
311525288 361977874
250959866 570920508
984132955 998718601
305775627 316257525
476608476 868158132
323956461 599101574
995799084 998640273
159821223 179992883
124880553 327993419
101372755 246845983
827713299 971526620
315888732 927776354
138021010 470092803
650919000 907540730
445887125 874469960
209055876 616695852
416989880 497579776
680487437 806869824
833867085 931221960
240246741 611876305
840884741 895140833
56138952 695004264
431740510 580190619
317254612 566803810
415957747 680018303
93986164 558268761
256081227 614058936
363965161 720979629
99037204 260910107
577425307 910355365
510657405 876256557
595644010 894782955
224933383 302944318
734906463 865267820
446654903 456094934
373777169 990981793
126752353 790477220
121845546 126624763
271799039 344903415
184769957 533350257
466342311 902281237
329297183 345146283
485271505 654620798
331173919 452276500
198579819 793590474
701291472 776323379
540795817 729534416
123479084 560808903
2694806 265621106
341571159 495704001
107316154 575903016
987472846 999982384
11632411 812098735
472049380 708600229
363493611 541378170
267559456 896084909
273537344 785270217
670871312 887902738
874918568 947638391
375740170 509630703
889493868 914089849
91927405 631024908
375975635 612351904
90743788 833952143
368553268 991538003
979649031 992887350
27535079 440975109
287920017 650327221
324452034 379221041
690632124 753018756
779947594 819066167
325563392 420502302
514801556 887307161
957599992 967827117
452593786 895276302
426056109 793871658
813142787 842535942
546080799 974368208
170592659 518844795
506884634 708638472
512534140 894096634
419304173 745799541
892234037 956872158
357904679 949957051
574342373 603005145
271110679 400015178
13398515 910064297
457155639 579151882
480425544 748398173
205082507 575268227
698975241 895599378
889310342 969031096
795621162 930528604
245617008 705266823
869467668 914804776
495665973 861864436
552739802 775513618
311057693 433385941
350609790 458350618
966371807 976343931
184419766 637706301
762664841 862284003
231431167 578337391
655868409 697601189
33887470 536140729
983193493 994391025
684588495 799909039
319695540 582807814
343644467 956606293
784915654 958187512
706714673 890669479
540692738 657217486
677179590 803168839
95864846 595706727
420755436 609721849
244910369 391549514
102306020 269784543
896827137 987667297
57315311 874323433
251718433 491059835
300155608 687901244
273724835 439223427
567028960 864716294
231559150 948261472
419187436 469815472
552134228 807044701
879722183 986754840
992538853 993155429
503475164 998775342
631201275 930759012
439575666 634268941
861181745 986010517
11795992 363690153
624767950 900057444
125171923 342770033
47861075 612753216
568830141 812550154
430114575 460556028
467310943 563373837
831810454 831994770
90294030 624947159
149471937 240551874
752356576 762556677
112554754 845867801
497687163 515556719
562025097 591949899
902402396 988187031
710571850 775932856
243039101 368730664
954939890 964574755
810743545 843497181
260474264 769166330
907429814 937843158
569697566 932864664
918682858 943534625
571232997 871295811
659460012 752332661
163288776 855349579
491909257 630588225
210564889 369148667
205996780 508720847
214309880 317142272
237360261 419111000
333837121 626871467
944205940 947631460
915659969 929510278
687474795 734945414
181894434 544853372
836383918 927517609
253748291 943067579
563794243 973237721
11164603 600007613
536239177 959626549
236979354 535789559
719204457 837577062
111665576 834202390
801718852 903345050
288677351 892325259
729832778 807050584
468006447 925720769
634978534 731205595
167347109 767007399
937572783 938019417
465468891 721509281
894550694 924943268
619635796 718143434
555940752 741164118
617494458 943553913
557583978 739364595
768524057 930771875
366857365 683728534
811020769 864812859
465040823 858941093
244824259 464895011
801347671 923398624
205893379 282391139
900887356 910331803
824758413 909862671
158886056 590497548
281750982 464041032
624592317 650874240
96693454 533919537
515027445 897265329
257980216 685057452
399958686 823533369
990607524 995685941
569853737 666770476
257680117 521391528
696773085 982278581
305707256 806322676
599364753 656480450
755545426 826832188
647694543 957406629
448897236 800540505
466566260 479021601
692119375 716978206
175187839 265660050
321155778 487415254
864614444 992298987
51854631 486563350
179513413 305171811
767165247 983112568
754632049 804162174
999192696 999275053
126665676 841932866
3734237 395845221
400053072 943496353
506656756 820734225
310266817 890349716
229614840 745209481
422128023 625776556
228263175 968604978
82483051 261750536
245679461 636380446
748415996 831432175
76757898 877663927
241356697 741895519
495001162 824463324
336855703 912555201
800315348 924229769
575163748 830548621
683615037 684718013
120252963 561513900
678018090 747633165
100667899 272662010
55696061 789896723
670337983 817322448
264437967 635772946
883024302 934694049
983323148 991435651
136614015 685484562
778405820 782086184
786486699 917126571
516291658 578710935
375314867 510521470
330628805 864220473
985582807 991891014
105685799 358123024
815166499 834194473
887422094 996371504
963368572 997559002
508511304 843306706
658072358 658206908
286487308 669869790
118902540 252262140
958385567 984797304
802305601 899391919
745407245 913117489
161482983 942804002
915099806 953739693
685324061 687620147
493386651 656920700
735669030 761174904
405440037 925374571
234356611 443560321
758357178 970947541
46507656 821247723
53607532 554431636
669862544 999038728
976098385 986843017
659385109 735166070
745919099 792539721
236790263 947305015
558349286 835526838
344592624 657822144
444869701 650194142
431533323 955317569
222713678 585106583
469625106 890329149
1164299 44293261
304420272 938681154
384768749 810165740
909281896 975413629
542844884 819079429
811406866 894535011
886423474 930468704
913555532 944533805
213792504 766401379
159430665 990110176
446159517 484271575
621464459 876869729
589849597 931769114
303090329 989999284
351694089 631734258
87813449 985532475
129004320 912149504
72245602 404135797
484424788 715389478
575701250 935252443
157827166 838614353
707602718 963738736
568647577 616913867
74515897 417279490
682682641 935698399
904242337 992423133
119309904 682825193
645112846 704862923
728539994 792013461
864347711 897866729
450630080 887361942
732822373 863302955
973631979 983836799
782706602 990691998
499358490 888592817
399069724 402509014
687952750 741206567
425184702 672226600
883476517 898106899
681346347 975817499
844815604 892432196
996521359 999533937
301378786 594306757
139702529 702796367
156120909 847179609
894042349 920213990
161299435 619612562
810433875 980304769
383337312 496466271
491811210 715369483
105688704 173200225
850886037 895853030
385319603 901985855
46811797 654680986
106170548 367050872
126483072 134118754
488803272 941184681
896253597 958431819
935430018 996868610
759919616 839820906
493822014 616050927
578885783 822748624
786850949 795630732
65089230 976389893
196952614 613332744
69778148 549592632
606812096 724260988
110349154 825233640
848140167 978780827
759584811 796049959
257961340 437254624
416456646 799499901
260056716 491687469
705604313 772798807
134615956 654661785
832237351 890016861
805639468 872902954
703758081 866169241
976096246 991512854
99682957 605300443
516356206 607403720
668167175 881485130
514085534 874729678
263035458 471539536
374926032 898200127
604169639 993049047
953617020 965876802
131163876 503100130
423944369 902112855
695322793 765618067
760742110 776804208
209013400 793145089
949634714 980293324
338450347 580264983
708050944 791532322
844537065 914309358
327600211 722614958
152954039 278330516
634882718 803907038
549962443 966161893
695503640 955199788
584306961 835604570
739418031 921521520
243519478 898109648
333974482 758198231
268494236 285246265
689644573 734370608
212652376 831259748
633290949 915069586
531419391 846747105
962602836 980803214
987594470 999043212
997201020 998155871
617115785 704138051
161132983 227071000
635194439 919292031
794732942 993203460
567520390 660422503
748685202 936895008
400159626 976299083
755715192 960765608
832641227 914946335
301511028 931974971
466963099 862702285
201626042 589668165
516120143 699125622
931535343 971019506
879811607 880163345
550044568 616209914
422341262 702249105
895009653 982637332
545883808 813611741
341134310 523003196
535206632 778201321
500096272 619116355
514498273 600293380
565985084 784754741
2158760 243751358
398885220 832552557
502323838 623645916
935406328 956060028
803764250 824957744
653563851 817941045
678401947 924885891
264182168 449079642
425569064 606048738
668183258 696176662
740450209 853790102
813302694 894161093
44312809 778908656
793814245 969050341
379312919 574135278
631756728 742122730
908120038 912286416
638112653 778157959
340822054 995520991
52982633 603953683
941266147 995460705
272936682 826798526
322267327 933365031
236358027 399530721
582984583 990167566
310802425 887131101
260607355 522305843
522111819 953608236
226228569 514064625
573915417 752065299
295755192 952772415
941894818 986808990
943681182 999416075
438436958 581465608
753907696 930645796
397910068 892187028
431749178 721226739
357838377 715697451
580209024 710727700
636316498 793126037
262973372 713281527
825390358 902471056
57025113 648575885
498844708 499136150
723202487 775277929
268922371 919391899
959065131 978533940
129190424 755761027
516024481 517875733
699689232 916837510
188653406 206683427
614821197 926679235
418780439 774422126
689457305 764010801
48343863 819054881
282400493 450190285
962733036 997327373
971963195 982964622
669926245 944470790
754951923 880417815
389023964 937346145
359380468 665808699
140528677 684464213
598202847 688511696
579700897 679912387
29527214 315282423
261894102 753496437
931765108 983821613
64290602 382455193
883656019 934391967
359862545 658586714
532735236 824833488
283250438 830501814
173823513 957902341
604890592 700987700
176185730 181225632
747368847 831435257
965681697 977994826
680254892 916990769
921232231 958043865
928243197 934359724
226118563 538598881
236181256 539242996
981607906 992476313
200234872 200984092
537314459 627603700
499319727 671653262
503742556 604599684
240282157 950754215
999403806 999718723
919255663 994343735
551070108 758898496
603369654 919472734
217887694 680011951
165895161 594057994
319929705 729922425
557146070 818045484
670920076 978804175
45586354 782628766
940485967 995064426
668651796 785648737
752675006 884639295
289138980 846760051
652018651 919589046
628292726 750356149
658638268 800310458
833839474 937511384
863575769 891761637
822320635 964584652
426666137 673171050
847450858 965131824
325842052 455152119
759654004 821942713
456652174 955412890
423569752 567640058
917416608 938066900
976145290 987490381
938658965 985304309
762202782 791408469
610335621 881199437
958240959 984680077
102942415 991162936
401628129 564049041
711309018 947774286
951580199 954375982
154058460 537367225
79189342 924692633
455960666 876399713
817329966 821310085
494310599 562011922
551921499 921353325
982477999 995254124
926629774 961425339
965354877 981798420
214967488 646331297
276356208 557049465
767760196 792438353
794782014 834658909
26846922 195863492
380157451 647673906
996812631 998774822
122363835 378890902
666620211 887612456
907147670 994202680
437581278 640302295
635211151 877990266
998391403 998800709
605902154 947063070
822053546 871437008
976374920 990768068
772967478 960318100
79572271 730460215
497077572 733262812
198779288 224995682
570933170 916218377
981117827 986095346
456664870 868062458
934910429 950595012
27095064 987734046
108946216 723524805
478356500 930907133
748254932 962883167
274996790 521741508
467125641 892784266
577382951 650900461
158087163 305195586
144814468 482607880
502414974 972181992
964419551 980440367
650637303 702304208
559455961 642374576
143959733 650309262
663245611 759886331
835719251 963320507
981905137 997851218
290295276 445640080
574088505 983663287
36907023 896235876
830388085 856609758
825398226 966161886
970731688 996121518
335877107 942967355
880781220 922118752
589625999 938011668
960474305 999455446
258296799 615507531
336769853 545804073
613844174 669044684
367182119 475794899
948240692 992498911
672273031 886675241
567660668 807357559
681085643 827996567
328980637 704968314
315636962 516512097
304662021 724363571
507978462 674838416
963403674 988992279
282565828 778321966
685634356 749219675
365633212 649298176
969163828 998028385
392103494 710611245
898966258 923465860
486731533 952358732
385459005 955457477
261967568 844536435
627302556 877716994
194885850 366407264
977002864 995282285
274956004 494259246
741122819 760074668
703267192 964740505
692119303 821479229
176605063 780858988
97623458 490837512
525291205 546374710
556776647 879635195
623040603 926251903
875923502 941473968
999385054 999622814
797667318 982628038
132248868 665887909
888617462 893561288
148403907 863681199
896232520 957243070
318671813 772061287
417371276 676145279
754132838 807142359
407585465 747309498
671902626 711573658
486759151 709409267
588926067 916693748
576283194 626374158
558099046 764453890
838371972 945271329
846980917 847789882
600898458 900692877
781563203 927354258
332362453 573771204
589716586 762429638
917019766 946766012
17580177 576185915
748332564 818667176
729145314 862287636
261551203 326171148
236223168 331790971
524042866 569844672
472175869 718856469
942356960 950409797
901582552 956153768
967355032 985513615
792079187 866970553
659440062 849754449
594462444 617591672
257122814 815570368
643225443 866520044
212956410 810057625
184132596 284922943
443488223 453224515
735786334 903809299
771150239 938793499
962576596 969092649
332373576 375518001
501776980 697462273
365451197 567607315
706044470 928302623
176876406 333494826
248065552 465827388
260372652 702519960
340781389 838953641
748111410 939303392
67802798 698075104
26664243 551912193
143468845 715560984
122080506 173207549
340217842 980548779
580792012 604738664
860008645 978535697
494533648 511792638
129596184 488591369
994932675 999553041
442121426 938445757
250021630 949306866
499048686 511681495
128683716 825168777
717475833 923133120
242312145 987619037
968288347 986691859
505824643 914547962
878851989 957043270
695633841 936786310
538578155 637213142
409890373 719220406
319297508 446458356
621688775 803816327
180195541 400469864
972351617 998136124
785688238 861419381
752787266 771450976
181828128 221276835
253300236 509931859
898671587 993345322
296077674 337338526
886659802 986952090
434574916 788932907
386002001 880050603
211258683 766390666
809565998 933956962
579508234 956625319
797877521 942907689
611327343 898635993
592342751 688357483
908870552 937538052
447005874 747436231
645792115 658609908
923800296 990772680
428876700 463615012
49557352 593383157
811763820 903742422
236365539 580975325
531905889 957530071
845584584 917083657
166028004 321111510
282731219 488860344
931923987 968137561
65876025 640906145
447880706 970039057
163836121 796956249
149607671 991658556
658472547 785493288
605737794 640520150
89591875 235239686
462134914 649084568
926773438 988689142
294514278 492189267
793029212 819542852
480358332 789866374
899400964 997689833
300152078 857410515
1255162 520863495
165998197 955265493
402902202 830738860
215662184 838176754
830280438 845664776
538032636 997161345
207258953 717442109
984890707 986790358
619101825 953211988
425988927 478392658
1211704 453332402
750935299 753794197
766525541 810095076
343385673 764974041
642374589 990727441
62577541 312180713
55624091 260628697
125681181 606818639
547303449 817757197
210825095 259616724
879783287 982119789
509602369 888511249
93478365 165089285
567458986 636268316
663116175 689715658
352037320 811488835
11614119 365172912
849955564 911809409
290452443 802131245
556544812 560931457
106281585 233334564
658922127 660239469
632149052 731661089
268647415 969002480
635700889 984027021
572835185 819732571
860728742 994350963
300379077 996983893
547750512 936983671
47642270 754718263
378099956 630474266
883272740 917459046
929691575 963179563
539121501 690008040
844546484 874504133
403355790 532158290
128321002 631771471
693149590 921323960
933529108 984663828
255258344 301650933
967215559 978458623
851558733 958040642
721033356 880059936
362037955 630188230
177427311 667767310
700216235 997091780
614350206 651730279
360603161 788030266
942461254 977352872
59461840 170022260
697184536 925152635
533192832 878939214
929413425 946167677
841472131 955420397
946821492 994854656
390843878 525882637
926313271 954069569
310191502 739955994
765627673 992778326
9549075 553530515
167000421 652746992
17120238 893176913
205129249 872453180
229598105 963631990
57189737 629199074
651325277 950088008
410424827 611856170
45983690 568140586
371641033 910312736
980047449 999952189
628105158 808837398
858553649 906693692
717270755 961499355
868087200 888883855
474708082 669162322
839878079 966926567
211104760 604758199
875967994 981634742
267691045 982608509
144174807 149632978
756987294 873158492
675248857 917918568
126145173 607468570
178134593 480840886
814991573 998438028
815307969 890306666
245518582 560930678
843570956 993977290
794020937 826494168
793955040 803279867
946542887 986253591
817853381 863348172
745054679 858896871
279986688 757235585
977542344 998077009
606939092 930358382
654884409 657942398
100193592 911406917
121538794 608988723
911196451 995931648
84971175 546195672
729120813 782977581
14527925 227604237
493390034 550916245
215599736 282475320
533018541 813064901
899721107 975523070
941612608 968142024
149437649 604843467
284675200 641111386
579543067 871487076
366545594 532291751
506743240 876210877
587096113 652818469
832026432 914420721
741439515 799425508
156257329 350222784
34651403 828254839
740935867 896676447
319131348 719781138
413724931 515972762
95838366 614337957
840666677 993500340
312520201 576765124
737271688 934980971
670097809 764472808
432561567 784276909
560038859 910698488
991418622 995237412
31541358 78389700
980457945 991123143
859381041 975481499
250837838 460588490
995339922 998031928
803512676 916115606
163938874 693438007
15179589 468554394
410921658 594766053
704591777 822449361
661764041 764043049
468634627 634595050
164486338 186871366
347592804 693271731
807794494 827982635
703044917 808772916
927312890 948183493
74494783 102952640
725070592 985806701
453857229 916881924
252145824 767612197
17119010 829929186
770570565 821716982
800079271 911465665
733050914 910699345
244371457 746194638
636535907 682537126
403363807 830241214
873536475 938333683
242385865 260426679
435955481 965311322
982266893 986129578
67924458 752873692
220699328 550186536
153148630 513932250
167797599 975750320
790512914 871920459
265131680 857948168
129080261 428139076
165609824 624005281
100559268 144121065
714496304 988437582
162203751 483122339
97808127 413072949
56359879 228813170
45098173 744793799
38546436 648746552
597271011 936196801
395188515 880444635
990852838 992374087
245155755 703541916
349916434 898289306
400025384 798013737
846105528 917036005
994799353 998620933
496988294 577594261
581133151 830866166
825759923 837222244
201488559 758995994
374105241 835804571
746166881 854902023
474103886 608765237
834151603 884309307
183471975 258734663
811112549 905047812
46989856 277882947
347946347 932829086
137901715 855595783
457966697 757863434
606333437 982525233
494390512 750053966
865734061 898098920
964847737 989660671
857174938 859577214
290116908 545400617
581065684 838540109
85285200 530828986
130566524 247724769
536189911 928980999
116519841 928025458
835991802 885871402
588360004 653109314
753614958 930126914
210111972 271174186
334278268 959100265
751971607 780398670
495698557 982260336
350869714 956164594
542761904 849003140
918120317 970720581
653490331 804500228
573515372 654310695
764171177 857701855
578559922 834100645
689703417 814306392
99077846 131794063
370016558 989529185
959854187 995938212
226314095 376109412
239623139 835674874
905445182 905623349
720094277 728798618
187915589 372970711
530700980 745696637
135313556 697861274
56991688 930260312
384114404 769210682
598572548 989037427
477497055 855876615
49081284 74813206
362389842 385027948
486862917 668076988
550468654 764333336
844202187 848862799
861669713 991267836
344006452 344350214
999113715 999284694
258363413 557731895
615835965 617496261
747921628 995080910
810451446 985236762
889277956 917304374
767572677 931581858
434532716 573010132
180220064 185472922
737252051 742758277
23054668 250923257
738975179 768076751
800404445 881204026
313824107 528637479
257115363 845173721
680091348 959664683
766050288 818924291
555322898 926043032
834411452 904348241
939147852 971957637
947171230 965476577
23256361 772773116
383773999 623399059
540981138 595579130
654496922 722126647
698484110 831358962
270996934 564288210
872264036 926475864
214805358 451183621
420198152 671313359
844144990 879382194
311742170 655067020
373184048 811637341
807293307 846929229
271417331 576817473
501902136 923801348
965110204 971031024
164950604 363587043
203807822 340289441
287489144 591621187
196628188 803090635
241543534 297871763
669438423 913632671
723652827 843581630
240966812 880325482
79765252 191687614
764378436 807493656
649470109 942644417
23088774 71479029
12942260 136626250
962551595 973629128
116829971 417913082
129120273 644388149
281664382 668127793
104396819 800111204
491705794 522784995
579420261 781782722
394029299 882311850
671967091 921726859
199700239 235020276
203007941 587799454
964719655 993940560
592511762 762509438
309790539 837157866
133765598 429539096
15426432 389339136
335227004 901536540
366555902 586746581
680791785 701585027
656720310 743978448
62284704 325694812
897695819 968200331
125668315 778423270
400422097 555711065
908318754 979447850
849987350 896560962
558197577 729533258
801055022 964260088
753587702 863989012
117197500 487622386
319222886 944497384
375163394 730190702
988089173 995775989
591219241 950453908
577825861 622119000
962576060 971632667
103869854 344674348
202361333 575750189
127394810 816062158
660873981 902372340
588767176 929506594
518783273 533182058
557730890 724979945
148195091 415464460
114001931 700125528
344958447 711003782
793424363 833771846
639197704 680871647
423040568 752927411
778284568 801606837
913113595 986087573
357415520 444307790
216554252 442436916
482351088 555214026
108329441 724939796
279516891 406763485
652310932 827922690
634229205 703299134
861967095 997345308
453096440 669523740
997499785 999903106
517126747 959196646
647957442 973304264
717824657 857823414
996363825 998921385
994966639 999306749
909314170 965221932
673804579 824016558
889806149 960554349
135743086 529349194
700344077 908787542
696901833 799876564
154644460 945463302
642298460 866395035
398074697 651282822
626584609 703968677
548033506 607804905
528752293 869381776
891774288 961709416
635927230 888712437
632507573 964137764
688433166 914758219
311182848 812990112
92889604 716290940
277752870 890744893
529072167 540715004
562819689 624338918
410955109 458043777
777314458 948959624
88173251 311282019
330857853 823728415
345506741 598563343
738400406 989167223
42302742 797598843
322489311 918805847
904054952 932447908
53910025 784327668
954528787 988529314
320875642 899136817
599976706 887324312
126358812 611961137
890512391 894880088
650424300 913303503
513439766 897352496
335778200 910467963
113869262 383535529
871841654 957047952
709228223 985237247
163115572 645500743
236470292 536017654
819817305 831752970
954127881 965265404
908181325 976438498
908548183 947840455
828364475 988284453
78901135 680725501
968075349 977681476
640868805 803621667
829399939 992181046
414525882 527289645
512047557 696222817
326795669 422184956
591596766 729667904
650785468 702282932
27392836 233792975
688508066 925631756
137485982 698665242
497441372 550353966
487848017 685197180
704201492 995043829
622497011 907742941
647282395 704866044
477370622 617839076
391503346 984330337
699155040 986053841
81937360 264124678
457940484 922759934
711117439 789048815
731828285 750771819
315680200 514936887
284206481 806244946
228093670 960059252
779265332 879440595
439662293 598637715
694662364 967496396
265188232 425657996
46508171 386278746
116586434 252176920
8717098 24577038
806639437 865088570
102538388 572686050
948356854 969008041
656582468 676525185
556525582 905347784
73289391 562758918
348688658 861471843
148202809 231682317
505861650 873484089
750542266 879286963
232673461 972245202
137906116 730087502
977405691 997982871
692977058 868304627
760409489 929284677
886426945 985250832
499620535 694411647
508412391 580881050
705561299 752739427
736170309 877571002
258749440 925710278
334467346 364766360
318766573 806644190
692714168 768558184
634229889 715351397
99521936 252803139
839941749 995766945
489601058 498193731
960850599 978185075
759503762 955638105
725964072 733420118
57466470 858992750
198274348 976949701
894066689 936439174
432402040 899280793
192872307 902682584
293478902 946191468
249061092 688925167
164847276 737923733
260391120 411800749
734815625 840352803
595801016 821144380
649955125 709841260
305834952 996078458
846432530 851870851
144937072 394338457
457418310 700772492
73463595 97207321
839434593 907705877
240982781 880206130
178816132 970034663
520149756 633472340
237345058 577017588
959575757 976193169
514547003 891388965
276302705 489747163
221170499 336115779
842364181 947584337
734121893 971461468
620020930 973428790
310027822 925470228
597389751 681434240
810476418 994150433
226209876 255470608
738599481 910041532
966173811 982983835
242444422 567427521
434707746 858459127
81163531 866606065
44654852 678643404
604616252 884462579
154222775 989905509
740866131 939251037
583973379 941989410
708097360 938539780
487765548 898910055
116361348 712100182
934693997 996182923
296956266 808934955
792987055 828000063
62829105 109342430
461011500 499050759
780220151 919539108
770980422 863253305
476314710 497448592
905404131 964777519
618063091 755710463
13718455 762797170
484982332 912679297
980734413 999643914
407909046 976986856
132693283 567727500
295299708 780209864
265646729 539119041
474570302 732635646
73769957 733384887
626005071 813267412
953021532 957348215
415533064 959018113
387050290 507538266
879023565 943212869
655988156 802974076
885359050 972940756
612171298 670522288
89634232 250553067
540016527 918190816
691504339 897870001
595059120 601480843
211244619 262847204
930422123 939886722
57779091 452979380
617992265 714554737
744613172 930274225
191072005 905219689
128830866 138984527
412341198 701733791
94758780 697220229
159478749 677938104
162335879 350975347
117351239 861497883
235381636 855140005
831069690 971316865
444713925 921995872
397285576 438561251
929412637 980191814
93039922 996772471
251529349 538380624
943439732 974959823
556421715 957399160
913645622 969252452
970202957 982485750
852431723 995199011
490601032 807137157
295796284 360261860
491311081 778109897
292301958 302831934
661333330 788103786
209195693 490662766
304746643 781427459
687709901 836618576
162445789 439761629
946120098 972300251
219063038 279147108
194002354 982781872
813264763 963166707
283739406 626287913
375595717 790625622
243744974 549933409
500898271 594848987
891364568 912188502
87139351 709857810
63599619 411366711
335863529 644167684
897016627 926328926
280381657 544404060
24530412 841918359
913659517 922974250
914409246 990823140
453897913 458106712
193581821 796411099
742502421 920904724
589635670 685533301
686334220 798315636
663715979 805523647
574888886 779920632
186508250 688035041
429032246 849353018
793610066 909454846
613571201 933244738
410901481 805755767
609733318 662051889
883026769 981820756
694199709 976492874
645044104 792615580
759136395 859147422
334310262 685734781
81692766 135301909
928498798 951325207
887936200 948936213
556599087 817719147
664898136 837577837
576725421 921019956
824326050 875154254
200882997 659561213
399862487 813211361
24554318 484385504
852974264 987113269
846937771 967418394
341654838 500530873
353810525 690795669
736244654 905588362
459995065 906539131
778240766 960720692
944990383 953538370
111324020 204356259
281676552 326607518
446626398 701050375
404256384 952029497
387596249 743792063
82381005 379382452
965722030 967564165
958235521 961401209
667168293 756572341
212825377 821517029
954558362 981028907
380633529 549506825
717082019 939049469
252692596 934247172
447761703 557650612
273361283 450221483
45293265 563822625
448264984 712191380
906805180 931113163
279104558 418471181
937318365 992750081
993284590 995370654
207787174 411161224
365605779 732571308
388296074 950339646
402155068 477919522
26688187 208732833
632124299 917528983
283667638 810432188
96945074 924272689
908012152 955295585
599381471 751110568
66903501 345215854
499119969 501306686
556488645 658316784
247880392 392795637
190840141 467221544
534885662 886951877
522669927 906937807
209267491 383122527
476385792 641723892
981373735 983717742
50841986 419271224
943231659 978416863
169885367 736468325
235992831 889692169
212698976 463019066
737916503 791808455
94324279 738488119
380149436 520397429
135978 412811561
451914567 713058060
777582493 904848665
201896592 817109408
337678718 457018289
221750554 862273993
138321514 550803789
399986073 673812562
241567065 395889480
877302709 886623894
410008015 461001381
337361835 350954398
537301845 685792189
931354576 969842072
72584921 708637343
362673311 686925877
636709460 783022639
144673813 200171224
26721217 197409568
243134587 955849071
667232996 925768856
818481935 913180142
401010038 911979694
460314513 957302761
191255746 635589260
397908643 623640962
735463154 794469329
582735647 600563193
756935419 987475804
289397012 708693988
33116551 873327598
471115438 724666508
305949011 350127186
807524938 982507364
345133513 472543271
523014462 945253819
301606857 341758638
235249963 873818153
781445745 862338716
904145986 967242424
107539090 130195890
689307401 813264221
857545595 972825623
253000234 331999613
835052348 980285964
582849787 682544017
988240970 998833380
938491812 996502735
204632091 658895544
813496410 882285725
309818528 740345574
532099721 805182694
943869465 978028727
658606733 801983658
641563556 832418143
922219049 937788589
649646370 836611189
841630950 928977393
97387796 99429934
339748368 429023500
900016042 954150067
508476212 621634424
796503660 929245592
304191689 704216056
175615617 363377545
794122497 877914848
393947254 528704391
474886376 908044367
639065782 995626364
767419810 851477363
164350467 165355989
589473457 620088945
136641997 494029190
768907072 890930439
602007589 686645854
380366243 450605320
684790016 860641785
252047383 950366789
450701335 584021855
355740298 414920088
979384729 981445217
434869333 520276609
411026563 767440668
344273385 698873397
360567600 825744347
784621654 881872588
506716349 747771221
967469950 979868201
447534421 723694368
279682657 992119293
65613132 106475326
558097975 737700627
7922677 631645703
129186902 525947288
989425300 990543045
695628305 710641739
143106972 148683926
213873178 766700284
565186181 774552069
487510905 665270697
641209741 683980324
28598291 315632855
379180082 799976566
452845042 524689278
251684943 404980709
985185127 992059505
922054958 962804709
416549396 770945865
20033786 282827940
587772256 611684717
644399176 962412623
626193128 795540331
672671403 683860564
179068005 671462295
891435673 960958606
973907337 984474266
783753764 871104324
906298147 965547267
767190817 922841592
49815861 363668174
395718998 781792884
716003197 825803686
484146548 601840075
985258586 996541169
55299782 68363840
305015306 315754318
103070269 304243773
116584773 516461873
572122035 855006710
328193344 465419158
3958999 866012185
837302999 853989582
856848300 954229175
357103133 962280304
392999826 842906024
169430210 446717136
780373123 822947468
975692715 981077763
494392135 683952285
394403621 903631074
910729720 957837533
376197859 390975562
850361732 881851440
417507595 656144676
277887509 666850708
10791710 679125401
799343427 899871433
538380592 639929529
423838726 919019412
716720595 992255859
282519567 788765788
636166066 835891140
72524136 390266972
719761851 849838787
151220890 722329898
502851963 717416667
108901517 446057724
848234957 874643632
479486338 946937905
409745579 755271854
131449151 419101510
740748912 924081017
305500125 823483021
337095572 452303846
717230711 871326723
970551705 978290551
958610339 995312340
799851471 837660869
61002798 446685160
195740681 854716090
562495955 731139540
819017393 940368251
314500171 855655649
220651563 930574009
923272953 924217418
149421979 301546669
635110434 904940784
6409335 398623214
399474475 599265590
794660647 914117384
562493295 839040489
680333691 950296618
679858692 947933277
846411900 970156512
253896212 338379945
700245848 982129093
265479519 488870056
367130259 672358866
980712618 984196466
762798310 960254522
159486069 224258518
170953279 853979633
816220254 846139177
585569380 789646842
751375961 756123157
107429624 130286494
781995810 949416862
466140844 493418318
858161639 918507733
456890968 563078869
637506226 725164541
607501984 946958674
12502224 471395532
90849782 321683679
327311875 860796594
757911126 846363348
322670593 356711065
480485858 933137108
813566440 908487892
774806872 916458592
5896028 773226967
580126608 980718458
164247241 284294990
97107382 656348861
97459643 947135031
308787489 945492603
966615389 999787708
61749432 463080935
700957658 856558825
985395061 992944052
71310964 402143734
196608904 614430582
880448449 987583204
34956597 78955039
196633030 310118408
803435014 917351687
120975136 314113964
68525459 611232095
919859230 986177566
280434688 435634257
669227625 965955000
565437639 779262464
526451141 920094931
206001215 312425860
902282261 916697908
803467187 829190683
700361241 858390720
107540749 434583626
152528057 911926379
909942735 962904963
986387227 993010554
563541527 938566227
894648869 909077075
165345097 460966860
187261681 727419698
964952579 974169493
510305951 706756435
213411789 445585206
565390006 618930652
917795443 961613341
145792484 522390539
347247446 463349235
70274488 739517655
981010546 998128626
119118651 635673968
608457511 891314779
280381787 565708238
661534952 911964406
418785664 640013046
779546716 929232999
617676432 819767579
306061949 569943659
290353227 449806639
155490868 857620277
978892394 981916338
403607367 824885260
692924783 874453251
489169992 668906216
12771882 49637930
480452344 886218817
820148884 928881048
794435988 985282539
328063053 885572596
531850483 702525890
306233046 869217813
713529894 785178572
181593361 962542728
208416875 976807663
387448428 634976335
774127043 856723731
305590142 683568768
553066543 650768558
891152598 932912682
663960027 726580084
977287226 978071626
789904639 880792910
894089508 964696474
423321276 998979944
241665533 343265983
875219372 961287101
490945101 648212379
921309795 974255095
332301850 906946280
727868763 893436867
125140365 694497331
595297098 864244782
661699131 850148702
194169060 381633224
53645994 595852107
839239426 868668830
75625100 178881873
620468027 876269947
938644182 993099393
799895032 898545876
441339382 746676336
640279490 692248051
973086630 997557339
586012432 911633019
714823320 806549615
476410990 730604728
560511159 686038994
420709821 480439211
426645358 701620940
329624420 452768176
31580933 231456871
867265540 945733378
299122869 819879882
718987241 886181176
766567654 968044291
734482874 861512339
760127407 947095969
68973828 470358880
653822951 817398618
584150896 714624287
570148613 716389694
35480676 235863555
168765139 347036625
885192025 903676631
838255989 847488881
562911351 695192024
393107701 688413383
636332288 793686868
610100773 679221318
712866074 833156223
967757251 990054330
799133295 801002539
901228078 956284762
266878511 836753625
512967212 842044340
625549550 694458842
945880004 974726952
521303716 760423648
298980791 550750998
584843303 936369238
720570174 944733352
188293351 455358402
865552623 962801134
748988239 902979606
46198295 264703967
447334836 682384196
821144268 967939562
708167068 812467150
728772564 801584535
331159676 374523891
118396621 949701042
326790962 939007724
724013134 731046642
704251988 995053494
576994922 877811116
669655387 790962454
640382934 776076773
299330736 618472963
872345340 941166593
308125969 951240231
249275354 360403512
709251257 768008205
826495132 990378471
9578645 743834773
192170474 912328676
5906151 123114367
513671430 993166427
190649563 336053369
225203934 225759664
784607145 940933319
943195973 975495999
669759012 800880249
28789035 769237176
740356090 833631990
404860612 792534086
31899870 247088037
91355091 115284843
373912944 762735578
516445828 731112134
692659249 835288644
985022029 989874969
325058627 697201159
239740664 337220256
506941536 867934892
388310417 482891415
338071912 403398099
601825171 735776629
155475102 374991607
459288321 882085431
198493865 938171689
915383889 994433684
501345823 608773835
257905176 491099351
750227972 880659568
802879538 804881853
696923889 926971028
786761221 864578450
993355070 996625853
927203431 991940931
409102878 758783228
440907842 900260460
201896923 717425783
139389392 671432688
958674670 959847775
746730481 801073021
488556357 965584730
106897639 999268407
793131445 976423742
99948516 419891763
936741392 950760322
51241244 375759190
787748891 830338935
719264161 802096893
168144185 745400332
114939513 715363780
164346107 277783664
177341109 576042920
382305767 812817902
955627484 965009822
456605816 800013695
713006320 904324113
40990516 252242016
186501255 290797532
782587172 897549690
893217757 947031354
274275794 274300246
544191093 713942887
484776281 645996519
426679070 876069920
477489827 780028215
272018989 905293333
981986490 989363829
187865007 680750021
745293094 758261090
932752302 937495619
688699040 741347316
993556514 998753665
206714957 809805275
378282543 852562497
72920893 769491619
197067875 647754351
347611751 798002006
105344572 454468397
770913768 902793345
760992069 791124337
957109160 991042091
252154970 767715659
699955754 887121937
83742155 165208955
426273407 988978290
299266847 758866640
577010880 749019778
446312701 855035573
23343285 158144895
83352743 904167315
882062085 884173982
813090078 987206863
390964498 787766968
711660611 895790485
458803590 742820647
320942305 328927057
710794095 785008522
836205608 847673112
63170617 239447059
992584333 997691334
113707955 377384111
2995827 609453435
627820422 645916386
423546825 953012148
200047620 815400753
913000164 981634611
85871830 997192853
254797057 916142519
619891331 762962563
92952179 105594844
94936246 370809133
302068059 320871422
428759372 547228827
754778853 788242510
615623282 734466597
396261667 885738916
968773061 977661806
635055574 982596310
790606578 886185928
159042855 960283274
57147001 183217955
247075939 521500441
35266565 799402821
50425273 951658172
20558210 58456005
253336162 927519261
89963867 370121928
779298321 838564362
82600417 558854684
975637016 975739309
836211860 872344045
863458509 950231554
439910074 961669019
134484787 784904024
670126006 974359638
203187241 560344751
910873155 926680247
812468761 917888771
35099715 227314419
362242826 798842531
833158196 992816930
172581787 247285554
379412238 982391465
447682796 584634344
630551912 683592345
469739405 519515990
959934533 969102827
512998307 718916140
977572117 983754721
137755413 579971527
151475013 692299981
440422053 999006017
758694040 958893218
251409974 252563506
705796221 757820192
222189837 855223432
994213397 999613187
504857585 982453413
786342073 943519266
601987684 806211130
985295907 997922180
929012513 935748973
162732842 755493991
575884366 838407875
129293700 655787267
633715165 889138452
539157093 832878072
925931437 971770964
195353400 865515449
682781630 850097151
725630255 981713850
243867235 996439215
355317291 619686752
906685020 927145032
918877058 980990606
932090607 989711427
900087634 930514342
415943546 487705500
264879227 542544066
558990972 809101019
372698320 963820586
248044680 334857794
487289091 539375710
625255299 896910876
785305335 852449469
833522538 876910415
223247972 926635691
478129890 862911482
934681154 954052871
233086187 507232821
697676445 728479582
453310113 530091380
681418555 815250853
386645575 638078600
127403233 686474037
813064790 923056144
558472902 872599293
172439444 890308876
578429870 930757877
893264751 951187563
244142285 480999024
773062543 842835471
664911509 958998506
941514153 958628662
824972256 865975161
507531961 957352962
5471934 144160616
522666202 826300986
125479773 129342306
958145749 962763888
304618113 321922302
23207876 402433290
693642399 995576344
881821699 969670047
538694848 601148532
582320805 992123299
32909153 132185218
530844652 922897501
865391029 949986265
208721717 761572712
956547378 984758129
704198815 956559098
380456644 946026283
328839310 664555672
781098974 956664237
683344611 956024878
134599235 623822525
806880338 978297773
165150321 369378357
79437641 113021070
617499867 711038261
144231077 455374993
932209062 940593387
451900878 631766437
665741503 837815820
945076803 988626473
730576752 994822197
124691024 855544203
232791083 554466567
446084678 883019651
129304300 862594727
689286738 931869080
337000983 547211646
199770892 400068395
801594410 822563360
322020093 816164558
732893620 810806769
315569168 593715502
48411115 984332348
840764969 980052860
889430994 992956127
328975704 826399342
992492892 998706565
33569615 235583913
398598621 723512898
162528949 668402114
456031667 587053486
299405816 468739010
544434167 967667504
520959330 826470026
520885921 854677722
758905991 910004925
512948595 776663826
770693964 983637154
781444283 821820573
649094552 656161064
598717443 637457431
169739566 288620211
247573118 908182998
354687224 747287372
489767732 675724900
24276861 354355914
220532551 720546644
981389427 981998908
859618609 955129589
756418165 941001910
674172459 731937265
50628500 560352811
117049784 523683637
503133378 640363227
820003193 964366787
464497208 794189832
396182375 564185424
523857004 772430799
964970454 965162209
378985207 734835633
590518260 714144679
105269877 646307153
1784642 292127801
476887056 689073754
358842734 546240466
414267864 702582393
444028855 620041426
420522631 550160251
130599528 780796494
705927578 792044486
416863700 879604525
528231445 858347881
119982201 771001343
28392502 862472448
881197853 954258313
818738074 824644917
529006221 912223603
814728676 979362015
787279452 856399584
182616991 459027284
744707138 870355890
4613494 994486544
875959303 947811997
947503412 994065955
535085454 575000214
33593758 318476262
177704738 346854404
931146127 981949410
274061231 479139382
339895622 956657766
198947545 424866187
290327824 990137992
675411050 820517888
176828510 577804105
165217535 754374898
658106518 911795460
379290081 737556137
305858746 834514983
63401847 677839666
948466995 987652108
978842399 999721676
383700742 448277736
6955531 471032875
129424905 763265994
212069062 286319074
838754929 855405264
405839514 609735322
544328658 587565478
11616817 395865178
908252974 991840278
719578413 925249719
271573685 301447696
274786559 474214368
705326782 953155422
930231487 954695212
181027933 922125293
677941060 782024675
680574871 692757094
923686419 924826627
208318357 830574155
623631238 732175897
744140295 777196894
526433431 810884983
844652018 912464568
861703021 937891290
869352265 970383922
33456917 340198298
341410381 410736154
519994362 727882204
868964681 938147565
905740135 988875985
597940747 610368874
534795629 986407787
109374622 646321642
201152595 719712808
530163669 923365507
459616250 601767393
297293222 497111985
561728673 640673988
898012597 977021442
751837790 854926709
830236757 925732743
581830848 785596006
55543653 430488765
269433564 801187533
412269994 913551089
653555219 847743298
187940658 532460711
595005330 864296397
398148518 692355005
773776818 815195666
516439899 583185179
473093968 759826738
345355786 600731803
382224713 388064580
657496173 885147532
887113557 979945561
774742039 891484615
393720484 697972369
361400990 516308367
687926408 747391988
840398218 927462607
701060132 718198655
472657566 633529589
251825615 572907990
985329088 989886600
741225346 912048819
45679648 340784828
903179904 982708394
307170604 373236853
80051271 541849129
119606049 915902384
610906084 650731811
930246134 951574359
368580908 666197812
561762525 573071983
149898838 248576092
525905234 784389991
284960422 528657867
493268945 538233083
630613806 770946487
495001682 801523878
560646729 606244476
231163176 364215810
25380157 260077545
574779385 719816031
657459210 903537577
160816739 631015240
68949585 798426112
131672702 312302511
345676939 497591489
723488217 748665329
752871703 812182845
980710194 981330743
139285362 197955339
797927790 879112590
158843265 710739480
506742409 911580312
297013555 829007091
140131069 217373813
568539031 747412473
250601948 510218519
9925852 605170349
282411515 417504004
230453099 596362703
175611337 996087019
845156580 971906239
343029107 770435382
290255296 631368257
829396932 980667358
788852372 818895824
21286791 734669385
917289745 966012830
329133519 701506703
150530511 747603878
192545995 931235774
552381256 951246459
494786540 873904341
203570176 378867144
773764182 964446701
541503223 583417824
828057669 863786523
796725426 842841670
89070699 912753409
77947385 104552383
549375655 622949004
332405102 412353271
315666369 796961060
846599482 882717671
998049421 998284223
114160315 431703581
347946474 546377753
48743199 710512186
332278433 698104106
240480240 277828976
944247375 952190649
604056807 872396898
152179814 340453466
977115612 977801895
441045761 641961060
628947559 828151993
953451227 986221283
600214936 647763026
212175379 775719250
389071933 574330727
248764541 492010228
487880970 688505016
553656557 995877055
145923948 918651854
663439782 879837999
858591891 981319335
777382197 977352802
944562335 975651177
804657922 857843760
329621540 912713701
931184467 980018073
494786126 681743526
120048411 172716539
936598625 951481501
429939387 723634012
45838517 551315526
697594493 781753746
980863321 982117976
725115075 875752576
483653890 688079743
766888293 815396744
516814681 549224327
662143152 691015622
29845665 572587468
440969673 546161913
759916984 829985780
487311301 799137541
782016125 785112749
450841848 926905479
853508723 996227792
58911636 556632414
816074823 874257013
575919808 839874768
107118046 555624806
44386349 199338007
567669790 897855650
879615055 979874333
569751852 842327131
638027009 921893061
540927675 772278765
737868607 750666680
24923028 734000856
572754325 599016247
846288723 975908281
848095900 946338990
831742966 934976238
145107695 361366398
625343068 821992265
867633309 962853396
64568645 184496971
663611843 935005005
572473857 718925689
960917166 980182377
602355580 908585607
939594422 985132756
480227902 837656739
159180224 733434374
794438221 801465007
196760857 250462600
781963467 930021163
828881337 847128562
603487471 654569573
151888800 699927560
830981913 985340376
100525994 784124078
722890876 958159692
140623265 322153554
342466407 387003673
501585932 627963463
105477006 212678987
476219163 877503760
915403152 976708957
459525034 573856938
599017583 814501975
772813160 892608411
40029443 798005753
34917330 73272301
806139277 819512345
599945007 912681863
108433171 645193809
461658948 538266126
996829511 999995207
145309723 148554874
621452736 726302941
144386331 621542839
771504155 845073003
935872868 957639336
142766740 476445229
143729882 524633335
238984206 801912806
621129834 971357703
69023753 979637540
573709626 941643786
261672 748951802
986319890 995896945
475516167 748700864
282018954 318107342
269485451 683596541
749562678 905436510
256197137 284195612
838743670 922049050
838991458 966151602
317163419 573434313
511713726 781621814
718610746 727011537
48906085 953346014
38744509 523540687
263106471 287124462
320900499 622906739
882399223 902913315
791845392 896736436
373401208 874197730
273099618 637601626
247427985 633470248
15573609 150663598
318458616 928611157
191739345 471413786
228059637 417851625
306275829 660236170
554023467 779484213
326567399 693686563
245176013 299957973
830634410 883787582
901873985 923055902
395828615 929366180
251254195 810810691
829202802 854661083
296434971 598467239
607916505 964547098
589834280 655597187
723129270 767220596
73864 231651920
194938701 914894096
856794088 856911681
477245278 917379505
259206000 591291260
619324151 873995145
417708127 835896632
135965815 448110537
885995312 983622646
71951637 132443234
206840091 585012213
995940944 997993485
95599984 722449984
631241431 931219906
460710632 836326404
256891409 962287446
900510095 999277758
330162386 714456064
574690585 709127006
956039318 992912145
485830099 682097797
42895375 71290945
917379398 992687822
280399414 705261282
557117342 680229951
19558869 638922621
194419432 377733332
871905219 920146699
204785654 562239655
71802364 457346332
220578078 225201387
608265656 764884712
582481039 614426207
149316616 568454631
755160780 854503503
167248400 404028604
230259176 730531006
511882106 939607404
872580727 908714938
563570161 898066913
960357414 976659025
541532137 777219099
686982985 851166410
520960630 588548821
418117084 695164596
528361674 633428061
415540461 440221527
312583442 828026401
624090439 703151325
529177646 924565424
698234035 759642658
767045936 969886849
639272439 661171142
36475446 170409801
422061184 462917672
132950364 429849790
835668669 951410016
289258747 827964905
861265432 938626863
156368283 451546367
628948902 709083052
923866110 936261306
415275427 437904122
227741767 881084349
56934284 337023846
389021036 840033530
870639060 970229340
41376821 811013925
217781704 396700052
239976770 320962852
726538582 784317171
167522764 455669427
158245674 490410379
594820109 765122805
263183267 351552626
267692990 677039425
309842899 691858939
980443014 996456631
288554554 356712642
516581969 893482323
884484828 919377133
246270238 831934597
740516336 972947047
54963651 143525011
56856753 589237409
501327914 575320063
534530783 621402113
40669661 526440265
62338573 945390813
675056101 991661416
98027554 398262877
699727369 766826773
831860771 975415754
28369858 663523972
697106209 731555143
601644286 719730165
564692296 573153794
689355356 829124672
307357501 356092247
671208402 743808909
875656800 985221346
435128818 950461474
738435618 925351253
412596108 849559986
491849595 693177992
373980124 797625137
462980878 910718935
874681000 881826909
102622156 399320841
668604555 983145440
5519589 556246495
940589040 954266240
156011557 963379862
993400864 994679080
585614875 975354130
322892516 636501380
960374688 977610534
246585364 585237055
874082100 876670200
293461748 383122343
756965133 889305732
660331578 724790321
227361808 800034647
269604033 392041088
665839595 888501480
806460132 978418833
328632104 365167953
448905944 809700827
251678648 260215824
75427793 202229542
341400617 784124002
342544185 985619798
458137297 995419272
338178999 849042024
928425825 967094619
61780464 210243876
901995184 975519233
343216742 553618585
72618868 339629305
97260826 585266930
741581261 917030670
773287185 943720800
481835473 578647527
15460180 228412921
971360519 992124555
595191306 840367305
834942338 881873284
865575063 943622632
61975722 771439494
890555411 896044206
927353412 989229408
371300286 941603076
253321480 647767046
377603675 720918682
780074695 963038292
47461619 99870761
817082015 882230285
392522479 692993167
206942266 767529222
741664357 862362121
959891628 980658167
157996198 607413882
932588799 947962758
846014016 900245399
380570799 835222314
440648 397012974
241673712 821952329
823591757 882063064
634740885 947283103
380889065 684175241
671143412 926429386
20422799 70124520
839544795 950607841
628141138 884329103
445248114 861558503
110280818 384070565
559602078 978864543
196117408 772046484
606855832 881435474
978692486 999644326
105976190 352019033
310751158 675208122
690058255 988187224
944611480 984255874
271059216 298220805
550007817 569790679
614018514 826635333
142020247 830881293
720342821 975696081
515844345 978098389
106935180 474462778
788029257 899817991
788815347 927960618
9666661 783472658
131525561 138412572
371771041 788093311
876058958 940064721
710097336 895482297
288743676 584496996
448395631 594708589
195402884 767679011
243546187 360300317
788109125 900110517
8964056 332456395
937314082 956613205
782877780 804521503
739089162 899622332
110943705 535399049
192711663 918725775
440244168 750104800
935061181 981941855
935832219 973921194
414873444 535098089
891516416 955299407
445435439 460460009
681870697 871463049
355718992 547430265
502465199 939233063
830334534 847315999
395320767 808416134
591714299 904052563
406256907 477691402
504167912 862055963
479709081 482110426
519914781 689175663
341083215 904142190
384245326 787656660
793398070 884555104
878247277 916274399
829841786 886271819
126457024 726655380
947558653 962538218
640701964 922284914
312885903 703800108
140770405 656355497
424410224 684302720
245072248 298657687
906932994 930584872
220628041 894903507
239693343 420289463
822858988 936727866
330111650 580547998
580302519 969123607
468470190 751375180
262102641 847253735
833995914 976353728
434816178 882554747
346355439 749302341
784958470 826298735
334336769 535010314
832401478 961566465
244874330 690330870
759718350 812408372
462921003 807169234
290224811 349309696
816212832 841869256
783771 436981448
136703723 207714833
778100368 852398155
923038429 924958758
915981711 922804214
736867354 922684241
93403553 812475773
351889551 548040138
543905367 687646991
818396596 830185274
163415335 661358766
396159548 572235016
554406120 758691804
74083710 880752961
185069938 712644082
794749170 936088837
28843246 58196589
734074012 860546959
409510426 733886088
533662699 959880242
632407440 884554776
254692571 984566653
848804810 900409876
833995306 975133499
118573297 629523592
46144359 347301877
162487009 784293623
552130805 600653311
36382169 376803483
909562648 990775513
212271791 689878536
586626243 790946613
965332105 977419218
948124660 977137018
180702758 330010895
937854068 977506117
662841030 947718413
276107914 786963935
338520925 724859792
106352336 982410405
215928641 936173790
394984426 993165510
383966690 665925549
496464473 687235760
955694054 961478485
739552906 780126279
634934647 638643204
968267077 980455483
398910159 536299539
708521117 825142195
170149267 509252881
246592661 504716203
718943687 919035585
128256990 514631705
468087932 601316436
89332001 813554227
865090998 872460663
644120647 712678495
178536808 677020734
94337051 717091525
100633948 865228496
976033773 989291576
386735055 722242085
187963777 239969413
900701915 908124973
977342037 992708025
485217189 874724309
628315698 880976192
734651095 783040138
917618375 946688933
174377293 329430483
175862929 835480234
246685660 731144699
652430938 914894287
211126534 705199881
183888000 301500478
363524885 398620821
153695058 796255718
523174055 570504659
990260297 999281704
857372866 871061627
578658104 899981588
321283935 642782254
603724651 780442116
539300039 599331508
742985296 838861144
706105708 711265067
705672542 738302651
519612692 951527973
130919274 578801591
980558707 986729702
711812531 988167692
300402727 404191622
98873782 620290273
599956648 984962474
837359678 875411546
661104619 772514762
705837575 900779844
230561482 248828183
225707375 265428985
165321796 544631130
449195525 456480264
840127181 861792317
397219782 633793541
473750275 630477813
967483850 989797419
533935601 860269211
522297866 682408567
445336174 655639949
211613331 767254489
601219152 989283494
146540479 949517659
728888497 974448910
487918521 781540270
350698361 757094855
224656084 921053159
852715342 864989226
462731780 921970445
197896787 991556309
390966005 447227561
207873145 211485012
666093260 912943783
403075938 427892194
943069471 943780916
55036494 183033708
211156703 731152049
638274363 702687464
352850576 494415553
920486771 921283115
743398977 989368784
705594111 733350236
809766671 929365457
280877284 756357783
712513515 861734006
533201242 712041302
366113756 683676771
312870126 911760862
496424164 967418522
369349104 980127157
998903831 999093765
119983410 545705023
357288158 559726462
388535100 559981630
62135441 333509775
715538672 793496740
628274842 681586575
141442207 537994158
71241153 362810423
975904899 989819275
724254658 870885531
484634568 632803926
806709547 985409338
161043797 550696265
801848011 968696993
553332141 600206280
701428164 912496021
744934807 780647657
608957349 933322856
309925399 624652704
560136518 869966881
748968120 939506168
449873114 829545645
978003948 991251994
862978764 998069235
868873377 976223344
375126738 393102315
118009882 736412916
747882160 763880323
47879915 678306514
998973595 999673888
207003490 971186242
156208999 690770831
30707830 342932850
484838475 789660613
542252908 819430375
241367288 986725829
936195424 957010206
22334866 674426647
519652864 603327577
590823722 934972108
157523857 943349744
109872208 791340142
59733432 596818401
469149219 989565180
93020832 526514166
470599509 807418269
996951778 997789221
496777685 526813685
170245259 898716202
211327061 826875234
402649131 857245476
913070136 976288790
738709898 830342887
305919735 794741944
82043131 587431310
98709723 428937238
858246041 953120902
892424046 912060180
331611195 386377876
404791099 693329117
235812891 916793684
225573257 783814978
336451174 866812302
536725694 725559223
143063017 607969490
66486470 903630166
58122784 744239499
878601233 938736078
772910028 807000995
92849220 427297488
187131581 873247656
817019210 876422057
613578005 930585260
982467996 996645811
194519619 588750103
56245909 631587896
644291803 748031608
112388925 242250825
979473190 985110524
398061014 972190004
982999980 997737269
40770642 925090262
323911712 373948977
576506121 732916248
256976727 685709306
6480655 67682557
312220382 680592480
26759566 853205113
62115186 972150538
261966006 395029888
257455344 466680790
330590788 414892244
517604360 910610981
126618887 161463598
340827269 537156402
713066276 980690099
452468758 837973348
7029350 905615093
495824583 985281193
776904493 876131590
758563387 767778791
345501758 820067375
155217700 579306320
927129664 955920177
42207424 214509209
664839887 859947585
407296442 777244906
915278149 974344197
795986993 925291379
886876459 887735276
117991727 475236084
268871458 844039803
521920589 921521819
928852805 940656922
218686431 804924252
821162995 966748730
649742700 684044962
759665662 817189334
975239824 998265565
483999347 816675312
891772387 991524932
555246680 904348319
799696786 980604775
622919840 746180548
651432315 970449975
245483098 876210820
279366111 552083789
322207369 759083484
490976380 701119839
884337659 958387784
451127604 668535134
250623730 963794129
365111945 449737387
998666030 999805292
909202659 983855151
178139948 370437172
16099060 356795060
651072186 652942677
306907923 405759415
149371341 920146117
270980486 501390156
786872358 875638931
147397492 857626098
22292 377519971
584066804 774717994
912756058 919468458
594956942 923970572
570947515 915051740
920653961 943563570
855845123 918761817
642580769 714813223
937514316 969179895
998078004 999074448
766815861 910106257
899865685 980037281
71179944 846922642
396034500 949914594
94834915 540980666
255910925 445241603
72405981 95053262
949776307 955694108
309231704 715861619
985626936 991598190
219949699 627556898
988600872 994235959
979535873 988976917
639879830 925089793
464775656 625016318
983734505 986187479
673227877 943523559
938793290 954073687
827673143 846958262
440870569 978616797
585226172 973373101
575531629 768114651
629718006 802266141
469481887 588650047
126932410 315229871
18266191 693519741
596546257 950924610
443341964 743046529
698969439 959543350
765774995 936600363
484438405 775314599
261339623 568746896
389470598 924140246
24438972 647616902
783433034 837228900
194888168 362524899
12096423 480615919
869465344 882676705
404811489 798987600
101559406 391195104
825501412 982931176
264201944 773641983
56319145 475697956
609736743 844719720
210305281 956487281
180406730 642092912
136318998 794312547
302712394 376085204
859551470 981455383
144598349 538302813
291616568 647321085
432856280 886695690
695192435 832319284
521744397 682241345
939961908 989037479
963970527 990465091
60787550 695277876
968248739 975111102
561168958 582595896
616273173 955974427
568608900 802849135
571238210 799274948
229601993 526422596
456341822 489030369
152824233 674444951
83230239 200719448
263710622 782828071
956555161 959933604
89976440 255047670
924266734 964789159
747915785 933113902
203900671 941329313
983138520 989269180
562255307 948177370
71428637 383392549
212515323 853609775
129476371 487182414
818023125 980957551
612101186 764757171
841715664 851883272
828954548 847042362
942887143 968763588
400628787 794155388
898903171 911031002
617134816 963150067
473868887 653385426
130442835 235222840
730475220 970967813
837199262 920898866
356072547 914401470
405835913 946680660
415031080 697844961
600848519 931885114
288003980 737992806
354689392 731295291
551527564 898800954
915222813 995718403
68394940 105869902
219447930 444022816
222320764 358535972
904624842 965508245
367431774 709012598
34681885 992743769
727659307 784029848
310954998 715199539
350372392 546739794
315056638 604124205
485200844 833938462
625158174 967780940
770000881 906527019
333602634 594248291
75675434 536991202
456640115 883179869
281734747 961650084
63361414 222124233
375938051 945462701
63861946 294139443
158235407 186051367
587902421 944846886
540606178 632914580
525633388 594900591
996724791 997758540
136316885 307504573
488472889 804203323
177123590 669327060
731546392 744423666
657302375 698295564
74634854 402832154
365187030 921375329
414952493 934879389
305513411 471422552
82295015 336080057
405896202 474833508
31685764 198214191
242689274 289595448
926830560 954486997
555657301 822514016
947226226 983358531
885538375 922282425
844715491 944594034
246994755 739654167
573752995 676288594
144290245 661844971
965383784 998811208
765205937 948382165
756702140 800787219
707339190 921841592
48437479 219549988
927124748 949744282
489224031 621948692
173027840 622630017
482294085 684609261
643511946 762696471
612913148 960853394
305322991 896442128
449486146 517844168
332101293 416176245
827963751 926018687
60959812 872709571
970249674 971457701
666643948 850696170
574333271 604635062
249138051 253976238
125272442 160566284
510330739 760586196
906772231 937554886
240310818 905135139
767350418 935241809
394843532 822598821
239664185 960544603
328003469 688225914
491319003 608438310
803243368 986607738
106391485 741631247
545417442 986854928
959100496 962630188
963378215 969890078
301516147 926530910
964947919 991654896
605956658 893092124
578805423 768040919
258207406 260653123
508836364 752577903
674189680 777441786
762858022 781598220
434480900 999758325
490002662 649810009
95506674 197541627
643745392 649812568
989036833 990449798
535026327 686663001
254835250 398573292
956911004 975918327
320997921 883503194
586433765 724049655
82123717 733909731
395558917 619950835
83296210 833024456
315150232 726478448
992393824 993831415
877314134 986467796
611130284 616668610
257301976 508625962
346677157 835190207
666122851 956917202
199428053 989998049
776258075 892594692
987128770 992406740
42751629 430389890
371049570 398272205
607565633 843041154
238582613 257776772
703612380 845002303
28612324 165081233
428237161 783983126
733130247 757312718
640317610 721291218
893056863 907519859
85363729 596072259
393997157 464121215
285784510 606355769
918020946 961498773
430201736 528074829
352014814 575078869
810732211 957940298
753886170 759019256
372283278 849192287
733240049 794937265
407020513 870426635
30959432 809612208
812120843 972232505
488281351 682849821
28934865 123683593
613956818 805535676
108460889 934554290
936254101 974268533
940410717 965068205
864537396 913011746
687867397 869469535
383188778 495331497
80717543 552661921
3163464 73549685
754124433 896544607
555737377 707055225
69605962 949597124
476982636 834181640
25848587 480459135
518427493 616479305
945402836 961669346
505870705 977649630
258617973 794425892
440800487 474887522
956033356 969064183
676899056 886925262
337082368 525672432
285782459 296933615
259444428 287377185
929568706 969050860
578285268 870976385
76452510 559375984
137514903 229319882
637158160 654741539
535371674 847464212
416765278 614474218
858651900 988943230
976787208 987089901
391437609 469416561
345337983 433096837
465285830 468883200
95336291 261895270
752267834 949145286
598535640 893670026
244828456 253929390
861207956 922426825
981171038 992608027
126011416 496244320
463305636 825878797
778441635 877281076
633896895 710321064
227812255 367637132
384733800 546016254
614982901 830556335
637746810 910420661
504585685 605671016
562461470 930520912
109007665 796502252
822399260 871491374
806506314 846881100
447656896 794789800
12028427 980966004
615794886 644071463
83507726 292508623
377694760 598912832
34788590 132374499
287305010 804735333
255438633 935185680
611009305 843540543
435783902 973384128
158913879 506696070
213354148 348012932
202688053 853419616
290375415 830998443
618637210 816377696
511492325 722543330
40781273 414803854
332368344 575520690
130551582 455913803
144419296 707713301
120849769 927486292
200879874 312649233
422482425 917976115
848387014 988530765
176387768 689033258
558711847 982851878
597529343 718101548
548926767 917437728
571973776 970458873
194416520 229827614
553273628 715795512
81115979 678658829
440467580 758167795
932512659 953138618
190364621 806681800
323444180 385202184
434159241 934827186
449464487 848104557
654312279 804477706
450585551 704730573
763056570 783874767
4731381 122944434
452982640 955063210
988872944 993249917
458697647 998045852
579389759 795337608
578938521 947892328
262282937 873692487
55075996 595271897
6329131 692295378
960645839 982949499
438398676 551310291
801253323 926446831
81844230 268688116
383878014 415313915
392289986 433566848
155856063 992522146
622046467 628773014
48405296 402655505
773307344 863531635
888611671 918392217
513548875 530143678
398781415 651839235
424531522 771877011
206848775 922541159
233251579 911367655
225668664 256582103
215309431 470278516
410657323 840722412
68238566 256765769
209533588 924495327
230667064 623024624
553382854 966783513
237155460 717951130
640629829 789566862
93490817 134685183
608622376 737158866
235399693 750949141
333570731 405751721
112647848 159556961
68587396 959554373
193445125 310729733
276974100 827302390
725327600 889741995
241236430 301925944
447890123 956582036
222416353 300931140
494803081 860871123
45534157 578501760
351893173 613346360
939760913 950698769
817625190 938148825
374764430 383757128
859710132 979849848
691611500 991689511
374911186 546954671
458005719 547687284
221588122 437050262
509794438 533490522
224634150 981193635
949247010 979734225
309568321 341922357
246706027 400429435
704970357 969704517
173921406 495279244
628759849 939661195
114312063 913448897
780596946 993704280
423563315 952644084
69092173 654839233
303873967 638675883
166114424 947604340
701931760 983376485
409495346 920202700
339120427 628293644
495674082 588123780
398255759 851752712
163838480 447262917
991060168 991673574
185340005 205691510
31686094 288482695
551426496 795886390
380070339 648298469
731493435 880810655
170862140 944194071
6289584 374824851
567591347 959601270
723163125 869491590
578323933 658140803
546412661 667031573
395501400 857738160
354978558 929443308
958339137 983406813
945014027 986839851
679558962 740775064
522878778 949612982
496103813 685996936
385442076 734675829
616397305 844155387
686468328 897535920
990203227 997212919
857929131 907507334
24819696 563904720
680994122 894924404
342687599 435563962
869310436 996564057
955161861 992350174
347384836 945226637
900451703 947841484
361655440 526529952
678392859 741974594
607093950 722222676
663447802 975964624
56578737 924680138
862437999 890354891
22517503 706795097
276327382 695688907
782917075 870254805
523397437 740620625
856964306 902971812
637477961 776702689
158760201 192273075
182040044 617019525
611606655 777014532
550083248 676659687
801687727 844744060
137390822 574632469
304355364 908323584
176662034 871927375
93867789 507189995
694984933 893873183
329108538 766237287
663271084 831672760
126599219 169105219
315884829 909052454
122101528 503107891
337476721 593390012
806767605 955878000
362122430 845582705
345459278 551647280
409116384 527611738
239772508 340538739
219830602 321546182
242902746 954355079
219614408 817824041
799013377 992877716
825992095 942969577
311369917 641354621
59661024 220519281
162624287 922883331
209470862 406179005
615785427 907871777
126257897 698023704
381239041 468368168
809594614 960521255
569873295 890006997
9316129 458818802
268918835 780459777
238683493 613495568
386866377 977744703
933317266 986774482
261418286 921049833
231540266 324504225
132814003 924903916
716311885 933872076
226180415 240600910
603789633 883761342
716396944 984080102
846477104 965908020
661248746 751140799
482712743 792748129
881192764 974070525
929448381 987725305
639512979 925808681
82162239 671581225
685116305 917843232
681646358 733301468
852347155 929427666
353979531 831868482
29432508 980890272
477318358 735649587
916300287 982958435
733636231 935615109
387951422 937076155
569145703 627166435
28483596 918130371
380895750 477562010
597770070 907178977
274734010 536715415
272212317 410016636
956123090 998453133
474035601 553900557
228000771 749895767
537588124 604857157
755196225 914128023
351209337 572378972
448196176 925308207
638530568 781023665
702976309 905744060
501493428 893681280
406743565 578502535
544493146 647692107
598947029 783972519
473984696 702714395
8368489 29203623
38768810 92404760
408750713 914061642
944383954 997924756
166254178 357267419
529535570 564204329
971349532 976701456
973973195 992269381
940043494 940536236
193029122 545988156
844411707 969542382
753347214 791775660
855325162 954347603
583280792 790195056
687294929 833541386
639615340 696172043
955354456 977909802
490225130 580116473
222481933 959726246
97357109 392779092
311968271 585100046
489774947 953519415
213112462 450222814
273259727 444271656
922806552 959256929
282428881 316468252
385761116 864237441
248395430 574279680
878588243 999181262
417115873 448769512
643485299 739415253
565505250 692916894
768819996 855318694
879745488 937082931
564354421 678228273
497100115 827735324
954281055 997754262
287510368 605010215
810115309 833656735
980232878 991258241
183676815 315013235
839558498 988269075
49291353 730758108
673890177 916834722
538728611 654758199
406877130 886452864
441289864 690494240
321365538 742707625
324173624 988048305
683685673 717215907
53953429 439926336
569807369 867098213
859588630 965673358
496253848 578419947
893158497 912458255
245003096 739886002
988594965 998815775
265592675 752806334
784448794 903318659
689574091 867568116
721171021 750647583
449144369 726561852
318276656 993380393
570438757 729548972
120219326 291775896
303298401 789591619
279620437 409422716
617242155 807135063
49814923 940534109
513941069 675380237
355281912 782743507
182791495 496131048
783142031 823557061
658700742 890090483
975938097 976779256
365610423 527356583
580386352 776568243
35428720 373236467
355489215 389064312
332271617 400334055
770539207 860148783
76496977 204003975
49342390 770434689
399368130 471642170
655355238 910222482
445552462 984805016
361235838 845097710
501606539 891520788
102135603 237670550
410669142 743786960
994142664 997580913
395584221 974680026
652604036 756229056
547671510 918750504
285068765 639574819
999961057 999969250
692021833 830026980
974263335 994695487
160924806 493480164
294249792 531057041
57300338 192786419
613405433 686764619
104990836 558124466
667428712 975416134
800559443 929214222
514335443 646212875
588699266 791977835
464736184 927693965
906521501 938124949
547520490 785785508
757840861 814336649
860347011 899861890
654355763 687872190
34458294 714860959
750198208 945347773
372785758 752671497
162069333 424746322
533974423 877279676
124386991 448289053
695462053 971252452
496640169 692289063
605389148 878108390
957827328 979586148
450245613 935482826
855442501 971394810
48224201 790907035
509793029 571636925
883667663 995537688
104024580 562268427
205028732 515836208
211918809 581055703
528219763 748095319
424281203 586171376
251517914 434871991
15322285 914387066
331051903 887511957
351866198 706132916
130053434 534721447
630888075 828627568
370702684 480798789
633235989 862039231
571837162 745358487
928104831 982804445
501177033 744487072
415782591 811378940
327792777 453464153
772437225 991238311
247712587 905799875
503363888 698724577
357975600 461320064
40674277 706522215
919194023 989659243
280106954 289059443
248792896 503506901
90186498 300709276
713220091 913565865
995855404 999060061
781060962 989858499
5613957 354024138
254580588 874987703
840392179 968396193
80802209 311408192
514382447 719126176
704552600 980244854
743688839 748465174
280431805 394846948
355059155 701443100
465068400 691720554
761729322 831315009
101260757 882795370
634432465 749186023
714065767 893467198
888739555 935595249
997063695 998263043
580945408 973648695
30248530 262399314
171041218 548407497
847719349 961619677
786886989 934569842
188631432 545785068
895248453 929853689
487059704 960168388
392847526 621097492
276678147 788575924
409157477 686249802
879857031 918251973
131389163 397649007
78679973 312493807
820197190 824529432
235709138 665208723
33128444 844501903
566096052 781211969
272970220 562499147
539959106 634071909
56528669 175274678
636284999 693513307
235417074 557376642
30007617 503224337
697397433 718719106
505394594 930984922
414974372 947017718
568382766 967188043
202829637 505762198
78113402 405534817
808785895 823992829
659760627 943319571
225028140 476554120
9352855 611847069
813429192 901355897
1037137 687865728
960951197 998340766
968414330 999272873
51907272 349782866
866041950 905787079
393321630 803766042
610668850 872088452
203821548 833399469
280779432 722402693
574442012 577090496
132335469 817491726
625909081 973708207
185330179 973947133
209101740 359221912
31028380 797872156
565509152 809425167
488994801 638571837
893519119 916867664
66387080 239769353
252651806 513259897
605434395 922755599
257048640 837108030
550688430 701096344
795950218 941794557
778020458 947654378
674076952 948618284
669018836 772451925
404490203 694460567
160209939 964166735
773155498 967978450
494694597 882796093
866495895 914759160
705092873 865543778
612977675 746314673
27897254 167157209
219878761 465670380
554090965 745996517
95257942 217616506
735960642 940521442
858826357 976264519
288299636 978073809
559343958 709858225
49274078 740553824
326996101 470211255
253911533 726418098
132925960 560249971
667840764 695053340
58876549 839983259
314966367 461068022
201830206 965753263
64773603 192420488
94705413 370412482
659664207 728853056
86453465 886894806
746017254 909406532
204160914 692820557
745396734 783038967
711877883 954189167
889163365 968371238
786539133 813422445
896999603 949851172
360705323 433024582
278587092 484075807
860945974 911733162
402072421 766449651
494954853 737735447
809020024 848185375
815340000 841301543
264527574 683181106
923673353 947067578
392053904 717791120
929687575 984674345
725587779 727114401
50090703 445111959
800055894 952409889
662437846 884352629
581687330 636969590
744676201 840290852
119701445 534820146
494462292 747378840
153954430 550714774
431376633 967114892
217357362 375614496
830644764 889351760
787778251 894643434
572974293 958935612
64287754 798938972
390708175 983279540
505830621 742458415
43808082 952596505
839753918 907732897
577996731 872842088
561943550 868684830
275113263 624422741
237922700 303246745
655877662 895781492
439473635 662469707
252873840 549902380
271263024 953574839
877091136 974293852
543696117 833410356
104622645 545132559
316929838 711448670
246990590 906234807
346976861 913158293
888857743 938761469
836691783 947561797
923941382 978325697
222375609 434782083
835069930 893294199
535695682 733872877
424044726 585025941
291878700 632098134
657153756 725999255
647613551 726030477
858807199 908134710
322218306 618627327
741209945 956764123
183670087 516348980
358014509 971572903
114716552 328448346
917970199 944839029
254363673 553905331
934408596 951607352
152920729 233947926
950049991 974377988
732862908 881107946
687905629 781989075
265047630 377569056
32927040 858454701
228574908 771088484
758180223 907260883
270034592 925178077
34950829 151587131
475435766 885950709
389162256 956122281
718377572 891072259
300851294 524194584
163370801 964295106
955085571 989542167
134606117 889699146
908312981 930890292
292814504 542168839
997166418 998328630
838349319 929643663
248305200 628747096
25132544 542067252
221829371 265487530
802274761 869393114
230566122 378362362
714313313 861214733
617948271 628971088
457233321 840484540
909309681 938105702
996917884 997334609
905517892 978911748
580221878 957436917
99140387 206376598
299094998 924056519
342903143 521430819
297188825 500749100
713935805 860089111
325272837 326547704
553456410 930786312
361284862 973436638
893720972 946729185
808965902 973849506
234647010 271031991
398164255 681382473
960381909 966446617
925793977 972683634
57475826 977533111
655321122 864159499
971905832 994533311
658553356 913484615
249168163 407952246
679761832 890568872
830529211 970184538
432477299 990556710
258365390 375639828
237563203 753868704
938405255 966943604
541400531 936006890
820242806 979849024
951320063 954179808
747555205 966601762
29803630 426637129
45067591 246200904
783091430 789511401
599603689 938336055
197915509 612899452
566723549 952353047
686641288 941826910
654297045 915705219
683133692 824904789
715440940 879434163
559992582 726102217
556998819 820715901
263577409 417451941
480246216 995169406
951529440 969993443
375890946 392818886
103112210 281740254
230999330 510363428
927011875 975985096
318771426 526537162
203179471 449293326
530007705 898940267
729936047 933702414
90262916 520749887
715864784 909571164
437093397 910172370
128235351 463836209
36501629 148533898
226039085 845399048
221215838 603897781
199810338 621463825
620934188 855286888
134042698 627404677
134325990 621679980
461622059 945798799
874221360 906681812
801520246 987275462
811776944 843232042
462545029 486352538
596434913 656063913
844133965 968041843
677028212 913531008
629627947 832033304
413672488 985225710
905324785 970162430
271459090 797603374
542774543 758876153
309918744 707007762
778083595 852337759
2669598 170513136
531592199 883630290
718375795 734874960
333271370 803236988
345619268 688291450
505017845 703127711
255494458 591418242
150429331 633817519
629124270 748900085
345327627 464781263
833197600 920096184
5749593 326583330
526848187 789046824
374509827 692107848
861476004 966492113
449678725 822907801
561759085 713538966
107337237 619132852
958632819 987319670
19308788 92632450
921277242 977092102
327789025 543999970
923364065 929360216
79006265 677087532
931406 327701768
161777172 965540705
820991940 893415572
546038319 590789503
52973942 824339684
861480793 930574288
842498985 928042469
440651357 918168337
299344869 481972740
476648419 986863772
708601920 886846106
772758402 873902497
583445315 850473773
428479175 890340974
746483168 831109480
287492000 453213249
869503034 993610563
271662627 932142373
400599614 767932013
991709374 999194276
188399090 483671586
56220014 859005404
236861792 856946498
218426385 879562285
833563057 998703069
610860300 912156867
830044620 983514399
957095827 976977974
793427913 812255350
666272328 738135717
520318302 583991517
711037817 769472724
143452006 549250630
510619388 950702044
492408109 698313889
215367416 227126968
837376620 851054741
211299845 920252438
959210442 988608012
503783827 740357271
940141876 962841453
781237282 970994022
641927077 682219949
388342322 755170175
169022918 199614822
122764126 882601095
921192514 955150461
202870597 876001691
158425183 162710230
968915009 988100073
65832826 112240676
728845542 781146462
238322097 542538224
626706701 667311414
91287734 236879208
337612717 576928050
219476174 393491701
592341534 621732827
279936271 879952891
759913000 822097812
437918514 537342791
158039415 187468666
408397553 771643802
199189709 707306655
591768032 877340499
493712906 898190183
244850276 283754235
261448037 295585883
566275767 593438164
253647372 524820435
531935932 915862173
802600760 919663259
669606521 909335883
13737828 230599087
75154977 101258116
42880263 186525767
895864480 912340305
868073638 957253425
945831973 991244477
462383439 804367772
745184276 828619614
775193527 889824900
861701909 985728076
271134339 401533608
148352936 773235014
665871698 843944874
495054028 650010309
245910286 916779763
387359565 907728148
972307180 981730700
197711553 897200326
475591335 678148388
282712583 435281990
713180952 861039871
33954047 65770038
288353519 450182885
201178449 207426653
413404863 429417085
399612472 792353967
86181639 187748717
140235923 382876518
276678649 473396606
981998204 992238419
924255051 976165685
443064160 487172300
713380870 887587306
27344599 347635905
27850319 735195478
824537804 926484814
673103416 708771685
988090532 989152922
278328436 572531146
998840168 999804902
354502996 464696367
189595122 414507599
646924369 765239220
488234114 529139718
151839486 861570289
940032396 966119821
764163394 930646042
957432404 974979445
828024991 922797530
4190538 743078496
327221275 492681723
517630135 829179611
241275379 743506976
668482220 688668722
769897331 932513987
379704626 827379972
164906663 867617810
89868174 398301069
649385282 938701362
960233554 964462989
932220594 944822669
588520338 788981318
929824360 977212628
25246884 222406406
891393007 975522630
95629715 756259357
699558343 754336189
392176781 947814288
161324233 844765825
42117733 456719350
428944811 445588845
751345328 937512023
110833217 772951539
816770067 902507390
692334647 881388040
719016655 722984386
203919617 290636427
898393667 954080949
783579386 907388801
368529675 390620656
280448259 786689311
588965009 702451608
300368596 459107925
357791508 983549780
477475107 811248910
521378044 880518673
999588803 999938436
495087129 878504462
8967975 677131535
789287111 862435529
97837919 301433437
197440546 612235366
270438679 830457560
41701425 575228005
630544357 906789798
89868027 909367474
620093953 671504640
852292193 976545032
199603950 250113496
492253439 725790638
639090928 998338236
856042805 934440120
557845932 958006681
163285667 761934991
869558063 962803214
105825188 953941071
517880606 795238075
999693030 999969960
153231720 964143248
936740950 959792430
809395548 935445632
158051282 347593576
197578205 241822253
310247545 434006518
122997661 298016161
177538947 559332476
837327798 953339577
540201605 705702997
948458786 950453305
247801592 950667241
503795679 657129105
53054651 461471769
527287729 632462764
522099674 536186618
631868555 810899547
645592869 793226512
950792687 965273756
590646008 734053735
660821333 778594024
224542728 971427256
981861205 986433517
668371702 701519347
250341061 624939135
842676481 962638558
907680661 967841585
856040154 972436631
493135344 611361526
738621500 838949025
305092254 783262902
960146810 960793961
813338626 852155583
516033322 775318615
98446329 316801402
285523055 674540140
123862997 222672182
98064332 718719485
689499615 850534850
369779462 381646207
900599394 930102345
835140955 909896597
316389168 613058392
322074912 593949162
843692112 854519924
527115524 816530741
421464039 784892781
453741543 561034567
128071044 620489114
329306827 407111288
323049764 535866078
654394508 842668796
439669175 489785206
34013952 989906352
24227384 151644273
903745752 934238989
816402206 861644311
767553060 975547495
196831795 210567283
406933823 503500545
351797197 822883089
114518654 425466164
538907771 937984195
244106033 351298157
437399292 965464806
910110624 964712951
175899652 755526612
565995242 892616881
503850099 991075809
837297179 913647038
283316104 755987265
731216849 745360561
719908917 945340113
787891463 835197308
211758720 701814079
964616169 979197788
693527277 893118841
244597625 689158827
718625819 821164179
387573800 450822796
555194650 636018434
178478394 567727505
425118303 449627640
752303465 820209628
981559435 988464181
679845304 969208608
261945221 743678241
201330229 205812231
291176559 778379570
206194446 753568240
568442649 920939159
354772928 845021450
334281062 379696694
934877112 986999328
21182385 815096640
690878151 936785282
952984968 989604659
623441539 814566324
616982571 939417326
602670604 916339671
317767290 491640852
302100977 758409334
72585245 371888428
112022925 867053914
761946218 983755261
17850733 318453188
883605059 912651019
226968056 366115177
369620635 634370690
370782305 747158447
361097298 648387356
917964426 982846504
808161163 857753831
909853998 910455820
581350031 694275442
900726016 922071399
891259603 936510722
453105454 528408790
823862461 874076231
410787857 432194476
643011685 898193527
395269788 944957933
71880604 348849651
931460530 997582792
596942807 726986889
747362715 979948303
683947168 928885065
115365788 357703999
453802533 719781365
980611671 999617930
604086105 794710583
623493660 896697058
886140795 977509081
841965981 944669034
219685160 372118077
701674643 717763541
322067726 923091771
593759 957313481
847007751 875547976
141933982 386964486
303370962 938345292
674228902 741003061
800742966 921371900
925880585 974210457
856165976 970767100
142836808 765586297
182467748 989115684
872821432 921726469
447428567 552678485
418124595 951672913
179002174 268869497
319648900 508243556
796473747 861525428
415310951 646157002
51432670 265388532
97199581 586788767
553407973 967528838
607097879 860394825
143224551 351816968
265661489 637420768
755628322 825367767
896191673 998533863
814162885 901957335
618736980 664111088
309385100 792644210
929888315 995986682
76873669 490108211
466519604 532261134
874321716 912241143
883384429 904964359
740126989 996224049
205854773 638552252
997605985 998019980
59349930 535971269
802514033 920430222
267530894 609408788
973864779 998221849
636585084 993900237
738683083 865586033
528774973 696396292
572072480 583242974
985782590 988923188
294187581 379396348
768002960 955239331
841921668 972911098
683974787 823007627
945697284 988814117
372171554 598103785
725909140 885394200
816578081 929531892
770524333 843948852
980660062 981885203
925309901 951144403
219984305 423089377
935657667 948352116
105604302 534533642
710309096 711773859
268005519 334802284
434708728 686516238
840578767 932635442
223963563 835162499
496988295 591102702
790056411 864561590
34744648 596047470
231100928 749153479
566744070 992199895
295970341 530938945
727968998 993935943
606079993 766121750
64776531 112120019
306076262 576401499
363750896 478960937
547363782 948337265
333865582 369241117
580564147 724028743
902611672 937138228
646589105 978527012
177040670 329084073
727939239 833312643
849015002 906435908
584689693 702120266
218883333 585024015
269619813 983849083
530831053 946120871
606873248 915583309
499470426 598260742
288594267 788188695
864238661 977814637
155742601 643421241
602502690 680386099
848219193 871713674
731787075 843013977
940230607 943717849
15407165 270613326
613601644 638730539
824205466 907432377
904368735 906102181
878084203 909096923
681948880 823341381
978609744 989337051
260593730 895302147
787897782 999216995
320290890 998880574
472488313 883724076
43291286 841087751
618756555 698104753
412274332 538978894
955327794 974865956
229299736 488100622
185058004 462147690
617864727 838286228
870707201 973839273
305415396 372049220
507907337 804413108
960621144 981057616
632472514 704983461
831040416 928981184
584279592 913247686
907573225 983616981
643582047 946892358
104128980 281764760
353408290 425321132
540177133 918399796
518285045 758624682
942844383 995489358
896381009 951057519
981931317 982487293
65555550 746550372
625727440 851871520
372978111 818025345
933924028 957139933
586099544 715072933
387050470 599403998
489758444 964652004
495987624 849731825
814262255 840276225
549602165 863707355
816104136 870007175
385268518 548265032
286754967 764531044
669476879 892972566
448751925 990267915
333183099 876661879
926031474 987343397
210743907 552530530
240706691 857447611
955014691 991194103
484066695 580268151
908363480 959060037
268251794 333092972
389960285 539194323
387550289 857113373
412482950 433627429
67440018 147800142
670877562 780760251
4546177 45420798
277568533 608141700
184797231 567166533
351247371 352654811
578798114 900698093
717572922 887208389
991189119 994815088
36080802 844369202
392423659 605015773
792150784 967565340
798734503 908843948
454589386 793565681
130628752 469900366
620108824 998008811
409368877 523574263
116829185 960951867
376599783 607387545
650190627 987820589
587542943 640335487
752695420 789791002
350703250 915338019
636351443 715808049
371878744 529526426
733913892 951203962
469066890 756277119
581604996 768934805
299606059 846015841
577696685 666714853
799758222 947989602
720366861 804243747
653164225 915760584
531125062 757870112
857291058 891791026
501262304 507774716
261319511 692543827
919156785 938753851
296032747 793439016
482490624 561543268
39826939 267160450
851968298 875097167
16395097 817736404
131066605 806024098
687893621 843055030
849865324 951702294
288985938 691312992
612290920 855001383
154615343 239192721
339062873 429230737
488064366 512558147
552652733 786297201
648954784 760294232
458725323 838988771
621449001 923105330
588201537 968491054
595499327 696611144
821746590 987858554
330809560 463531287
523992957 696554440
606833342 897982061
374505162 690245378
873672399 943454020
562476160 583807099
661377592 844062516
995306558 998129855
206262763 237678126
779159884 963985348
208723822 426791591
980135437 985848756
245349685 889153940
176053570 496647438
770375291 965071955
782448449 891173616
569361250 984254841
261854619 883634581
79899042 116106367
195975424 823596218
651025935 806704581
70859935 361906207
681121893 974226027
201772369 475788068
792248360 844069015
684471357 728155782
178799447 316550369
937348647 982418687
383708931 756506623
906934018 946614804
112766977 879585341
585881371 745830801
505486031 883324486
301801770 355251469
951187367 960931257
703881371 940161467
407253929 511916401
280973629 398424960
776693900 843519040
109765943 558065836
647980525 806410679
670308885 809507598
55721521 119706137
599983393 652819069
625857695 980052870
47243019 805511963
104549361 580564600
537302854 701133404
58621898 375838249
361564475 902305940
330843494 996971362
413333780 888658096
508948193 755949959
258019636 648169891
930989922 962245431
528028073 703434304
144368636 914743038
231865747 559919276
738062652 914228456
510498734 764172544
15244970 56457388
606307071 819857354
311714361 826656845
998385465 999530167
494132461 927703939
334371560 397308126
869078530 908521967
568738615 618538408
395898098 801225703
748179067 848022301
904398672 996448698
633871570 674481361
975704019 983652365
1667517 805095897
56684110 778110661
251045863 318906425
159378679 379810072
367995044 828885358
294997311 443591675
21005390 39339211
358175961 970332926
710650920 747223883
246752775 754288492
570541926 644671352
581845710 880333413
455047025 469148605
547282676 866712758
177427366 903818643
111025077 541947013
400343785 458061702
307343723 655777719
138149184 690891077
495155009 791357920
23034309 231725881
857971962 875595203
166968231 547951231
216701887 716883193
332899121 664110323
911562556 955662938
367015005 963638744
196990273 244436725
950169373 996113269
509969524 580562024
75931394 360823656
385919547 570757405
430833826 497405012
275961322 489499419
78968556 762137467
208911688 696509185
4345546 257128281
851070324 976901527
860036501 926482712
789658952 838342458
651930425 789515238
951111216 977534016
358194872 497202561
684026294 836449352
289027044 790938925
452545087 663299638
912652438 944777861
47922727 842835880
518058866 757461065
732030786 807806353
737959388 855739463
975151589 982671555
268494463 686486188
99005602 776752760
856944176 870603003
624191220 664283650
322431906 667252533
986511552 992407534
946280145 972355781
378098657 989540356
854304402 963645673
338036085 992780583
799869926 866083458
409819990 847804733
581789859 954495356
507779764 908743700
693605528 941380924
432656282 690943513
921972541 967790104
375195283 713503322
356970163 726389246
642024249 687731169
704581268 916297720
679014794 822130040
701261255 938355257
148605289 644122226
414269372 718935571
177322943 493882755
874291415 903135366
333675539 433684843
906907143 982901018
962889449 985475723
636898098 942023326
16291266 32996315
170648373 419635226
163609545 258261138
689105770 910891007
161059407 588229283
573084296 864115416
513567564 609559277
367358076 678855902
349146246 868942665
344870171 911652142
714182520 765983098
692854808 935407554
659988363 873762042
793209422 991695269
871402398 954698179
274975763 742344402
491018158 956319211
886341154 982854750
459261960 835794624
956350662 959887365
987317684 988007243
199677270 263550903
747009137 938281967
863486802 931654480
530086962 739059631
493857391 657515512
81357355 122169507
893163983 923492623
402570768 503658273
870026904 961080481
698674233 939111586
889174034 913825307
724196051 818521633
806139232 857345390
825349533 887980776
52558226 170924058
363844013 914434961
680686784 844192780
333363552 898183573
186410096 306999983
91486834 802766789
421261176 586480381
107422283 732371801
342426120 404279134
758261340 821272548
159104012 463714335
72776080 877919003
443351485 916661479
565748897 627384379
678703756 787884631
366738666 513239072
974066028 985347767
801537702 899713643
933624026 951941449
412320976 606952425
804739972 926465479
245418110 877568526
79242933 971437323
859213103 868664801
799328277 930656025
936868227 959225192
9312498 702381393
851802811 997545629
380495224 421813716
66784309 503948296
574952337 656217954
890905467 941730165
225000090 943864653
925859950 946284688
780804230 914645436
838474705 878619418
213085930 840553396
765970677 967570868
207448156 641346436
966959284 983192501
908697190 916388442
358822935 768845757
53123688 304888728
207365323 596945752
70507671 839926455
642078314 928760878
878427652 899101500
977097344 983789725
6884648 171944751
688922362 905383287
797551493 812168664
9847254 644427909
280296714 332071433
499756280 693642600
140205470 458369666
883172367 959012732
485834075 677202147
870342457 965310550
887051712 969294288
711187892 853867607
502042895 623277407
487359306 788948962
906142979 995028385
303866020 804522968
736184499 962005832
157873920 595461149
554503879 758700210
972987382 998953572
490928677 805050178
350191839 615865350
733999934 834136336
566538858 925719951
562020839 923657387
70393415 619461600
956878397 977485420
892772556 945410660
412619305 513278558
694553306 945570448
100540496 231665802
152767040 367908670
966988519 971745549
910547521 939528454
510504050 969161970
70440548 83908172
292957063 961974901
271807209 699264901
243164628 622421627
462801051 982881335
163766798 572862737
951430401 958188170
429082549 674140121
402297135 472063043
878383704 933535817
175990690 494053868
904652890 915685200
875809131 893930838
485881748 663504807
914675453 916525734
454357783 840993997
445766360 649538637
696340754 753372584
911845991 928683527
272344349 701132498
54383664 406764728
329140258 570770038
846222363 979863014
688357431 840728015
282573931 604585729
170418193 235753521
476314669 973048645
223824919 427664290
756454859 827874315
349971391 515023975
369586397 763249230
637054580 782464642
634279733 640228364
430148493 491766640
718810406 911288888
181895525 225549529
748455056 848454856
963999207 985378864
970495014 987332524
416172304 662724628
550635643 674909996
708061019 868625321
411858099 780072917
310950459 460348492
993731230 997207956
959776437 990543373
231430382 418911797
224302280 843163215
712504642 717322350
598353741 766856399
926521430 975106937
404909131 620080517
671005899 971174805
447001998 801361222
834185503 999889522
509020231 823499352
847019136 968859866
617083014 822543538
266161316 461843040
550467193 746035699
328437875 789144061
558740842 783043170
146611694 470246946
197613675 824519235
836678969 921008839
108229073 358040905
188368613 515746250
607839226 668704725
471628850 477845356
946776129 992478226
77639935 620524431
122576458 646297372
556655899 567244134
148725137 384714440
770277619 924588694
323989024 744359510
456348284 620889617
722475449 987078680
433949876 957239740
508950079 547150596
535042925 928715747
800334060 808729428
493554508 902115334
570320297 938339412
707021358 988931306
368807346 819029327
832973194 924300877
111816246 892791561
145312027 458433121
196076874 582872848
669451401 809264863
373005099 710749471
372450931 495319598
196357962 704447302
331426137 493234363
605015388 821713296
339412899 451356635
883407152 946554782
157916186 264882818
535796691 588728140
206584545 520360947
438905779 554413229
629389429 689916657
401517061 912579479
733988276 951680216
231807637 751998274
702157775 928003775
567902710 742260012
937246204 946373170
913247426 929452966
58474667 532412278
844498141 982996209
563137572 779611843
291185603 680690196
364778529 712845952
419894181 885053840
9941060 27620894
64338538 134341451
799315506 931726803
381296533 405764555
786689018 809669501
165632190 985949320
714262209 971921684
217606939 803391719
418679686 827261479
373932777 637526646
750359010 801562246
298397681 649103322
585193359 922277531
493932887 784305907
31784375 872995553
486590313 913189627
789338441 924294631
114959614 651339493
262510262 366646744
127693967 256528639
704964279 869466746
551619582 736835640
882809953 978334764
773140060 973306603
398726523 928711525
328332322 901754858
71193961 199223261
645849712 799607796
387973823 911600078
572447597 987207641
799992778 861086139
914161480 933207420
213603686 715614268
520276558 961499199
332977744 669225382
643173293 916442891
302159337 653741546
88253803 441073808
919403263 959036357
791952102 873763808
355928427 682426821
414565000 630041678
784328411 930135265
293452614 904902893
880717624 971321511
10890325 693766184
59635812 137597179
514393644 560544043
525868954 538216790
910664704 984188857
605408167 908863119
94651249 360680295
78985083 401588641
809307455 874314290
527133475 659399261
759383494 784817305
831909829 850928656
441585696 723008281
236666900 321772522
90813777 102424637
129335985 155765287
860313563 974329138
197518761 789334040
369944221 372333709
482802603 765454897
694966496 852515751
702902579 954147690
294951996 772577670
118010535 917275988
935952676 952500047
978512966 995699278
198902956 655671783
27756994 852043757
850149131 954751780
573798764 831785366
992654510 999796390
257387834 466304359
12008617 414140989
677672589 724607014
798805790 988086594
792119725 910017188
739362830 958495072
175686281 733486672
709396945 807512064
63797393 481210125
768038762 960125228
830692611 919438851
616010199 916647424
605110104 883824221
578769874 759938863
634795351 764859467
545812876 954140942
314466963 609330555
188070139 929258482
752894464 836182608
141200558 951392446
874367292 984442941
988554456 989114525
506891596 753817257
981975135 989947309
568882231 930437595
935744167 939331434
898013183 914157630
665356895 842454688
59513385 855887692
720560553 729058474
90917961 530590840
687550439 700221419
609400715 811958110
704269339 815038598
68893960 532415033
295730205 918206678
809636699 845510213
222872194 310935090
206016227 907481137
460898985 913148469
849515524 867903237
198638319 734310447
467833891 872458864
53912642 158410311
497994584 507193117
414162391 904697007
863503094 907050376
793299977 968007056
210962120 917061007
625453937 836679010
686505245 916789142
967216248 979274728
860213817 965052994
271058650 287994854
929504443 978931100
224445903 494582185
325894183 654335362
70484303 968178710
217157798 874892588
119271861 265178675
495240076 933578359
49657385 886680252
730912933 818440014
718404725 809228470
115902752 765739514
825729643 843590914
318120571 802011184
69140864 323426250
316560466 849427010
410129772 925662180
443490533 763468768
206540588 508336797
953657997 971334335
561780866 912846516
460017554 519320181
118555309 265508407
195822593 642549638
587049827 786191324
492549475 918533447
61323279 131010459
457872610 862659441
339546013 339849052
793495749 920659389
10249194 368879776
9544973 597980233
362011097 690247419
435872052 950979959
142281535 484941093
887364714 945890407
511121847 834022494
717573537 986753630
945318761 960256707
462339381 751146834
417576687 536147355
312617897 986239708
166455673 414172399
709433041 804421312
121312768 764196388
364257222 754335982
826302613 917357840
774727081 969374746
189261999 556528763
48527899 700337660
900588276 952247319
374968391 425067731
178237757 424687533
216128412 702386571
528475946 773527074
396762734 485254521
949638600 992313141
47475998 992950869
768084732 978726775
433945055 748389047
408354501 766919670
549382650 761567428
623653979 817898435
112098612 499237349
347269313 398822754
269321358 528482509
145925042 938959780
201296030 493796124
868258858 875849760
842971329 850734561
99856701 743123078
358360063 561881941
90148919 678745802
684492270 889644833
563843762 962782121
756331994 894276342
960717702 995417725
166713231 735073998
998634444 999377299
782734572 822123882
818276838 826540034
37888951 505025936
554931953 651685607
507785769 905506744
922754995 942931162
908312284 986326589
385056388 472326358
520532526 907277614
837202978 856832875
53258564 701164943
120057374 215619023
538309931 894454638
929864934 940619721
724515926 833616169
801792193 801974371
428922192 943577926
519133140 746061780
66446659 637282571
560535344 828740797
394979242 558661927
7332109 233342688
873147520 981731251
367315607 421241029
660733360 682221865
137810486 730045125
741262067 833473003
265417797 287990953
461610288 614708401
180682869 186033967
71754089 863179070
127846836 398160825
83654584 916547469
668793211 785174623
277950514 714719604
349358177 369132444
996465456 996815772
936668154 969763252
678572446 943911551
273994238 486551880
954558172 968058744
891253377 906270300
781241873 935627893
250330056 316826864
728764570 908796117
89071512 954293398
504555204 682580056
105724284 885475023
371539417 590914014
906820632 998714391
873815145 982903217
80480048 605637643
476360994 970159859
155799958 281235555
29919607 221982565
902184423 994660032
587174707 762501912
793590147 799086067
310762233 927842293
902755659 953427284
433910210 545552604
137615591 226218443
915444725 941819387
184608351 535878079
398976211 528779773
516195629 760373675
34896331 543546636
257235334 295180764
833948706 902086578
429945689 880974863
901722551 967790362
271108682 761262498
106917783 883996730
748995468 837431314
66092697 770667553
871253880 881048158
390932011 614405472
261311755 683982232
275596258 624966731
257677382 856958361
352899532 823733354
287821869 731301205
435614733 625143289
734463157 861672147
258129544 696595785
220993577 852835525
384649890 466237046
104829935 619584605
604842219 605755802
518016952 784418949
189296472 683054374
379354132 486571662
622743624 646531586
432988838 788405489
978139699 984676014
991065963 992891059
328309816 528377028
901450782 926545041
936957421 988623410
494504932 836005024
454924394 502033488
366791567 664949006
724486013 750185868
840680943 938450065
497412563 527370469
590443793 652890019
439569418 442681795
702770826 703268444
388019346 543381645
917363375 956587809
669832505 710939286
459074050 691069130
766426975 924897100
391480879 404082091
951002478 969205989
117939558 422836023
272560018 826728747
190321436 926106237
435616078 569634536
728356406 733696816
897160750 931555279
497866038 514354418
625795619 771766295
672131731 959779682
445774564 453329812
980070789 985301910
92090732 856905422
677743926 739218613
967499306 968162002
192737030 795735516
390500141 854133886
450980474 663622647
7909705 141469852
935628790 990412248
302110905 561687378
484749797 661959641
417838479 424359028
963002825 982674623
645058588 731679457
28932133 421376243
999192240 999949878
56505731 135454401
925703690 954596813
797022071 812548497
397113650 588412325
788648095 999933872
202594243 272899669
942242028 989596071
282749302 361583213
652366500 721861474
35494753 547354447
560349503 599105346
539537653 540008150
489593603 684873391
99910683 682968403
312770234 671768137
967455174 999541946
439900141 557729490
830734716 838154800
734453947 775968446
47046244 51943492
111269449 952993143
739428098 962603188
193554960 427369357
690663025 761035234
526824179 957557792
319801627 736629276
413419812 480029735
372651306 963582645
401392585 922068807
825391036 965454556
792513942 797817496
728850534 781337266
559615178 567455144
196279093 545673649
896550376 945371212
519293122 941233258
914333962 992347039
790676486 887200295
232489795 519707751
908129080 933639669
756279953 968054034
927741294 967706318
602998124 939089404
587222022 990014347
534288505 607050231
649721504 756706296
320806819 756400991
144165389 850833524
552836616 880091539
588695379 997700288
778365993 999553226
114454220 714310255
539113938 898734608
181026537 861910192
814735361 932584244
858592708 871534602
956301197 996731804
984103346 999669903
341743161 676961847
743316625 810896215
354140814 695315918
383590524 589728036
168960921 562779341
829614079 905485435
496941891 759809042
280514423 779346821
21072441 510277766
395074303 638666827
759130024 855208400
32696999 173086756
659283383 809012815
161436441 953817107
266345710 937544325
191574742 409034943
240243474 914757536
538519902 571876817
21071790 778680365
156456634 565888465
734833342 781705818
217116015 938506574
228872453 767039885
545247422 632772683
149659196 694765656
468963202 972722107
253423662 570031750
689302586 995105490
41570126 349437151
403196438 906424236
45899731 554469501
256190220 631806291
198782955 552678546
214437937 806608778
692666907 803187660
781614800 958793256
586586150 634687918
727274207 855445029
234572678 914438913
894668548 961706133
859214161 993819798
250386988 902531148
200405596 918512734
517911481 613494415
447122349 607589189
202898443 684282361
452742879 507435970
849005978 961131883
277635791 866882319
641567914 837611545
410266055 982464573
733533688 761956431
276845419 930748911
364024006 997376953
457266022 988314830
565722041 971273550
175182387 817581920
524277162 657536822
874848012 992374060
867910489 971622622
463283765 749507433
398492198 844669327
67756587 935562750
898498184 968175299
561672311 842837719
769173238 915685563
601118083 768841923
920125394 946653113
217130311 798232018
877524775 967652893
976738904 989635187
31165492 121083188
629594427 907482920
145365945 727941008
242648110 994060754
943690959 948400522
180684623 591949055
21938385 251515874
925518301 987357781
140428998 871206149
693932301 816803365
643600094 786866432
68887834 449702508
322475084 893586961
734402164 779986436
437823900 491736957
958638879 974355735
947134275 970332563
677581108 966505906
466511586 709278983
118131570 161838587
898794348 922776368
49236186 171828202
484216319 524640909
590965734 623707284
970577797 993918504
444338359 842849993
786336531 789539048
447669976 469241645
680554467 894210460
359894132 442559354
344625337 588800260
104506937 829592019
588058592 765038592
733687728 738822038
179982338 669526774
793038183 912643343
530463050 768704737
964956649 969107757
879441205 893236348
999242533 999882462
972753512 978169822
949376236 951120615
230020685 397447993
65621874 145758781
749006678 965631772
181912218 724629913
313196381 385536196
986492321 997885654
659673345 754763172
724198645 783002504
986369800 988772965
836678063 993514569
118203754 561751707
677995367 827939998
748676579 922907388
520953550 822152857
28635468 480425825
324090396 704300891
991105400 991184336
227930333 646371801
55253889 184339247
298844756 820007977
597761006 697796651
910270708 979153099
4644575 12995817
722324488 909719694
429066907 939980677
720967608 839975463
312442383 452044058
529157099 657127007
310793184 431551579
691380256 949326057
573570834 997272759
430967136 834698804
723075956 838095460
883013796 945738906
650369873 752311776
683155244 785028909
149424316 789514140
552494224 790328631
876887017 882793343
299223071 615204930
419663257 777041122
140006564 888324235
566096143 770395542
841548236 977437558
200477079 975596204
68328088 938330742
908402322 922879242
426879352 809310969
805964004 930117763
557827390 708814810
677332566 786194192
541242056 906903931
465348144 917323577
905218415 980729417
643117002 736152906
950059988 997829460
204147106 698601837
982767899 993830007
491683145 921819588
179137212 601700168
729474746 810998970
415560996 764501421
826449432 836527581
125436433 850129301
525665262 748938160
225414715 302097682
947920394 990558126
906690410 998933362
389043302 928747881
771318069 888386876
134749738 553702094
829461222 952298692
651754637 957595711
433202855 601402102
582918556 945930947
244397702 550398848
203718023 724189186
494418122 621730175
325878977 860132839
121693266 757094297
572159822 867806183
23725217 658558393
171928524 800754332
184959787 486777485
211708407 522395666
179105760 785797035
415496880 861532471
333691819 963839429
600204585 882280066
828057578 862537173
596573159 861106629
68443138 895357077
129348050 523412725
952431288 993550919
763091940 965396665
162270143 907989840
703345737 824914614
280678877 655611951
104557552 804807770
199087365 371838208
757263527 832959098
113862176 344868537
554152302 717591903
208821078 564311334
498611166 594774720
949895018 981465960
949593620 994457443
179567225 313966189
37311635 161396602
926938722 990164528
520052722 787136287
182407735 759961510
857012861 890425548
309365910 435658100
701096524 945535024
610600512 852184514
923547617 953714228
786834111 855287655
487908625 996710706
733847981 852093398
648001216 672339423
55645353 469920707
229680262 357739781
287206206 480574802
842130674 902976091
445126790 885382832
551134008 560156652
801589622 981111264
568433146 772173035
961755142 996756939
914369 109362273
265398400 707640917
624368625 853561635
438535428 556241797
534268119 879678147
583693846 899574260
909156787 961204533
103010513 921240264
10739800 953267378
240983664 753053153
237763946 340037237
843944495 849891735
582579446 788865433
707001819 986436524
565776198 906100070
278080513 492013926
76106167 457915051
625421221 800951940
745884039 926443970
696375451 795492652
572764663 646232437
180907707 676767103
498806054 614221828
672471939 699161854
518154611 768734353
680841226 717559482
453039513 522643598
614013839 852255791
380595140 814607862
910068234 992085886
567826803 983505941
557792294 775884182
598149443 840529651
824886496 857093291
909211050 968149023
233748545 789365579
531792062 823042953
199239559 876978712
996532188 996551054
208999528 483953648
347389579 656409458
652516413 982435402
105213300 195799232
432773217 570894097
219292196 775224959
343911120 688286989
719600243 970454275
493912487 821704429
581770110 968221639
306582487 990939481
574070990 744429713
157861082 834460204
4206999 368047313
980204901 990122127
717815585 990785744
229270232 306861623
648184667 869751027
239981789 419515147
950738095 954911608
887035907 912370791
784862330 864774652
857419310 961079495
336891474 954077378
469536239 927723533
48374019 656095108
400332154 701683325
925839083 968621791
422504693 444102359
468793178 538624708
420915681 726465718
655329832 912753247
310870193 994970511
254654708 726870341
205596445 348781226
701711323 821471632
845290454 966697549
525489358 694625564
594910056 813442997
323977077 502957658
231310349 305545839
941597160 986390575
646448145 920627925
575594816 667993336
512413108 909512185
656237601 669875737
978788247 986217241
795631674 972402253
37109777 667464709
565413675 831762854
303219985 514213528
429948898 581317175
120640423 789197700
626530393 806874119
414840971 523111313
197187801 690797486
158005461 481287451
503293535 625125713
108776029 878766614
100298971 212227277
703805152 964421281
829889788 990057546
952765213 967358616
751881189 929216975
367751188 662883742
842794133 997029277
667356193 763480336
684512474 944892490
770926014 876299763
652393149 939738008
604534003 814802232
86017453 107549654
748227051 821245102
48636189 939575560
840768619 916014065
922523261 999976350
261471149 701299129
176928773 942842949
227062480 401262177
712846756 904472594
166597882 896202791
398509226 688538380
231254412 695288619
948521594 995973340
706582250 721316650
529363569 962156086
688397727 980278247
280246506 335381226
550668245 823779727
327849138 718415029
822220018 890801121
116065189 313006482
5890762 712940104
34327778 230496317
96711393 414652253
551870294 827348737
572654884 986229022
522700735 572941853
671487855 851522260
727387942 942528375
805575202 864878952
513899377 916115690
22168041 658862531
523323609 741205064
101218673 413097730
296279256 862020521
974675584 990919864
421431410 499903749
862004419 915871148
158097407 297169046
183872620 722922130
643445995 839025074
452711259 495097581
256500465 869812741
11185383 36547148
804557938 876531942
380309266 779339447
798231751 807022240
934113188 986603050
768937266 826298195
515642589 877981398
93718882 975778434
337644788 470869273
359918543 719734571
332013779 914551146
992052295 992487011
620654799 842574535
216663975 862448777
235224911 564159590
93221940 751556169
453665676 793654205
159972563 245065790
274626188 566106950
802023289 963736109
426517286 533942287
893082314 905777105
651647726 673153094
425647779 983522470
123412141 864460932
250067463 598127624
4012192 642273149
441828413 603149080
553756507 709732375
744559428 848006403
58280190 768523002
675440678 735611390
449357449 700929038
554801583 771973508
166358972 797577163
947390565 973818944
848009202 896154710
734434632 848010985
13012802 850747177
659343689 894277263
711992153 943548563
340010506 625108425
984220309 992515940
866248551 992406704
535782783 856342286
12152129 359202558
871836227 918615144
31499980 205874636
151221908 912697628
689941305 993326329
689247533 876022105
946776946 948195630
501302977 869957502
199966733 302723757
348407475 569135666
278138882 537706387
176495219 296988033
52298026 853721612
508384613 831089901
570784260 657649633
102080552 148654353
754105099 908901811
394519102 491795157
762788805 961137689
69169424 685162660
163093347 601702280
937192085 973979805
82986450 293217086
790831278 824095075
78989152 950090941
286676697 765976319
713682237 970303883
829150688 833732138
536271611 586446756
117943868 209411847
809819709 846984322
451125834 851721148
785891687 892633601
766675401 990190354
94715403 483254006
190292226 473659233
371917968 828549523
544725151 689905080
437756055 965292620
195691799 859033142
837452943 957750775
418534827 515606592
758090769 815840116
501653185 538370303
534538434 758399032
252545034 505623059
963990235 995939990
158967207 907362580
571358923 694471941
166200554 797012439
595960917 980492677
452242331 464071922
362844522 964115066
204819493 368809920
706844548 715043701
57891093 631640140
430999018 565674147
364830244 733450471
497377457 793608295
959841445 960766834
376282719 905027256
929502738 964275622
799696243 965130895
549817209 896819533
575507951 803871752
851426086 953008117
776636646 797110753
951318045 966532407
843566012 987967157
242583996 794180207
778975260 863172349
926548884 979322497
175002602 446789005
433273375 929990987
190436499 257000620
340254373 389957630
806451539 849170738
34633217 977084758
647205377 998314077
311081270 913271663
886332134 969915829
126876662 931849830
636945155 952915932
658731032 795688119
697851737 791661403
582725224 823751022
847887442 964845973
997441731 998857567
497114050 969790543
546090336 691348756
578787689 670055929
776421315 880478077
623983527 780740163
800802429 926679072
556584042 918529864
198101197 832961519
924350138 974147993
93019471 506153463
665615985 942234147
964309343 992884544
309711870 952760984
298102489 519949544
208896028 904385878
994611478 996487664
601857445 840513098
426375066 446051084
596784529 755689844
627706926 952389625
84590664 315507234
174611730 862051993
56566309 401235265
159982284 447223211
316156534 968152321
251588991 586259630
450520574 732558006
681648017 715359233
542037718 745252132
481911298 514426444
851166836 950967483
130721875 270679529
682587443 787426513
801046546 844747185
274705126 964499813
777378463 824917830
834417707 960819526
498296547 744541243
931408135 993651931
52549677 724380824
234781582 602983109
852654886 948961027
476932712 551188717
499263869 666215596
302379361 574494090
357915666 749782525
324205093 889328944
217082436 444627416
683919921 773486830
960469173 996099042
533011712 943799281
334630611 480863717
659529286 826360392
972014163 997275378
384716217 745355284
292763561 968081921
593386939 904509849
180317795 965301068
694609864 941995279
970640893 982235009
53904936 891477940
422024213 501404590
829060867 947260112
961166036 978443015
143033 18616364
282886999 499127589
673520206 904631904
936711078 977537872
856413462 943321978
185677746 742687531
572817040 798803594
549315076 564969721
40766648 490446484
184764710 690794354
340164746 346788725
231446201 659583168
827736081 919771697
248529365 365008628
232571124 389847433
647298001 799065690
435435425 710785298
612072521 618726254
970204196 987455755
327208725 825279187
58644587 309202954
180517756 393469841
796375334 861632009
279305851 992900683
682613044 845235329
174291400 815826679
290005249 483408052
923673922 950719012
434434860 921215203
458995676 591603648
46673278 600276827
427142115 481096859
980574477 995814850
156598999 444753514
360060441 394026952
873740557 892408696
404937417 492908728
880250460 975080892
668970150 693737626
257253185 930305194
124244603 288853073
946717445 989108447
704262084 719803287
606176905 629895992
688969075 797828956
543953580 986658605
484676598 988383512
832592416 950419065
766982282 998653515
451900730 480684680
241469403 540602966
893582635 968880310
299302488 408917843
237108030 434337476
889712003 900419340
86721195 539908183
560775615 920760236
915833295 978240539
577380093 623430680
257874699 368768542
563784821 906731763
177854185 548400960
329584153 358730394
895989591 980890822
922741835 959348430
908063152 959935028
424832969 854285495
36400746 510888161
809300545 894012244
665400718 885108694
758350739 870138287
893009189 964472689
151483890 821560530
818702156 925194924
757197878 928274332
575683510 893644120
883519950 942020565
312136280 579865088
729465907 941898514
637602404 789001709
720017687 900886528
637326406 854035108
906501886 958363490
125435901 427216197
599920910 987282261
263639258 464045774
645031955 652946170
849823505 981640319
687590313 826351027
548406188 830816632
799057971 811387740
262125494 635889432
857618172 922571135
51692063 88913170
149478238 618198179
761775635 813008550
748192569 864232025
651246476 983450732
431324717 580059575
839505738 915174725
578893461 750768946
816614038 982419484
411978879 578946153
165401539 652095157
274873339 534213931
677466792 820859328
194671064 923200931
477497544 784461103
652639012 785169712
335133141 932772462
170634399 919999904
872435214 883333784
611288410 888708835
296092853 574841593
70330567 768580387
421761226 485907481
781062897 851250456
251820095 295832713
850633092 907358065
238715727 239472727
935092152 973198584
246206440 876372233
546638224 986186292
540460672 991353373
199962322 968732162
582830073 728020392
865088661 934202036
185724192 927860128
351414681 502690840
998108488 998627020
639033984 879008063
430320144 949632964
589187108 685082438
190307945 715522757
230018761 748267681
541822549 696011924
85660928 527042673
160373395 916123835
254989480 849493575
393236699 996250360
8922748 240095233
767004794 829675711
229080230 399580642
606599257 971249379
773606301 864548648
645518668 766010612
323717132 440560255
269580552 475364972
172306756 500735061
202891566 353188789
276642450 999806774
966149685 986667230
544369287 887221383
239050495 634508345
815025741 978039515
674352513 928320138
853551713 864411146
659552377 923248598
607688627 647303346
287353566 426983882
48130677 676614105
972745670 986853664
157723601 626563715
984479995 987419793
300006728 810492507
555446992 975837327
346990492 412786679
218685638 854017274
119208493 975060833
895893012 979429266
264238719 925564552
542013997 901001793
631263934 715266136
527938416 800117587
380031307 899533673
202045758 399263256
367213288 487686260
535070434 764547452
53950618 757158967
658835283 979699609
640526402 648597180
282796941 539350371
438504032 915166676
642810138 788661819
667556136 853790424
241471959 923744549
38202682 768083073
593498721 951094587
413601274 500212490
106724527 608900558
848245015 863696878
948116560 948363643
27139988 627346660
103605369 288404308
43125031 373620857
334898587 407263975
670018719 739475972
133944532 870878554
590766779 894967912
300384152 626527491
262292707 379062662
253121554 630402425
624900208 820796285
276177630 436782197
201531695 560953028
627537260 884636036
194397649 829208773
106175694 709124883
60370302 111072574
859355 447012478
417868891 791252091
507270476 815871881
107093474 527588723
628557810 914185931
908611381 939291263
879613764 979972245
584401752 831452956
168891111 908821816
675436506 775714342
141675927 436155978
408751395 753563015
774783894 775061985
894474499 959404223
346205426 700590610
592235052 803690310
877904317 998027368
142200764 944303527
616911469 693758690
566278860 971997596
300017343 641748994
932185737 936635102
569524949 601392774
992921392 997898111
862131353 925438103
967295280 979145442
145522431 535613281
820253700 963485842
412449555 438912322
408134376 488966533
547222432 825132493
929026088 994563912
57011928 154320067
473412790 772672022
563838755 727303848
949509462 958328572
620559647 984256682
42647554 869072459
927761909 971593017
130076619 433294395
279316842 656043233
318611496 863909885
6114968 35456405
520444699 526963450
353182548 984032076
156535926 246467821
87888459 292895907
971887129 996864340
81623955 693396851
836387587 876681823
529139381 900264912
846249822 889605326
222138364 930709381
89110363 389670773
953436700 963665694
253847623 835054422
614054223 799667745
905644782 971490371
971077748 980531896
893626286 916629030
128962316 145741044
10571438 237231644
124820364 599764494
581620492 937784109
637015937 764535643
259348298 362385210
441841875 876060036
893596177 936756597
541116329 957013400
431856961 845504442
855631813 894560192
657978146 742709350
253358872 286876801
91625479 270811649
338751311 437326569
350058497 844105117
194856653 442933660
787340711 985823647
980520991 996702863
304855304 713069561
697207783 901889222
545127097 618442390
549229231 947320709
557424714 921818977
245445867 265705372
610480884 676878278
863624413 901047554
544738329 752723318
230252703 799305943
478150372 957352100
28020301 437896820
160948131 200999279
699484166 815539004
267103191 393897156
670160351 746136390
181323426 626193056
659335039 695076498
97746419 507087761
422015350 740497200
997799314 998800330
98182598 636321058
354362908 400781130
381727399 721013475
802349504 960084998
736150132 777371322
614615727 938652760
487938479 630882842
383959513 890220660
945771515 968488019
617155927 997783167
863813939 873018462
909684539 985755385
98779078 975089231
691571118 740385794
360628645 419290295
778836729 892954111
882920674 930479717
675324274 692491343
94991781 241546355
229129632 481341355
406719714 511011323
160170240 493198234
395550027 954893365
920772820 986421112
501677327 931481016
625142337 946531215
445906243 874669906
321740717 774337432
317292638 441660201
243034908 850007835
320527110 893947409
308793728 322264040
723644829 730573169
532101500 631772136
259390065 828926036
792565686 965033443
486272464 540504994
574625485 957523757
921122557 941849377
573261243 982731802
713077941 749843812
702170983 937095361
159159235 841537613
408007402 819858980
161307577 203983346
55517537 539905358
659105621 703183913
91385984 476834483
789949889 866952423
35022900 367276344
851567130 947679677
835716997 887974270
731501972 795241198
444783265 546995818
309093582 387637656
864481818 924626759
667121987 718450653
55689671 714267700
560243902 932953053
569612378 751048070
249523041 597719928
964917453 967345956
525743245 731333932
704293193 858963285
978469270 982754012
343300737 716349929
849017584 882533358
25898502 233771114
764041477 799368952
120786909 659645108
285710885 358473095
18406843 343458009
903476587 981288242
186354959 933601816
788745595 932143628
660097520 968062911
408250834 881611188
845538367 880828365
575087331 747316702
474652058 907687035
568813795 625036204
94337332 750967367
642389684 910700414
353114318 666697032
436459682 771412523
277605416 957324071
707990314 877688043
736250337 882203933
161935293 818527259
882622007 962129396
542967805 710788089
652408031 867702139
70787430 877962722
617496592 948583911
640562633 846878387
776031800 994657925
83449289 534226547
746241174 763049981
156186772 501407730
635935509 716624365
617446986 715833266
567906960 965566711
681992152 878790190
667793706 699317254
618888994 762285505
865124506 956581403
763066381 927458677
184648610 543133083
296825203 783779210
372347131 924759914
511196333 998114031
818302704 931785906
438948905 843532619
384226872 685936560
766027846 960753115
397314422 900263824
436018316 464058154
838921379 970299471
776476408 979075517
579163928 992364877
372332195 656054323
877483085 880411327
367345744 927006503
355383907 972668239
432482996 927163906
856493122 970486230
617179750 631090498
479815525 902855999
572664342 826332901
516707339 865036844
155244916 784262406
603607184 830130451
477188352 892337064
636879523 959945278
320684120 371291220
939305862 976159359
716074600 882066510
705734159 872115450
439523804 546436977
241409761 463660975
793517495 823662283
807175087 847941259
694589093 820074979
242697531 929139218
529905445 923631994
852972163 868318131
979520417 999212083
682111140 751274740
847262998 917543337
692791112 892877782
165769517 179666635
145555345 927192785
702688619 890623298
424829697 600155053
618983078 745140586
971879404 975006305
154280215 295384084
661313770 916429714
406595984 856290321
603006974 620373858
478042753 817573572
822318594 987645719
730744625 901900401
556492785 601783084
596909189 656293631
481061066 957146312
106761472 598740778
166812557 560481556
995581884 995715035
53629871 951364574
604914012 824042655
886633978 921090795
735539992 797545914
874569577 941505114
642195932 959334451
855934954 962055468
953611341 963606999
520622801 790741318
701096675 736672309
492138994 677035960
210374221 414535912
203303530 950387635
392422213 421861345
34056005 138491254
965201076 974632083
825013369 874012902
700083626 833454629
965519283 973718143
522893608 531910298
279435942 637607207
265277455 610189130
740485641 911668209
589056004 755243279
321239299 944734698
685968737 725950781
607291980 896099572
915913948 946883592
346779566 408686468
790254454 891529470
990262256 996619543
769138468 934448518
761121456 893429126
616461022 663659340
66793813 240551644
240534090 569096524
455713447 598185559
682562119 963220153
666587421 741138451
326349904 612306896
7126742 152846846
268951688 817686829
698816518 824484289
274768444 942427280
366278457 948513249
447225482 923129479
773832743 949243811
187614172 774039955
368370063 915024408
333435624 693554831
839612685 847477750
900234003 942383325
845351038 866680126
3452253 208176612
677988873 889743329
430459328 561510103
489656288 972277859
791270449 832576485
61218292 871834519
15399765 624101145
461871644 606373852
468944504 532056517
587110388 891061373
672718335 870650631
879792082 943699892
441039029 943029712
27964196 789543730
449307827 716638598
599730207 988863615
337446104 689672377
73708863 385059348
494566862 838794206
379778491 651214880
207731829 535183141
883560068 934974866
222120755 746952751
986531235 987492390
714199703 952673311
83096683 821254446
842620417 995768897
167299714 244121060
33214892 592708562
768326887 934419282
337296513 774188641
427594246 763277012
544816786 615933952
529568851 637625305
308013241 684578489
840772989 959957278
152693157 808322904
515136662 920305973
151851611 589406420
844368235 908628388
895391126 914719107
709514464 792805306
621131996 926335785
858939823 970425298
900911558 931149918
767410386 839260067
509269298 897609745
414418026 635687282
359671101 379576306
348444062 448745849
881607396 992798697
365680244 602794565
461083861 649978266
74713357 644441697
171219874 548488128
375260000 782108804
754408111 848121005
413079438 464380909
311030441 356901031
343857561 348876708
433990608 961441187
394489338 721919281
180865480 284675704
480101318 918100314
155560129 750429546
93502427 942114819
911231798 991526424
746478322 756737131
22797740 950455531
559073420 825466558
13776864 809043460
25781356 984172061
882840930 906537550
261402576 477073781
513110692 888984725
988089684 993962544
497932075 604772857
89209822 723594581
793546941 977866107
86116205 379284973
526821171 795346988
908546436 922841770
646810076 663132146
254292518 992294917
