18321
176 17257
176 8293
176 4674
4674 503
503 2226
2226 3016
8293 5523
5523 3546
3016 1961
2226 5678
17257 15089
3546 10484
5523 6411
5523 4391
3016 3075
3546 4281
4281 16211
176 3003
5678 4129
4391 13420
3546 15781
3016 10570
3003 431
431 3266
15781 13644
3075 14304
503 1502
3003 15964
8293 5744
5744 2285
3266 1821
1502 15479
3016 14531
8293 13129
4281 13103
503 154
5678 9464
15479 8587
4674 8355
8587 7513
503 2930
9464 530
14531 8059
16211 210
176 989
14304 11598
15964 6404
3266 7747
6411 13132
503 14309
8059 14579
7747 583
2930 6699
17257 5845
989 17579
1821 9623
14304 17717
530 16824
8059 8452
154 7505
16824 1342
13644 11973
8587 12436
503 11983
530 4959
14304 14919
5744 15935
16211 13493
9623 3190
2226 2586
3190 16298
1821 5705
176 5615
15781 8173
15964 3297
17579 15338
13493 6059
14919 12447
14309 2417
2417 2900
154 9234
16824 16110
14309 4787
154 17641
13103 2277
12447 10363
11983 14714
8173 6220
11598 6178
4281 3052
4959 17267
13132 681
12447 18308
15781 11658
5705 14183
5523 7147
15935 17204
2586 15561
7505 7905
3546 6340
5678 14681
5523 3270
13644 4749
14681 8726
9234 6863
2285 57
2417 11326
8726 714
11326 14147
14681 5199
4129 11600
17579 7641
1342 15804
13644 461
17641 354
354 7282
8173 16701
11600 5553
3016 8860
2277 4250
2417 5975
5975 4169
16824 874
1342 10934
14531 8471
17204 9850
12447 2497
5678 678
2277 9435
6340 5811
4129 16184
2930 15
17267 13487
13129 15757
16184 8248
57 13883
7282 9583
154 1050
714 17880
4129 11483
4787 15364
11483 1040
14309 15067
16184 11502
4674 2825
11983 9607
2497 4894
10363 6861
1342 13798
15561 3786
15 7784
18308 9554
503 10301
14681 3702
9850 16692
17267 16680
6178 14389
14681 5814
8471 2064
16184 12066
14531 13542
16692 7971
4169 17176
9234 9387
5744 9256
681 6652
12436 4001
7505 16840
13129 6585
13798 13380
17717 5289
8248 5384
4391 17223
5678 15332
6699 5039
4749 11297
14714 12762
15338 17535
5814 16672
4391 7406
5845 4797
13380 12786
13380 284
9256 17537
5039 14555
16184 2952
9256 6796
16692 1693
8355 5343
1821 6686
15964 13696
3052 174
13644 11314
1050 17589
7406 12258
17535 15588
13883 6632
5289 7413
5615 13490
16211 18025
4787 5369
16184 9921
14304 8563
4169 4589
9850 485
18025 2572
9623 677
874 14214
13493 16918
2497 18159
9387 15841
14919 9460
17880 268
6863 5151
15 17706
17204 180
5744 3187
4250 12219
268 3293
18308 6056
5553 6311
14183 3588
13103 10955
9583 2087
7641 2133
15332 18304
2064 9641
3016 882
284 12320
3266 9331
6796 65
16701 12587
17176 11470
15588 8943
13883 17106
461 16936
8943 6261
16680 7025
3003 12597
6861 9654
5975 2032
14309 6574
17257 6010
2497 252
17717 2120
14681 11943
6340 865
7406 17406
11502 9219
12587 17188
12066 13186
10363 950
5343 132
16936 3730
16672 17645
6686 13491
268 4335
1050 741
3016 2767
16918 9968
14579 15441
865 8335
714 5003
9387 2902
11658 6206
9921 12622
882 10644
8471 244
4335 1300
4169 6781
1050 11955
16184 16349
17257 5950
1050 17024
3187 11649
14531 10381
6699 9979
5845 8254
12786 18256
13490 10222
2930 16578
2087 9143
16936 8421
2032 363
1040 13818
11973 7639
17880 5763
11943 11899
12786 14311
2087 13588
865 12085
9387 10392
5678 2253
6411 7436
15804 16906
9234 16286
13420 12599
3003 2386
874 9242
8452 17270
2285 8966
11983 8127
6178 16285
13644 13066
210 13158
16824 14080
16840 6570
2900 4587
6781 17043
8355 1011
7641 15315
354 17105
2253 9811
11600 11497
2386 476
11497 981
2900 13719
13380 5152
8860 11846
11497 6651
13129 9943
1011 9644
8587 15360
3016 17604
2572 14190
13380 7355
874 2470
4281 11306
7784 9165
15338 17126
14080 16344
3786 11566
4589 5641
3297 5264
15332 15399
16680 1872
865 9010
9623 8017
5615 12688
2825 11389
14579 655
13158 17216
503 5509
8860 13876
3293 15236
210 1556
9811 4881
6570 7958
8471 1149
268 751
16285 18216
5343 3013
8059 7993
11566 3222
7282 13289
17706 18187
15236 11679
7147 12920
13420 12669
8059 16503
2952 2974
5264 15173
9921 4411
16285 17228
8421 16642
17537 10442
14309 6352
13542 7856
11973 15510
15089 17260
5509 5506
10484 2678
12669 2029
363 14896
8173 13565
18216 10664
12920 14466
7641 6236
354 7738
11649 12863
9641 8775
5705 1817
7958 16333
4894 12193
16918 10537
5845 5075
8966 5520
14896 1878
12599 7563
8059 8024
210 3385
4674 11078
13818 17238
9968 15910
3013 12825
16936 11069
18256 16686
2678 3614
13883 4897
10934 17422
5678 17527
176 3031
9242 10969
14531 7402
15338 3651
2497 17775
714 9468
8127 10890
3651 17395
6178 15400
12599 8116
4589 6260
5811 3625
2586 5116
5763 773
15757 6366
15964 6472
9331 6669
530 3834
14714 5248
17043 10667
11598 1310
17706 9093
16824 633
9921 5060
5641 9782
8017 6171
12436 9519
4787 3399
13132 11029
17216 9373
57 12911
6366 14108
17604 6562
13883 10767
11314 13201
9435 11298
13696 15647
13490 10865
132 4389
13798 3603
15910 5301
2032 3342
6585 3184
3293 1425
3342 9559
2497 3430
981 4671
15332 11801
4587 4748
18216 6267
11314 9990
1040 17112
15441 3977
13719 6175
7905 442
15588 9914
14080 11953
16686 12747
681 6934
17106 388
17043 3533
8943 695
4894 15227
2285 3126
9914 8930
11069 13082
6059 15275
12258 17017
3187 17183
284 15691
17112 6972
17223 12046
5301 7608
8587 8266
17717 17392
5075 7439
210 14923
5975 8986
16840 10349
11953 14328
6267 17282
16578 4111
17017 13592
17604 11375
15338 12439
4787 9786
13201 7615
13289 16193
3977 927
9460 12753
13186 5080
8017 11427
8587 3140
9256 14378
18025 17007
2032 6032
5975 9457
5523 7458
354 18009
3342 12815
4391 4840
17641 16987
2678 12887
3977 3844
8116 2889
17645 9951
3190 18110
11846 5092
16193 9470
388 4467
6472 14403
8587 15193
3222 13945
14378 2040
9435 6485
9943 8467
15399 9778
4129 18175
17422 4489
13542 17179
633 5963
751 6554
8860 15826
5199 9338
7639 3219
15757 15978
6220 3892
5553 548
13588 329
5199 59
12815 15846
17535 13130
4489 11573
12825 2068
8966 186
10934 2175
15399 2653
9943 4884
6261 3043
11497 11701
12436 2494
3834 17894
1300 12870
6669 16371
6059 1708
11573 2705
2653 7696
17589 7055
9464 6749
8966 16964
14919 16293
4881 2559
10667 11300
13201 15801
5199 1256
13798 11974
17238 12292
3126 17299
678 12588
7971 5775
1310 6581
10392 11272
6861 10787
12597 7252
15400 3255
12085 11582
11298 15867
8355 309
9778 11417
17422 12486
10392 16791
11300 13951
17717 4516
11326 5351
12887 15155
15338 1843
16349 9916
5343 3708
4671 519
7696 5859
3190 5979
174 2436
6632 7981
14304 8310
9921 14639
13201 15577
6485 12981
8726 5544
11502 15412
2586 5813
5775 7920
13186 12717
10349 4889
874 10824
65 506
5859 4765
13289 7128
17257 2094
10392 4498
8116 2479
2087 9396
714 5310
17395 14864
12219 11938
14389 6715
7402 3425
10934 17889
13565 14352
16906 3564
3385 857
57 8088
14147 670
14864 15857
7958 6952
12825 10770
15857 7500
3977 10698
5310 520
17228 5901
16918 13427
9338 12092
17204 11344
6485 11066
14681 13784
4671 13603
8563 11814
16110 7612
14714 2975
7981 3849
6261 13505
15400 11746
2479 2251
6562 12562
9519 2358
11566 8842
9583 13373
15964 6369
5080 232
3533 6262
11389 1949
2436 5109
6366 15566
7738 15736
2497 3096
10787 4929
12688 17864
2068 15109
18025 13923
57 4496
857 8474
3293 6659
65 10347
154 15536
5763 3727
14190 13985
7355 23
12219 14564
5039 14224
10955 3274
15867 15652
14214 8650
11297 9608
15338 10198
3013 4423
5092 8954
9641 8217
14403 4999
11069 11579
10222 9884
14080 6887
15757 15146
13644 660
11598 762
5963 15075
309 6937
1949 16487
2479 7989
7458 626
13487 14568
12597 9060
13289 17671
17706 16882
1149 5856
9641 17987
7989 1620
6340 2476
5248 1343
16298 7206
15275 3134
13490 5849
9583 7640
59 1232
751 22
11598 4989
10392 12822
3190 6708
8842 5825
9457 8316
10865 16183
7639 2014
23 4713
11938 6634
9554 8547
10484 16853
9060 18268
10537 10278
10198 3824
6634 7001
18110 9818
13130 13230
9464 12236
17392 8958
12981 2793
12599 4567
15275 12594
11069 17774
3625 3272
14864 4400
681 16565
2386 7149
8421 10007
1878 7289
7640 15029
17864 4712
4749 1518
17270 3321
5116 7944
5744 9618
7641 10946
132 3848
11483 276
4496 6170
17017 6017
7289 3664
5553 3902
5301 16743
3824 1986
10381 15056
11314 14684
7055 3680
4250 17470
6699 11428
12981 3194
9435 10867
14304 2964
5343 9980
4250 6535
3385 18181
5950 7559
6411 18176
8293 2981
1556 14628
4516 10968
3140 13222
15801 6985
5109 2289
3222 16804
15067 2131
3190 2244
2014 13704
5523 6468
2705 12078
8421 18029
2386 3861
6669 1306
11983 5782
16333 5848
14466 35
1556 14952
4840 6201
7989 14384
3977 1537
5553 10657
16578 12125
6535 1847
5775 12812
16184 1323
4001 11898
17176 16644
10347 100
17204 12452
15857 4448
6863 1167
5092 9950
1425 16037
14952 8996
13696 13783
2289 426
14183 14104
252 16968
8954 11862
1425 8153
2653 14950
7641 14370
11658 7164
11573 3509
5264 2791
15978 15148
1323 10449
5775 11166
6937 4452
232 9748
16968 6751
12066 10365
12085 12451
13588 18062
13923 5287
8467 8490
15510 11548
6261 4537
3274 18060
2974 7653
7784 4174
16642 11131
14466 3814
7252 4967
6468 6396
6535 12312
3814 13492
519 11406
12688 10128
5975 18052
12562 7713
15067 18218
15561 4704
12439 3502
11938 3771
6715 1859
1556 8237
1502 420
6634 9848
865 5182
3052 4527
6581 7167
2981 7014
4889 10681
6634 7301
11582 8672
10946 18012
5116 16917
15029 120
7355 6057
3255 4255
12046 16638
2040 12102
2791 15449
11375 5717
8471 4988
16936 12074
12125 15468
5301 8599
9060 17310
989 7078
15193 17769
9623 5853
15577 7351
6659 1953
10968 10308
12193 6566
9968 10125
2705 18069
10824 16737
65 11839
10198 13728
6887 6604
9916 15475
6032 13986
8599 6542
11953 12401
12815 3939
15566 14037
762 16899
12292 13116
12066 2789
7500 16084
6171 14390
6632 14425
6887 4331
12451 7262
3425 8554
1518 17436
3399 8806
3096 6160
14952 10067
5678 13035
5553 2157
17889 17350
5717 2769
7164 11341
11658 8147
2068 4558
17775 3536
4527 13406
11983 11031
4389 17170
10698 13970
1167 4290
17706 6072
3546 7286
5506 13702
18062 2941
1050 8060
2900 9801
17880 9360
5705 14601
5813 2414
13728 16550
12597 10986
16680 12646
4389 16755
4797 3247
3892 15828
13132 6677
14466 11705
16899 8358
13380 10260
9818 9046
3247 16792
11938 365
16349 14096
6535 10713
8860 5652
6396 16624
3255 6478
12747 12104
8088 8613
17589 15386
15193 9038
10125 16251
4250 15027
5509 17848
14311 2714
3247 6990
12046 1091
9654 5400
11502 977
5092 883
2705 13414
6699 11407
13222 18215
1821 9857
15386 15700
7696 13851
12292 6464
11548 1909
14864 5210
4884 5767
6781 7757
3824 13032
5109 15118
9387 16914
15647 18293
9038 1899
14628 128
6352 5164
9093 6759
7559 12216
16914 12765
10198 14666
6260 4239
16184 10585
6651 15260
7055 10101
6485 17877
3848 17554
252 4737
8116 8924
6781 10279
10128 7133
13951 12552
7500 13296
14390 13873
1149 14335
11428 12206
9460 13634
12786 9453
14190 17943
4111 10310
3786 1366
3564 16396
5641 3405
9468 6475
15275 16416
10770 7745
16755 4973
5811 5225
13798 745
3274 5672
6934 15839
15155 3053
10260 3776
12863 14680
14080 1402
476 11858
12125 15079
10767 6280
6464 15992
7696 14971
4400 9485
6669 7866
12085 5696
11679 14526
10007 11453
3190 15245
5845 18180
14923 3051
5075 6866
4452 7334
14639 1123
681 5426
8672 16720
11344 3028
4787 194
7738 11065
17183 10160
5080 2260
6686 8995
5287 4703
15245 1884
4452 13133
6781 16402
16840 235
1878 4565
6366 1625
15399 178
7958 910
17406 9841
5744 1445
13066 3676
15118 2240
16251 2659
10067 3797
8954 8666
6781 5684
17126 3143
7402 8070
17105 8288
16791 11807
11938 1601
14639 15907
13970 1103
14335 2074
16624 6804
2930 11055
5225 8101
10865 4805
7025 14329
14390 5759
2414 5462
12219 534
8613 17983
5678 7038
8310 2322
11600 6174
6581 10489
9778 6649
13783 3774
15700 881
16964 14559
16638 13766
5813 4759
10537 13281
17170 6833
6749 11439
16487 2646
3274 17365
2417 16955
11600 5246
17641 16797
3786 14757
3771 6815
9038 11354
3848 221
16743 19
6174 11169
5210 11721
16797 17475
7856 159
519 537
14389 14139
3342 11650
5182 3344
12066 17565
17769 13892
7413 4694
1366 16236
7286 48
8070 4080
16371 15106
5080 5827
11131 11909
2436 2745
1011 16695
7355 13589
14352 1407
13702 14994
3013 16253
159 4546
16344 7186
12762 13416
9818 6801
3297 5032
7856 12814
13588 108
11272 331
16906 847
3509 13697
6464 1209
1402 16085
14311 6413
16824 13705
10986 12004
5060 13796
235 6602
3053 9856
6887 15670
16797 6689
7993 5937
3140 1225
5814 429
3814 16052
660 4007
16692 398
17880 13135
3892 914
5553 4406
2952 5493
2767 6857
16840 13436
14139 10674
11746 14021
13493 16258
8563 7393
17527 10040
15468 5908
13851 293
16987 9121
10969 17597
7989 2675
15079 14605
3053 671
9387 13425
17204 2884
13035 2376
12439 3609
17864 4841
10365 17883
13985 12510
520 14256
882 15088
16743 13600
4694 7065
6815 11206
4423 15002
8421 15578
17043 6457
6404 3020
11899 14150
10365 17849
11974 4053
4749 15516
8842 3325
4748 4027
8490 6683
4999 5236
6604 8826
13289 1069
16298 18229
1708 1004
11899 5293
15245 5458
284 434
7164 6987
6262 16209
3020 12028
15148 7997
11344 7723
13796 14717
11679 12200
12216 5181
17554 12424
4671 13841
15577 8753
8288 4336
5825 15533
11354 9036
548 9802
7905 15282
2653 9972
6987 4472
8288 15567
530 5567
15245 6823
14390 13485
17112 10981
3096 2700
10365 6507
6574 5662
10986 4936
10363 18237
6833 18026
17470 17375
244 15871
2700 4525
8666 11074
18256 14220
14531 5447
17589 8660
3614 8472
3614 17237
18062 10811
15907 5427
17375 6019
4423 10451
8288 7056
2952 13249
16286 9034
16236 11952
2497 6321
14971 17644
6554 4383
1693 16618
6260 10337
15441 6442
12562 17730
5937 9475
670 14011
9234 15990
12085 8778
7206 17723
17604 14436
17188 7775
18060 1088
6010 7484
16618 13374
12439 4609
7747 8828
5684 12678
2240 16880
331 13483
671 1680
7355 17429
15088 7716
15479 8572
12078 8102
1843 16847
1708 8872
10674 4324
17105 10597
17188 18311
12594 1836
15510 6928
6952 1131
4452 12407
14436 2578
16917 3367
2700 5317
14564 13169
18311 4363
10657 8889
16840 9108
6928 16321
3003 1523
695 11218
8872 1574
16550 4647
6369 5487
5717 11178
13158 5212
6457 18300
13883 5438
10363 6709
5493 9295
11898 7175
16791 7543
10337 698
7775 10115
9559 8854
1167 15114
5825 7887
5236 15986
11218 9455
15516 8802
7355 10810
745 6648
2745 10059
17024 2566
3075 7766
5717 16157
16184 6440
11746 16731
7001 9766
6321 7126
10770 2853
13951 5568
420 4271
354 5776
4713 9791
6833 13016
6485 379
12216 12517
10890 11945
12451 10086
6659 852
16157 11156
6952 8669
11306 4922
128 10978
16503 13877
420 13738
2705 1033
12092 17885
3509 13036
4988 4964
9331 6390
13951 9423
15907 15609
17436 11518
15841 16533
11031 2685
8563 5007
7612 14720
6985 16438
7505 7579
14011 7267
5182 5143
7543 15916
11389 4296
2653 17602
9786 15252
16624 8128
11074 14254
10667 9721
3824 7291
16936 81
3824 10553
1878 1959
17126 12943
8587 8539
2494 15435
11846 13647
7334 14324
7513 10334
6796 17263
6457 9356
5317 17142
12046 14492
1069 5606
16695 15963
15871 15383
1123 6501
14139 3806
14680 17866
3680 11816
15700 7482
7147 16006
8613 8169
11297 6977
14390 5664
9766 10719
17260 16103
16701 16376
13116 13504
13135 10377
16847 11454
16964 14753
17769 7764
1407 5422
11439 11632
9884 11269
16853 1472
13487 17652
5568 7061
15757 6139
2586 9218
11974 1482
6796 9826
8860 18034
3564 11458
11746 9262
2376 14215
7513 8080
19 2807
17885 8294
1708 12201
6267 7304
11862 12921
15804 11689
15360 9635
8293 3837
17889 14641
16084 14790
2578 9251
244 7192
2436 14829
15364 13480
8599 6381
18256 9954
530 14976
8778 5345
5493 10174
7696 3951
4674 16647
1574 13888
5199 837
1407 8403
13841 15880
16258 16684
13697 15127
14555 7901
17589 17722
14215 15951
3013 5044
13588 9282
9060 16510
3702 8759
4383 8350
4805 2027
16565 5540
12920 14081
4897 1979
8350 3206
2064 2063
12439 4952
6833 9271
2133 13463
10484 2696
4967 14792
17024 10010
5975 7888
9242 11728
4400 16238
17730 12275
8924 7593
8775 11165
3184 1667
5705 7368
8613 9288
7368 1706
13296 6740
13600 3439
2240 17631
15227 273
6815 16665
194 16187
10349 1047
3222 11060
232 15849
989 13431
12646 10431
17112 6149
14190 322
14714 14441
16416 4341
13103 8771
15315 10992
15079 5005
8288 5061
11579 1788
1961 3585
8828 5995
15566 8277
17983 6190
7764 5932
8421 11092
16298 2885
9143 17835
2696 150
15588 8947
13289 15735
6413 7173
13877 9676
9218 11151
8254 17594
16052 12735
4897 10030
9554 12489
2975 16814
4296 16836
16638 14205
5061 11715
6952 12361
6740 16542
2068 4582
5005 9953
13883 15214
7334 10298
11326 14316
10667 14273
6749 1726
11169 9429
857 7473
678 17893
882 9735
3771 11141
1574 15715
8828 2972
8358 5461
16193 2577
4952 7825
12004 16557
17126 8446
534 16439
10667 16043
15801 4569
4840 12573
15670 11170
9460 16266
2646 2096
8954 18247
8828 11937
17769 7649
3126 6028
5849 4038
4406 14956
18159 17458
6562 1929
10787 4688
14720 10090
9968 12791
5143 13581
14139 15379
10101 11459
13281 7996
6411 9068
7078 6795
1482 10669
16987 3282
6321 15999
15214 6315
18029 7013
16487 10239
15910 11616
5493 2876
4841 4220
186 13417
3187 1
5287 12540
1909 5278
15871 9680
17282 816
16804 13346
13985 234
13116 4679
14792 3549
9485 13265
5717 9049
15757 366
7149 6786
534 14082
2566 5456
18293 3171
1069 16971
2497 10868
9165 3578
8254 14875
1167 10019
1 11954
6542 18291
6781 646
13883 14572
9234 4245
5487 16527
8472 14866
12646 3065
15252 18284
15857 6386
8650 94
4999 15086
17188 9840
981 5589
9455 2168
15609 14145
5652 5552
5164 15031
398 15699
309 8829
3222 5221
5151 1092
8358 9879
4647 1257
178 14434
16052 9685
11314 9572
13796 9544
7775 10230
5950 11822
10349 16970
6659 1240
5044 2305
18268 3510
16333 5222
9916 4178
17597 4280
15828 5927
13493 10829
8563 16319
6815 2145
13135 841
9559 8489
13705 4961
9801 9194
1909 16330
11839 15371
17105 10666
6236 2347
10298 4517
9766 11581
16266 9656
7612 18321
3578 3975
3588 6900
9850 13915
8403 6771
1726 12766
7289 10602
11632 2090
4255 15649
16565 13435
8127 15789
2120 11217
10810 16694
6321 6576
4797 7530
14559 12841
235 6884
837 10295
3625 701
8335 3320
3902 13932
4001 4246
13542 18184
7825 9348
8116 11026
2168 16153
18062 4168
2014 11823
10090 8369
6815 8863
4889 177
16836 13007
16971 11288
5289 13533
17228 11969
8127 10233
17864 13026
5776 13604
9635 9276
15828 2660
6381 3331
1092 17301
17983 8598
6032 9944
1929 9584
6201 7768
5776 16607
4129 1263
16970 11884
13588 15642
3536 7644
1306 4352
9559 9569
11969 5446
4467 15844
13490 4540
3776 17634
7128 7871
8350 9445
2653 7269
11092 4945
11427 7401
11983 12608
7055 13882
15588 3781
18216 2710
17350 10006
7563 12342
14605 13294
12104 18166
6059 10325
3708 5893
10010 9747
2572 15543
11178 2462
6411 10189
8294 79
977 5315
2972 1308
16251 16878
9464 9567
17270 14376
13230 17414
6759 3765
13133 17006
3765 4345
10946 11793
15029 12879
12125 8715
4841 17603
8802 9096
5775 12242
7513 7119
15118 17975
159 9984
9108 16020
13505 13448
1817 3550
18237 8257
9607 7428
11151 15526
431 16073
5767 6703
10189 14171
10392 3830
4759 7468
476 10004
16211 5135
16971 12369
12920 14593
12486 9450
11300 585
354 2049
476 16377
9256 6724
9584 8299
48 18048
17535 9595
3614 11189
1620 9319
3585 5069
2049 11396
12822 18066
1225 4520
1240 3345
11616 10219
7653 4016
2952 9354
6160 7779
10160 17795
2577 2166
4889 16668
3053 11971
4250 2409
4400 5539
2168 12931
4525 3891
13435 10056
10946 15604
2277 871
16695 12487
10377 8437
3837 12963
12517 13168
12863 10297
1092 12382
15109 5833
293 13149
7473 6852
12424 2012
7252 1230
4567 3504
8828 138
1342 1010
8403 17388
2277 8476
13158 10582
9841 316
2012 4632
4688 10528
4246 14731
22 1267
13130 9587
18308 3209
14389 3463
11406 2442
15338 1197
8147 7787
12669 3109
15849 14407
81 15233
3272 6497
9049 1254
2096 3017
17645 291
12439 262
1726 656
11566 16060
11066 1566
7653 6181
4389 2375
7413 11743
8778 4665
3771 10958
7055 6273
3222 6746
9644 15019
10570 2600
10219 10959
11066 1320
5606 15893
11156 8334
18256 8895
6649 16143
10958 6832
10986 1036
13294 12714
13851 9806
16878 7965
7825 347
2745 7755
2470 10224
762 783
442 6584
17126 484
10681 10087
6699 5575
12812 12042
17864 7621
5520 3175
14572 9710
17365 580
1407 17389
6669 143
3272 3064
17414 17232
9559 1217
16187 5368
2975 16051
1230 8546
11632 14418
16550 3183
10824 16456
1254 5460
2885 10265
15963 2672
12042 3787
15364 16152
7779 2726
3272 7211
14950 2191
6178 2454
7001 9790
7639 226
15379 7914
14376 8631
8828 15778
11983 12743
11502 10950
14335 12556
3614 7967
3702 14997
3325 12932
4894 10501
17594 11593
7001 2555
8446 7216
9354 17871
429 8725
14875 17557
15275 9594
16899 16427
6815 1488
11074 13649
8088 680
7615 9553
10222 2125
1047 14207
7764 9769
17392 6372
3274 11452
13784 4161
6887 17197
9450 17324
12814 13299
7001 12069
10128 7499
5060 3316
3781 7200
9656 7472
1004 3286
6686 5161
18300 8114
11141 13451
15468 11322
9841 9341
2157 7044
4245 10078
4567 14088
15086 4942
17848 8750
6900 844
816 11903
17395 11964
10537 15863
9354 17824
120 14659
14108 4883
12452 3521
7472 1709
13116 12703
9046 8015
12588 2167
9460 16691
1821 10938
8059 4627
3425 13664
15067 15855
762 5926
12921 13777
12931 1433
14896 14219
8173 17582
17723 279
7167 15348
9295 15334
14390 6334
4797 17756
13644 7191
10713 6138
3247 3497
1601 3108
9618 12967
15360 7806
14081 16202
15789 10271
485 8561
15963 5746
7149 1846
15155 17802
13873 5178
9218 11007
13697 9896
3270 8635
8169 16108
11326 9670
15193 17114
13664 12119
18300 10961
2087 11171
10056 8220
3830 10469
13169 9629
4383 8038
10010 16963
1445 13907
12069 4054
4161 17335
2497 4125
9554 16900
7713 16835
485 10262
9121 15930
1817 8583
4952 7279
13416 5100
2807 17847
9569 16587
14896 6031
12312 7140
13986 675
1953 7762
10978 10941
11909 15815
16238 1404
9453 12215
3771 12868
180 13106
8490 15580
6585 12308
12407 7509
1011 8218
17579 10443
6535 5006
7612 16314
9766 16462
4516 17804
2889 11017
8266 14930
15652 9781
8173 8692
11497 8557
13133 3162
8080 10353
10698 5952
11269 14062
2386 10261
1263 11011
13374 9190
4881 13891
9954 3002
7355 8485
4335 7323
5853 6818
10810 13434
6372 7951
5672 2749
13434 16428
4400 15014
10469 6131
10867 17377
12981 12958
8986 3811
14147 16176
8666 14518
10298 7732
10602 15726
235 13327
2566 8968
5287 11778
15986 11039
12921 10730
9234 13582
2791 3107
7856 16027
6884 5491
2714 16767
5212 14820
10007 3652
2125 10507
910 18084
6170 8799
9559 6622
17301 17275
5236 8242
366 4340
174 448
10978 5760
5759 10857
11846 15920
11031 4930
16376 4132
1693 13959
14081 4585
3331 17181
12369 9449
9950 14413
13168 14962
178 3819
8598 2668
10363 5442
11375 12819
11269 1061
13435 18251
6056 14018
6724 4837
11288 13727
12931 1695
9811 5392
12206 11723
16587 2148
8863 9260
17388 13277
8153 12713
13222 14118
12382 17988
10986 11734
7563 3555
9656 3960
762 10051
7989 14437
1821 13421
13281 8240
3609 8513
6201 204
1004 2069
8437 16806
1123 8748
6669 11783
12242 1210
2125 728
12887 9997
3814 10142
8490 13942
1706 13348
366 16872
12762 17087
14757 996
262 4602
10353 2296
7055 8458
6273 13238
12562 14916
8930 5389
17324 11338
977 9849
4423 6012
4246 10270
15855 9257
5369 3768
2191 8109
12125 15250
1620 12962
6321 3484
14564 6125
1004 3355
6366 491
10968 16395
12981 3907
1092 13354
7428 1158
16462 2579
4704 10384
10040 16718
5061 3389
13299 2299
1004 3494
2476 13062
6507 13304
8254 2833
15250 15394
16006 16
15127 8730
1131 17415
8335 4653
14971 14589
17893 18298
7282 11076
2074 16757
9485 13466
3425 5154
8995 12929
9470 16289
18066 16636
17889 49
14792 1151
8153 2458
17804 3157
10950 12905
11428 74
1961 10751
6404 14712
9972 14935
16672 15021
4129 10420
1320 9902
18229 16272
7653 15583
284 15913
14712 17586
16731 7976
5315 10655
5221 2799
4881 3971
3171 16165
2032 14745
11439 5565
3425 5720
11909 13517
15846 16947
11964 11915
5462 5105
519 8281
16293 4474
10224 9368
15127 5179
3834 12262
11953 17962
11973 4278
7920 12325
13970 9463
15699 1825
17270 16504
2930 5313
13026 10972
6190 4101
2653 10564
16970 7988
6012 17115
1566 14604
8467 2065
8218 7859
8102 12504
9654 3317
15106 14888
6634 14709
13135 5029
11189 6595
9629 2888
6934 2478
15849 14715
10363 15721
8598 5084
1131 9695
4759 13076
5460 3470
9721 6479
14923 15881
16043 3966
16686 7998
11428 6298
11579 15080
11306 1336
9093 8326
6786 2998
13222 13210
7505 5042
11166 5879
680 7937
12562 2108
8715 1126
13076 13866
6832 6921
16183 1787
13777 9417
7579 7383
9468 8902
4525 14269
13592 9159
9068 7385
4246 11819
5575 7919
23 9605
11679 17440
633 1568
3966 6075
13589 7103
15839 243
13490 12245
2131 9924
16731 13528
9990 13749
12489 15495
9848 7233
14531 3507
13420 206
6715 7022
14709 12501
6801 16021
8350 9095
5952 18033
10347 1786
5979 6230
10431 8142
2251 15882
4602 14716
3175 10734
138 7987
5856 17665
10059 17103
8863 6871
7747 16141
12517 14391
13876 5642
3975 3987
9475 6930
4587 12635
4352 11844
132 15637
7608 12479
5568 3611
8557 5363
18237 12006
12517 12809
2888 8896
10667 11800
6581 3840
16665 13368
10239 9846
503 12804
262 15758
12069 1442
12236 103
11969 11222
17802 860
8169 10993
1693 13004
16757 10523
5462 7727
7762 12675
9121 1997
16236 5276
16792 1137
11903 10251
10681 7799
234 13429
9569 16728
16955 6668
13414 18059
3811 12450
914 2104
12342 6394
7499 3165
12046 8883
16968 2828
16914 3807
5849 5790
13281 13290
13431 16231
3502 17337
379 3798
15127 8622
4363 12386
8293 11478
7291 2808
11518 15111
7764 18233
12594 7875
3776 15426
17475 17099
2074 15784
16371 4802
3787 9013
16285 10129
426 9687
4765 1046
15029 8580
8753 1434
13728 2701
15214 15809
14864 18207
12929 5444
3971 12598
10260 5538
15075 8559
11937 7902
10239 7495
1036 2692
2322 5590
16542 14869
14324 1325
8622 6656
9165 4621
11076 7225
5100 6466
128 8018
8334 12016
9417 16515
11026 16328
4881 11250
14037 12392
5369 3700
7056 743
1103 13161
3504 15419
7439 16651
3549 9461
7401 5113
580 11768
17103 16001
11581 15658
4016 1696
2975 662
9096 15959
16624 7373
3702 13389
5084 17750
2049 775
8669 1812
12713 10303
13082 13862
9276 2730
13818 12988
16692 17162
5760 8426
15250 10213
16757 424
1518 13366
3175 3061
7621 9909
354 4892
2299 13617
10857 1100
1859 6536
7649 703
16694 12997
3162 16039
2494 8698
6632 2304
13201 16666
14712 2379
4467 4819
6059 6006
10824 5628
5491 9974
13354 18154
7191 12975
17717 17939
874 9071
12812 1805
5289 3615
16193 6226
5827 16125
13959 992
4220 14083
5221 16799
16141 5635
8358 14686
6028 14455
11793 17538
5276 11707
9013 12684
7119 10539
15566 12983
6604 142
12684 6163
2701 5253
1959 2163
15809 13497
910 6655
12804 9061
6340 12976
10451 3621
18218 13987
11326 8479
7147 17122
12962 7512
8169 91
5161 2779
16718 10274
3463 6524
8546 1062
12887 10112
10941 15926
10115 3416
6668 6888
3266 18019
8889 1928
10007 17463
16377 17080
5351 9447
10946 10746
7495 78
2767 9509
5932 12738
6708 14323
14018 7048
132 12232
2442 3417
16701 8755
10946 2499
16836 13081
751 17001
10377 4954
1846 12897
3331 2894
14526 12790
243 14456
14997 10995
5248 15225
3274 5789
18181 15770
14254 15727
5221 1394
174 102
17804 3926
6795 13714
8490 567
13289 10342
17267 8312
13492 11291
1929 9277
11650 9178
989 6328
16286 13447
12262 11040
8943 17967
2577 15396
1949 14862
6535 17947
3533 5780
15079 12187
1872 11667
11269 11411
6170 14235
16971 14026
14572 1720
11953 8655
2094 8667
16701 4914
883 2075
865 16659
159 18095
7147 8865
6334 5378
14309 182
15920 13836
3727 11546
17947 12304
9618 18265
1680 14825
491 6234
2981 242
8613 9466
10347 13623
3274 4524
1263 798
6190 11251
7495 12138
9034 14766
9909 490
17835 7910
15637 15201
2807 18132
5509 6489
6972 3326
10125 15717
3625 1642
12879 9551
16328 9956
14220 7305
13647 5381
3171 10670
13429 3933
2163 12672
7262 7597
15986 17745
12016 867
2108 4076
17232 3527
16694 16138
7910 12194
3951 8093
12312 15673
12452 4006
1961 10939
12870 4531
9519 12272
6887 8706
13876 3480
13951 12695
15935 8727
186 2519
15193 8569
8485 1766
13129 10126
9509 8199
1047 3646
13427 9542
12451 6183
4027 16552
14601 16224
1343 15482
10129 13311
8924 4532
13265 18160
5253 15905
6175 4608
4989 17352
6012 16213
6804 14887
5552 17371
5538 6640
6977 7564
1137 16050
15399 12642
5427 17293
4271 7095
6485 18032
3527 3441
5853 3674
3134 15932
11288 9589
6472 6728
4245 795
11689 6596
22 625
13749 17303
5221 6954
3126 9357
448 10988
9519 8032
16428 3562
17849 9853
18132 7296
13161 4241
5538 5563
10787 3600
16636 17587
6174 7622
4602 4177
3987 11505
7499 5104
15118 17997
13380 86
9450 15044
11171 8330
7696 8877
388 10243
17406 17306
11171 16121
7055 12529
9049 2450
6708 15349
1909 8560
6542 866
503 18292
18032 7566
273 1102
16 8852
6708 7900
11092 9043
5310 10736
7621 14807
17750 5583
17557 5341
11341 2674
506 2631
176 5388
14559 5087
16970 7397
4498 10594
17475 15281
13448 17506
18019 5021
2745 9497
9997 12851
8877 1784
6581 6016
1846 16524
7233 7532
4496 1202
7192 5537
3096 1933
13431 16519
17795 18208
18033 18148
8726 3459
2277 14612
3615 1963
6823 16128
6818 18130
6006 4258
8802 5847
3674 1548
11314 1751
366 14459
4930 17658
17864 15976
13429 14988
15526 10476
1933 1648
5963 5399
12897 1142
585 5489
4335 8035
9853 3929
12962 2742
7055 14172
9445 18318
13836 15150
9721 18277
5084 3088
4531 11933
4897 17031
9921 6991
14720 13703
3615 1187
18176 9431
2941 17994
12102 10150
15978 8261
8863 10276
8334 3590
5151 6469
16085 14365
291 9020
11778 9759
8294 11641
874 1129
16914 2162
16731 9399
18304 15432
3013 14528
4168 14882
4016 13284
2049 2488
2660 10673
860 3899
874 1804
2417 17206
9909 17032
1928 3980
13728 4285
3564 7352
7373 3278
16624 11183
6930 14877
15855 13409
7296 17496
15609 17929
15778 4650
78 13458
14389 5238
11579 9220
18029 4351
9190 16013
10978 5043
12085 1794
7436 10076
7044 1466
9260 6441
6497 444
12138 13078
520 517
5164 10228
17176 2204
17223 17551
14081 5155
3861 4356
12085 4645
14309 15795
12819 4297
5039 15205
17105 4980
9159 16838
6604 17309
14329 9224
8666 1212
8257 7685
8883 13083
13429 14198
6328 3284
10938 10629
2885 1214
94 230
741 2159
4589 6250
15205 14060
17352 1968
15315 7160
2094 17702
3555 10928
13348 17677
17106 11109
14205 10738
5246 12428
5767 791
10978 1663
10295 648
701 11278
6442 10206
13841 742
7866 8864
10310 3369
17877 4085
4400 3896
12187 7100
12407 13352
9475 6151
10260 8029
3844 16892
13738 3995
4297 10094
6795 15585
15396 8272
16001 6742
2470 636
3459 336
10420 13618
9583 6303
6334 18174
8257 8379
4452 12214
18062 907
14214 17931
12245 6765
48 13780
7025 14711
8715 529
226 2920
4936 11996
17043 9266
5178 15676
2277 16012
16438 14915
11272 12253
7622 11826
633 15603
3830 18305
17114 6980
16209 5302
5493 11188
16073 12040
16878 1602
10787 14349
15770 345
1050 600
8748 16393
7499 691
5814 1184
18304 9140
11188 1152
6028 12972
18251 18137
4516 16087
7305 3541
14731 16748
5589 16505
3849 141
12006 6756
17260 8083
15201 18299
9956 13898
9759 9894
16272 11292
7175 7054
3588 1516
15841 433
13016 148
16955 10245
3002 15869
12981 17823
3389 17571
9644 3252
15736 18003
13289 12849
10673 6357
5544 9930
10523 6915
2148 905
9782 17797
677 4492
1812 2477
1062 11510
10585 8246
8559 2901
2799 9078
13083 14255
9806 5316
4650 17627
3272 17792
5060 11519
8635 11196
14147 4762
17994 11118
16258 11711
14108 5002
12870 4030
16971 14894
9435 6905
8240 10579
10150 1638
7499 9351
3194 14077
2125 16444
1036 13005
8127 11547
1959 16406
12849 11173
2069 17161
9417 12940
6987 12362
74 12485
6915 13958
15926 6140
8726 8764
1680 3957
13487 16440
10669 11472
5378 14786
506 2881
232 10361
6987 6415
3031 13912
18148 10748
6921 3193
1310 13860
6442 10395
5179 6150
10377 5624
8472 16335
18009 5288
6651 6908
8217 3234
15717 12227
17939 514
3107 12592
2572 4624
3031 10830
7499 700
5029 9696
9583 5614
18132 16984
3165 8612
444 10266
9846 9033
13458 6146
7958 5574
6381 17676
4961 15003
13727 5944
5927 16992
17603 9174
13374 13445
8218 11260
16607 14248
1482 7788
2479 5925
1709 16831
18184 1955
14720 13224
1959 5737
11862 14320
3344 5883
14518 3969
14994 4946
2014 5513
1786 1684
2458 16426
10150 1128
4351 14821
13116 5900
10030 8395
1836 9458
8102 16353
11800 2741
16831 7867
4178 11293
2710 15812
3326 18213
15603 5599
18174 13978
1306 9035
6478 1849
12304 16771
8403 17478
2742 198
23 10920
17496 9815
13066 6964
17804 5942
15173 7728
7128 10099
11667 2495
74 10557
655 10546
15849 15993
14171 7155
5422 11555
4713 14621
9544 11203
11039 14438
17962 5377
8669 6351
9857 5846
8490 12533
12486 11481
8863 13269
1100 5967
5641 8232
7806 9515
3405 16643
11593 6254
11915 8516
14215 12163
11031 11644
9356 4227
9399 7196
10585 11558
3768 1745
5317 4432
5152 14529
3206 3199
977 16868
6655 2903
11858 12152
3562 10983
16868 13769
2894 3979
15419 15366
2090 6571
14118 14059
8277 17843
3562 1477
16402 1855
4132 16574
6267 12371
484 638
8863 8756
14641 3264
5538 2533
13697 12781
4363 1923
4489 3678
5833 406
4007 10491
17717 5268
15150 7703
442 9864
5135 5051
5005 1856
7997 5831
13373 1186
9559 14049
5963 12431
16847 16109
17975 14694
12851 18163
9234 5729
10968 1614
16376 5417
11783 13629
12069 1621
1928 15626
17885 1196
11066 11787
13987 17201
17997 1746
7103 2116
7937 8278
13985 12755
16791 3141
9457 6121
1625 7520
16416 10280
17634 3862
16021 15160
9194 1803
12552 14560
13448 974
16899 8697
16971 1430
671 12909
9850 3660
11454 8126
633 10096
13923 2595
9811 4357
5447 957
16880 13329
7500 2638
17571 13745
3317 5683
14062 6431
12201 7432
13130 11977
15828 4637
17847 3947
10666 8399
13277 15616
2974 10879
701 16316
9220 11448
5310 9408
9894 11493
14254 9109
1325 16154
9036 4523
3234 8870
9951 8371
18174 11460
14256 14738
8756 7313
17730 16923
2767 13899
9466 10185
18160 14538
11632 2242
2477 5584
15993 12366
3590 9259
9260 5620
1320 3179
4356 14719
15727 10526
10928 15953
15652 11626
17824 6920
4038 1974
6728 8630
4897 13340
11076 6078
9567 295
10295 5031
142 7188
6472 6981
10213 12460
791 11248
3209 8424
5377 9370
12635 3610
9687 9929
15781 412
2032 552
743 9728
6181 14191
5392 17566
12962 10718
5458 6736
2701 15103
12675 12892
11060 2369
9953 8742
14605 16120
798 9486
13780 7162
221 2736
331 106
14077 8028
2168 16392
2894 4607
517 11652
5614 14984
14568 10763
16330 12677
15056 13124
4787 470
14256 3692
6160 17467
14714 10048
1803 18269
7055 12198
10484 1157
3527 13654
8316 17129
12201 17116
16043 13732
14956 11050
17429 387
150 18035
276 3475
6357 18316
5540 13995
5392 6193
6352 13778
9010 9530
10666 5163
3017 8897
10879 8200
17843 18164
10666 7084
7495 296
11078 10929
3321 17362
14518 1853
9143 14152
8902 2820
13766 3656
1788 12081
6078 11742
12206 10560
3814 6421
14214 9626
15990 12418
957 11869
5151 10194
17031 16485
13078 10472
5388 6797
11217 7795
17122 7456
1210 15921
6440 17418
57 4528
12431 17443
14441 15755
15715 5168
7025 8840
11118 9697
1011 14609
4356 6309
9271 2412
3562 5233
12932 11361
10472 4769
13124 17291
12713 320
4694 17810
1123 16827
12765 7589
10939 76
12366 13199
17634 5617
5051 17612
12366 6940
17880 9579
12369 12881
9271 4130
5846 7240
11505 9501
8580 9565
2478 1361
3002 12833
17750 9639
15857 4279
6485 17861
10597 5650
9802 10671
13728 507
12552 12823
16013 2999
11977 13624
13493 13584
15781 11761
2853 2525
12066 17592
16349 18250
3700 2574
6652 16708
6804 2928
10657 1865
10160 4223
17645 1946
6146 6447
8854 15409
13505 1324
16533 12093
1878 9072
8897 4342
10278 1322
4130 5354
11952 5762
13634 1631
8335 16852
11938 4181
12320 2627
15921 1533
13898 1190
8237 11146
5539 10047
12587 16063
17983 17575
12201 14730
12703 5792
9786 7638
12163 15288
17232 8256
11807 4090
6396 16022
336 6409
5422 392
11644 7984
12163 16690
5927 4673
14790 4508
3369 14728
743 6009
1684 1940
11909 1666
6699 17976
6634 8774
102 6682
3814 8763
866 12491
7914 8747
8379 4073
5061 6906
677 6772
714 14192
10674 9490
16804 17323
3326 2353
13186 1591
5456 7922
1466 12061
5893 15546
625 9291
7495 14415
3108 7698
15468 9933
6652 11666
8764 41
16728 8574
10276 3869
17880 13606
9954 16803
548 9799
4489 11648
2730 8716
5614 12768
9802 7772
4101 6432
6457 1770
7269 5237
743 10813
11903 15368
6442 1006
5624 7510
3549 15034
529 11655
6596 8064
11074 15553
2749 15253
12485 16435
2675 6882
14601 5791
14083 17933
4999 288
8748 1722
17429 7057
5650 10912
10342 8137
11069 14424
9174 17928
11076 7535
13158 17450
7728 7208
6823 15009
4889 7763
1843 10421
17179 12537
13124 11285
12078 1714
12863 10055
12881 10550
6366 12298
11341 8912
3957 1480
15282 9803
7685 2874
15412 4429
10539 5337
11502 10025
5628 6966
3252 6745
12672 16547
18215 11490
2104 15141
3470 12885
957 8691
5289 9624
11298 10120
5438 16786
3430 2469
15577 12358
221 899
8240 4275
1240 4055
11354 16895
9387 16887
12227 15239
9121 5692
625 2727
2566 9166
16838 13551
17587 2509
18299 17862
633 2255
15999 5223
1263 11866
12216 4895
15468 4202
16524 5956
13299 9859
13604 16240
5932 14627
9166 6018
13942 2453
8467 1824
14766 10285
5813 5572
15930 11855
15770 6167
7875 11914
3470 524
17142 10648
9676 3387
5563 933
18256 10716
10829 16420
11839 11963
1394 5863
2063 1545
4356 8166
10040 6088
882 5531
7535 12045
13882 13733
11251 4544
16852 4052
6740 10341
4895 15904
13600 15797
9879 18306
11954 3542
485 8243
7871 7189
6464 4743
17216 16674
10868 5953
11964 5372
12214 15702
2064 13465
13584 6674
17527 6957
5351 15355
3536 15489
3848 7625
7593 9722
8261 16929
6882 4730
9710 14851
6351 9230
6937 17930
5237 16014
2289 14655
14492 11750
14730 16604
15963 15444
11269 11831
16187 14798
11293 14549
3053 12838
14894 10304
5952 2630
13294 7275
10353 959
13103 9041
1466 14972
7745 4810
9178 2699
2477 11828
4650 6525
16550 15206
7685 6984
2825 11916
16618 8503
14560 165
2277 16631
3814 15178
11963 9446
1300 9650
681 2824
8403 12355
5678 2844
11800 9789
13582 15505
14145 776
2166 12544
6651 13529
8310 12446
16755 5522
10243 1159
13354 8886
11131 310
4527 4718
1103 14423
12768 17328
4342 1077
9916 14463
15044 17727
9629 10459
2470 14946
12078 756
3028 14739
13766 6276
15441 1925
9468 9333
79 15518
3463 2341
6501 9047
6804 14777
9068 10221
1100 5822
5672 596
14720 4091
4627 8639
17582 11388
17183 3500
14766 10659
1786 17815
8691 14162
1516 9075
3500 17729
701 9481
6457 5374
10353 3392
3165 2614
9984 789
10746 16200
13186 6197
1878 8431
12598 644
5002 6363
141 17510
9778 12270
13604 1135
6016 3038
11983 2528
14593 12810
1267 17638
16503 4480
18213 13039
14601 14125
12386 6860
13719 13996
17631 3946
11203 15084
15482 7824
10274 958
11203 9773
17730 3795
14335 2558
8326 13469
13483 4366
12045 6176
8294 14414
12004 14057
12069 2787
1620 9045
15715 4376
12081 3382
11761 13742
18216 11201
9429 10547
3680 6609
6542 13226
9470 13303
57 12172
506 4788
9974 4438
10230 5621
9735 14189
10983 266
18269 8687
15089 12060
17638 6099
1786 13438
12790 5671
1197 7190
14666 489
13769 4479
7981 17858
17291 3672
1979 12317
13644 6945
745 6347
17988 15049
5092 16698
13463 8228
16335 634
15368 14337
6535 3085
7723 4686
16929 10351
8750 10425
9010 870
14463 2337
2614 7969
4686 10651
2577 2490
15881 17125
15173 10887
16258 2126
7875 7707
7456 12257
4565 8610
8312 9119
1232 3993
11407 12290
6131 14353
2844 12741
2191 2869
3143 13559
14096 15632
4130 17818
13487 12944
2120 11182
379 17584
4352 15918
1788 4079
5537 13568
11196 7483
7269 11503
17538 15041
1069 7717
11493 2545
5438 8668
1566 5836
13798 15607
2833 7793
14882 1079
13798 6851
7984 6938
14378 8025
13224 6212
11555 3627
5345 4315
4632 13746
15516 12326
8395 4887
8017 10203
11743 12329
16213 3681
16406 7097
15567 813
9781 11099
7025 220
1091 15112
1974 12412
8513 430
13299 56
10221 10454
3966 1527
7056 14119
18164 17285
3611 9128
775 11972
12447 1165
660 15856
1909 8588
3896 8500
4130 13307
9896 1429
3926 6378
7625 10519
6170 7828
9470 3658
2347 16585
2659 17920
3430 9699
15839 205
6421 13208
16043 8796
3345 1616
6056 3448
16224 16621
17671 5632
12963 9030
13447 11270
18032 12639
7563 9817
6201 11991
6736 11132
15893 14151
7473 3952
5316 7386
17847 10358
4802 6066
14415 16029
4810 13190
10920 13236
18029 965
10125 9160
16691 14132
5662 13710
16377 17231
18184 6787
17232 6583
882 14178
176 15722
10112 6580
11649 6891
12446 8074
180 2139
9259 9833
5606 4205
6562 16893
8829 14327
12312 2816
8763 6360
7638 10246
5671 7110
8102 12777
6254 305
3848 8247
907 3104
15815 12393
10961 932
7206 3688
910 12990
10301 18270
16542 16441
4205 18119
12242 333
6677 2455
3316 4269
5942 432
4718 18039
9370 10316
17638 16753
9449 7382
15079 3914
5221 12782
636 16568
17257 7904
13696 5745
3017 17833
10276 10415
94 12394
1131 6320
11472 16492
13130 4811
11066 1034
17310 16347
14962 15747
5620 6847
15489 16283
11361 8091
14207 2503
15951 17441
6634 13496
9786 17689
1158 7598
9972 15850
15926 14381
10285 17599
11846 12
10358 12621
12911 3477
6016 13024
11800 13221
18213 13381
9530 6635
9109 16448
4336 14428
17933 15437
6683 12352
4245 6673
13504 17459
7499 3955
13883 11545
12598 18210
150 10697
13581 11798
13210 1019
14441 16888
18265 12736
6230 4745
3674 7760
10194 1617
6501 3889
17176 9808
5956 8818
5944 18008
11844 9657
1091 2212
10203 10617
14589 5915
13705 7666
17506 16181
12504 14632
16143 4803
2436 15623
2175 5483
2509 11549
5523 6446
11641 3608
17291 1598
1523 6754
9853 16092
9041 7032
2175 17648
1825 2357
2322 13645
18250 15061
347 1097
18237 3894
12562 14764
6273 7224
9769 2431
16786 8615
16353 11833
6980 3365
7216 3722
3834 92
13329 6517
15735 8418
3869 6104
150 6939
6746 4455
293 2361
4964 1207
17599 11327
11858 8938
13483 6992
8759 16341
2032 6124
1787 9825
4132 5443
17392 12155
11505 2271
5950 15464
3674 17281
18163 14635
13490 3404
7216 6015
6686 7891
16695 9858
102 12516
927 6727
11555 9521
7509 11221
5351 3192
15652 10410
14378 16453
6832 13670
13588 8665
751 14040
10056 5327
9460 233
3929 10607
646 12238
8102 2664
3588 12241
10262 10391
11076 7926
6139 8305
17006 2784
6900 3968
12504 3330
2894 4403
392 12842
4480 16123
6220 8066
9953 5877
9791 16234
7764 6773
13986 11432
91 7584
4472 13390
3680 2215
950 3559
12352 14468
18009 11245
6773 10786
6056 1414
2454 1780
17282 12862
4964 16206
11490 2398
8802 5851
3914 12484
11151 2406
1745 781
3807 14490
12262 9863
14328 6825
6771 17787
8421 2124
5135 16214
12635 16869
1708 9367
5789 2747
14715 8433
14529 12850
17388 2046
15400 17718
7919 16630
10929 9297
8968 7545
4713 3873
3367 12263
6352 10396
6190 17715
16108 6342
514 13692
7368 1772
10813 5607
7296 9599
12074 10155
4027 2180
16448 11496
5849 15708
9351 1038
10491 15036
18308 5676
9338 32
5155 11852
17375 9300
13438 16758
15495 2711
387 7310
10194 10180
6489 13077
3330 16518
15386 6358
2375 17728
8668 16988
2126 14924
7162 9640
10824 11756
14731 4381
2260 9727
8599 2753
7208 2396
363 11479
18095 3180
17638 777
5168 223
8639 13441
2087 275
3555 8833
2191 13443
3399 7380
4053 18114
4805 1248
12597 7288
309 2016
10507 18081
914 15605
10325 12880
10489 8042
9256 8845
15003 3535
8017 4618
16298 7990
11479 15524
3477 9313
8667 14199
9857 1493
9470 14856
10713 9882
6703 17558
14589 3566
2212 12705
392 11897
5825 13794
424 18312
182 3172
1614 71
9399 5961
16835 13630
8924 10366
1986 8067
14680 246
10189 9456
11222 16179
8028 1235
5790 14989
17125 8052
9128 2697
11679 17045
13307 7582
7937 17146
18308 5668
74 2464
15588 283
296 8347
14560 11377
15964 12656
16141 1200
2148 3565
13493 4265
12988 399
5043 18287
13103 2359
3053 6307
15252 13785
13728 300
16108 2394
13923 5240
17293 17632
14147 16215
9808 1570
424 5285
13785 1699
15789 9588
11545 250
2894 10370
2692 15401
13888 1526
11493 17018
14946 5027
7439 9024
128 8268
13443 16244
13483 8264
7038 7592
15371 6958
11428 2099
5745 767
6525 12832
17538 14932
14719 13857
7133 4770
6088 6931
10597 4852
5210 12495
15089 1571
11069 2892
8613 4775
16125 5270
3417 4206
914 665
15109 8031
965 3757
18039 7217
3708 2272
15464 9538
7993 15235
4400 3084
6580 9124
5584 12629
6887 6127
9368 7936
5399 9620
11974 17977
1556 3639
15348 13117
13390 5510
1158 3156
7922 10001
3463 14154
11502 17278
18300 17094
7589 12904
3096 5928
11483 1612
17880 5576
14935 12858
2825 14505
12317 17499
6981 3119
15426 10313
16814 4654
17395 17744
4239 4051
15747 8451
910 11352
16604 1244
5104 4699
17866 11414
13290 6509
9620 16007
132 8927
8598 8477
3536 6859
16427 2432
15826 15372
6334 16317
5847 10641
2787 13012
6535 2633
16396 8928
7597 6982
6649 15238
7998 17446
16214 2687
15021 5340
11581 285
665 14258
6634 7536
11973 1411
3266 6486
10666 16916
12194 3775
8966 12375
11496 4283
12495 6429
316 3026
17459 7207
3781 13003
17602 16308
13551 1363
13438 1009
5926 4171
17843 8550
10349 13498
16328 14395
8052 784
10890 4078
15111 11560
7500 7923
13986 11656
6501 14520
16515 10989
10334 12789
320 2616
4929 8054
16317 17982
8622 11713
9143 8641
71 11042
781 6530
12695 185
8472 2374
8806 3154
1212 152
17237 4862
6321 13283
841 15406
8924 3398
3625 4358
2653 14874
11974 6119
12092 3347
7167 3695
15585 9740
11816 5569
12081 2929
6261 17485
16200 16460
7173 6706
8369 4534
9300 2186
8864 8328
6952 2963
8200 13730
16814 16661
16853 3332
16947 6496
6991 2119
14825 502
9475 278
4202 3911
4889 8967
15106 12916
9259 5612
3869 9032
6781 3972
2572 17056
17864 14159
648 10900
9782 1316
17467 8396
745 15529
4840 14264
8610 11851
5531 10072
4174 6027
14081 11013
5520 2979
16371 8700
4129 10776
3957 7517
2697 1331
14605 4863
13409 15110
11377 5964
16604 15829
5317 2962
13004 17685
14118 3089
8927 14718
6220 3374
16349 16704
16565 13536
14424 10895
3806 1453
1159 4020
1232 3299
671 6459
11750 6172
17602 12420
5782 1939
17267 5940
17446 12449
816 2781
4076 10589
9466 10220
1149 8849
7310 11567
2029 15016
18184 13656
10955 2905
8818 934
4480 8157
57 15168
15578 6553
14731 5738
14459 10390
4650 8963
16330 6290
714 1879
1103 10490
14198 11254
8458 3836
5506 6376
13528 15358
9119 12465
8299 982
17947 16921
12573 16166
10667 6877
3562 341
4452 153
18300 248
17223 18165
14139 4464
9165 12082
10076 6232
3776 14236
9990 9661
12516 2759
17824 4180
363 2536
15114 14846
6957 720
6553 843
76 12956
10537 5342
7191 2134
4769 5819
18277 970
6088 6679
246 17647
11414 10839
6749 8800
13588 5701
3836 8376
5901 3723
1445 15771
5087 2770
6679 7390
6674 10148
17893 3523
1 11025
6542 7085
15075 16168
6298 16785
5460 3697
1714 4349
5460 10660
3344 10931
15907 6922
10341 16264
10716 5451
17987 2330
12768 16979
2479 3543
1079 3322
8153 6222
11221 3716
9826 12788
932 13955
470 16410
10377 2639
8860 6423
5590 11544
502 4992
1722 8058
9841 3637
3085 8950
3051 4143
4341 11484
791 10473
2455 979
6863 3738
8266 12627
5075 6217
12540 17198
9914 5048
430 16634
11582 3800
6648 2195
14080 16097
9121 17996
12544 18171
8471 7878
14441 3998
13490 12731
9565 14780
17301 4042
11306 6470
10425 5570
13026 9649
4840 10612
2417 6999
8886 2567
16704 16766
10763 6867
8500 4414
9351 1481
6937 15902
13589 1329
13490 7156
10995 2333
6441 13807
6525 16105
5813 1996
13129 6532
7639 14733
14418 13748
13380 12572
17929 12585
12967 16252
13466 8213
16814 15943
16426 3898
16767 13917
5233 253
15437 17686
14919 14400
14118 17405
4922 4415
5963 14800
11701 2153
1046 1399
8715 11208
6381 3019
15747 9963
16244 134
7825 5823
12814 6637
7768 16186
10262 2320
7981 17383
646 7668
13487 8589
9542 191
16872 12609
16264 6960
16448 5185
8116 3755
5953 6947
4688 7623
11943 18053
17689 679
5270 18120
580 18045
5443 4857
10219 4612
13368 12112
198 16256
16766 13921
6507 8234
3209 6049
180 17796
7468 5137
10867 8553
6273 425
14320 1441
5614 6526
13603 9290
17602 12114
15406 13053
11933 5630
12407 17178
14962 12113
5859 1121
1442 5321
7484 11335
11518 2866
5031 5304
10189 11116
5100 9026
14764 8475
4936 3454
18305 7489
153 16373
9747 14618
8996 15302
3951 10591
977 16555
8060 17002
13132 18183
14418 12148
16906 5472
16051 16149
23 10462
18251 2648
17835 9604
16755 12105
5389 17421
15893 4115
8635 16662
4079 11237
17458 1607
1123 10464
7779 14341
2359 9961
7944 12813
11203 4048
7512 2904
11778 7942
7472 2514
4602 2203
5447 15461
9049 8702
10276 10483
14463 13334
12627 7017
3664 1431
11484 11366
9450 17856
17045 10446
4621 18049
3768 9528
14666 15644
103 16556
6659 7259
9650 9867
15080 5598
5506 17825
3651 2086
17383 7416
3898 689
14807 7721
12714 16575
12270 9942
1714 18272
4078 2112
5589 8717
11011 13553
14919 16911
14621 3240
18049 13123
6010 9732
10734 6732
4007 12989
5268 2364
7252 14356
15855 1352
16152 10077
14080 5750
6945 4885
11648 7487
12781 10273
10040 6880
3382 12527
7211 578
1502 12356
15951 11115
2964 14536
56 4696
5952 6658
5877 13707
18308 8835
8248 14892
12635 8624
5080 1597
2251 11891
5075 2129
15670 7715
322 4360
6220 16522
14235 10833
17987 4147
14536 10783
1607 11186
13623 6471
16426 8997
7732 3205
17183 14805
4489 16384
10203 3334
9808 3403
7707 11101
2376 6020
3330 8732
2972 14884
5964 14758
3240 17456
5671 15216
1126 7396
285 10538
15282 13953
1152 9734
11170 14973
15238 8749
14711 5958
14874 8332
7487 15388
17375 6721
12585 18286
9470 2541
10879 2778
1996 1369
15546 1182
13133 3489
3183 16090
8376 5525
5253 3376
17142 17482
6765 9169
9974 1732
17847 9031
5109 5127
9013 18244
17470 12618
12988 12086
2509 10110
15921 15704
16244 15917
7128 10
15702 11421
1502 17307
18293 11604
5506 3257
5664 7105
1493 2508
13434 12494
12290 14469
7543 2676
10582 10157
7904 17111
6357 4628
4383 11253
11954 9743
7623 2317
15869 8206
981 13454
1566 350
3016 9556
11743 2047
12850 5918
10928 1460
17031 4860
7224 6107
9108 12525
2497 10914
14686 13267
12102 6872
8749 3530
15399 9810
6307 9854
3914 1932
5572 12530
491 16739
17031 9577
1788 3934
13629 14515
678 5499
11846 11214
9569 4511
6320 13494
2509 10066
6409 951
12588 15321
15235 4736
7615 1471
1165 501
1217 6586
10112 12414
15905 351
10087 7683
9333 11640
16643 10520
3678 3041
4038 2273
6360 16558
10377 7617
6602 2219
1708 8765
10120 13258
12446 17600
2204 9527
979 12385
13618 17138
8691 8777
11218 16488
16050 10344
15089 16965
16051 16664
11183 15575
9863 13744
4627 10882
5995 9424
17756 5929
17722 10215
9260 393
8854 2835
12105 12048
12572 1364
16533 13782
1394 17905
4315 5365
13066 2170
12517 7748
152 10703
10110 4318
5223 15365
6732 5843
1256 4396
4558 14039
2347 156
5462 15493
6019 8744
3889 18189
4881 7329
3723 2224
2595 6968
336 12305
2333 16545
3376 3515
10087 8423
12777 16404
11170 16940
7703 5175
2555 7928
9174 7391
7715 3640
5729 12354
3664 14947
16545 11073
8114 5820
860 3295
7640 14670
17299 6729
13420 127
17006 15884
2705 10409
12446 2907
12892 7550
11170 6800
11816 17005
8826 1311
11955 1163
2759 18301
14866 14
17983 4921
17467 452
11518 15640
10666 15994
13860 16391
2330 16080
4802 15732
18293 6932
16492 574
3175 10774
5574 7744
9010 2266
15056 13928
4073 17410
8863 15416
17126 5517
5925 15100
15964 5219
2296 6214
7867 16473
16792 15007
2386 2158
15364 9631
5738 16225
2215 5514
11297 1141
1968 821
15951 11047
3559 16117
4945 14726
11793 12802
3052 3465
13647 13422
8826 16677
10157 10514
3678 4786
11814 7335
13860 10492
17099 2100
16179 1470
9654 9758
4335 9129
1342 6874
9584 13659
16524 4442
4168 12281
9373 4820
16157 13510
18268 1554
11658 2413
10546 10307
1033 3943
14618 16327
17429 1039
10746 1826
262 12103
11713 17639
2638 16421
1158 3593
13873 7471
11338 11164
14866 17732
15206 14922
11025 6829
10213 15499
1518 17876
16335 4107
3179 2403
7788 82
14659 1340
3811 5711
13996 13967
18316 7475
11214 7003
8064 181
6466 18295
12238 14090
9367 15924
2494 1854
5701 14823
741 4185
15755 8976
6232 3959
3297 9558
4585 5057
11547 803
15856 6950
16803 97
9538 11606
10490 15540
452 1717
6906 5629
3345 12243
6586 5111
316 16808
11667 7340
8500 5424
16987 1423
10938 9812
15109 13800
17285 7565
10648 14523
5952 11539
16757 16230
14726 17026
13036 10062
1843 5597
10770 17322
7976 7029
7766 9228
3730 15384
15699 1972
13340 9323
4351 17785
7598 4380
6250 14106
1745 9303
14950 3262
633 10600
776 4433
14935 13108
4271 7841
18213 10468
2904 7770
16720 1001
17183 1485
10657 6477
12198 7243
3562 10812
16027 4833
1979 15751
3848 11371
13210 2264
7301 9442
6464 9760
679 12208
5422 18264
10564 779
7920 5559
14753 9378
2586 12309
3771 2605
12622 17999
17094 5945
1165 15693
17685 4328
10270 10275
13480 14752
13659 5277
1855 7737
3755 18188
756 9870
16087 15234
11866 6455
12272 4568
6815 5627
12320 4135
8559 10851
8928 13364
2789 8787
12879 6339
1709 13096
6938 13156
3911 10604
8777 15218
11196 6642
5399 15273
17996 4955
13877 10495
18019 7562
7649 14980
10221 15156
600 711
8589 12934
7029 14044
6786 7102
11293 3733
7382 4188
11579 13205
16384 641
8750 2703
59 5507
16984 4329
17905 6207
8433 13698
3755 8249
14150 109
18265 11287
17645 11925
8395 3717
15826 2092
18059 14000
6877 11889
8829 1563
12635 5496
4988 18104
4406 15228
9257 11948
4525 4706
6181 6806
4383 7412
646 12835
11344 17051
11335 16605
14 16146
5456 11345
3521 9733
13429 11279
14090 14893
10415 8480
13866 12021
16347 2293
9818 14797
11953 11692
17723 11714
5384 12052
9728 13526
4389 6445
14797 5978
15332 11471
3651 15340
933 11751
9026 10404
2092 2985
16659 1877
1794 1347
11715 11804
3085 14165
4694 18103
15603 8923
3266 8368
5950 11499
907 6314
17975 11004
10538 10816
11260 2836
5513 2883
16892 11095
10056 15800
12494 14012
3896 620
1225 14121
5135 8985
7545 8611
13744 5957
11047 4457
17371 15292
7402 14076
6197 825
10939 17609
9282 4175
12046 12898
8114 3854
4433 6839
16701 7343
8396 12607
12809 10714
16184 5324
13551 9245
17263 15983
13161 15194
15815 2261
1079 13383
6981 940
2068 14663
957 9037
9894 9184
2508 11988
1411 7223
3454 2339
8368 17277
4743 13315
6328 14444
2799 10457
11721 17945
7727 15602
15141 790
16256 3191
5092 11569
13267 4294
9782 16600
7696 8056
5510 4976
17418 1116
3252 15411
9748 3949
4892 4839
7385 15773
5237 11466
10895 11358
9013 17266
5060 555
17824 8401
5737 10804
12944 307
1347 8640
15623 7796
14720 16966
1240 4183
345 2084
6958 2151
8054 9772
13877 18063
5061 7947
18244 1862
670 10954
10072 832
9644 3920
13745 4305
9468 297
12040 2570
14947 3643
517 5334
10651 15948
16555 8988
16073 6498
16605 3034
2157 7726
4202 15660
15708 16627
108 4219
3206 14445
2881 14942
5080 6242
13670 8287
10981 7449
2359 10069
3891 9044
108 17918
7770 16432
4967 10184
8896 15131
13634 11091
10519 13802
11421 11295
9620 888
2979 14855
13606 6480
9896 16594
8923 1169
5565 8466
3064 6591
9544 14270
3637 12689
9772 6216
8228 9752
17604 9675
4837 14763
6475 15558
10988 6644
1116 12351
751 9535
5278 12301
1323 17364
6409 5096
7289 10023
11292 7426
6072 11703
7189 3182
1714 13216
15150 3142
585 3287
679 16284
13517 11730
5813 9410
7997 12454
9486 13508
5293 69
3191 1811
309 8508
15930 8531
3255 17219
14080 14186
11884 12248
11295 17635
8137 4049
1923 337
14413 13291
8706 17705
1493 4836
13434 7553
14618 17010
14256 3348
1899 1604
14896 17771
4647 7558
6507 1636
13493 8309
1638 3545
2376 17601
888 15065
8266 8378
7282 3505
5268 12036
10251 12299
8995 10216
8725 2940
11279 13300
2129 9336
10334 1298
5219 10889
14037 17842
13012 251
15567 15619
2125 1000
9618 17935
12418 5013
14151 16019
12809 9957
8598 14417
852 8592
4480 6335
16184 14595
14381 13681
1817 14722
7029 9660
14529 1339
9228 17315
7902 9796
16439 15683
4759 15313
12187 16126
16808 16658
17467 1188
2464 17543
16141 18205
4297 12109
6677 7921
11076 4293
8996 14497
3660 17460
3316 12620
16550 13155
8749 17926
17631 8601
16947 8327
6957 5409
8474 5065
4694 5004
14932 11191
9624 6783
8015 8108
7550 2990
4558 11307
3536 10176
3284 17941
1331 14925
6404 2782
5002 368
16006 13115
7608 9250
1470 12357
7612 16171
14391 11249
16806 1510
10280 12116
15652 1229
11889 849
4520 7422
16600 9574
3998 8638
8458 15017
16545 9548
6415 1049
5460 12712
4567 4045
1004 9971
6020 17904
2559 13722
14000 17891
5856 17657
3184 3487
15003 6946
15722 14571
9300 14447
14151 8304
12428 6136
18003 11219
2730 9543
10546 9237
13995 10376
14415 13990
9387 8076
10931 4700
15893 15404
15660 6778
16051 4965
14518 15077
17592 3928
7914 17169
2874 16452
18163 12578
14248 12231
108 11859
13702 11154
13443 16207
15201 8951
4051 17758
3172 4070
11807 1785
3680 16217
223 1998
18053 323
57 3893
7685 10352
491 4102
2285 12681
5506 14539
6471 15414
1039 5764
16289 13820
15141 8916
10334 9361
16224 17
14745 2530
9108 11087
1548 1161
18250 2758
8335 14642
16396 5478
14972 2623
5539 183
10155 692
10600 14206
15178 16411
14106 10649
2168 6707
13749 14729
13346 8758
11640 8511
14800 1138
3172 630
16234 2551
8601 8345
13053 13256
6290 12611
2464 5771
14718 11015
268 13950
431 14315
3192 7331
16643 7508
10215 16657
12594 5064
10824 13027
680 3782
8938 1729
11728 11376
8218 14543
17795 1910
974 6807
7458 602
7617 14688
13443 2971
10938 565
13722 11930
12689 2205
16522 18283
4565 6039
13559 13474
6852 5295
15839 3254
1772 13812
17658 17837
7225 12175
12703 7404
15332 11995
7289 3300
17176 8590
14715 842
2668 1063
13434 12416
10066 3097
3757 1215
3264 2319
3020 13140
6232 9048
14869 18024
12972 15651
17467 7142
4704 8051
4341 8096
15313 18152
18132 38
3355 18242
12782 1106
4175 14135
6651 518
17032 17765
17825 10373
6595 7767
8787 17209
3776 3130
13891 11387
8479 9938
12525 4244
15533 11867
2476 2738
9464 12379
15419 1560
9803 4298
10763 5643
8247 5009
10157 9533
5612 1029
8889 3093
13291 16172
17463 6613
10099 10028
18166 18231
10366 2263
6032 15563
11454 16712
5843 8887
883 6129
7584 11752
17263 1461
13892 4198
392 13531
14139 11517
12308 9905
12093 988
11518 7067
4544 9379
11452 10311
10786 8140
12361 8816
11545 10943
14976 7271
6012 16729
1320 6849
16179 1952
10251 17505
14893 9724
14059 3173
7351 2342
10770 1221
12436 18134
2012 2855
2758 9261
1445 8848
4650 257
10004 608
5043 6578
9303 4484
14183 3285
12155 16901
15225 6868
6466 17932
17377 1334
15758 18093
2166 8118
11074 722
3545 15838
7683 9742
7471 4513
4569 15187
8732 1148
2074 962
7343 17794
6197 11436
17383 2837
5597 13175
11141 5687
5746 16332
7696 4123
9030 4615
17600 1935
8611 9630
16460 11688
11819 12328
17589 5068
253 17173
12093 10133
9519 11308
6121 15547
9905 2731
7188 6374
17281 17000
745 6244
844 4586
4914 17906
9463 6443
680 2944
8433 9214
2820 17851
14864 3748
5926 16493
10019 6735
4585 17336
15100 1211
13812 3077
17112 10250
9858 15738
1932 4373
17467 4100
5539 10764
15141 8241
16594 12992
7223 14421
11909 15326
17745 11508
529 6873
3730 1181
12208 17164
8503 10016
8726 3945
12920 11712
1949 13011
8118 13648
7717 17331
5278 15439
14946 10329
18045 14662
288 7881
11453 7739
4897 9749
6562 17136
16929 9804
15394 7477
5061 4813
9732 10177
14609 14844
14621 11950
2263 4854
13704 4947
2240 6042
6501 9682
12495 13462
6578 13010
3497 3131
12248 16561
1200 2315
847 16250
9858 11129
5538 10387
3179 595
3757 17753
2530 7515
517 2340
9370 13668
18009 1701
8996 3773
5478 8841
16522 15389
10738 10684
4524 13068
1667 1262
3588 1484
1785 13259
7487 15922
15432 11576
17587 1728
11679 15481
10377 1577
15238 16689
12061 8731
17475 2732
17237 9308
6797 3163
6585 3958
2266 13671
1339 17254
11826 7212
12712 4663
8624 17141
9129 13831
14866 4677
4438 9674
10442 1054
8870 9383
10206 1521
12689 14448
5928 6370
15529 1199
13970 4495
4813 2774
16213 3214
15683 16116
9734 7913
17671 10084
12215 4481
17794 3250
3470 7842
2359 10070
678 7232
6530 11
18119 4425
16266 5758
9921 13621
8452 209
14753 9725
15699 748
795 6419
3417 797
14258 3954
16317 13610
7156 9374
18069 5167
4406 13723
7186 12666
10276 16273
2414 15710
11558 5063
7842 17300
17685 3870
6042 14576
9984 2550
6104 6561
3590 13043
16116 17503
14062 17133
14846 8230
6947 6726
790 4408
17270 668
14716 14698
1000 10130
15856 3060
4474 5299
1879 16150
9857 10699
2219 7526
2168 13837
6566 6053
15543 162
13383 13753
3593 17144
13066 5959
16207 3158
14595 4118
4489 3216
7748 7392
17307 16237
14627 2698
12270 2823
5509 8960
434 7399
15546 17433
3052 15483
6053 15363
59 11445
9354 6433
13860 1356
15773 8543
1340 10143
6464 8888
2741 17743
32 4119
16150 12875
7904 16367
4930 5056
5381 3675
8024 822
3250 9922
11626 15179
13340 17846
3255 5512
16704 11912
1466 2776
4336 11412
3272 14586
741 14294
8035 18044
8083 17716
1935 15584
14947 9770
6146 3739
15495 8931
4673 2354
1257 10846
9812 6070
10347 15063
12678 10478
3515 9309
10914 13832
16214 2001
363 3291
2469 1983
17929 14009
6807 3762
16473 7812
7044 12029
368 2666
4269 12176
15292 8689
1939 13715
7279 2325
17450 1166
13722 1509
4567 3110
8242 15568
2509 12334
16568 10003
14694 11207
7206 16301
8240 898
14044 14239
10410 95
16273 3823
3345 188
6966 733
17538 4339
7914 11408
17861 3271
3955 7975
14421 1372
10900 256
4349 3362
15846 7395
17718 17839
4967 13751
16510 1450
695 2184
4474 8131
6220 4072
6078 9070
10101 8494
6207 1739
11971 13266
288 14056
14438 2427
13494 18096
276 10162
10594 334
14874 16461
452 6113
1518 12739
252 15979
11291 3506
6884 8185
1466 1072
10028 4460
5929 2017
10483 9350
275 16212
6937 14053
18003 1744
12275 419
5853 2221
13542 8216
2678 12998
11338 3931
821 17038
11743 10118
181 83
1621 13237
9796 9343
4961 13980
17129 16218
7439 2682
13277 18051
8335 9871
17538 14703
14080 1314
16460 11710
17794 5192
74 7857
3126 5174
4673 12845
17237 4300
4967 18000
703 929
8305 6312
3031 2635
15505 2335
2972 9162
17126 687
17443 17286
7967 10618
5624 6705
6486 18309
18174 10815
15383 17707
12175 5897
9660 15573
1744 17048
17732 4058
2414 13337
2157 11775
2894 8289
14311 17332
17592 1673
11937 10199
8157 16919
5678 4800
2514 3999
9849 7247
17977 14795
537 13388
9743 1289
5928 4646
9997 1417
514 5708
3680 15424
1910 6755
16181 2629
3505 4915
5105 2538
2325 5622
17335 1045
14040 2858
7422 9797
4992 2684
1310 9737
8931 15038
11013 7538
3317 3479
12401 1476
665 3635
13480 2176
13230 10435
17197 4094
1480 2457
585 15688
14924 11303
16524 15026
18069 2220
12841 5457
6328 18127
13738 15677
12219 1377
3060 941
10938 13636
2703 6927
11388 9524
3680 17258
9194 496
11742 13717
3038 12993
11101 2994
7559 144
9528 11202
1574 4371
7928 390
16966 8497
5717 15446
4989 9729
11909 5680
9024 10835
6261 8718
2087 7885
14018 4543
11253 14175
16758 12721
17475 9664
14403 4931
18304 7874
14037 5019
14797 17477
3487 7046
7703 9225
11955 3378
2398 3690
11250 7307
1480 5718
14389 8825
18287 1154
430 15756
6016 966
6372 4773
206 15767
11015 13313
16333 18042
15771 16864
14730 9412
8560 7245
6586 7761
5174 7183
18165 13164
10703 10060
5883 1688
8029 3150
14714 8192
2049 18142
7426 8722
10719 1478
9909 3232
2894 10315
3191 764
8466 2117
3702 6133
10698 17863
10019 4337
4102 11827
4585 15997
433 3922
1484 13091
5915 12706
398 4638
16084 17865
16012 9704
12578 12311
5811 1905
7217 11968
11091 4103
13592 14870
13024 14847
17543 36
3775 1845
6150 4625
11307 16962
10381 10530
7206 8567
1780 9106
950 7948
13483 18302
11166 15185
4860 3135
12113 11395
8849 6544
8497 15147
17904 1251
9569 1507
18231 14565
8140 9688
3154 12625
14786 12408
16187 1032
18231 14244
7796 11918
8272 3890
17551 2562
16073 9451
12851 14965
10203 13293
743 3917
910 13793
1163 9525
7536 14674
6222 7561
17818 13452
16347 913
15355 10450
17285 4903
10216 2298
18304 389
9979 10679
4565 12864
4531 1519
3209 14233
16545 12828
16651 8251
1372 3153
867 6110
17323 1645
16090 3050
5179 11947
874 17148
17392 12595
12112 8104
8088 658
9758 7163
841 7821
9664 17319
6366 8484
13123 9265
781 11334
59 3701
17169 5649
4438 15506
16918 8170
15409 4274
5179 1025
6721 12563
2342 17901
18189 4486
2572 9880
2674 8876
11169 8094
3270 11892
6689 8044
17164 1514
5483 10050
10370 4605
7211 3129
279 9937
16565 9000
11903 13760
9916 5014
12416 9480
12447 14891
10325 6672
162 8081
4171 3008
965 16780
15722 6041
4245 12170
13517 13988
1631 4950
15951 18073
1129 1764
10992 8807
16293 11625
3484 5681
16743 9692
2648 10013
5135 9440
4205 11241
2220 18211
3562 462
11827 4286
11826 14743
12741 478
2503 16429
1417 7600
8395 2848
17862 14816
2221 9053
4569 15142
14922 11864
12666 4146
2364 14501
7380 11392
9721 7139
12563 4563
15964 11243
16347 15627
18045 621
8031 270
13582 5527
8294 12120
8330 7916
9445 17752
13923 10646
7126 17425
9257 2830
6571 14853
10489 12866
4269 10131
15732 200
5031 17640
14952 4490
5583 6522
7329 3054
17901 10662
496 12026
4298 15434
8547 11321
13373 3481
12677 17465
7279 16475
7625 1632
15141 11492
16519 7151
4147 6310
8842 7831
10655 13708
2674 4493
14659 6597
12257 11353
4198 8107
14400 4059
7499 1057
9933 10623
10770 15013
2354 12422
11293 2978
15584 2169
17918 6838
5056 14817
2271 12377
11065 12098
4474 5962
1461 9866
3588 2456
9930 12555
7487 1017
13366 16091
1433 10745
7399 4760
12004 3048
2040 10516
13559 13177
12486 3532
2508 8710
3334 12191
5745 14939
5819 2371
9165 2966
14946 2496
7806 573
8261 7367
5499 2343
5900 12811
13374 5639
16987 5016
1102 4445
1352 6820
11466 14661
6136 2811
9047 13734
714 215
2195 8847
17024 2626
3674 7238
3153 4313
977 4592
12537 117
2789 649
13553 13428
8088 7804
15540 9377
10421 14512
6088 1171
4411 16528
13337 12259
16965 3616
9194 15589
17467 908
5937 15665
16212 12396
12163 17882
5462 11847
3889 4785
11189 15633
13606 1561
12755 15164
832 10844
15632 5193
1062 3159
14739 15463
10361 4260
16814 16201
689 4971
1786 475
18166 12923
14341 10500
11396 12613
530 5107
3477 16026
7910 4792
368 2897
3131 8944
17000 7285
12114 10984
18189 6629
18063 17726
12052 308
3980 12720
11503 8570
13036 17255
94 9798
15355 10229
5624 11706
11912 13301
3775 6691
7806 9233
14642 14045
17941 12890
8054 13468
275 12372
745 15689
15722 8984
9242 14193
2646 6418
9509 15806
13648 14035
18120 9918
3330 13100
14026 2790
13348 993
15735 6519
2736 12581
3523 2709
16694 1296
8281 14885
11549 11037
8967 14667
518 12468
6991 18238
165 5134
5137 17915
16504 1900
5635 12406
389 8990
3051 18275
14515 15211
1212 2292
334 7431
3266 6451
9660 2505
11270 7
6649 11527
665 1101
10315 10382
6530 4858
3757 5030
12428 8145
12309 5312
14853 11236
4305 12319
1329 12466
16631 942
16755 16582
1785 12600
2884 13023
9451 4530
11814 15923
7151 4459
10070 2367
8145 13813
209 2196
1248 13662
1171 12508
2508 8154
16672 5190
16757 5
4688 5555
14056 15098
13714 17958
2574 9852
13928 14109
412 2775
15543 11757
16869 14809
6562 13585
4618 12541
15434 13372
17270 1555
5544 10877
12885 12691
16215 1294
4558 3691
14718 13775
3405 3561
3097 2262
13445 9658
432 2338
5764 7249
7698 11257
1780 5610
11827 6527
7285 10041
12214 3176
3465 969
12206 2947
14434 16580
9095 7585
8755 9347
11576 9834
8592 5697
15849 10682
1949 6639
379 11538
13427 7108
16090 14034
1996 12799
7056 11677
6066 2607
10094 2254
6018 11537
10220 6962
2347 13699
2322 14397
932 17347
6807 3224
9849 14954
15997 4288
8592 12128
11203 10043
4936 9164
5116 5954
11831 9903
3378 7052
2153 6033
4102 13613
188 10896
7351 7485
6334 2540
12351 1403
16157 2231
4250 6247
517 4847
3157 14420
8744 4461
6930 943
6517 3684
15920 5382
14186 4629
15930 4501
71 6744
4769 11611
15529 10441
1001 10904
10764 3900
2904 2923
13899 615
7775 17195
6613 6294
18049 13823
3154 16220
2858 10281
4349 11192
3020 5307
6446 12160
2347 6073
8127 13241
16429 15681
8763 16601
13670 14464
5630 4600
8421 6487
11060 18113
8631 1778
2186 5160
1722 16057
962 9982
15578 13254
4679 9476
10666 10711
11567 11193
7545 11733
16882 13086
9288 11282
5084 3267
6433 10466
15118 8061
8895 7008
9808 13306
11236 16136
2277 17830
9497 17517
182 956
14512 5578
4129 10710
11496 3655
5780 16033
17138 10362
10224 10027
16157 3381
9046 16536
17114 8647
7282 11086
12263 13844
15918 9279
4544 12031
6472 7603
13454 8198
2271 12471
8715 5050
8497 15636
9674 17925
3660 8085
16165 6834
2705 2172
16585 1227
11519 13006
6658 16885
3690 3037
1441 2438
5846 4584
10274 1544
3126 4019
6561 10367
5792 1228
18032 1093
10308 1370
4942 17916
252 2849
4448 11226
8877 710
4052 16257
10028 10398
3684 1887
791 14319
4296 3346
6940 6384
8247 14583
7871 1042
13452 14802
11650 15968
15959 9065
8248 7137
3550 15261
15693 16910
12045 9987
3893 14713
5940 14510
18318 11457
3550 3137
2394 10849
14764 8111
8248 12545
8647 1089
2990 3745
10972 9177
15923 13541
1568 99
15770 669
14954 1241
17144 15351
11918 7674
16184 11609
1514 10145
5614 9986
2112 17570
452 8664
12424 1565
3688 1328
1714 17062
8503 16820
14447 10290
15999 8259
3334 1143
2255 6971
17392 8302
9676 11605
4258 16246
10177 11049
10857 13825
5324 2661
23 14977
9953 7751
3505 3071
17436 17784
3272 11957
7937 13142
908 7855
18242 10286
16806 7917
17336 11989
8118 17086
2940 16077
9521 1973
5668 7187
8326 7203
2014 58
15784 13694
9257 359
1430 8432
857 14562
5163 3413
2607 18262
8243 15429
4745 12660
14763 7168
6457 15650
8660 15140
1732 16387
6127 15172
5563 17695
7289 16023
6820 7667
11957 5398
14752 12269
3762 1218
9660 7637
3834 9691
14256 9925
10027 437
13798 13163
3585 2500
7905 16610
10446 1880
6648 2370
5378 13633
7186 16794
11478 9315
5775 4089
12533 1156
3376 6667
2653 12947
5287 12708
14469 16189
2923 5148
3108 1802
2836 3032
5620 5360
3479 14141
15588 11491
9864 5588
17758 12570
7055 14685
14555 2957
10155 1252
1856 8857
8689 2862
16146 1898
5954 1655
4313 6289
14469 16056
15315 8420
10553 5028
6990 513
17784 8318
490 11443
16729 8751
7597 17370
2158 17679
12155 7646
16575 13981
11270 5090
5178 9246
13836 17074
3060 16825
4520 13308
867 12991
9159 8007
630 1980
13149 8891
276 11114
16371 16671
16441 13936
16835 17166
16125 17953
9631 8603
5222 17681
15689 6117
12028 2306
2979 8133
10597 16340
5540 7850
5822 13558
3347 2066
8697 4662
3171 15052
3800 628
11658 17394
398 6200
14586 16700
3848 4182
10644 13479
12703 4753
6829 6063
15943 14949
10047 5269
7439 7201
16154 11210
8725 14339
17517 12698
3862 855
10070 3569
86 12169
10174 8564
703 10944
5672 10742
6920 14008
722 12251
12155 16159
15479 12129
15049 6268
6804 4354
3639 16669
7703 13982
10285 14611
10048 15559
6871 12003
15640 8858
8516 17149
8967 873
3403 9821
7286 2543
4786 15115
11427 14573
5897 17454
501 16703
4903 1797
7211 2910
5179 7277
4602 16025
2450 17268
8613 13969
4297 14348
7412 9738
13744 10322
16333 16639
12232 37
11042 9705
283 8047
3382 10967
1563 11880
4246 18200
12885 17442
10216 6720
3614 1903
6938 473
4540 11874
10736 11495
1493 12246
16209 553
11963 3395
10904 17721
6820 11820
12864 8417
9075 3620
1729 17274
8302 4465
16647 3128
11938 5896
12646 3492
5776 264
1019 10207
2361 2608
6352 6568
16634 5794
6639 12065
2985 17417
18175 7574
4612 13650
1079 5605
3192 8817
14057 9861
2903 5887
13007 17711
11499 7295
10133 1969
7382 9400
777 14386
8897 17357
15463 14818
6568 6557
7921 10385
5192 8784
7998 1703
12613 9148
7192 16959
12407 15950
12138 4088
10382 8265
6110 9575
6250 3244
15702 8049
3590 9452
12736 6424
5650 15919
10865 2818
18265 545
3768 10154
5833 12854
4442 3953
5105 6840
12809 12183
2848 3864
10623 4598
2168 8027
9930 6719
16056 8970
11341 3659
5762 13665
5630 1146
15959 2504
14851 13535
7126 15752
8580 3557
3635 13997
4946 16469
11344 14506
141 955
6642 7021
1425 6034
1006 3361
18265 6454
7103 13128
13719 13477
13491 6919
10279 12076
12563 14128
13970 14783
9944 5256
10718 2922
7431 1272
18244 7012
6254 2429
10466 14842
11037 8079
15839 9679
1974 6813
12880 2871
16427 6575
17417 8969
13012 6092
12449 15739
10224 13460
17689 605
10229 9767
12556 7966
17594 110
16882 17346
5080 14299
15321 2033
3807 10186
6940 15851
14565 8322
9982 9335
12989 10336
18044 13095
10889 13298
3252 2150
9943 5469
816 2189
4452 5115
1296 15679
4713 17287
1778 15564
12412 12950
3615 16577
3635 5826
17930 12032
3655 8657
779 16466
13487 16942
18127 18065
5780 12222
17024 5490
7128 1894
790 73
9806 13500
336 14079
13844 1871
1703 14845
9429 6278
333 3499
13267 15072
4915 16318
9341 4553
7001 2416
5718 13471
5588 15395
4300 8652
7828 14114
8539 360
15363 4211
10059 7705
17745 14610
10207 1941
17953 8341
7383 3538
10390 2174
1714 8002
6832 3228
7245 2619
7003 4402
14206 16749
17756 17734
8247 8661
22 13107
4646 3948
14384 13768
10336 6038
3939 983
5650 15970
10604 10144
13468 10477
9804 9355
15493 15962
8802 11766
15804 9156
8128 14615
7275 18146
7044 13765
13531 12704
18272 1947
17232 3243
9954 15266
10112 8926
9476 5303
4800 17828
17612 1348
7343 5445
3980 460
13374 12514
13912 6462
10612 16985
11069 11836
3345 4166
5630 13939
14952 1553
4704 10293
11576 4416
13510 14812
9128 14066
9049 10676
4445 7519
574 12619
13730 344
8396 17256
2244 16946
6207 15276
9626 11718
3593 12829
14573 6371
1746 16227
14605 7864
2016 456
14680 3136
15340 1448
6648 193
2379 16045
14855 8408
3060 6346
7597 5939
11711 7546
3150 2956
3480 7552
5302 1567
12299 8482
6339 11290
14875 12523
9938 850
13010 690
2985 2067
13296 8014
13133 831
5462 4898
1739 1694
14856 7144
6673 8820
779 11198
13780 2576
1898 10253
6778 11797
5759 16437
17499 16100
17274 12101
16392 16989
16869 7943
11282 16047
1356 2278
14077 18074
8332 7581
14316 4321
2508 10433
7850 1090
6289 10235
8035 15116
5617 10116
1093 9862
1229 2647
5507 8674
12326 3432
10353 15300
8248 7776
1010 15128
117 17628
9350 15760
6866 9066
10337 1224
13732 6969
14224 16479
9338 15010
15260 752
15463 8885
1717 5645
16914 16800
4679 7417
4313 12073
15806 3225
15871 11316
7910 14143
6049 1512
2066 1623
6273 16606
8216 7890
11132 18249
6677 15099
6992 17360
13003 3447
4481 9647
12533 6306
10748 1634
2298 1203
14145 15231
18114 13074
8622 16934
16456 3976
16184 9268
6735 4393
7487 13013
15693 2613
11327 12912
9470 16107
3569 3827
12138 2270
12259 3146
3870 4458
832 13257
3096 2936
13823 18225
4371 17740
6307 18169
2358 3753
15160 3402
13986 9088
17436 7107
15185 3503
17837 4230
9918 9029
15086 14446
1038 3662
1612 3464
10887 17385
12972 11686
7996 2312
8079 12524
7649 13030
13438 17160
7902 6941
150 12925
13068 5594
7532 17553
16550 15769
9355 4918
14150 11447
4563 3349
11517 15514
831 16896
2027 13792
8889 16133
12892 16754
4472 3009
17858 2511
16171 16436
9821 9195
11560 5191
16638 7777
2963 17473
4753 2553
3399 782
2403 4378
15619 12955
13707 15669
2600 12664
5678 14063
278 14608
1764 13801
11417 14516
16527 13865
6823 6253
15360 3276
5771 12532
12074 2072
3003 5545
15072 4068
59 11356
6781 14144
10667 342
595 6173
12431 208
15449 9006
4290 15490
1348 13933
17315 5682
5060 2950
6201 15073
3020 15622
7402 7898
406 7303
12334 3207
5424 17192
15563 166
4279 7132
14573 8384
1787 17132
4219 12459
10699 15171
12208 10238
837 8447
9528 14302
8730 15488
5607 16366
7487 2516
7103 6225
7119 5133
6931 2739
11345 17020
14172 8174
2990 6534
9195 2527
3862 16208
4493 9492
9846 13322
4052 17731
4961 14196
10216 12343
16084 8520
13327 12959
3077 13755
16217 10979
11499 7284
11545 15376
14529 1016
17442 13608
4080 11401
4700 10743
16330 11424
17007 15865
16917 13540
8647 3715
1899 16074
4465 5550
12187 16844
8185 4824
3176 3843
10557 1652
13873 14983
13526 17344
8426 16362
2406 7123
215 13110
17797 15663
7603 8072
10500 4998
12613 14727
13311 11592
4854 4844
4592 14411
11505 1793
4568 77
8863 6963
5368 3982
15128 5526
11968 18023
12485 9557
14659 339
10804 9076
4887 1375
14205 15852
12257 17241
18096 772
14059 13079
14189 5841
2807 14695
3911 13547
2145 4536
3931 2949
17943 1132
16691 14134
11285 5330
1445 10708
3052 15713
4736 8440
5635 17372
14869 17244
9737 4744
15993 4783
17323 5842
2242 16625
1331 18193
300 9966
15806 3418
13373 14561
14738 11777
5400 15480
5565 6763
2306 1637
16755 2282
2732 15743
2500 14921
3162 1002
14786 13148
1063 2164
6451 17606
12486 2383
9387 7852
6527 8448
1963 1279
7512 15113
1699 9890
6172 17325
3346 5806
12272 14517
14817 4419
12578 9329
8726 7081
432 8280
16661 17838
1903 17351
17527 5394
13541 2654
10585 1264
17551 10999
11251 5830
5013 3412
1805 12389
11855 3335
14191 11589
6977 449
12 18050
6900 17923
5822 15798
7052 1773
1680 9672
13479 4932
10751 18112
12517 1374
14823 14431
12790 3846
10734 7359
17769 14558
10959 9541
14595 14383
5100 9652
5178 11420
16533 6355
689 1056
300 15837
9497 11012
12925 758
6107 6750
3416 2992
6783 14754
10968 5453
6056 11032
4530 3323
5514 3116
13813 9908
14207 10119
662 4853
4448 12180
8126 11747
13265 13061
11445 926
17982 3805
8753 14223
11288 11332
8888 84
17929 7423
6763 3149
10986 14574
8655 10665
6884 8045
10023 15615
448 13669
17335 16685
14501 7906
6480 15887
665 12531
12988 203
150 6122
8872 17940
9446 7339
18066 15572
10271 3810
10010 9881
5324 5951
15395 10277
14076 7729
8059 16498
4607 8410
4665 8463
8145 7652
16791 16307
9468 17511
11049 14030
996 1515
5979 2425
100 5420
1342 10963
10811 14249
933 2179
16923 6476
15114 7051
3016 7978
17160 8983
7402 17009
5199 16137
12581 16974
14685 16997
9880 1886
7988 3815
11903 10480
6963 15189
8061 11802
15201 15945
11417 2565
17260 15477
8091 9438
8931 7441
12592 2517
10968 14234
3800 7066
8976 10032
8104 15269
7191 4361
4480 2356
17730 2323
3902 15217
13004 1715
17024 5132
11537 1628
10708 13595
15029 7047
2376 6624
8401 13014
5461 11400
15627 11434
7247 7833
11131 1892
8326 3485
2117 10712
2255 16775
16328 8907
3914 6601
4852 15291
3640 9062
1314 10706
13866 4165
9982 11046
3545 12226
5569 17073
14178 7455
14431 2724
8042 16751
12216 2345
11326 3940
3028 15714
15919 5224
17641 8633
1533 15224
4999 15212
7922 13731
7066 17981
2530 15166
17941 16191
16601 10869
17293 15655
10395 17025
1310 2147
8702 16832
8589 13811
5178 3308
4653 267
803 14312
9848 12256
1894 15486
12625 17524
7799 5136
15575 16422
11193 4355
5945 12427
14711 13355
1296 15343
7825 1954
14104 8224
16110 1020
13289 1976
13665 6909
17810 4758
14328 12926
12621 5659
9194 8707
16411 3632
5354 10926
17482 4259
4205 8499
18024 5890
363 4004
329 15060
5043 508
3692 9385
15743 2385
7212 11053
3768 14284
4819 17777
13311 12383
9979 14461
11804 14138
11191 10139
6765 8653
3893 3366
10657 13806
17192 8115
12802 14243
389 9948
4442 2368
15252 184
12712 11005
7942 4032
2638 14432
13818 11238
8520 9878
6728 12816
17976 6660
7132 3260
13116 17540
5790 13375
7500 10985
11800 3763
10764 2498
9068 9514
3392 12185
1722 12228
18066 11772
15837 13611
17815 13960
17138 9706
4540 1742
3929 14793
10004 10225
18200 11397
5116 13064
16832 3324
17557 5921
6131 16573
17882 11920
8840 14796
18035 17199
16965 4715
13313 523
13498 5141
10222 12869
3530 15004
6829 12878
8061 13146
18049 7195
18165 13931
5555 7322
15340 6846
2697 10803
3088 5120
433 15746
16916 14776
9556 807
18181 17655
3593 6203
2340 384
689 723
4765 9067
3798 2388
11191 355
2469 12293
5512 9
210 7693
4931 8211
13024 4912
4862 17019
17997 9104
7905 1988
14763 911
11114 7802
15172 10555
2438 2529
2808 2141
17394 4590
2949 11119
6553 10727
932 2556
4244 17693
5789 10606
17056 3100
1817 1681
12962 12209
10716 15423
4102 15151
13390 12360
2835 10283
1666 13575
15365 1529
134 481
11909 17452
7473 14859
3389 11542
13559 2606
9044 15925
3041 5852
8426 3029
8140 15198
11412 6617
12272 15232
9165 2474
5240 3552
12993 17290
12613 17850
11989 13285
3922 8456
1923 17063
2635 5364
316 15159
16121 10022
17600 14419
12329 6923
11743 13072
4038 3375
11165 10915
13340 12189
9692 10300
5584 16368
8433 14300
221 6696
962 5965
17758 6154
5791 6416
13496 62
8613 5200
7413 8791
13997 5715
7887 4320
18312 13398
16341 17157
17839 17690
1197 11105
5321 814
2495 15341
3295 15006
2623 10619
8200 1870
506 14169
9815 11500
11060 5234
4290 1153
4493 16922
14887 14557
12920 7818
2654 8786
1485 10140
17945 10438
5540 15295
16970 472
660 6179
4965 16591
16001 13695
2374 12179
12226 3025
12155 9239
9796 753
8697 4046
1784 5259
11918 15960
13698 16648
753 2792
9075 14969
8854 6893
9583 2927
1793 8856
7196 14194
9812 5481
11746 7686
1004 7654
12113 3202
1744 8738
1240 12780
16193 10436
18045 15586
7757 13992
1433 17831
14311 13954
16492 8873
3060 13369
6708 15251
9300 3587
17830 12649
17833 1596
11245 16537
11721 16011
6673 7205
11221 18281
733 6638
10666 7258
4788 17412
17309 785
3171 3220
14 12536
6498 872
3652 6845
15201 17724
3507 8556
17558 9684
341 5247
680 17870
899 15053
9429 9175
11991 5564
5605 1222
13857 15230
1210 4873
226 5475
18268 2609
10119 7180
17557 2632
14609 15237
8243 11190
18250 4705
15514 10217
13124 7099
4293 7927
1039 4488
1887 10694
2551 13512
13249 5765
3100 808
10944 4430
5617 8510
3844 7877
14777 16683
3053 5619
17926 7548
1601 4424
368 15576
15488 2728
2429 6064
12219 2658
8622 11302
11576 3859
1997 13830
14134 18273
1017 16795
2375 11117
59 12153
250 1175
13995 16995
18053 14156
12320 1446
12354 10891
17850 1776
4569 9506
3131 6002
12629 40
15406 6050
7654 6258
9239 14216
2881 10374
8261 3
12489 2757
11787 11399
7288 17318
776 16490
1077 11749
7509 12726
1794 5912
9370 1552
11306 4722
8127 17083
11752 9158
11293 2955
5141 6582
11648 1426
9950 3091
16561 14773
18052 2349
13023 13827
6674 17514
16684 15805
17197 15011
15751 3726
180 17137
10462 1676
6136 13196
15746 15864
3026 4657
5929 10632
14192 11631
7303 16394
16729 14003
1480 8187
17293 394
12485 15745
8916 4995
9178 4133
1423 7749
7705 10556
4419 7817
17877 3526
5737 2983
10059 10338
2014 14099
2017 708
15773 16140
11366 15975
14077 4287
2104 1043
14818 9186
1042 8161
17693 8184
4345 15249
1146 14084
14018 6287
710 16943
8860 7350
13611 4578
3745 8636
14776 6573
16438 4855
16955 16041
17537 1183
2511 7995
17858 16870
6423 2023
16657 13875
5457 7094
16766 12289
14151 13682
18231 13410
5285 6219
12536 13206
8639 8324
821 15262
4650 1769
9685 2729
4088 14251
767 1543
7296 15197
9214 2683
8093 11725
8420 10788
1729 8393
3385 11088
5233 18043
2897 11843
12227 14262
11546 3044
16836 3189
1019 10901
14743 408
15340 16036
4461 367
6530 16233
7067 16267
17505 6297
15518 7148
8047 3988
14796 2916
17839 15319
4239 1075
11272 1896
11466 6970
15489 9912
1156 11330
11470 8579
6586 4064
17260 12283
7508 8186
18208 3198
11448 13894
337 3718
6017 13193
5635 16329
9024 414
13186 17806
5136 16292
12401 15430
3559 9498
12289 5741
1251 3698
452 2501
17470 15537
10313 13412
1137 5679
14134 2796
15986 14687
907 6737
12531 11719
10868 786
711 17620
18008 17684
11156 16418
3911 8260
8841 13974
16803 13152
5635 18260
10981 11849
17394 13051
13883 15562
4965 6209
11131 14342
4540 16772
14628 11106
8242 261
6900 17836
17178 3082
18291 10819
9447 11939
18003 10726
5583 17121
182 16113
14294 13089
12201 16099
4665 14052
8865 1615
9909 12023
13140 15592
841 4047
12459 11329
5456 9306
10143 4943
11074 10686
11989 10789
1154 17542
7137 15283
8742 16854
15281 15892
16524 13881
2096 1226
15252 11467
1518 8270
5645 1288
17565 6788
8583 5600
9323 9391
11605 5970
14162 17868
14709 14650
8447 11681
2540 15520
6315 7073
5136 6589
2012 3471
14680 4640
9654 5571
4403 12047
15063 961
5360 1086
8051 3343
4467 15018
14438 13476
8750 3512
10176 2223
15960 536
4536 17327
8944 9723
16117 7932
13132 5146
7173 3204
1788 16699
11131 12056
15358 15886
16019 3427
4004 10704
14757 2642
14942 3803
3834 17546
14365 11301
5668 15312
9825 17683
13942 436
16429 7578
12193 4633
12200 14901
16984 10171
8854 13154
3180 6291
2782 13214
13428 8808
1137 4139
17197 13562
10787 14416
17975 17605
5615 11180
6328 9842
17677 5976
13311 13616
6750 5899
8997 3887
13844 10771
16631 1674
4584 10103
8554 4263
7565 4790
17010 3168
15056 218
1519 527
9674 6021
17871 11824
11165 5766
14198 3377
1025 4643
13841 3617
4638 2428
11481 12927
2084 4333
6413 5159
14639 17168
2775 12237
2322 3785
17634 12770
10618 12800
10028 168
5127 3423
15640 12831
5127 2410
13427 1269
7048 9923
2180 13235
17388 9489
10816 2019
4885 16032
12471 5041
1403 13195
10051 9187
10435 8625
5422 2297
9661 9216
17579 6827
14251 12673
11166 4149
12119 8110
6613 6538
9265 17966
3533 3305
2195 10729
14564 12590
12717 4024
16406 15327
7259 9086
11335 3318
10084 7710
3209 10822
844 17008
9696 2896
11793 7457
16045 4814
10788 6608
7331 13824
14255 9783
12201 14619
16133 15783
9652 4690
14942 11861
7948 12567
6742 6547
16436 18135
615 10208
13698 6185
4297 11523
950 921
1817 2839
5962 5867
18137 1700
12799 3513
17774 17593
5589 5898
15869 8773
9046 1118
3684 8286
1101 1321
4712 11054
16686 1827
5668 16752
2503 1771
8140 7678
6921 15868
38 7507
8104 8349
9489 8617
10686 7941
15758 16941
4174 9241
7046 5429
6992 8112
150 1624
665 10482
3344 7740
7666 11010
13860 12853
12424 7327
12595 8209
15746 5653
1871 2036
7393 9205
12454 16993
2457 16163
14650 6850
12231 4594
748 10091
10103 1589
3362 6698
13508 3876
14262 12577
8038 16360
16373 8596
7208 14481
4298 15625
8240 2360
5819 1733
9450 5464
9515 2258
16872 16478
4959 6911
1374 9110
2975 8769
8025 1901
6530 8523
491 5502
10711 6343
8218 2740
12501 994
10746 1080
12825 10498
3173 4035
14510 5308
48 16613
13882 14166
16349 353
5509 12548
4802 10791
3031 12960
6117 14707
4279 14022
2739 4167
5003 10642
10353 14912
8931 4247
14661 17240
10043 5348
9257 6168
12342 14547
7726 3686
15520 11841
899 15322
12552 15501
3526 16884
14236 5626
2170 14679
11968 6559
183 9188
11542 11036
16686 6460
996 3936
2738 11629
5814 4902
18112 4751
5766 12727
13866 15494
1485 16875
17048 6210
5746 688
10096 8534
17769 348
742 15740
15251 11381
11308 9252
5288 122
555 7506
813 14498
2782 6587
8744 10197
12263 7635
2979 15420
17309 12865
7639 5098
11066 6227
7284 16818
15401 2422
10070 14556
5825 10590
1614 11339
4954 10647
7941 9819
2799 705
3345 12273
9710 12398
7331 10486
9801 9027
1776 1795
12743 9502
15282 4382
8369 17147
14154 3445
9796 18258
15412 14974
14988 6993
7505 8532
16712 13538
1235 16477
3224 4487
1366 9226
11677 13658
5132 6764
9803 17545
12673 5992
8749 17288
6573 5359
15396 13964
14662 14358
17198 10323
9766 8909
15681 7684
9245 18266
7787 12821
9093 18054
10338 5752
15746 1397
6772 15496
655 17236
12317 7569
5029 5728
2383 6375
7784 12099
5 2819
16103 3080
18238 13839
17945 265
8888 17411
11560 10834
5628 3956
3346 7735
13454 802
14817 11997
3733 6228
15735 5850
3988 16746
6423 5454
5120 761
5771 13295
5389 7068
16307 26
9044 13240
7373 5930
6019 11900
574 15519
13907 17135
1054 5793
3149 14835
870 1068
2120 2381
9864 12707
4632 7141
5680 10065
11427 13922
12200 1193
8395 7394
2799 4447
16396 3626
16250 9229
12092 17479
4461 15209
12175 6856
2224 10350
16803 13320
77 1435
8309 16593
15871 11896
2417 5425
15783 2181
9783 13202
17830 12090
6526 2931
10072 10419
11892 1389
966 4061
296 5441
122 10165
14743 17354
4787 7118
15363 2355
2631 7895
18000 4707
9037 12070
13078 11267
13256 1194
14528 5840
5004 11100
962 12978
3209 2506
6110 16417
16014 9958
10003 8643
14 14036
3194 11578
13582 4849
17828 17749
10235 12474
10459 17034
7971 13376
14877 13450
14912 16730
11945 6731
15561 7869
701 5020
8960 301
14397 9955
15841 5993
198 16188
6729 17302
2099 13570
6376 2132
3846 11834
9335 3938
15625 16976
2614 10044
11361 1619
4354 7452
11783 3634
15558 9893
2629 8460
2385 6537
11592 9425
18035 3298
16085 9409
12352 1459
13390 2854
7864 6114
5925 4062
3854 1432
2545 3164
3369 12002
15111 12344
1986 15469
8324 13176
12635 15813
3158 15443
6728 15204
13108 11595
11005 8033
2428 17284
6872 17021
15856 15459
992 13305
6707 12234
14512 9665
14437 11130
8018 16769
11015 14530
7245 1915
12514 12650
2703 5748
12344 5403
13436 9787
8035 11255
472 13868
11292 15342
11208 3068
17681 3372
16737 16741
7216 6089
12169 10000
9679 5857
6763 564
9685 4040
13257 14126
9013 2083
17122 4522
1137 10405
15389 7016
10824 4120
3840 14277
11356 15008
14680 13563
2896 11550
1681 14287
253 18197
6968 11961
2654 9414
15118 12218
13723 17779
17319 11877
10140 6137
5664 16620
10776 4289
621 10299
10245 10134
6244 4774
4607 4642
13692 6161
1187 11365
15463 16425
8091 7348
1746 3554
7164 13446
12189 155
11490 6177
193 5530
12090 5298
9309 17903
16739 4200
14520 413
11432 13518
4239 4685
9257 9327
8052 9920
17967 13605
6363 9741
10547 7115
14436 11627
11243 2332
5776 5972
7327 105
10270 5228
13744 17058
8887 12136
3771 12387
3824 2492
7350 7488
13334 13144
10384 3601
18127 1735
12944 6142
15979 945
11625 1581
5538 7970
8060 11080
12799 6005
1211 18075
16739 8788
11432 13718
3298 17748
8479 13652
7105 8189
9766 2434
1485 10540
17693 16223
13719 15192
10963 2805
3530 1098
5068 14004
15106 3014
9821 9073
10789 10541
15562 3177
8396 5067
16485 10609
9010 18027
6589 14368
297 17014
5901 7570
6596 418
4046 4593
4265 14566
18043 1579
17364 6461
18093 2734
13738 16338
15449 509
5958 1028
12275 17190
1769 9007
1294 10658
13777 3981
13749 15466
4704 11461
8355 15684
4737 4215
9481 4234
17683 6389
9338 18278
4855 4756
9068 10773
14571 10024
15632 3408
681 2890
6960 14767
2436 7005
17987 12332
4289 17444
6954 8739
2697 717
7003 2913
17962 1113
8563 12787
12120 7333
13964 18223
6161 111
7969 10957
5137 5592
13011 6061
790 14909
4632 3001
6655 16759
15131 16813
3593 8329
11117 14815
11689 13962
9367 4370
3928 3147
3297 14613
11677 3498
7543 14385
7546 12265
16266 5977
1769 5281
9737 16798
10846 391
12947 10918
8264 4160
7350 1678
15067 3379
5859 10252
6795 9981
7155 2898
138 9337
15812 5208
12646 7096
12371 6233
2711 2946
15150 9105
10405 14614
10957 3666
4686 17548
17385 11034
7951 9907
16344 4562
1631 2838
6674 3155
12227 7039
10609 6753
13877 8811
5068 11187
7515 2256
16510 7226
17002 17654
3814 14305
11611 11404
14776 4344
12406 6492
8857 5719
2092 2475
7008 5387
3610 9369
5537 10388
16238 7138
10641 7079
9067 7701
9230 14724
10277 2937
578 12432
9604 2103
1642 512
16001 7843
17925 17466
3378 3749
8471 6569
4840 16938
13794 3450
3803 8163
6735 18173
11518 14097
14523 5370
7441 2056
10301 17766
15868 7514
3034 17563
15783 12553
6860 9307
16227 11958
5438 8159
13728 5346
6117 5147
9498 8100
16577 15697
14349 15956
11582 14203
9808 17100
1222 12987
15880 10029
8802 8276
6424 11139
4703 3421
10788 13593
14716 5616
17825 2532
11270 2800
1949 18177
4048 171
11827 255
345 16819
12251 7633
6138 15890
15586 8810
5624 7697
13140 6607
2941 10166
9650 5145
2409 5855
11823 16716
11334 12261
14138 4856
17658 16802
4354 1505
8485 11863
6507 9873
6298 3519
2479 8541
9840 13642
9338 15108
7987 11727
1516 15545
58 13854
1040 2054
11203 4325
1565 17404
9480 5755
13476 12150
7032 17269
15851 8711
10464 7082
1519 15369
13366 15022
7603 149
2849 2713
2104 10460
7029 13365
12991 18206
5259 8839
5744 5660
14695 9321
1720 18263
2738 6967
5708 912
17846 5994
11192 5816
6709 7731
11031 2173
13299 16886
3146 16512
17404 5504
10928 45
11538 2620
10 17533
13996 9380
12113 6504
3295 3397
3317 5712
4123 15094
14045 17225
4706 14440
3154 5667
8710 17108
8242 13971
13027 16511
8216 13926
8909 3280
13149 16789
7289 14075
14976 6518
665 15165
15239 9019
17641 14933
1955 4127
12990 12244
16947 3694
16522 3364
9572 3671
3610 9757
2793 18145
3243 11541
166 16723
6820 5686
12989 17855
15655 8618
13585 4519
1300 3115
11920 1839
16636 7930
11549 1831
3270 11113
17671 14865
13465 14677
12206 10544
17729 9931
8870 1048
3664 8565
8234 3904
681 755
3130 9945
1720 4934
10822 3623
15751 8957
16349 12478
71 7632
283 4739
13308 10453
11847 13069
10606 1704
4325 17651
2094 1707
5607 659
9657 14857
8199 10411
8589 13625
17865 13817
9986 14789
7055 3847
9205 14784
7900 6194
12691 14024
3128 13635
14566 15569
15905 427
4246 17078
18223 4876
983 6610
15632 13343
4474 12571
11221 10085
10712 3401
16163 12628
4849 5332
3096 1468
11116 3419
15882 5362
5310 10346
3946 7237
18215 11195
12119 8736
14536 3328
7173 3042
14327 14548
1953 17295
12394 8193
11958 8290
12592 3817
6880 6664
11376 15223
9556 14291
4489 4900
2320 1546
6260 10049
4344 3095
3479 10884
2168 1893
15029 4138
3995 13790
17771 4872
7099 17480
10582 917
5741 8814
847 7938
14341 4652
8198 18058
9640 11464
14497 1916
10915 4291
17327 2895
11221 6855
8329 13667
7693 1592
5814 15941
6225 15897
4007 18230
6993 16534
6604 12769
9160 4310
4250 5415
7998 14927
1165 7753
17939 4050
17904 13573
4558 298
17365 2917
230 17580
4393 5795
4371 10268
10115 3152
5399 7955
17592 5413
3025 239
3859 66
5441 17317
3255 15698
1561 584
8184 7363
2240 9615
1565 1613
14447 201
2903 14265
12362 15066
10001 7848
13796 14644
4872 8982
8726 14867
11399 5981
7348 10735
16220 17952
14891 16288
11295 17119
2672 16660
108 9294
3107 5916
15165 16228
14448 8948
15714 696
1853 9176
13553 3916
3267 3915
16694 1731
14183 4804
12835 3493
14077 674
6214 5870
8580 10241
15907 1848
8876 16812
1793 4977
13100 1083
3465 12593
15993 7222
9812 13245
6745 4581
12226 10151
10251 6493
16073 3925
6729 12836
103 15167
8984 14343
17477 4529
4593 5347
12085 8139
14256 647
9086 2961
6689 1504
12881 13098
3141 11174
1040 8385
18160 8881
1554 14486
17389 10605
9361 7229
8466 10756
1434 1844
2992 8834
16974 3112
17932 7006
81 6541
9000 5025
9942 13316
17236 15296
11050 12146
15073 11799
10788 1580
9295 8381
13876 2472
18148 15761
1154 2829
17785 10908
3678 11854
3053 11045
1570 2522
11600 10356
3854 17134
14727 9552
13921 13903
5650 14630
6057 17816
1827 7261
917 3741
11742 500
232 8770
12739 1023
4609 8913
3836 11946
11592 312
913 10761
334 14412
13696 12840
16425 6205
11548 7075
13133 16616
17804 13905
4977 1177
7776 16167
13072 8728
13375 13217
13636 2081
10144 4075
9945 17872
12597 3111
2807 10775
13658 13318
4540 9582
17724 10088
5575 18153
11977 13599
15396 1386
11156 319
7014 16562
12422 8804
10666 7672
3293 4832
1000 2351
16527 13472
15319 3312
4788 13325
5191 13934
17681 10452
8242 12952
16519 7631
6764 10814
2436 5094
11459 5066
6307 1176
16152 11531
8970 10848
9260 12839
18187 17633
18137 13957
11192 17747
2902 7414
10495 15149
5100 5528
18256 2766
2862 11748
2429 2248
2454 9965
15546 16861
17114 2399
5963 13172
9335 5380
8475 2719
1597 14878
11567 2520
2837 14537
6664 10614
2063 13554
13877 54
4980 13991
10139 17110
14437 11240
17241 3886
17766 17248
9277 5787
4855 1012
3052 3210
3147 13819
9921 8389
12208 17200
646 10188
8467 10572
10115 5416
9026 13639
7824 9363
13702 2809
11666 7809
7351 13550
9741 13087
9559 1671
11376 16866
8042 7320
1553 10071
9450 3371
6460 11416
432 5040
18148 2507
524 10061
3530 6080
1429 10998
5745 9001
7654 7882
5559 1275
2167 1111
9463 12018
17425 611
17926 11378
15735 15541
12599 2421
16208 9284
15363 9992
10365 18303
16895 11716
7678 7093
1817 14998
1010 4172
10713 18167
5462 17801
2406 16570
10981 6768
17005 17349
7097 12405
13981 4901
6882 7172
5043 11608
9043 2217
691 8457
6466 11817
10323 18013
10963 2365
16060 10845
9519 8273
6982 16382
481 13271
1529 10192
9030 5546
5879 11683
500 5623
866 10073
6464 18133
4349 6481
17882 1697
10787 6975
14773 16088
13928 10661
12262 10424
9380 597
3817 18239
13777 13131
12414 6979
8924 4766
5438 3783
10425 1608
4050 11907
18206 4823
4900 13292
14719 3602
16992 14651
6222 13679
933 25
5848 12652
270 16598
6715 2591
12436 10910
1034 2585
7051 15117
14894 13049
3542 15462
2985 9098
857 13826
1248 14535
7768 2443
5031 15012
8706 3241
7600 14689
4239 16742
7212 17457
17173 15478
7262 3011
10166 15896
16001 8892
12478 12760
6820 16008
6787 4003
7850 640
15713 15570
2133 12549
223 4031
6930 46
13303 4791
1631 13232
9808 9146
18075 14634
16900 5245
7888 13122
14927 1506
16987 18279
517 2815
2312 2690
6232 16953
5612 12602
2429 17636
5276 11429
779 14575
3938 10291
3177 7811
17543 90
6021 4818
13723 1806
4138 9366
12549 12728
9840 10414
12673 7418
4337 6248
1377 6828
10697 6324
13195 14772
13479 17185
959 11634
16718 13467
14644 17898
15755 12953
1941 6095
18175 14665
108 13546
1925 14958
3417 7365
12269 13371
9583 12498
2556 11561
9266 6713
14835 12729
17148 15032
16587 6326
9706 4000
4035 15492
13299 14406
5061 5670
6059 10921
17291 3707
7472 1698
8891 7816
668 16961
4206 4835
3837 7571
9588 1747
12911 14433
3824 3012
7417 1110
933 6100
9480 8250
2983 5128
9068 10321
12943 104
11728 12130
16503 7692
14818 4893
6181 6670
17284 6710
7916 9305
9933 6266
10024 17708
1002 11348
4219 6762
14011 6811
15844 12730
7368 11882
7457 4238
8592 5198
8580 1003
15235 5895
14391 16722
762 7045
17415 12297
17671 13287
16267 9221
10914 13842
2567 376
5662 18071
6547 3909
14352 3835
4004 17207
12484 9562
2553 13776
14812 10258
127 12267
6113 12964
10041 9112
11544 8705
14763 6625
1146 11588
5389 8236
9965 14157
15886 2366
2631 6777
8587 1412
14205 17992
16140 11966
16947 2005
779 17376
7285 5797
3293 6135
13608 17342
3957 13170
14558 12668
7412 7464
3240 16262
7304 14043
9075 371
548 9249
6309 4126
7882 11085
13468 12756
6591 10552
4671 2621
6347 11138
13186 17011
12707 9761
9639 6567
10803 356
15684 7590
3995 8099
104 6024
10468 2243
9588 1850
15372 14017
6591 3086
17236 5026
3526 12158
2217 2419
11054 11476
8302 3604
18211 8819
18024 4958
363 526
1519 18102
3848 3644
12929 9776
4912 9823
3240 7896
11701 11708
470 11296
6927 4235
11677 15903
1257 2149
1151 5452
1714 12053
4973 1008
5496 7758
54 6361
9881 16898
16605 18212
15844 14442
13562 11122
8393 11850
11025 16069
15828 8172
4406 9116
9971 15410
4615 2318
7825 14187
3285 5935
12585 15705
11397 10161
14758 2482
9692 4656
6248 9507
17048 14422
12045 18259
13659 6400
4115 9549
2358 2564
2635 7733
17412 6385
15423 13264
2653 51
7323 16491
17354 6636
1148 4108
4854 11320
1334 3341
11703 14493
12069 8729
9224 145
17604 2468
10365 4
2898 5541
15923 10859
10745 562
11080 325
11953 13663
9307 7834
76 8709
10468 12520
6638 10434
1806 13522
15315 8868
13245 13726
14030 11805
16741 10575
11820 7743
6884 4670
10859 17767
12835 18076
1113 3057
18211 5834
4472 1406
17026 10512
9776 10680
153 17567
7243 2762
13168 64
12802 4395
9000 4128
9918 17954
849 10640
8963 1107
2158 12526
12731 6684
8358 14991
16606 15788
17935 7819
2297 12693
689 3950
10714 5101
10662 14476
11138 13286
5101 14968
7878 9411
9552 10407
6220 645
79 5869
17634 16331
4670 8686
9425 12659
1141 11494
3134 2911
16672 11172
6351 853
10590 12687
4930 8325
6891 5955
5006 13253
5552 12068
18048 15375
9109 5786
2349 6353
1932 12785
7565 18209
9806 8036
1518 1640
8700 3629
8007 1073
12619 14112
10575 12534
10661 4473
3680 14345
1197 9157
14348 15096
16330 12015
10751 521
12056 14068
1955 11717
14530 12164
15423 13871
10591 5923
4690 11512
4952 2783
3142 14102
14983 8406
6369 4233
4045 1876
420 5821
14709 17614
13471 15909
3691 17104
1620 8486
3957 5985
1879 11059
5539 13519
11896 8663
751 11271
688 11767
4247 14723
1619 7197
16704 5062
15771 9012
9266 6974
15540 7202
17038 8343
4135 5282
9588 2060
6625 13342
3097 18126
7173 17084
3691 8160
11519 6619
3430 17934
17715 1317
12491 12603
13702 11583
12567 1828
8954 8745
6873 9885
10859 6657
18104 8708
7055 17033
5113 11615
16478 15380
15052 9393
2553 1586
10704 11842
16518 9642
17766 12456
6804 11956
14727 9917
728 4742
7848 1022
12585 8903
8035 12205
13766 15208
6583 3434
3694 6592
5628 11790
17926 13890
13435 3453
3470 12365
13585 14751
7282 17497
12804 15927
7579 10020
18063 1633
7093 10008
15697 3790
7416 13228
1980 9111
12047 8301
6586 13393
4101 3105
15773 11630
14894 131
9594 11980
2811 544
11453 16563
15106 8525
7390 10158
15789 9274
6459 18068
7932 2038
17021 16811
888 9223
13811 137
10216 8204
1403 3383
5006 13282
11750 12961
15727 16776
11010 2593
15052 9851
3538 16389
17503 17081
12158 3148
14342 3279
13190 10601
12628 15845
865 11369
9399 6653
7128 9311
13477 4252
14962 11309
752 14511
9599 12162
1969 17534
6679 5943
4425 9074
1106 16706
16487 2238
10321 15744
1288 2725
9104 18037
16661 7332
4707 11603
4922 16539
17835 17819
3847 14832
3811 6793
16262 8507
13939 7319
17718 7171
2983 9273
2791 14747
14663 286
17286 17271
2414 11872
16391 4095
3958 13853
17241 2449
17436 2827
470 8760
12183 1173
10381 5695
1177 15811
994 9401
11550 6058
8747 13666
2428 8562
9626 16221
3869 2079
921 12871
9849 2987
4810 11014
3129 9813
5540 14443
10087 591
1224 3310
15626 14749
1512 4104
12150 17049
5513 16151
16448 468
3054 5732
1466 16905
10203 16122
1579 4134
15536 18147
4467 12197
6226 11607
16212 9390
8242 8348
13206 1195
4107 17264
6509 1743
9455 5125
10665 10715
5671 5669
658 13028
8938 1924
703 7911
13061 8337
5374 16614
10431 13268
7075 12467
2911 9634
14579 11153
8272 1658
6261 5817
8061 16243
11025 5596
4999 1418
5898 13909
12739 2171
13883 1095
523 14211
15592 12425
9124 15440
18270 9590
11632 17423
14939 4659
1187 7184
10250 13233
10931 4846
4524 6506
16327 16506
7232 17508
14059 4693
16959 1381
12253 11923
9767 15502
3837 5922
3835 7264
9758 13574
7094 14504
17889 16486
15586 5548
12880 12079
12180 654
8304 6821
12214 7328
2827 3944
6839 16118
9038 9005
7262 9107
10822 8781
9509 14322
2399 7903
15805 8922
11053 16195
9086 1409
1817 4533
5765 8182
13381 10058
15389 952
1797 7980
7592 721
7075 238
1739 8684
334 6747
7452 16889
3753 4595
9958 8367
5750 6540
7903 187
77 809
11569 10357
16766 12633
15011 13213
17209 16018
7546 13473
14248 6711
13074 12022
12392 7342
12163 4334
12800 16793
16273 13736
15691 5665
3783 14130
2753 7459
13493 17560
12790 6224
473 10638
16708 12794
18054 2797
2084 7794
2564 16295
13953 9426
10325 3518
17836 6614
12334 15792
4612 17066
7520 7125
8731 12640
9000 13721
7054 14782
4543 17400
3109 8176
17166 4201
9984 3055
8426 480
3922 8414
1230 16249
4901 704
2266 1918
3155 12195
10007 4910
13742 1136
8909 12384
14818 10113
7638 12430
2787 3577
4447 6003
4383 9712
178 16409
11237 8614
12385 5611
8259 15104
13454 4485
7998 17229
2898 8493
8128 6383
10387 8704
4165 13387
8902 14257
10647 2309
5572 16083
6691 5554
14651 17886
4376 15025
814 465
14730 4444
49 6551
14832 6779
6637 3592
16614 13525
460 7863
578 10201
6866 4864
12180 17075
10967 93
16997 11543
3346 12568
5105 11665
16808 8658
9748 7326
17849 7620
758 4817
17137 902
12081 4086
12726 18123
11909 2043
13644 15199
18270 13993
12392 4577
13854 7257
8045 11524
3891 3599
1744 13688
11326 11281
3922 3314
8421 15591
7710 10400
7569 16232
9363 15274
18180 17585
11464 13514
6021 15220
1025 1462
8711 17938
14224 10965
8731 18016
5827 12539
12739 12547
2251 716
16820 13771
12471 13203
15520 3368
13912 10497
2116 11905
3314 12848
9396 6650
3943 6452
13508 1491
10275 5023
14003 7354
8251 8150
3244 3721
7763 3540
2922 13319
13753 7516
2566 12902
11836 12965
6371 222
4495 2078
3071 12336
9819 613
679 2991
6526 806
6161 15991
3130 9462
12032 8086
3955 12604
12681 16828
13780 14041
2747 17738
5113 14242
13592 14553
16648 7294
4992 7924
15572 8594
4894 13789
14720 2542
16149 787
10961 3144
3692 7364
11545 7838
10575 968
18270 5305
15852 1208
7924 12601
14423 15965
16143 1863
15341 14405
15564 765
1432 5873
14694 5586
6214 7002
7455 12630
2574 11906
16298 17430
427 6102
14198 4204
14035 11601
6554 4571
16088 4346
1855 4623
1480 9243
17728 9376
2530 16455
13875 11157
16921 11987
17775 7204
6179 14955
15788 12279
12841 3964
10044 3751
13820 15728
17204 4619
5174 10064
8184 17495
4086 3249
1369 4990
13463 16617
6351 11865
14925 8522
18233 2216
3848 18190
15585 8737
17981 15772
14358 7968
870 10994
11907 4986
15160 2182
288 11158
16319 876
12629 8000
625 528
8224 17559
9030 7263
8500 17529
3873 3711
16854 17387
7099 361
7984 8793
3193 4755
13287 326
15072 2452
15979 7999
669 7555
5381 7498
8706 4830
1986 12161
3503 8333
10839 13838
5420 2483
6610 16356
9038 10823
3009 11062
908 13392
15788 17808
14909 5986
15426 8987
18029 17713
15443 15822
1854 14241
5068 6883
5464 13968
10186 9122
15673 9240
13285 17588
7951 6606
6754 13400
18229 1530
13306 15961
1537 1659
7055 14373
16895 17985
1431 17072
5967 10364
537 3642
15633 7961
2100 3539
13091 5144
11823 5742
9319 16939
11240 15070
1300 12240
13792 12957
14045 4388
12672 2587
12317 12860
6786 4560
18189 14232
11069 12426
10391 9677
5792 16626
18154 1873
13669 2557
14875 17786
13498 12145
6607 14051
6138 17761
12819 6514
17999 9138
11897 998
1116 4369
13062 16977
9109 4112
37 11342
11157 4806
7095 9434
9938 292
6080 15753
865 1858
322 14787
9890 8380
1128 11563
4501 9814
14562 12397
5133 5459
18189 7664
17524 14181
14515 2228
14411 7889
4294 10855
13529 67
12975 18195
2175 9209
13546 12434
17178 1236
8744 14435
15007 4851
5504 2643
10270 14306
10600 4963
4851 3024
15399 12561
14468 5810
5509 2786
188 10866
12707 27
16020 13263
444 3435
12401 10504
387 9371
10686 7481
1579 3724
9221 14458
2793 15601
8259 12321
366 214
6233 53
10469 9395
3418 9084
16614 14210
10682 3921
10670 10309
17816 4446
2166 12490
329 15329
7319 3531
8145 8578
18262 3582
4532 7549
389 17261
11129 2301
13671 13850
1514 2531
16605 17211
14511 16750
14395 10524
10642 17140
4020 9413
13123 12473
3165 10595
2092 738
15797 3238
17647 944
5136 4436
15164 10009
9220 324
17255 10596
3050 1055
756 12463
7948 5450
5760 13503
2941 15597
360 10317
9337 17245
6335 1842
8532 14375
3686 4057
15100 63
4533 627
10414 438
9870 15183
2956 15057
13355 12509
12028 12127
10145 14626
3150 4960
10642 16756
17116 10461
7895 17152
13645 2899
7458 5989
12947 15766
14821 15706
15990 10080
6574 3818
18188 8053
9279 16259
9684 9763
16868 15352
7748 5534
2394 5756
16598 4649
5899 17055
13079 14094
6931 8586
9870 11574
11412 8925
9710 16239
4102 619
6355 3734
1553 6925
17524 9707
1671 7626
2506 8838
16022 9154
3038 7844
507 15911
15919 5751
8902 7480
18291 5726
17534 5969
4910 18121
10993 9232
11345 12792
4366 15186
6092 10977
10229 13804
5359 17091
15845 14799
17818 14359
18189 17366
4930 12667
10142 16055
9634 919
14273 17596
1298 30
7901 14267
14011 10305
15439 9421
9124 17218
10271 4154
9980 9872
17223 16927
12960 8846
7731 8933
15558 3062
13581 11736
3378 4926
16728 13009
5893 6826
1680 6809
3014 8815
18163 1904
10120 10886
8027 1307
1207 16062
3748 4591
10279 13548
852 5754
354 6011
18283 16805
8541 17682
12878 12123
11005 14127
9584 5129
3202 17760
6224 3319
10229 3923
3194 8283
65 2190
15235 1938
9456 8555
4298 12239
6689 3069
11011 7858
11458 15878
9461 6951
2449 2523
14267 10132
1146 8600
7644 11770
3050 13189
11397 17927
3559 4789
2946 6976
10716 401
17889 6616
5928 7308
8556 8945
669 5252
3484 4232
5056 8993
15003 12254
15704 3078
8950 1594
1681 7042
9456 17936
12451 259
808 14926
3119 10652
5682 8502
3375 487
3397 12847
8718 1931
13957 5773
16083 5218
12060 13713
8760 7973
10698 13358
11282 8298
8883 9436
4889 7135
9224 14979
16662 2284
17091 16061
9184 16433
3176 17670
9972 7460
6176 5688
4448 13814
18164 16414
4633 812
12018 28
13172 1860
15466 8374
5043 7370
8341 11001
5623 3302
4775 15254
2664 17177
7761 17502
11414 3687
13528 4199
5822 12626
14825 5807
11541 17884
2119 2768
14575 978
102 15465
18033 4303
13202 7960
11598 3888
18137 10021
2517 8323
9725 14317
1001 15457
9944 1125
6707 14653
958 8098
13967 15832
12261 14735
3272 16451
1097 7642
8744 15944
1194 9600
13873 9151
16905 9726
17293 2314
5816 12080
16627 3756
420 14168
12046 8269
7390 10741
7279 13614
5167 14285
929 6081
564 14880
3128 13689
3509 3574
14553 10200
10706 14967
15533 1630
14555 652
17926 11286
1728 10739
8807 1781
3923 10394
15907 8364
16870 12472
5134 10543
7204 14271
16749 6997
3119 13314
17715 17015
17686 7194
12179 6284
17967 17562
10420 12457
8988 11744
1877 1261
1640 227
5517 6994
8926 482
17702 13034
16515 16944
3739 129
4279 2652
4369 5072
16741 9888
14615 11277
4760 12174
15626 17637
1019 6213
2985 7502
7489 2622
11287 8955
1040 8004
3002 3079
5951 8013
14130 10832
1083 6269
10729 15357
18037 4295
527 11386
10967 14282
11736 10794
8104 2694
7667 8766
10396 13884
12840 17096
7561 7908
5302 8721
3790 10778
3009 3106
5252 11498
4313 11179
15260 9087
9984 12740
11655 16972
7149 15370
14476 5320
16896 14934
9896 838
10484 9405
339 1368
6424 17273
10473 13207
13066 3256
17761 17973
16561 8244
6497 247
2398 17659
10065 18191
18239 17501
5233 3908
14535 1250
17533 6097
201 16024
4854 5562
7014 8998
94 4667
6358 2982
13899 12513
8096 17959
1019 11147
17307 16365
8618 588
18181 11771
5491 9353
10373 666
5066 13385
1460 8055
7238 6899
4447 10141
6384 4368
513 5557
3982 2893
10890 12288
3463 12610
14901 16925
3016 18055
1403 16517
15236 10383
13570 9959
1460 2135
11164 5997
8507 12647
4722 8195
2132 17525
2519 13101
10007 12165
17734 5838
520 2537
14034 12805
16668 7236
15784 10314
6476 4767
6017 14346
1974 11876
11588 2433
13168 314
12052 14303
7804 17854
6960 16851
7859 7292
881 13739
10764 13626
11582 7034
12489 4365
15217 4021
2419 6678
18304 9617
1667 11931
4833 6215
8420 3913
11864 2444
3807 12966
3521 6048
1865 8459
14952 15618
17637 7218
3977 6819
3562 897
17715 739
10969 11970
13732 16449
16137 16717
4860 13059
7642 12733
4584 16546
11567 1977
15088 11280
6845 11985
12987 12718
9098 830
8467 8662
12153 946
17422 901
17702 14471
4047 17989
18013 16144
6796 650
1519 7260
16878 17805
4328 5625
2978 2686
3198 6693
10213 17608
12544 15694
11905 2052
5044 11513
3086 12017
3795 570
742 7840
6568 16763
14634 6671
11683 12477
256 13859
3515 15362
13593 6798
8553 3813
17152 8920
3936 1219
4773 12250
16864 3829
11800 6758
12352 3186
12525 11350
11767 12732
1129 6814
2931 4865
10101 14483
9861 8089
13422 5638
3892 12147
12975 8197
4903 13270
6740 17053
15216 13126
8463 195
3753 10628
11189 9115
10988 3414
10321 12936
11101 11535
17905 1737
13621 15802
10791 17067
5718 13638
17099 9255
9732 3850
4324 6188
16766 16576
16461 6074
12862 4669
131 6789
17730 8551
12237 16951
1056 12310
2620 2350
4587 8644
15275 13828
13294 17522
1129 18078
15114 8529
12887 1971
12426 9969
3361 3991
4513 11690
17371 2050
3325 13280
8555 6249
11969 15936
12422 4554
12261 2127
12145 16747
4086 16180
5681 839
11327 17672
17365 6611
2749 12846
10490 14401
9218 17345
1645 823
9749 2042
1552 3462
15572 13430
8819 11385
15945 6600
791 317
8976 6521
3494 12569
7729 9042
12603 6013
2078 11231
1222 5463
3666 17131
3107 14111
1471 17993
17570 6257
12990 3563
5438 6665
2769 3937
16051 14691
8635 3007
11132 651
17894 10542
317 17182
910 8391
7164 2970
62 12014
16321 7591
17905 8861
16972 900
3957 7541
17209 9603
2309 15933
9890 14678
12846 3516
15018 13972
7391 13511
8088 1265
5632 7466
14459 9471
185 7315
8479 3396
14909 5948
2728 6387
7549 3522
2099 7181
9485 2677
16987 17667
7757 10169
78 1611
3480 12918
3276 13274
35 1789
17458 14599
8426 16935
17588 6700
10084 7501
12577 13044
2455 10732
11478 16933
13789 8001
12434 14640
2270 15247
12858 18290
16395 10328
5020 918
16591 3650
3378 5099
5392 11740
4129 9612
5181 15835
8459 13047
10382 6288
18095 5521
13089 10535
7526 14380
9514 4916
17502 12662
8456 7964
765 15894
15516 10371
2503 16351
16234 16086
17119 3074
8270 7248
8802 17247
26 10083
6950 1830
15486 1657
14104 7210
11491 6474
17247 14091
16056 1562
8572 4953
13452 14957
10285 592
7331 6508
8532 2763
3639 1464
9450 5196
8230 10768
13995 10127
2226 4896
2450 12700
17219 17205
15088 14308
14641 1413
14345 16296
13383 14508
3395 10861
4760 11410
16793 12455
11550 4985
8747 4956
11387 9714
6544 2031
3364 5297
13245 916
99 16101
9873 2751
12206 8375
11946 9717
13825 9358
5985 11409
10791 9500
4000 4877
5863 9189
4836 693
1310 7461
12128 8812
15116 14744
8513 8296
14277 11584
16875 17874
5399 321
253 4208
13409 8419
10495 15830
14434 11902
12098 10841
13785 11058
17115 7169
7799 2804
6133 12772
1101 5524
969 15668
1870 13136
14663 8616
14956 10862
1516 13527
6012 14578
4492 16400
15112 17664
10480 10403
16552 1569
8322 10599
239 1164
13830 5647
8944 10563
16617 11063
16698 6126
12841 10413
15919 5012
15461 17772
180 9002
1010 11774
6092 4236
3241 18289
2282 1379
1968 15222
678 11870
14224 12282
9321 7702
1307 12969
8828 1885
1137 2707
16884 9913
2799 5149
5678 11639
12920 6733
12957 16998
17317 10159
16985 1360
16933 2912
17122 16358
18231 16628
1928 8125
10746 4680
6404 7897
12479 15285
4647 7518
15111 6730
10356 2965
11287 439
18312 13628
4700 664
1830 4772
16418 12410
18275 854
17567 13153
902 12315
831 4405
3091 5010
13585 7862
14425 16064
3921 12196
18102 7266
16573 1834
432 16834
17073 11120
10145 12094
18024 8202
13299 5232
3701 1841
9811 6008
16344 13597
1375 1415
14583 14697
5113 6134
2016 471
2767 10937
13287 14837
13428 2681
8182 10766
11416 3628
5964 15039
1632 5197
10832 5217
10490 3581
3829 7934
2285 7643
14971 17016
2866 8048
11490 10626
11254 11755
14434 5768
1187 11559
5540 10960
4340 4243
7417 12554
2762 3033
7762 17203
1805 5585
6932 2748
12305 3845
11302 12307
10066 2010
117 7214
2056 2582
13663 17191
5742 17227
1597 4155
14571 6512
1143 17163
5942 12001
1269 3885
9165 799
6059 1520
6478 16170
437 15611
7701 1436
7937 9946
9486 7440
13293 12761
279 17663
15394 3622
9480 17675
17747 1145
11985 4410
5128 713
4102 5920
7397 12088
49 6837
14191 14937
13903 16930
17726 7700
4833 17617
15983 18116
9909 17912
13663 11676
13972 6978
13051 4904
16795 3211
17270 16540
8933 10917
5834 6572
11120 17233
12180 1902
17096 4829
3771 96
10213 16650
4334 17688
4598 7007
17375 12280
7068 17041
7515 10853
13813 15666
17524 17262
9007 3118
9178 11949
17303 15215
15245 15158
6146 12419
9921 7104
5921 17735
12713 8092
15103 5516
11800 7714
10500 12497
11400 12159
7767 5286
6931 875
14892 14054
5846 3633
16317 7346
7911 18243
4670 1813
11947 3268
13951 15928
2132 1367
7889 15095
7923 15687
14927 11128
3116 11919
15933 10518
15751 12296
9261 10102
14561 170
16938 17369
3617 8483
2541 13507
8256 15723
14267 9384
12103 9283
13654 10487
12911 6231
8764 123
3886 3760
17458 732
8140 15820
11905 9785
3785 14774
6081 107
15890 17673
1236 1037
1414 10306
11421 3525
1222 6898
5337 1927
6637 6141
2819 13449
13553 13944
9785 16281
17414 2554
8085 17471
11905 5230
5954 15969
11971 7098
5952 13402
8925 15467
1010 3460
1470 15297
18259 17298
2928 13481
1520 15085
6899 18186
1746 8844
10222 8526
15012 13275
418 8468
12890 17420
10128 12948
9037 15473
359 7861
16128 1147
8666 1373
4865 5839
5773 17549
2793 15581
3774 18285
2099 13159
13146 11534
6310 1712
9533 3473
15025 17145
4094 5355
11916 14761
5312 3339
15697 9339
14442 3138
14924 13822
11847 5829
12258 17528
235 2487
1963 13684
7147 16030
16466 6875
8070 5279
5445 11791
11101 7680
308 17568
1903 6903
6541 7265
12467 17950
5948 15779
1158 15938
16092 14708
159 2055
12604 13940
7589 7982
8500 3802
12978 9947
16393 16343
76 8981
14139 13251
12851 17003
7147 16173
13548 18046
9810 15515
9431 1479
17916 4723
3141 7658
9049 12009
1784 2288
17898 14822
16753 12634
4406 5177
4632 3357
18046 11143
11793 1713
7762 157
181 1852
12158 16796
162 12182
9457 11142
4361 5142
11907 4251
2343 5076
15640 15775
4523 1721
9565 6450
7319 8893
9957 3996
18177 12852
17985 7015
955 302
9589 8245
14878 12156
7249 1443
8457 17069
2335 15538
16677 11252
10849 8351
9032 15780
10941 13858
15536 623
5776 10167
15835 18162
7320 7111
11188 18227
9908 4596
1406 17123
9220 11442
16173 4982
1010 5052
14954 6243
13402 5602
9216 3520
11005 11265
194 1473
10570 11917
14316 5436
6121 2863
11846 861
2844 428
15760 6688
11326 10634
4234 17029
6016 7019
15085 14631
12766 15718
1915 17550
16995 16235
14156 15381
1324 6330
18311 6505
14912 18091
6639 6112
16992 13821
10735 9382
4075 9144
10174 9546
2556 9795
5993 8077
14800 12167
9119 17762
171 14581
15726 5808
871 10690
12534 3571
9361 4808
13133 2441
15687 889
16963 7182
17188 5265
14187 4831
14921 3469
4455 11704
4489 17625
10518 4282
15111 13248
10839 4316
6016 10121
8739 11664
1288 2926
16211 6406
9044 15359
17743 6238
16288 14237
3998 13145
1998 931
14926 18151
10000 516
9647 11825
2273 7143
18215 6680
12357 9694
1787 9962
13568 16161
12567 3227
16905 17085
13618 4012
14386 10598
15625 7899
2092 5661
11508 7358
8986 5335
8613 3567
18026 8181
5797 13720
1057 12580
16742 7801
8389 4348
17369 1719
15603 8782
6099 10312
10312 12122
7365 12469
12407 15413
6017 15574
16805 5465
5222 7374
13387 676
10977 12759
7327 8317
5602 4372
15006 10902
9921 2201
4553 15325
9490 4131
11257 4413
15247 576
15740 11480
1443 12285
2038 17234
14717 10831
3064 13055
3802 10493
8076 15596
18050 13475
13493 5114
1580 5805
1125 17607
7128 8300
7340 1390
16754 4207
6796 10906
7333 10193
15131 14702
6472 554
7021 13488
12730 13341
8903 12830
5287 17643
17686 12565
5970 10393
6938 2596
9350 16920
860 7528
15171 9487
10436 11840
12239 14033
13206 17921
8236 10372
10652 1917
5060 12137
2565 6702
13618 5047
7218 249
16209 14931
1879 3161
13721 10503
3888 1099
1279 5774
3848 896
14787 1610
17627 5375
9871 8915
3029 161
15230 8383
7355 3595
17198 14379
10541 13543
11282 4970
10816 7826
5588 3685
17058 10156
3210 179
10025 7583
2443 5361
14106 11072
12821 16956
3234 10011
15327 7547
5822 7242
4487 112
8459 16619
12513 9117
9043 16450
8044 7822
9605 10529
14733 14839
10662 2140
11356 11745
18177 5449
3911 15996
325 16454
10066 6195
9781 9207
17915 13810
15400 2070
157 17060
478 792
15996 11894
17414 15508
9968 10588
11766 768
4723 11098
14752 2207
12786 7807
15744 11940
15327 7669
14420 15595
17999 4256
12285 8795
16133 16733
7532 2380
9380 8735
13550 9448
9475 9170
6679 16876
128 8904
17511 8388
11458 11835
2903 8855
16914 4179
14634 13651
10132 9403
14257 7576
2444 1233
11801 3852
13142 1864
3119 18064
5072 10956
8958 5070
9411 17520
13385 7251
11677 1475
3795 1031
17594 4454
11464 13759
10199 12582
14241 7611
2305 14759
4527 11313
3305 12872
2899 12025
6151 14293
8868 18083
12526 13052
401 12370
2072 5861
7716 1838
837 6388
7642 5431
10478 11788
16818 1890
14248 14369
3216 13143
11548 2814
17880 15825
16036 1168
799 16119
12412 13204
17129 718
14341 16777
8185 744
14578 7239
17024 9285
1602 4940
9694 17061
1348 735
18303 10122
1445 577
12066 542
8852 7830
16989 14095
7549 7540
13759 14854
9782 5966
14095 2389
12815 17780
4313 1297
7978 3997
17915 8262
519 12483
4932 14460
5681 17709
9029 2077
6480 15132
2782 10754
7218 17220
857 12566
7428 11672
11953 362
2564 643
10995 4644
17761 17719
16919 11999
321 14648
9535 12605
16998 10074
159 15382
4298 4109
14753 16017
2432 9179
12454 15033
5107 3350
13669 13021
13850 17130
9727 16132
17839 9666
4411 8952
9374 10494
11192 15328
2081 14696
1364 2909
11964 2569
6413 17313
6261 8439
13873 9197
1983 2239
309 10940
751 5271
767 10996
4723 14770
5964 924
11948 15246
6981 3047
10229 10790
6476 9520
13117 1388
2040 17259
9987 14295
13575 6546
17597 10445
12473 1943
7869 15556
18277 16067
4003 8831
13123 4221
6431 2225
17923 11337
12660 7780
7464 13057
5489 7660
4200 7165
12257 8552
366 7963
1520 17320
643 2316
14219 125
3173 7656
16151 15264
10957 8069
5819 12429
14648 12699
10514 1170
18305 8584
1143 5017
17275 9839
16077 16174
16919 4327
1931 16309
5607 14897
11498 1213
9323 60
12472 17650
15197 16513
8916 13399
5051 601
9436 7117
13967 5138
10501 8780
15926 18030
17929 15899
608 12409
13487 1439
5981 4022
13451 1934
2052 2378
11595 13229
17126 16982
16288 15810
5040 11942
3928 9555
12494 13260
9410 10333
12929 8866
6167 10499
17351 7959
12585 7711
4594 12064
12375 7504
16562 2644
17901 15107
2174 4044
8764 14069
15285 192
14194 14830
2770 15152
6021 4216
388 10014
17470 1284
9338 13840
5967 3570
13169 5263
6050 13808
11566 13138
14832 9780
9618 4724
10083 6482
14937 8496
4663 17742
15573 17065
8170 14467
17994 9139
5462 15092
2005 14804
3228 2817
12309 16031
7413 1814
7515 10123
15826 8285
15409 14363
10955 10654
18142 12919
13723 327
15735 3440
4873 12542
1289 5722
13051 2250
9916 17662
3439 14176
2907 2197
6746 11482
13736 11507
13629 7771
14952 967
13817 7695
10969 2744
15704 1689
7489 2752
13458 1603
9930 8678
7164 9977
6415 16745
5066 17090
9343 12725
5632 16464
15604 6202
16227 14197
8489 9928
5506 9831
6415 9287
10222 2771
6121 925
4256 245
8228 15530
1555 14524
8982 947
3450 12089
14045 15995
1892 5486
2824 7525
7368 4093
9724 4124
1415 834
7501 11695
8431 13513
4989 16497
16251 16408
10365 115
6394 8090
7922 13045
3900 14222
3448 10987
10902 6675
12608 4620
6311 582
17244 4768
7526 7883
5569 1455
3485 6014
1879 8619
2450 6646
18285 5018
11411 9235
4215 10173
2375 8991
6039 8194
15647 16521
11640 12019
4472 16687
2853 3551
14763 10444
7483 1626
12466 1383
7698 2704
10504 6096
13443 5322
5245 9206
13431 14742
12580 581
2664 16707
8873 10092
16184 14960
5966 7109
14207 10259
2293 2328
15851 17102
17421 8473
10529 5518
3504 3288
7459 15782
222 17572
17011 10733
640 11162
1624 5706
17170 196
16154 10683
17533 561
9954 9064
14935 11284
12620 2945
9557 14500
10381 14314
1591 10717
12082 8685
12545 14781
17278 14338
16746 8068
10388 4309
10020 5980
366 6790
436 5911
14885 16079
6863 7786
16088 15791
6826 9529
8666 269
3286 3151
6324 2279
7392 15081
14506 13396
12122 14986
6677 2826
9284 17363
4391 6164
11219 15035
8766 5991
13859 9330
5265 11148
10735 5079
10365 2211
7532 3353
17441 14140
3418 5117
14337 16837
3051 5666
363 5704
15341 9422
11595 11061
4703 12010
7284 2384
74 11325
860 14209
11972 3858
12572 3728
17671 4421
12246 17139
4051 13347
1932 10136
4064 1800
15206 11612
1784 11184
849 147
9882 13099
4775 3391
9767 17646
6457 4617
11316 14028
6642 8794
18270 13843
17053 421
14555 10522
16695 5437
17350 289
12155 8179
347 9518
6042 14873
15826 75
5539 14647
5768 16809
10130 12980
5245 10923
4806 12316
6492 17428
2713 17613
5298 3989
2514 11671
12098 8331
12245 12294
12336 6467
514 6808
11625 6473
3911 7630
6655 3572
3971 8443
10829 4906
14609 14366
15798 3874
4178 12453
17099 11051
1706 8628
13458 17969
10912 16823
9806 7675
17891 14229
15399 7405
16959 11571
1924 5097
16343 14344
5750 1035
959 15121
12720 1452
2797 241
6578 2018
1938 17704
16944 8063
2556 3457
4958 14025
7512 5258
4346 15831
12650 9690
12392 17789
12389 757
13838 9995
636 14936
12320 11359
4380 11586
16393 3452
8814 1763
6497 11568
7169 11890
1865 4153
4914 4218
289 9906
11790 16520
11464 12345
11339 16581
14076 11324
15396 3897
12533 9822
15681 10426
2379 17095
5278 14652
16232 2329
1977 7312
1925 17714
4202 2637
5900 5479
9347 6211
7138 7254
13751 9602
5548 17552
3623 4505
2498 89
11952 1919
8557 13404
11727 16696
16448 17187
14172 1285
13479 14771
1182 15005
18289 16635
1778 5804
18249 13262
4348 9904
17884 15624
2304 16897
17200 4191
17411 4359
15529 11674
10978 17692
2279 7925
15495 2636
4618 13178
3632 15731
5327 14477
178 44
12513 1740
5380 11871
15849 17071
2421 9023
14771 7718
8948 12617
2487 9750
5061 2229
2444 13706
512 3420
5645 2628
4730 7690
16309 12111
3457 17746
5649 4779
341 622
15546 440
5834 7992
15951 16637
5986 6305
16061 13918
2631 9254
4759 15229
9977 4859
4129 9698
10003 13109
16173 16311
4489 15213
12958 11511
198 10272
13460 11390
5534 11853
15767 14876
8466 14275
9146 2544
13307 8595
16647 4307
18095 15023
2530 3251
5232 11024
9164 5872
2100 16303
5807 17493
14063 11264
17854 12937
7135 2252
15537 1140
14644 260
18034 4226
11871 14399
2381 8939
5027 15207
264 450
18034 5913
2468 12903
5645 13344
6363 7688
3549 10458
4959 17246
11548 151
9461 13612
2054 10899
12078 5471
4963 8122
4372 3181
11567 11374
11851 16912
11608 5319
6497 13537
14176 17253
9266 4526
782 1401
9647 1687
4487 3808
4671 8979
2808 976
9826 12710
3749 13646
17801 24
8508 13022
1826 15695
4789 2722
1969 1451
927 1150
9817 15875
17633 13411
3126 3746
1704 10980
12125 4023
6859 5740
4872 4428
11119 864
2697 4028
1103 7178
16912 18007
13435 15377
9735 10386
16557 16902
10206 4374
12424 13360
1800 3670
8611 10418
10245 16525
15041 14833
14874 17046
1626 4588
95 16516
7960 5881
17099 3226
1434 6694
2005 21
16747 2847
14076 2997
15112 13576
4045 886
13525 11020
17912 13924
9817 17656
11314 1078
5794 10178
16884 16678
2874 9843
6788 2716
17335 16954
1872 2798
15844 2524
15911 14734
816 4082
12825 14554
15640 2402
776 13631
11512 11275
8840 17289
7611 17340
5977 15258
15936 12968
15863 16443
7135 3058
6919 2649
4486 11016
17287 14551
16113 16359
1159 10319
10664 17379
1589 2851
6289 9643
1157 4721
12129 7972
12387 14146
2971 1495
108 887
17863 9762
11151 9326
2962 4077
958 16544
4131 793
1227 4451
5316 16761
3224 4997
8242 13676
8565 1820
15375 5631
4082 9145
1562 1398
3219 8607
622 3433
8799 3631
10398 3792
4124 13001
337 6103
11963 16863
6850 9638
17792 5779
10718 14622
17636 13966
7292 3407
394 1557
10619 3879
14747 12151
11206 10269
888 3583
17346 5078
4884 10401
744 15180
9295 7415
10816 3720
17067 15900
6694 10378
10279 14064
8702 1027
6672 13019
1552 754
13646 12982
7334 8370
13230 6145
11188 11413
3531 13309
15959 5049
17238 936
2730 9402
12659 3424
17236 12518
17686 13906
658 12204
9197 2128
14712 6435
206 2662
353 13326
18160 2873
17835 1082
2550 13590
8115 4658
9785 10095
10116 4491
7383 1964
4016 7773
7485 15144
15281 11351
7944 9793
14529 2924
6262 16656
8237 5543
11851 4566
13714 15058
5679 18018
12814 16633
16050 13211
13381 13809
799 16222
4389 8422
3320 895
11148 7361
18277 10793
16793 16530
16578 4184
7167 7949
15010 2193
7079 11360
9480 11044
16517 5949
1932 12287
13430 2418
12206 1945
3681 11754
10442 9443
3948 14750
15625 5903
111 6079
16013 2715
16344 10170
5409 9141
15187 13911
11265 14588
3498 7539
6342 16139
3688 2198
8101 2812
15112 1895
5722 15346
4019 16788
5626 3248
5362 1643
13760 17424
14414 14788
11322 9686
253 477
1915 17691
17228 13687
1186 771
10957 15840
12127 7595
10281 11657
15483 14266
15545 17914
14571 14944
11265 411
2084 10689
17216 8215
15230 18182
10307 2465
14088 11355
5252 15606
15483 12632
9396 15427
15430 17911
11511 1139
17405 16068
1830 12390
4080 10465
17095 614
11733 219
13305 12041
18251 4597
4111 9211
12129 7088
6107 14841
5740 9716
14323 9127
7 2887
14608 1276
10193 10046
8184 6712
10040 1396
15254 9910
3676 7808
4232 8752
9252 6292
13474 8491
7211 10952
17882 7832
16780 12576
14556 7607
15158 12106
13032 493
342 5421
10387 15393
8299 4564
2163 7929
14685 12364
10145 9286
16187 483
13704 14394
7995 13033
14516 11516
7862 14227
501 16205
15693 10204
18166 15064
12372 2088
6820 4065
1383 2041
18074 7083
8876 17581
10659 18014
9119 12670
13052 7493
5354 3919
10614 5074
9620 15259
109 4399
6601 3970
9116 7523
10004 6490
6707 6449
14640 17791
10462 11259
16506 13791
10245 3710
15670 6996
15714 2935
5281 642
17245 11773
14663 3501
6860 4392
460 15535
11689 12775
11495 130
9423 4907
10241 12071
3567 1189
4773 7231
16515 8372
9424 13983
16598 11929
7108 8097
344 16999
3885 17768
11416 18017
1674 17249
12885 15048
1864 1280
11245 435
15158 1108
8496 10702
764 16991
7257 7086
2627 16390
10733 15305
12997 5396
16128 11753
17586 12178
11859 16790
4645 17739
6073 17902
2414 8387
13827 16602
16252 8450
6820 15268
4138 12063
16303 14061
1929 10621
12431 14721
17228 6766
1556 2118
3561 5700
3198 14160
5436 9999
14612 14006
13303 8843
2836 13977
2043 8695
11750 3853
8393 819
13953 9349
5745 6782
9521 17397
1969 11136
12273 4828
15132 5608
8491 12796
13460 1237
10519 5761
1165 1590
18273 9768
897 10267
147 15819
6825 8233
2895 4535
16511 14645
8625 9180
14958 12886
8638 11532
15832 10264
12191 3759
9410 6159
8708 8942
9323 5214
10391 7369
9843 14963
10646 975
11524 4738
15601 6695
4800 5034
7264 11391
11459 2693
13533 16842
2863 16670
1849 12087
10999 3750
7206 17995
5855 13910
7543 12492
11681 8436
6496 11623
7559 12995
6125 1359
3031 10035
15666 4875
1002 3766
14308 10740
940 15354
3157 11596
12219 14281
5437 12906
17164 7338
1915 8138
9233 6989
1580 8226
17005 13885
8474 5077
2890 15982
11306 15873
4522 8699
4897 13288
2869 3965
4007 1058
14420 15680
6150 11477
2541 5411
12258 8356
15935 6865
11388 11444
8485 6862
1460 5685
1747 13378
4680 859
14349 8609
13588 15241
5475 10354
7242 9069
3377 9418
3585 1198
7949 17373
9053 10111
2273 672
4605 13761
7187 5618
15857 12859
11358 5885
11710 8989
11237 12546
12206 1564
16831 14594
1011 5432
7549 7193
16995 16398
8842 3139
11518 3431
3 10817
10813 4580
8251 10147
10188 6192
1744 829
209 4483
341 7813
6526 8824
1986 5412
10388 12843
10714 1273
6567 15270
12478 10962
6268 7873
2758 13386
8567 2199
4265 13893
17290 7865
14504 16679
452 2294
2243 17523
15432 13963
3840 8040
2428 14047
17872 3212
12540 7557
9575 10577
10215 5414
10445 17844
2001 2
17010 12834
18225 15392
642 532
2823 12225
7727 7661
3096 5440
3382 12685
916 4039
9684 16937
17008 7709
7402 736
16021 6548
17232 973
3694 375
777 11089
9361 13363
2005 16115
6850 14580
5712 18198
9758 8214
5976 3258
9095 972
6455 16981
9228 12012
2279 3486
324 1644
13727 8010
15116 15181
4204 7624
17229 14514
12101 13520
17129 8504
17606 14164
16417 12722
17258 10752
15992 4276
12854 16310
17865 7127
3552 5086
3723 17881
7500 9325
5460 7647
1884 9625
18073 8783
5517 15889
15305 8535
9903 1965
15581 13042
7233 1682
16558 5709
16631 116
6490 4437
9115 15613
8640 12000
6258 3780
11074 1333
12805 13489
7739 14600
17363 11486
17967 3174
2262 5180
17200 10255
8669 6111
15928 8284
9577 12915
6139 1573
17528 3363
14859 13273
12937 9601
1169 11000
4415 17782
4755 7531
17709 15182
9331 6663
16030 13408
7732 11489
3750 15267
9954 14115
3012 7317
2911 2645
18009 5874
2203 10242
1426 6890
9814 557
13830 16065
10409 17974
14719 1538
16991 4036
17584 18179
4810 14491
6376 6549
14315 15503
11187 9168
13268 6633
9485 7062
2483 2679
7932 13181
3202 17803
9857 9941
7727 17733
6347 18282
16616 311
15999 9708
3664 3791
8700 8746
11524 2794
3750 1206
17286 12801
6432 2880
9971 11403
13260 5917
15354 9150
7990 12914
9224 12596
13776 5832
17915 16736
8245 5083
8662 7437
11101 1385
8886 13147
420 8634
17182 5058
9164 11229
13888 16615
44 9632
645 14331
15073 12171
14979 12284
7656 12117
8163 10586
12617 3568
10304 18139
6454 14173
16656 12803
3012 4338
15798 2561
1012 15163
3815 10248
13793 352
8991 7033
1092 9198
4001 2597
10419 15484
15038 17788
8384 7023
6227 5260
10582 1823
11502 16346
208 9191
288 2313
9255 8673
7776 17403
12103 9059
8791 14195
8111 12686
5400 13174
6188 12154
2378 1277
10157 5812
18262 7790
9670 17778
16606 6091
13095 5809
5232 4326
1988 5367
907 18314
5021 13029
5586 3092
12477 6090
5160 7435
11358 15470
6216 12059
1165 6717
12801 15256
14947 4678
9766 1818
13079 17491
952 9236
15483 5430
13963 3511
6682 1662
2696 2706
14497 8505
13138 61
14685 10227
5113 8156
5415 8235
17350 17781
5442 9428
2949 3296
4864 16829
4040 1791
7793 16325
12214 14336
15434 1583
14655 12724
1703 618
12484 18196
5838 11908
7976 10231
17021 15590
245 373
18137 10521
16651 11763
17310 599
7921 9099
6140 7318
16036 3584
13531 12266
13985 1071
10010 2560
9241 3990
15595 3828
1879 11216
11502 5331
8401 5323
18009 13407
13915 9700
857 5601
6730 5703
13202 4635
14154 17153
18049 16978
7923 12690
5411 6047
2597 12149
10385 11242
8543 338
8002 7199
2936 2324
7383 1542
7277 380
6452 884
10144 10838
10992 17773
1788 7691
18312 11283
7913 16778
3999 14292
9780 8252
10080 7314
440 10236
14306 17230
10085 9381
11664 14499
12563 2246
421 18022
2576 5385
2835 14404
13842 699
9624 1155
5506 14482
8520 5549
12275 3125
8245 8910
13563 451
14680 3352
150 2908
14793 4969
5149 10784
4533 12210
1170 1950
15359 17035
865 8084
4295 7356
2931 458
9218 11873
3552 9365
12531 9123
11801 11731
15171 17068
12537 7280
11625 7030
6659 10615
11611 16210
1048 11068
3773 14103
14529 1524
1811 16114
7929 16297
6960 6025
583 14861
14264 12506
17345 3826
17524 17438
5116 9736
3542 119
12825 12203
10526 14208
17662 14995
14855 216
4085 14584
3282 17725
15017 13350
6452 10562
6117 1486
9589 14426
12881 14200
5685 2721
10363 10913
10403 2813
7869 15912
10245 10105
2851 12855
10586 12476
8484 9090
10035 10031
14651 15827
12526 18099
8048 4938
2357 12663
15563 11662
17270 8797
10050 4500
9640 16996
5630 7424
15370 12347
1369 639
6893 13952
5029 5328
6328 11082
5057 12711
3020 8366
7271 11197
12691 7283
8556 11233
9697 2227
13753 14093
8298 13017
5852 5250
13932 3986
2941 12894
2819 3099
2309 14382
9119 4273
16439 11779
1374 7336
17938 6910
134 5291
10388 8021
7822 13231
8810 12679
16996 14519
11946 14895
6330 6336
12193 12643
3296 4257
11859 7496
15798 15136
16418 903
8986 12971
8408 3185
16552 3799
2104 15425
11940 14137
10231 15405
12821 4098
1218 15998
14963 17809
1265 5862
5295 16407
16316 17968
16679 9754
13256 4809
10904 11613
152 14449
2416 17516
2170 15408
15738 3236
3339 4666
8998 4825
13608 7360
13775 12757
371 3825
10116 606
8551 6398
4486 10423
10752 7820
11777 17860
644 2712
12463 16009
7315 13567
13841 5865
8040 15701
17752 386
5399 1053
14608 11094
9729 10932
8684 3103
9969 14136
4852 9792
5527 15675
3936 3170
4751 1588
2359 453
6614 8377
3527 4418
6006 12500
428 8082
8027 9258
3806 2232
1409 10953
1955 7551
1969 7676
5540 15587
5084 6563
13559 2327
9282 15263
14986 13737
14983 15807
1091 15418
4530 6830
2041 2249
5028 16470
12526 4687
10512 11079
2550 1661
15348 4412
5413 17483
12840 7036
16751 17573
1121 5749
15938 4542
14877 13799
2635 4764
15991 8629
14757 15534
1613 15952
7068 11760
1441 14429
16864 416
10811 13025
14059 15638
15322 997
14380 1393
13868 9869
7194 13901
18103 14204
10694 13506
9650 6488
9090 14472
18112 1539
4892 10893
13069 12229
10304 6068
15152 1582
1466 8144
4251 13521
12829 9362
7989 4606
13431 17963
12390 17696
5590 4870
7998 17154
15313 16364
12980 5714
17914 16874
9305 15091
14589 17887
970 9606
13899 4908
14420 531
12078 12374
4388 17028
9255 12507
12553 12893
15611 11590
14574 4725
6751 2663
13663 12168
18244 2387
9608 13063
13699 8167
13306 4675
11031 685
1788 11211
17742 1104
803 12118
12229 2107
10060 3476
10128 15190
14998 15507
15607 224
11004 16926
3500 12482
16542 14272
5787 3789
17121 14473
7538 1605
63 2187
15851 6453
2709 7043
10457 11382
3916 5194
1863 9132
2251 13415
149 4214
15115 12615
15424 1255
6124 8823
4236 10288
2450 6701
4814 2618
13812 6252
12407 2843
8045 15255
12120 9860
9184 17899
16029 5581
5341 7556
7820 12954
170 10343
17696 4453
3377 15551
9333 2235
12041 1303
6466 6067
2990 17013
18102 7907
8644 6885
8048 2915
10459 11562
11956 14360
6768 8741
9894 16857
9411 11577
6992 13150
17635 16773
9808 8135
3923 10782
7555 9488
13131 827
12864 880
12238 410
7925 9058
16981 3449
10626 3329
1785 6785
7370 7957
496 2259
9485 4781
2916 12184
10312 13423
235 10114
2734 4761
9486 11694
1418 11160
11817 1498
5472 14330
307 17539
8265 4991
15694 9389
16754 17316
17325 1593
1252 15759
13205 1668
10322 16471
4393 4499
12012 14474
2389 8303
6753 7454
10867 5055
15746 1897
4280 2057
2826 15579
17183 17252
4089 8785
16864 11552
11953 14332
15414 5273
10171 6223
13734 13886
3234 11159
6909 17401
12125 8964
3034 15906
12706 17175
12724 1051
16409 15445
4785 15958
773 6395
16618 7736
1209 12719
6997 2852
7899 1346
13775 11485
18231 17991
4298 4502
8738 8901
12465 15989
6922 2015
7422 6264
5522 16682
4629 14905
3497 17590
16069 14625
15704 17486
2817 9779
14909 15764
4077 17093
7812 5747
2064 15733
3684 12404
6885 2071
7117 9142
10003 10806
10473 7438
4472 13583
12360 14451
11968 10935
14965 17852
8664 10210
10460 6605
4817 1672
7055 5889
3191 5038
4669 9809
11658 16652
8633 11323
10960 1234
18303 9304
11498 6299
4742 17409
17819 15122
12180 1867
4675 14552
10043 1629
6706 8037
1493 17390
17723 13896
3008 13056
6682 9836
17169 5373
12960 6741
2211 15015
14254 9970
6990 8258
17654 4253
7755 4695
9873 13499
14921 11709
14198 1332
10366 1762
500 11437
11755 6545
619 5227
5154 11134
15802 4551
6625 8253
12201 18002
2499 7671
15297 10335
3126 10152
5682 7381
11592 9415
10954 13724
17638 15866
907 18280
10048 17798
1226 6286
418 14212
16253 6631
5627 16457
7867 4570
4904 13655
3374 6503
3220 12363
12816 11223
12718 10769
10955 17057
8987 505
18017 4868
16533 4270
15160 1585
5164 16312
8066 7627
16997 12135
1791 5131
2151 8462
11516 11886
341 4010
4408 5591
16108 4639
11898 15138
15081 1420
7033 4261
14595 1456
9285 10488
12785 20
1445 8062
4320 7362
11031 5736
7520 13973
7824 369
7327 17283
166 4397
14018 1528
3585 3648
14538 11161
3909 10936
10857 17384
9574 1351
10516 12895
11802 5866
15632 6281
490 4634
15435 11319
10123 17680
1964 14672
13025 16960
2376 12867
14876 11230
13204 16467
12555 15024
8380 1755
4288 7778
921 8336
12446 1525
16213 12676
9708 6959
17966 1866
1836 12044
11851 6936
11314 12440
12805 1492
18151 13097
1207 3370
15830 1962
5233 17156
9555 12417
16128 7750
4811 10695
12788 4141
2990 3022
3220 6685
3952 1810
449 6379
2255 17356
12409 13171
582 15421
12630 11103
15080 1702
16776 14318
18189 2287
2947 7529
12735 10075
15960 15549
8985 6118
18102 10930
1255 4913
4263 938
15164 5609
11332 7219
7286 3918
16149 8905
14639 11262
4455 11724
7981 14948
353 16764
900 15692
14275 13937
7863 16632
5245 11700
6600 16155
2964 13502
5765 7682
1597 14252
14967 10109
16307 3114
15018 6558
17681 13439
3768 17022
12040 10622
16056 16337
831 4272
1853 6327
14936 6564
11170 9536
9032 133
7582 8573
12879 3573
799 17004
6443 8315
3423 14364
17273 7542
4433 14534
8226 7614
3520 3301
5026 13577
10659 14087
11280 11064
5755 5663
2715 18157
14440 16559
6195 12144
1709 8295
12495 11530
5197 6259
10756 1913
11092 14439
7598 5473
5340 737
17789 12268
17450 4776
17771 1951
5422 12798
14324 16529
15856 10093
9850 6282
9700 3619
5066 6000
6431 11487
3518 10104
3953 2202
6587 17979
2199 8576
6343 16255
5084 8999
11743 8495
4695 8688
2736 18202
1746 2601
4715 9472
15034 17494
1742 15939
4003 11932
17233 2011
6415 610
7923 16849
5021 817
1197 14710
10264 13579
17969 7694
12014 13555
15348 15119
7928 12034
15211 17822
2163 6115
994 4056
14215 7311
596 17089
13006 10843
13066 1458
2258 15803
14722 9433
12320 15509
7128 14910
15951 8221
11223 9094
12895 14806
13407 237
1213 10331
14962 12908
6558 4920
7323 4092
11517 4541
16733 4978
10619 6810
5741 16004
6763 15374
11706 17678
9164 12644
10695 3630
4464 17764
13909 9835
11968 17820
2047 11830
15366 8075
13881 16569
67 3649
14458 9201
6865 4417
17975 16430
17403 14775
9881 6858
14702 5022
9409 7872
14681 2146
14581 4631
3377 5356
5606 12007
6686 4822
12031 12131
14134 14700
16519 8645
3506 4996
7771 16826
17749 5880
9661 15949
16014 2382
17994 1578
2892 15686
10243 10894
10274 15872
16394 15513
9836 12302
9304 909
12581 16649
16638 1991
7615 5401
13692 13735
1017 18217
14555 6565
7110 10942
8902 10688
12739 9998
10676 16434
17154 13686
3146 15614
15250 10584
15012 11097
16295 12322
13387 16177
11087 14762
2396 12942
16818 9586
14244 6515
12500 7041
13412 9008
12 3641
1878 13330
17149 12115
7813 14089
5320 16112
15077 8974
4321 16554
4290 15422
8074 2393
5368 10571
13450 4377
2393 10205
8745 12291
15559 11093
17289 4979
5472 395
13308 2241
12297 2142
2690 10898
8000 1710
7727 11976
7105 6577
16946 3483
6957 15734
11903 2977
2781 10471
15644 11926
9997 17059
13059 13456
10480 4732
7538 4067
16651 17305
11963 4212
1717 9915
11862 5103
7944 12515
10522 9659
7142 10854
16776 4347
4392 14902
1554 10677
14315 6319
12878 7366
14456 3261
15587 14503
11833 5731
11725 9667
1149 14819
2607 6995
15960 16967
17059 14826
6394 7198
10096 17942
7525 5503
1625 1677
4942 7272
7771 6835
9235 16054
13340 13712
6923 5655
16967 12108
10009 1287
6284 2513
11579 11126
2090 14852
9177 1730
2778 18274
9351 7009
931 6304
2816 4974
6536 9991
418 15069
3649 1299
4119 1881
4425 12977
16695 3560
4631 4919
6447 7940
11412 13914
1743 14654
743 11741
16997 6495
16521 5505
10952 7325
17379 10709
6807 10750
4115 16734
4996 5909
10376 7648
11391 9985
16916 9711
16960 4664
16594 2098
7338 16094
15928 15210
10816 12470
2596 3661
15312 14848
7561 2743
7920 17426
9769 13351
17886 14340
13496 15750
430 2303
2010 8936
8795 7372
6746 7610
11255 17668
9684 4848
5440 5119
3697 11922
12389 1736
2730 15639
3570 3101
17607 10168
8564 7228
6890 8900
521 10574
4220 13904
11898 9673
11351 10593
599 12391
3329 3809
6032 17500
15370 1987
5465 17202
16788 4197
636 2209
10841 13602
314 17832
16834 15599
6967 9267
10698 15643
3328 5244
7504 15794
8990 18235
12549 1018
2402 5467
4274 16127
3369 4384
16824 16603
12231 18203
9462 868
15968 12038
5670 10650
8489 17576
7995 563
7194 17159
5704 4192
7843 11602
2001 5176
8236 4267
9749 16584
7484 7851
3369 11343
4168 5166
9379 16714
3738 5868
16497 10707
15478 5280
17987 6331
14700 6775
1250 715
11923 10800
5430 17097
16577 16907
13963 6001
3194 5828
15018 14086
12418 454
1385 17629
1566 15617
6236 12535
1764 16260
15508 18125
865 3784
6993 2185
4858 7297
15825 12166
10968 9653
11731 3239
7701 9827
10619 16038
16018 164
2468 657
610 15517
11012 5501
9075 15725
11295 2921
12240 12560
5417 7407
14745 12133
2675 13085
1619 12917
1530 7752
13909 15972
6446 15511
15562 8183
4675 2377
3570 1345
17798 3524
1964 7670
11050 7227
11180 1774
11952 13863
15427 4780
6865 12994
2332 3426
14962 313
1402 7604
2469 16169
18009 9988
9672 10765
16942 15985
14463 5888
8766 4225
6708 13927
18042 774
5701 4733
78 4471
11403 4720
9235 16816
6200 4157
9180 18170
917 15450
4055 12255
7422 7544
12738 17790
7973 7619
7737 3340
5178 6196
2646 15071
12542 9292
11024 6961
1954 17948
13057 15020
6542 1809
14775 15954
9594 7845
3516 731
16662 3468
13526 12716
2686 9592
7964 16713
8737 17391
8562 2960
4134 11575
1546 15971
7373 7300
11142 17618
1306 1531
12595 8544
10537 3820
4273 15690
14052 9622
7315 9593
17676 5904
8128 8363
10736 11488
9846 7000
11649 11038
1121 7524
17021 16142
9743 4576
8823 1875
5830 6030
16568 11684
12196 2856
6839 5905
10491 1513
16573 13384
17219 15984
8551 12882
3155 7894
10674 9745
442 9718
16637 13803
13579 10223
2260 2415
16777 6101
3372 8339
2335 8297
10173 10551
17782 9063
2 1970
15909 2208
6720 15402
2955 16950
13588 13040
7917 17699
1961 16042
3435 9101
13731 16688
6493 10534
17843 10292
15650 4116
13499 9753
10465 17120
13161 16675
17644 18070
4281 12579
5090 10966
17634 16815
6835 9173
13493 1467
13777 13157
881 2130
14983 593
888 11035
13536 14755
17315 6085
7417 17413
17072 10685
5850 5778
16144 10876
16696 12461
5614 4449
2398 11425
15351 3880
723 13524
16435 16059
9445 12641
867 6425
17414 13048
1797 7316
16522 10991
2284 10037
3296 2959
17850 17215
6744 16447
15857 9976
3933 6350
15633 661
8770 2430
15921 7388
11303 8222
17673 7491
2569 5183
7282 7533
8452 14071
1036 1911
1418 15853
4418 11150
9735 14676
16267 9540
9157 2281
9951 13151
195 13764
8981 15407
14224 12877
6565 2037
8167 11759
71 3906
16018 4890
10010 1313
13866 6302
3559 16865
17735 2089
798 2009
10893 8533
14670 11570
12082 13834
7975 4556
3545 18214
3114 17484
7485 17957
4749 8231
9675 17653
2458 5960
6306 12008
2215 55
4938 17082
10118 4083
17204 14170
12008 13949
8140 12207
11629 5157
2774 17875
7622 3313
7844 16715
12812 8469
17645 1833
12459 8123
9353 3719
6859 13218
11947 8165
15691 10406
1359 7605
2009 6283
10217 17971
13024 16357
15166 16194
15760 5468
8503 9701
17833 3647
17255 6277
10268 3912
5 7444
17527 9744
15261 5938
17540 17221
2994 8478
12116 6332
1797 17189
4903 17616
13842 4434
647 571
10273 6956
3099 7783
17898 14658
14039 4793
901 463
1000 13601
17093 7953
1838 4880
1004 4843
6178 2091
11706 2547
14695 2302
9701 16053
11909 14803
7045 14485
4760 6029
16167 6155
5135 3529
2586 6590
11062 1490
18033 7324
7955 9547
16827 16468
11322 1921
11037 12314
17594 2390
7627 7756
18153 12400
17558 2968
2522 11951
4146 4993
5942 5386
4644 17447
3475 16681
5629 12857
11816 7991
10248 6752
3738 17507
8857 11698
14679 1270
6372 515
14223 6854
10377 12126
8667 6439
9239 2988
14654 5001
5531 7836
16427 11913
9885 10631
9311 2373
9801 8386
9007 6463
15618 8177
9451 14427
5483 3731
9599 15711
16771 833
9712 10237
16006 8962
7307 9512
2497 2840
3570 7754
7758 14013
2243 2989
4201 4747
852 11993
10562 10502
17400 6690
13034 14098
5747 15316
17205 9828
3260 15709
7193 14007
12735 1551
8127 4583
8302 5474
3914 6556
9520 15966
9549 16472
861 8620
6210 6878
2569 9310
16109 16000
6384 7478
17724 13112
3530 330
436 3579
6814 3801
2917 12462
15338 8898
18121 1807
17190 15082
14696 15436
1740 8918
12214 1457
10938 17118
10650 7116
12127 11883
10992 9052
7981 15298
14368 16275
17645 11697
17014 1647
2063 17462
11748 12223
14169 13848
8692 13774
5807 13424
15701 2485
5537 13008
17051 14794
4818 12337
5509 4611
2817 3586
8160 18080
2455 5435
439 9126
16739 10905
12321 11043
7702 1724
7116 18276
17567 17621
8678 6661
12130 17521
13063 17330
8584 18077
17140 280
18174 14941
5908 17128
17169 4114
15436 4159
12987 14002
17724 6917
7348 4701
6015 2967
14839 8415
11356 13244
13538 2502
6178 2549
8785 11213
5896 14669
15264 11904
3849 7909
18273 16770
4445 14660
6475 6408
17404 6300
1473 2669
15850 13788
7910 8659
13865 2405
16688 9346
3089 7599
11136 15471
15945 12884
880 5118
17861 10296
12275 15170
13842 5536
5513 4482
14776 1365
11106 13113
14954 10146
9698 7741
11547 2914
11655 10002
15 9949
14284 17984
5937 13071
9481 11633
8329 9289
536 18082
13876 1341
17974 12945
10628 17359
1632 3444
16183 885
3545 16081
7830 14276
17975 14247
15341 7136
5834 1914
9379 11125
11711 10753
3460 13165
111 3411
8990 6245
1932 9181
15098 14785
11625 18109
4305 12985
11576 4266
245 10428
276 14398
12002 15730
325 5990
16061 5318
6568 4264
6762 13946
1661 8836
5703 11786
181 9264
16734 6841
9782 14813
6568 213
14458 15874
17018 9185
14293 17378
16108 14074
12447 9114
7690 12277
8587 11796
12234 10672
5457 8501
4336 14387
6695 6359
10844 8805
265 3235
3310 8772
7485 5393
7414 14591
108 7662
699 9510
4425 16076
14141 12558
8304 16523
11527 13031
92 12331
5811 6944
12159 10982
16699 863
9490 2039
9558 9564
11361 3102
81 7687
14715 10852
13469 10885
10099 878
1961 2934
7127 1920
9069 15175
13287 12051
15166 13333
2415 9596
14196 6491
16516 3556
5755 6204
268 6263
13570 8656
5236 11515
13681 11336
13337 9085
3266 10567
15259 8733
14314 5906
9732 13312
14774 13482
6970 13976
13468 17368
3776 1463
3563 5187
3675 11693
2429 13336
3991 3451
13211 16830
15551 8223
1865 16760
17562 17212
17227 7486
1825 13643
8898 10721
12018 683
14752 10964
15239 10779
11109 6943
7340 5902
8706 8921
18058 18204
16373 10106
12540 14550
12117 12186
527 16383
15007 3729
15889 14496
16314 17435
16262 6279
14885 4838
13761 7450
11466 17955
1523 6628
5461 17642
10553 12928
3635 5336
1034 14828
16728 18067
4091 15620
481 17243
16582 4466
8385 7712
5678 5579
15155 15244
17496 971
13517 1499
7735 14596
12045 7629
9066 9055
11843 4939
8497 2788
621 10038
2182 5603
15986 7931
4744 5573
17719 14850
2738 10610
2409 4476
1280 2283
13589 18271
3355 985
17323 2026
10121 1808
14627 14705
10844 13943
2787 10797
10351 6040
18259 2473
13431 17380
17808 1127
12792 9637
3470 1705
5790 4655
3434 10798
83 10554
9451 5231
7482 4944
15788 382
17641 5326
8569 229
9959 12077
14989 8011
11073 14541
14395 14046
9048 16932
16181 1268
2595 8929
7426 12519
11488 2392
6104 10045
16812 2156
2365 9317
8838 4063
6765 9404
451 7952
3738 212
4841 1274
15890 175
15992 17700
10118 6812
1433 12745
16108 4827
5955 2980
5280 11680
11497 4426
17918 14668
432 13620
14780 10922
8333 5858
16041 17879
204 15749
13171 13929
9124 12924
6372 11009
15900 5011
4038 6055
4449 609
6102 15174
15117 8012
8806 4398
4781 9091
12056 16646
6334 729
17094 5801
13546 2594
784 14240
4677 18097
454 3961
16791 6929
6885 9539
1655 8357
5514 10864
15255 5242
6310 4981
2072 17070
15807 9155
782 11702
10778 2437
4197 963
5705 7886
12279 16645
12334 1765
5567 538
10941 5205
11601 16348
6117 6116
15546 10663
1176 11580
13977 14836
7741 1956
1776 8605
14628 13763
8090 7463
12204 10578
17822 11168
11320 11521
5149 6364
15418 10183
9221 5882
11139 4682
14776 10878
12053 3575
12294 8020
7753 1327
300 4099
9379 16499
6825 7447
1623 7337
12237 13781
4589 15042
12379 8188
14284 7588
12056 15500
15625 7409
9241 14914
4696 1338
10134 11124
7624 2177
11053 9777
2525 3764
9600 3059
2676 3758
259 18245
8422 17143
3950 10332
1667 12368
142 11263
3361 18255
17491 13870
11714 12124
4947 13121
3031 1960
17884 1392
4447 3384
9732 3903
4739 4983
10986 1024
128 11572
12321 6349
9782 7527
8887 9102
4980 7161
10702 12946
15492 7979
4410 2671
13008 13104
15285 10327
3341 18253
9365 15242
8316 846
115 12367
538 13729
7352 804
11574 5781
9305 7681
8898 14225
3843 1243
6103 1936
13008 4353
9360 5121
227 14918
3549 7050
9475 6180
8114 13212
2335 2489
16061 2290
9653 3877
7660 15785
17929 9388
17460 15102
6797 87
11481 14623
4455 7465
14504 6087
8619 11474
9722 15860
16186 11699
15691 9765
5155 16590
1056 9824
7346 9807
13363 7602
8198 5158
7750 17583
16638 13661
3582 7347
16978 8105
6102 12575
5499 1438
3719 50
9666 14638
12789 15145
13970 10725
993 17079
16832 4869
17926 12889
1872 1355
269 8026
7093 3871
6952 2611
17552 8117
13398 2025
10926 1044
17003 5498
6999 457
3044 4708
11650 1922
7475 8365
13985 11818
1637 9900
10329 17280
5585 5294
7874 5383
6305 9089
1159 16846
10101 2765
4053 16553
16455 10017
14846 12481
2204 6076
4967 7880
15025 9432
13491 7357
17901 2136
721 2842
10887 10873
6938 7467
3731 11992
9676 14067
1233 10757
14170 5267
12073 9889
2090 9263
8842 10447
6580 1005
18042 17897
1673 14105
10915 9454
2060 18261
14272 4622
4895 7708
3255 15914
11265 5153
17154 7448
10497 135
1090 15937
16428 11096
16189 7567
14175 13640
13201 15162
16383 16873
2413 3832
6721 9531
6303 12011
3029 2860
15795 2003
14181 15741
15948 4407
7635 15915
5669 9739
15365 1059
2003 13947
2666 17776
6243 17113
15781 9051
3646 3036
11037 16787
10353 1084
15880 12173
11650 14620
2262 3409
6113 9278
9872 3606
17182 7950
1570 6889
14406 14310
13687 2310
17579 13200
2246 11762
2994 17451
3826 1718
7294 14966
442 13166
10050 4716
180 4105
12326 13632
3958 4616
10372 2222
16656 13037
11593 12286
15772 1105
18123 5203
4715 16702
7204 1387
636 11022
2698 1550
7204 8487
4234 10479
1129 8229
12782 8937
2855 8413
14039 5407
8525 13920
3560 9829
5197 7246
181 18307
5336 4777
668 13598
11550 7797
3016 17970
15668 2460
3955 417
16578 6621
15933 11199
11572 9320
12632 8853
17871 11878
1554 13757
1592 15124
12462 13088
2091 9269
15743 9901
7529 5973
8598 4549
3835 18144
15249 17703
7118 1656
1805 4148
14885 2247
17026 14357
6825 8623
13365 4176
14800 749
10268 16323
18205 8683
11118 8340
13987 1421
5424 892
6680 4518
9463 8548
18049 3083
1531 8073
6604 14907
11633 13501
5051 4994
7181 3203
10342 14810
10281 10422
8145 13000
16555 11669
15449 2178
14976 11622
10269 17814
367 6166
6149 8382
15079 15290
14500 10098
4832 9581
12405 10375
4655 9522
3825 5274
7149 4613
5012 8917
4953 15861
10537 12435
5144 12949
13753 2717
2990 17127
17837 6599
6665 7613
3502 14704
17275 1178
15803 2995
12242 5046
3350 17821
18075 4224
9094 13252
2663 4861
8650 9597
10655 8205
8645 7004
3158 8675
7693 8009
17929 15790
14299 12100
13273 7345
12738 10533
2809 7122
3588 9919
8926 17023
11970 4550
298 3046
5086 4923
4916 8994
11238 8935
1884 14092
4383 18006
985 11028
12909 6051
15971 15527
515 13119
3055 3772
9282 2188
13712 13716
6089 16229
4982 9103
6048 14290
11692 10289
12731 16774
1607 1691
12732 904
18239 7568
2231 11027
10143 964
11925 6144
12187 8
5749 6094
2804 11394
10904 4195
1661 14760
325 8874
3560 10720
17424 8890
10045 16821
3059 11081
7310 9517
4042 15947
8833 5914
14391 6438
596 10284
2175 17334
8529 11597
11031 7815
11876 6354
14514 7503
8252 5519
1473 217
17798 7560
1991 17547
7772 10847
11300 13919
14573 7302
12800 9359
11850 2831
8525 9571
6633 70
9848 13092
12848 11533
16901 9465
16244 11659
14099 13747
2587 1134
11688 5690
4837 15793
13190 9800
5676 4515
6703 5987
8619 17172
10841 11585
16229 2845
961 3045
13901 1857
12673 9646
15463 11340
15418 9231
4722 16336
4932 1247
5686 15090
15119 6914
12128 1990
14028 10399
5728 11423
7904 9057
8620 10379
10994 17649
16239 343
13138 9983
9169 9627
8508 10240
9743 3231
13824 14964
7233 5184
8094 7791
10476 16254
1043 10850
1470 14736
12420 5694
152 364
10297 15308
4679 7072
5363 11430
15572 673
4898 8373
6967 5699
3947 18297
6971 10583
14074 15350
12427 15522
14529 1249
3968 14015
15756 8164
161 4301
94 2772
7897 3030
17787 558
15577 2760
3526 7522
1252 9324
11869 17783
7252 10018
7017 2641
7602 11893
6514 1487
7526 16339
8588 1734
6487 8149
7513 13302
7202 3066
3809 10875
10586 42
10337 12340
1502 9083
9376 14298
17140 1711
6712 17834
16722 3437
17120 1357
106 5535
6601 15453
4480 18124
10787 14158
15690 10722
16982 4409
8889 15356
15840 2237
15723 14325
16296 10860
2798 15833
2917 10249
4259 15307
6675 3338
9615 6988
11197 7673
13917 6687
17063 9897
1737 6879
11120 1119
12649 3466
9162 5656
11544 4390
8 2144
3633 5314
12821 16403
18163 2708
6834 15135
6992 1686
12642 7634
16119 10883
269 8255
11063 17461
17707 10033
17056 3223
3871 18158
8552 146
6702 6913
10640 15548
14435 7492
4839 4317
4235 15891
6424 1444
16490 4017
14558 16817
3899 17759
224 5560
1100 9663
9966 8575
5870 4512
7844 12271
8534 2573
9670 2447
12498 18128
2049 17564
14271 4422
4062 14872
4444 4015
4658 5106
6871 1641
9033 14928
11201 14945
7039 15967
3335 17250
2781 3878
6545 7994
8824 14791
1839 6714
10763 12199
5341 14117
16121 4277
2005 4972
15741 2933
7931 4741
5956 13403
9658 2113
5005 6802
6366 1185
11846 15523
1648 4013
6005 240
7211 4503
17769 11144
17409 11435
16229 17694
14565 13379
17357 8103
7432 12674
4179 17896
10849 8524
4389 3769
18069 9420
12259 4117
8966 935
106 3467
13982 9545
16202 7933
11723 12380
11561 6434
9698 4928
16911 7209
10519 18028
13785 10801
14109 9136
9923 7400
9907 14048
8165 14683
8309 1587
926 13816
7802 15974
13568 8959
14446 1798
16645 15153
12995 11785
6087 15630
3153 3073
7630 10063
11819 12140
13398 4110
195 14333
5973 3380
3923 6399
8999 15093
5581 5366
11028 1081
16105 12376
12334 5229
11144 1302
6826 7494
12282 6165
4645 7554
11386 1907
15589 2391
10271 396
10960 3315
10803 17669
13520 18234
14944 13741
15574 6052
5461 3496
9941 10380
14464 8696
11308 1424
6820 357
5557 4729
89 13227
838 7170
16062 6510
10316 13855
16343 12359
17686 10808
1401 9568
13715 13805
5420 8210
16103 4689
1776 12121
278 5405
11650 17434
14696 3705
11513 8034
379 17476
15937 6157
12787 14286
8828 2307
17149 3021
15619 16507
9243 6760
15587 2810
15426 2510
4659 13941
10111 16535
8668 11215
16307 16352
9099 15879
308 8627
193 7287
9255 1664
18151 5344
5029 12951
7229 5254
3625 16724
18144 995
3888 6182
9629 14260
644 3884
3187 17174
17676 318
10241 1815
1413 12583
17145 5170
13289 6401
2388 488
7957 5123
8598 11927
3738 12939
8855 13328
1392 10645
13217 12442
2964 10880
6374 3703
10732 1483
11334 15134
8711 2996
6070 9161
5746 11526
8304 6743
3643 8530
12727 3491
14932 18040
3885 2423
11283 9125
14882 9016
6192 3537
8915 11123
15327 9444
5442 13188
15328 15333
5949 1301
3919 11887
3837 13557
9872 14900
6840 14470
3325 17630
5694 13998
11701 4911
15736 11048
17528 12096
12133 11367
7295 13815
218 4497
17316 8190
5708 17492
6522 10974
10152 10234
2905 13198
5364 4229
14735 18057
350 2028
995 18056
12484 3351
177 1572
16021 9934
12969 14657
14477 1993
8373 16361
5553 9203
17981 18172
2279 17840
13784 12091
3814 5390
8731 8219
1521 15265
8115 8651
2049 5251
8897 4604
11434 3390
12245 14911
17696 15243
2119 15271
8725 7915
17218 4145
6591 18236
14902 4314
8145 10975
10040 17867
10775 8141
4741 15862
2136 6734
3372 190
1529 3607
9074 11967
4278 10821
5277 5352
6614 586
9125 10872
8826 15716
8861 7537
41 11347
12427 12837
4773 16192
1806 2218
14716 17101
2465 6237
18159 2095
10914 2657
6160 4975
15860 3821
516 18020
17438 17098
5291 9775
929 560
5183 16931
889 9614
13510 6054
2126 9523
2619 16719
2748 11682
11297 6093
3305 4795
11186 8196
16382 12381
13584 13338
5970 6560
11036 8621
16600 14908
15430 16862
2339 13125
12865 13459
8647 17666
7228 8837
4437 8078
8163 16263
5563 3217
7073 10525
6839 8449
5552 8454
5699 16049
13780 5357
2889 5934
1173 11815
4792 1670
11141 43
6492 8095
1425 2058
9489 8801
7713 15339
7501 3373
4243 494
2663 9655
15118 2584
15874 17754
9489 810
1444 8151
11413 9537
12203 16270
6903 5577
5990 15498
14804 16845
2899 5691
10049 1422
5517 16372
17246 6275
10937 11781
1113 14475
3297 10796
6966 8274
12906 9398
94 3713
4638 11052
6395 4660
1324 9017
16074 7854
11028 12521
17585 17577
15746 8649
10358 5186
14820 3857
13639 10369
12791 2512
14516 4641
4487 16738
1732 5566
10362 10795
2441 8602
8149 15373
8139 10624
13981 466
2255 14148
7263 13594
17769 5102
7033 4385
13884 4158
2829 9731
6915 9478
5041 10580
12080 12737
11136 13709
13320 11965
5888 6615
5868 13345
14192 4882
9303 10359
2135 7679
18114 14131
804 2451
10216 10179
1514 13185
13748 18254
9357 14371
15856 12141
11245 13194
3430 13335
12592 7983
1284 11621
9929 17329
12509 1783
15867 8869
13047 14544
18014 9678
2779 17304
15999 11440
3746 15046
7326 29
9161 499
4556 12986
8297 12448
4337 12177
12305 1522
9365 14879
14805 12606
7721 6152
16310 16548
7963 15059
10051 706
4764 1982
11889 6805
17424 8884
11190 17180
1583 15858
7542 12658
143 13426
5986 14546
7858 17813
5955 14355
18197 14993
170 12157
11396 16859
12937 2872
16837 15191
9197 7213
7505 5081
12038 13864
2226 4521
7554 7403
342 17626
15237 9491
17514 2122
15199 14606
1435 3794
13083 1796
14887 16740
12731 6949
14520 8022
4700 1861
3843 11155
10707 15309
3794 17012
4795 8642
6215 13331
12066 11628
12130 6036
7193 1967
11269 13925
4199 15455
16149 2526
1737 8517
7757 14065
13126 16890
10577 4312
15951 16693
14924 9054
9691 7064
2477 11380
13651 14494
373 1122
11231 2004
5373 16833
14295 17892
13650 15487
6673 14334
438 1066
6710 17167
5050 13607
5228 4193
2917 10107
13974 17396
15670 14953
13749 15139
11650 11619
3642 1496
3630 3490
7394 12742
18040 18079
13143 17841
3644 12614
10887 4899
9985 6318
8154 3400
1470 16278
13165 5008
16739 13401
12520 12774
4607 14831
12777 4311
14225 8871
16234 16526
9569 8129
10096 11829
13960 5734
5475 8180
11612 12503
15025 16654
2894 3636
9418 9764
10814 11875
1207 16279
9396 12723
5166 12631
17863 3263
8273 4891
655 4815
11474 18267
10798 10068
9279 11110
8503 1639
3114 9479
3485 6437
7295 9720
8560 10326
10523 16413
11147 6373
892 3436
6747 2625
10452 3292
606 6983
9640 16531
8923 4071
985 18140
854 11145
330 1315
6564 17037
11061 2411
1854 8597
1619 5000
17779 10545
18097 17416
3562 12480
7543 2667
17304 14070
5719 17526
18065 3696
13629 4268
10961 10485
11798 9927
7164 7378
15529 2308
7324 11244
11878 4850
12034 15037
10375 7120
4457 4757
1321 8566
16651 16040
16311 16096
3792 12252
8990 14913
12825 11224
13682 6822
711 14883
7214 8398
12428 15200
902 8481
8241 11227
5980 6148
3016 17720
7481 14010
12174 8992
11974 11738
5427 7220
10582 5947
3029 409
17443 9495
8812 1683
9047 11246
13527 16543
9720 6692
2523 3882
3397 3269
14704 740
10900 9715
9660 10569
2483 15895
18137 3359
10013 845
6868 8461
16091 11620
14490 1117
1413 7253
2532 17321
10660 1966
10047 6869
11750 7371
4757 7479
12747 14871
18142 5558
10492 4909
10921 6494
13766 11405
5009 12049
3191 18004
10891 14288
6888 5835
16524 14602
9867 8670
13107 5296
10931 17481
14045 11090
11130 10565
17430 15054
14426 16386
16875 16204
6743 2868
17727 11021
2056 2404
12943 3544
2582 8397
5401 9352
5023 6046
14477 10412
18160 3072
14674 14590
16076 575
14945 13139
2026 7398
12936 4698
10206 8972
16081 17965
606 10417
5852 14297
196 10339
2557 3875
4853 3304
9528 5091
12466 17064
16530 1654
2273 13020
10204 9580
14171 15278
8917 7106
17406 8681
4857 6620
10664 3974
12506 3624
3146 14811
16450 4539
16761 16342
5079 12818
9209 17402
16616 8136
10819 10036
17775 2754
16153 8152
11038 16986
17505 4925
4212 335
7737 6153
16927 10475
11044 12591
4932 16465
53 11990
11578 5419
1806 5968
13761 4018
10923 10026
8312 12551
7771 13444
15150 11769
13709 1958
17330 15497
8688 16241
13104 1204
12723 3000
6140 18192
13005 5284
733 16697
3190 16381
4706 13060
13771 2615
5897 15337
15893 12276
3268 16156
810 11364
8621 719
10007 1305
15971 4026
3069 5640
7629 2599
17705 7521
12911 1223
1666 15528
13792 14673
10529 14350
1488 10749
13584 12795
658 17737
5116 15737
15037 3122
12681 11446
7439 2097
6978 15125
15064 1245
15649 11986
9856 12192
7897 4248
7103 13530
6354 13356
3853 13641
10270 11209
16033 7089
17142 8425
4167 8342
17154 5201
7303 13743
4424 8291
15702 13999
2734 7977
5732 12661
18230 11654
2329 13470
7770 16147
926 14748
5457 6035
1766 4240
2229 5045
2406 10990
7094 984
16691 1759
6476 14230
8681 2680
18012 10527
14405 10517
10990 6325
9356 10668
892 1427
10899 12584
89 10287
11710 1231
17438 3123
16427 15050
7579 572
13607 17210
13156 16415
8276 14746
4645 10559
17324 5871
926 13532
8731 5189
3296 16048
3335 3553
6388 18090
3644 16762
9242 1690
500 9534
1694 1449
10362 5648
5557 16299
1848 3337
14254 8776
7332 780
5360 862
145 5408
5185 13772
14760 12771
470 11642
909 709
8303 1291
16607 7446
9074 3259
10684 10195
1406 9651
14604 14682
13217 16399
3262 5698
622 2138
16430 5515
11496 16034
4936 7074
10917 6405
3595 12557
1193 3744
1185 801
15630 9204
5782 17050
6920 13239
2358 11982
8398 14840
11035 5110
12527 9805
116 4029
8843 2236
9326 4740
3316 10781
6573 14408
12170 6902
8799 10633
6244 1906
6360 7453
2848 4812
9476 17297
14403 10506
4521 4871
14126 1295
12725 2321
18305 12341
6486 5721
14181 2467
16347 17591
1429 8582
17954 991
14609 11792
8111 8435
9323 15973
7562 15748
8586 11881
15710 7410
3146 877
7885 18015
17130 4599
8450 14778
2404 10970
5872 5735
1348 3394
16004 12247
5977 9952
3013 9636
4483 13657
16536 13173
5791 7722
7100 3237
5346 18021
15383 10826
10765 12505
13259 9009
8378 11433
5599 8171
8698 16572
17035 6831
2871 9193
9189 7090
14277 3598
899 4262
5471 6973
1427 13247
2652 7946
14316 2448
12882 16501
10418 17512
5882 5156
15802 10054
9331 11372
7780 15707
16716 1635
17614 15324
17434 12655
17215 12249
316 9560
4058 15662
10398 118
18268 2400
344 1801
13903 6272
8142 10509
16815 14129
8562 15311
16672 4821
6431 17186
105 8899
14698 2834
4331 5216
14088 4717
11058 3589
4255 52
5368 9247
15895 16915
14770 5936
861 3842
17720 11934
719 7879
5534 894
9457 6748
9487 14027
18019 12844
251 6456
6050 9719
2754 5173
7971 14890
7364 11247
8472 811
3232 1074
5804 7176
16760 14246
15153 15043
9861 282
14909 13887
11303 1013
18075 15818
6228 15762
16526 9131
15427 2002
7567 3004
5224 14326
2682 12444
11118 16287
10472 8971
2505 8521
9139 7011
3813 3213
229 15799
12085 11838
2810 7020
12737 4778
11263 11368
4885 2875
13658 4727
1638 5730
14401 1191
1306 4228
5994 15476
11291 16010
15263 11565
17013 6533
17752 13278
17370 8648
8053 10149
10 124
2902 7024
9637 14462
11483 7789
14947 11782
9767 17398
435 1419
1602 11239
3338 443
10375 3673
11605 16667
7789 3770
18299 14899
6700 16035
7480 12734
10667 9573
3606 6647
3436 14107
5890 1292
10095 11033
15371 15286
4854 8016
2522 18107
1149 10925
17223 3456
12484 11928
18034 11860
2449 12999
9833 928
13766 315
9938 9439
9048 3230
9745 3736
12157 4572
8260 7839
8885 6881
4067 14646
326 16261
4360 11594
18083 16841
3299 8412
9538 2346
17288 12873
10926 3935
7361 5497
7307 11384
689 4151
11130 16957
9094 7290
6264 8455
11360 18294
17022 6444
16144 17311
9599 13779
11215 13114
11547 3124
5552 372
11919 12217
9718 18085
16251 5798
11233 12586
9242 445
3759 7026
1864 4610
7919 3883
10279 13209
11026 2948
12261 3985
17969 11696
3789 14643
18083 4213
223 16431
2322 16949
5285 8978
1722 5215
2347 16663
8631 11067
11833 17541
17781 13677
19 11328
4248 4034
16414 18105
5838 4203
3184 5542
11358 10513
14802 9494
4546 4731
16050 999
12620 14951
9772 8527
15198 556
10274 2986
16262 11312
6984 11463
10461 1489
16998 4011
5505 9689
1518 747
5589 16265
3658 15336
13537 11402
2132 422
9485 7150
17201 13134
527 3215
17462 17949
13702 8238
4262 6256
6786 9911
14810 16111
7505 12773
4653 5255
2321 15195
425 9702
13812 7113
7285 10870
17064 16291
10375 14542
1924 12488
3330 590
18276 3098
2811 6588
2818 4710
1295 11660
8609 17448
15828 14513
5267 14617
15937 14268
8382 13700
12079 712
12781 4186
9402 8441
16343 12441
1831 5206
4409 11441
14127 4545
13661 15661
5948 11806
5915 3712
10009 98
2522 1926
11511 39
901 5892
15118 15314
11672 17515
10654 7985
7564 16514
3086 587
1446 11784
14562 14133
4608 16710
2736 9693
2124 12697
3272 8537
3749 16271
17418 7076
184 8512
6763 9936
9216 1508
5548 17382
17402 2552
9310 11235
8555 11456
17843 16334
2586 3294
13949 3866
16832 12260
9170 1326
2914 11274
5917 6904
7169 14050
10679 2363
17230 1600
17329 13461
4218 3777
1858 3788
6173 9135
11559 1172
12397 1309
538 16509
14355 7341
1598 3063
12304 11651
10688 10637
15825 8894
3738 2106
3916 4917
544 15303
17313 12671
12104 13367
2739 8713
17962 5724
10695 5933
14054 18222
17950 16945
11213 7408
9258 11564
13906 4142
10149 4575
2989 9508
4459 5188
14112 4468
17782 17978
1794 6550
10245 7379
14045 16216
780 8359
9269 18226
720 14509
14376 1281
11340 8519
7715 510
14475 12970
1100 16551
11072 9788
13249 14987
14707 12413
1732 13758
12483 18072
348 5770
5317 16599
9168 18089
8638 3508
7222 16765
2645 3667
8826 8542
14431 17674
9458 8528
2933 10191
9910 14732
5568 15542
2457 3743
7326 12300
11105 7433
15292 8308
3171 4194
880 14637
13010 13572
8564 1133
13449 11528
10904 5675
6203 15491
10354 2617
16647 15074
1736 7827
7479 3023
1046 18041
14468 6718
4301 3188
11401 16124
10586 3242
12906 5971
4512 594
15791 14261
16896 6502
14891 10799
2060 1882
11626 10212
15232 14217
161 4949
7768 1216
7990 4475
10405 2590
17257 15641
4759 10627
11309 8354
11870 11981
3089 15076
1834 17509
11027 121
10391 13561
5351 13846
1493 14101
166 16801
14186 7377
15425 9845
17836 17964
12342 15000
8802 1120
7758 5844
9385 7725
6866 13094
18282 6043
5315 5226
6228 3752
13340 12522
7406 11646
6080 6511
11039 12826
6050 2110
17803 533
8231 13219
112 1015
12803 6722
12092 9113
5365 1382
2011 4106
6009 16315
12529 5024
7983 4439
15312 6221
8629 4735
7593 9648
13959 15272
11783 1380
9567 13225
10027 3386
10285 3273
5415 7154
2358 8690
17953 11765
9194 17355
10114 1378
15985 163
12316 1405
8170 4626
12222 13961
5592 2407
10782 9876
50 1065
783 4450
15080 16983
11819 15330
6573 7268
11326 7411
1781 12648
7068 11911
13851 8980
12987 8130
3565 14058
14068 8608
15773 15485
7571 18047
2820 11810
15149 9883
15605 4506
14268 1575
15701 5112
8341 10430
12236 10232
2699 1888
9094 2165
10371 7805
12280 10039
4569 16046
13520 8361
779 11133
10343 12221
16996 16495
6788 6246
188 15323
8898 14940
14093 10916
14844 13437
7865 10515
3557 1937
3448 9935
5956 4140
9736 17047
14753 13913
6730 607
9717 14374
12919 18005
2617 8654
12505 11553
3949 9280
13155 14582
8300 12861
2956 10439
11738 9200
6846 1260
9606 4322
11834 15594
2576 11885
3317 12139
9696 16102
10981 12475
17401 6579
9072 4507
307 11393
18233 8940
14426 13580
4077 702
9788 13609
1705 6784
15316 381
6713 6792
8786 10437
12725 10780
5450 805
8236 9576
15710 4087
12173 4005
3889 12024
12045 2352
15783 3169
17376 16560
18164 10856
1643 12709
14657 17807
10494 16075
17515 12013
8608 7028
5900 3973
2322 1282
93 13242
13147 13395
17174 6836
14015 6208
17379 12330
6419 13895
5092 11228
1107 14279
12854 7063
17185 2857
14666 8879
10925 17909
11090 11002
6730 11175
2127 14016
11973 9147
10116 11289
9349 11812
9992 569
11833 9875
1483 4121
17521 13956
16590 10360
9769 17513
18144 17890
9269 2059
15037 1391
13763 2123
4272 18320
13584 9683
6793 7572
1629 2581
9569 14690
11493 8143
8700 16541
4247 7157
7648 9619
2099 4709
8266 3868
10048 9932
5157 8158
10769 1767
4497 6105
9193 9865
11919 498
7541 13549
7867 6
6010 15304
18282 16424
10166 15834
11744 12637
9058 4025
5060 8694
15048 6308
11633 10508
16902 18248
1405 612
14942 15284
9391 14153
6536 15729
15173 2331
17316 2230
14091 7835
17570 7389
2940 16496
3729 10805
10080 10566
11390 11363
4483 17386
4699 11557
357 5854
1567 12278
17323 16385
15835 5886
5925 1494
15323 3015
17932 16082
15727 3327
125 4579
5908 16419
6712 4752
16819 13179
1707 1085
3144 16375
10156 3514
2103 11520
12988 7534
3119 6918
10219 6654
5514 14545
10120 11333
15945 3415
10283 2286
13907 7174
3937 15277
9937 8352
6063 3133
18196 15154
5076 5488
4013 987
429 17900
1787 3388
16927 6037
6702 17155
619 1511
8164 5824
2278 8956
17539 794
13148 3668
17342 7130
1194 6062
5614 13861
5517 14649
13731 3478
1269 15458
15220 727
8510 15560
9008 4924
10146 14779
10748 4886
8739 16305
14837 5311
12150 4746
10103 10907
5888 10163
11238 11357
4973 13849
4743 4782
7579 17054
13473 604
17631 13353
6729 1174
3016 12746
12989 13457
15874 14351
4873 3113
7366 14479
3626 16908
13796 18011
14374 16879
7318 370
8801 11529
2383 15876
7611 6084
12351 15980
904 2867
4969 5466
6719 9416
9857 158
11632 15177
3768 12511
3541 10828
4688 113
7556 7040
9962 11422
14246 400
5229 10511
583 16850
1850 11176
2625 8390
15767 1354
9769 332
11692 5249
7614 13880
15855 6169
8696 4431
7169 10012
13992 13622
13654 13093
10906 1790
14840 4719
3885 3725
1873 13902
9049 2334
15741 10723
2366 11979
18063 8803
6466 4478
5357 8321
79 6186
5937 15940
16624 17044
2830 16104
15035 1944
5304 17239
3155 7221
12326 6757
15752 8734
765 15320
16252 14692
10651 16458
7370 3838
8744 13272
16915 2152
16194 17624
9013 6338
12463 3962
13157 15143
12812 8768
9949 8767
2812 14487
12407 12715
12094 7606
6113 14827
1539 2061
16372 17595
7312 9153
13375 535
1414 16609
4643 10181
16157 15854
15640 11758
12521 13545
9289 11504
8266 16768
4458 17611
7411 9550
14302 3196
14647 5035
14214 9018
13367 18101
6971 17039
558 12984
767 11261
11034 8106
6151 8754
7827 10678
17764 6676
15486 10214
3953 1534
8595 8043
6752 2859
17100 14603
9683 16158
1199 724
4391 13900
3513 17504
11972 7427
17616 4420
11119 14280
15604 937
8793 2634
16697 5723
4803 2764
9839 5495
17418 14860
3684 1829
3711 3812
1189 1344
391 17741
14399 603
9373 16326
6099 6239
9262 10973
3628 12751
1827 6848
1574 18241
6406 6060
11786 16969
13768 10244
16805 5983
8760 2093
8217 2267
13842 11808
10201 3178
4416 1428
3600 12142
10986 6630
17646 13038
13533 11653
7361 12651
14473 5772
3601 5941
10048 9755
5774 9681
7620 17312
561 4470
7544 12930
12897 225
1011 6007
8905 17951
14197 8394
3531 2200
4015 12907
15876 7060
982 6539
3957 5054
15772 11204
6327 17036
9535 9212
12485 1395
14692 6077
6481 4364
17603 15240
10527 9503
17321 15674
17463 13018
6228 11962
15192 6356
4252 17701
1431 10254
15810 1114
12185 10389
13077 16502
5781 7425
5373 14597
16113 12935
298 13050
7217 14484
3212 16564
3353 14113
8777 9868
10417 15203
12079 1536
8002 1599
10973 13916
142 12403
18127 31
12500 7765
6811 9301
8887 16848
16874 9662
3038 6618
12629 10818
13074 5604
12216 1948
8339 2861
17237 15137
7858 1782
18151 199
6737 4842
8020 9499
10803 4874
10857 8120
11422 8444
3642 9342
4228 8919
12436 4867
747 13672
15735 14624
4769 14843
16376 6948
1004 1994
3902 2906
17017 15645
244 10190
1001 14636
7788 16924
15781 3689
11711 8360
11476 10531
7011 6322
1846 13685
15507 5402
14272 10164
2510 10057
5132 9134
7486 7353
5715 6843
5523 7419
4971 6598
3750 10731
7048 3221
17602 8313
8847 7665
15141 9133
13954 4254
17051 3090
3713 15431
4126 10202
6175 12778
17546 16219
13992 13359
2890 13084
5488 3994
6384 12616
5013 9895
12844 12224
6277 2111
15015 6483
16572 13
11335 3406
16207 7893
14217 17226
8204 9208
15382 2918
1244 16282
3312 4401
16915 12324
4027 10909
15207 11370
4880 8646
9766 11462
6067 6132
4814 9516
7647 3558
17571 15908
8341 6229
14286 8470
12454 8761
13640 16673
14627 17615
11407 9771
7138 1070
9958 197
4998 8498
6689 12433
17016 10496
913 18240
12018 9645
12352 5654
15956 6365
6787 16388
5249 16459
237 15836
862 14814
892 5785
4004 8882
9132 13797
1578 9746
16215 5376
4971 9199
11339 18252
6570 11084
5958 8809
2400 12072
6445 3356
10450 13989
4040 2109
17330 6402
1332 14903
3850 9172
16610 2801
7748 9386
15916 4008
10983 3576
6233 6199
10447 13897
6931 8488
15003 1201
5622 13323
11718 2013
12006 11373
2836 11185
4338 12313
13502 13845
15607 1840
2619 9015
17428 9021
13849 18115
1270 4555
7504 17265
16439 1908
13402 7663
13055 3967
6112 11795
5703 88
4448 1912
2971 6953
15758 4866
17022 1376
11459 17437
6252 11232
4593 2085
7315 446
149 306
10338 12900
13013 17193
5879 7575
9929 2612
8620 15678
13435 16145
3168 7474
6096 18061
18021 6816
15906 16508
17522 6086
8377 1246
7721 15456
3631 11720
10026 4951
14097 2603
5840 15347
15206 12682
10150 15565
8602 15763
9062 8445
10953 13566
1884 5511
4569 11678
17728 6301
14707 16476
12897 16867
7804 828
2108 1337
16251 13578
9129 126
924 5257
9024 6552
14118 10625
8032 617
8805 17419
16620 2051
6299 5391
2597 6716
15322 18156
13973 6791
11899 16313
7807 5140
3721 18232
839 726
719 340
16133 8975
12316 15654
5138 15776
10518 4343
14037 4304
11631 1416
5023 9022
5100 16676
4780 12107
5850 10863
220 734
5656 7274
3415 14042
1680 10505
2538 5547
1137 6218
2173 7179
4488 16623
3810 3851
10388 11959
8521 11137
8614 12235
6471 4306
888 5484
12235 8320
17526 7421
11082 7782
844 8934
7535 3443
17216 6886
11920 2233
10358 17888
6504 1362
12406 17980
8685 15078
5105 8757
7952 8003
16213 9222
1805 2665
2117 16198
2469 9227
9422 9633
6213 12373
14885 9050
5025 14502
16464 3393
5091 14849
7426 8880
3928 12657
15366 2420
1786 16744
2475 6274
1829 11418
6272 16175
1210 4987
11601 16779
8352 8973
10797 5433
16616 3654
1755 1775
5790 4683
3736 6666
10162 11910
6461 2802
3520 10172
1265 5931
8590 13276
8218 14992
132 14182
3296 15257
4448 16482
12881 12421
7356 1517
12099 10785
15510 5379
16535 12050
1252 8878
14882 11220
1533 12318
5950 4394
15515 5150
17758 9975
16457 4937
2422 13539
2730 14185
14934 16877
12635 7781
9614 18118
11697 15287
2603 13191
7538 17408
471 5580
5515 3246
5852 12808
17708 2466
12100 15621
2511 9671
9530 3872
14342 8720
15355 15045
1194 8292
12085 15442
2944 15659
15567 18194
567 3094
4695 3472
9086 7699
12453 15397
13110 632
11706 15598
3389 15062
8281 9511
4882 14250
14551 6853
1715 4323
2203 5796
16173 504
10513 4878
13803 14768
11825 16725
11903 13455
16877 11077
17898 5894
10686 6895
10506 15047
16368 11685
16825 539
13063 8977
12830 7490
14847 8671
9579 15847
1032 1400
5956 9591
18034 12817
13573 2300
6946 4668
3112 8540
938 33
3104 2295
6319 2424
5295 2274
10899 11258
8526 17986
16104 5757
11298 13767
1797 7010
8909 6555
3318 2822
5315 2755
6167 759
1423 9483
16210 14858
17795 7912
15642 1052
7910 17474
10905 15438
13446 8307
2763 9855
14349 3679
11322 6645
7914 16481
9016 11506
4736 7986
10954 17399
7242 18319
3843 3767
4229 5674
4505 2756
17502 15612
3616 6935
1114 7956
8533 13637
7272 13874
12149 10455
13910 16532
10538 9996
4049 6924
9434 3281
687 6045
10742 12783
14635 1559
1647 18
929 16622
17428 15931
3564 17194
11089 4237
14101 12496
10789 14174
2693 16185
18316 2311
5230 16611
7214 7037
8660 5093
8516 13787
16158 6523
11710 8908
9136 2155
8383 15129
8318 7511
2533 14073
16421 13234
1935 4681
14925 4648
13787 9097
345 6420
9637 15318
3003 7235
329 1978
5791 869
13406 12752
10110 9610
17831 14507
9726 15433
3149 8006
9403 8311
18233 12820
11698 10608
14946 8050
5486 2598
15679 2750
7147 8430
6495 5996
11472 5209
108 12653
6890 4427
8070 17326
8709 378
16081 9345
11051 851
11134 17427
17838 2080
5373 4614
10565 13795
16184 8743
16529 6345
9723 8146
7937 1942
13624 11998
5462 1353
523 18010
4908 1777
8720 16783
15675 15942
587 4375
410 7152
4045 17913
14129 14213
3326 7870
17681 9669
17538 2795
11316 15885
331 16711
15576 9253
17055 9328
15405 16247
16533 7469
12718 1290
15206 8606
17029 11643
6021 3245
2892 3901
17112 17845
17120 12694
4466 10318
1662 15824
8930 12005
14087 12624
11503 4672
12987 13442
18258 15317
5471 3474
1010 10919
13113 10137
17903 10611
5953 4561
18304 17712
2621 6623
14507 17339
3757 16640
9995 15888
8524 11149
12746 9886
5957 10302
8433 9039
12164 11675
13005 10345
17409 6725
8222 15403
7743 2589
11166 14906
15708 10947
13616 1408
2417 10809
15910 954
13093 15472
8035 6641
14940 18098
11686 14005
1979 5633
14897 12922
4979 13586
9220 1014
8983 2969
5246 7215
13360 13596
5806 10924
9614 3927
6066 6367
9229 5053
14434 7146
17152 9322
9172 1026
9076 5329
7578 5613
15632 800
4104 6368
11114 17598
17155 7742
10901 6739
4747 1984
13042 2461
1488 6241
14855 9609
1641 18296
9698 11318
6105 14765
8879 14388
7958 13675
10572 17908
933 17487
2256 10089
10207 598
14054 8039
5355 663
5186 7769
12177 8850
4130 12493
9868 17990
14870 3597
9855 17853
14760 4799
13465 1727
130 8134
3281 2480
4746 15808
3520 8409
12014 9513
4970 10827
7085 8402
1886 8821
8101 16322
9184 7434
8417 2326
2414 5095
7533 3704
9854 7306
15882 10656
12227 2548
8846 2803
8498 5673
8843 9892
11139 9080
12753 17622
665 3714
1971 3816
13620 8961
10387 7704
10050 11465
10887 5397
15186 17251
4673 15331
3255 2670
4614 2865
3996 3992
5254 9118
4044 6723
6949 2401
1138 12054
521 11941
3026 9611
9035 12055
14326 2336
15084 11107
12518 10587
8358 14410
7120 5919
17438 2486
8318 3605
12880 7596
15689 10079
10726 15417
17595 13994
3220 9163
1110 5561
2591 15657
17963 15448
4939 17859
7496 3612
7603 1792
11454 14585
10099 525
17275 3309
7733 16484
13081 16380
4992 2030
16581 15454
1084 15531
16318 16003
15920 10772
6762 12035
3569 8832
7604 2102
2250 2535
14315 14982
16938 14231
12698 14278
6487 11075
15537 10760
1176 160
13874 10124
11833 11177
10415 11935
18135 14480
6914 2160
2239 15768
13618 12941
15089 9120
13144 5241
10773 10081
9452 5910
4874 16721
3338 3446
8920 15345
9160 8703
7266 589
17938 4156
2805 14616
11258 14180
6668 13653
13499 5213
8390 8827
3836 14970
5672 1756
14137 12784
5564 4332
8380 6430
2482 6255
7754 12230
17980 12143
16443 16705
10843 16016
6883 12767
6141 18036
16124 11346
575 7689
14609 6770
12697 17374
17365 11661
12743 9183
8014 15544
9076 4014
16673 16196
15223 18136
3388 948
3107 17907
3642 16405
237 6458
2853 2568
16665 15720
10449 11299
5240 6004
726 15415
3370 3333
15141 2575
5267 5634
4065 6316
6918 11837
6534 9993
534 8591
9353 12110
17197 16197
13775 5243
13326 11587
15381 8428
253 11514
14631 17530
226 6448
13826 404
9507 1030
11063 6513
1147 7112
13611 17030
6886 18117
2135 1768
17346 2877
8156 9709
14823 12033
16443 2445
9799 17453
13026 2650
9557 13015
6947 10951
1517 7939
11082 2493
1792 10653
777 3841
1909 9526
17142 15361
14002 2953
10487 9004
15327 1532
15761 8338
12733 6892
6014 11984
10067 16164
1381 1465
8247 4066
1827 7159
7595 3306
15057 2161
2637 13872
5010 11056
14721 14202
8409 304
16422 6933
12183 13377
5596 5089
11154 15280
11628 12327
8389 11294
16323 415
11565 17333
15763 4962
14140 10320
15476 15901
3933 4122
875 14898
3959 9081
12757 9171
165 3428
11688 6520
10656 15532
4439 10737
2659 2602
17880 17343
16955 7384
14541 7846
15953 6382
4151 14959
9909 6198
12085 8407
7508 2115
15338 6529
6190 15934
13369 236
1104 3669
4419 15028
16212 13711
6754 8279
9483 7573
10217 17811
24 16735
10081 13453
7573 826
2457 12502
6482 17040
15518 10759
1704 16350
17106 11811
2025 2546
11713 4573
12557 7018
9568 5753
1282 7177
13242 5239
16706 13160
17403 11070
14232 14904
7646 14737
2845 10175
8204 10100
16449 1160
576 2143
16900 16586
15079 2206
17636 5353
7874 8632
5840 10696
17227 6026
16752 16162
3815 12423
7388 17532
12667 3653
6578 8203
17398 15525
15383 6697
6990 1675
13219 1115
10090 6285
13881 6926
12149 1891
3139 891
698 12538
446 4636
6973 10282
16443 16072
1844 1758
1062 14110
6418 4284
2135 6130
8781 5875
13448 2939
9447 11135
8600 15083
9069 5162
3556 16592
9379 9392
17831 9014
13447 12913
9760 14740
17722 14943
5294 15097
4951 11845
14298 13678
752 12758
18030 17208
5900 17235
17964 3195
13628 3747
8674 9477
3129 1930
3755 17610
11352 4379
7610 13552
15663 14354
1737 15955
10823 14396
16531 12680
229 3699
4347 15451
5804 5395
3149 3488
15853 9493
13914 13162
17325 5423
809 9375
8880 923
5791 5500
13511 5418
15873 3534
4311 4798
155 13357
3764 13523
2060 6844
9320 16894
17461 10728
5747 5358
6900 14701
12060 13571
3486 17544
3176 2785
14758 14296
4129 9217
12069 16990
309 5658
17492 7974
16069 11722
11275 1547
7212 5551
12046 17158
9038 12095
17667 13486
15675 1725
8198 6184
10323 11212
627 11003
3261 8798
1461 2604
3820 2280
8974 13394
1621 17109
16965 14361
17790 5637
10489 15552
15875 15859
15403 8723
2853 11691
12681 4651
11913 13184
16099 13297
8114 5593
11177 15777
16165 13182
425 10015
15810 228
244 7800
7603 820
15677 18224
17144 15196
4766 4242
9424 9532
1487 2735
12123 9372
7705 7035
9339 549
3337 14981
14215 13564
11922 13515
1403 13984
6619 10927
14225 16903
14493 8175
4605 14367
16798 2846
6075 14238
12457 3121
1994 2891
18295 17698
16303 15582
564 8682
7607 7250
1222 5434
16313 5818
5134 14489
5412 17757
6152 15068
10511 8019
4235 17076
1929 5088
4274 6428
15698 1649
8345 15367
18057 173
7970 4754
15876 17381
5418 15656
18036 10701
6557 10082
9640 13419
15585 9847
10851 14706
9722 10747
1241 11617
10583 16994
17906 5455
3177 16653
938 9830
3490 1501
11544 4144
3534 2932
7741 16474
6970 18106
58 5702
13937 12075
14865 5800
496 14975
8343 9040
12781 17812
1154 12264
515 3277
12745 274
16065 11739
7761 7166
1442 14201
9315 11311
8838 7053
1658 1259
10149 8306
15997 14226
13581 4763
9531 9874
2883 7774
13178 10971
17226 1753
10015 2640
4172 15105
15548 5587
10158 9784
201 3547
9399 766
10720 9967
8303 3709
12822 8132
6586 14001
17083 3645
15404 7601
17634 10892
15242 2082
2493 5085
5155 12806
13377 16588
4378 9616
2888 467
16812 12211
7216 2481
5442 13938
4142 4888
6411 11556
5973 14120
15041 10561
8460 11921
6712 16858
12060 9504
7254 12974
11186 6986
12948 2515
11971 8719
14339 1754
8498 14834
10357 15646
17968 16975
11211 824
10508 11379
4126 12623
13089 2276
5189 14920
15811 8201
6043 9340
10626 2737
8409 6410
14617 16106
2805 10603
14799 3804
5424 906
622 16446
3195 8558
14447 11895
16192 15130
7737 2194
6636 11317
17185 1253
15809 11023
2614 1627
14460 9056
16032 5788
17122 3942
748 13250
11570 11610
2055 1064
270 8030
11885 17817
13669 12874
9819 2943
6354 4002
9643 12636
16919 17561
10157 5494
10346 3932
11114 579
11470 14078
10183 1622
3447 7430
17104 9248
14608 15391
7393 16015
4934 263
14407 14532
7465 10368
12784 1653
8847 2919
8773 2446
3211 9628
9729 7803
12330 6603
4099 3010
14663 15294
6425 5309
16484 17961
13399 10416
4991 9613
16476 14321
14232 14570
5935 7609
1031 4826
10390 6187
6838 13127
11518 3905
8699 2864
2356 6864
16279 11449
4989 6337
12915 12445
17821 11856
11579 6916
12678 858
9118 14409
10574 4692
6793 7420
3423 8119
12977 13556
4221 11618
14106 818
5495 407
14552 4462
916 6738
6740 12550
8743 1410
17256 13660
3215 16178
14651 11764
11919 17619
6578 10196
16527 15335
3621 4948
9953 17924
4410 6109
3350 15226
13945 6422
13782 760
4042 17107
11890 7344
11494 3706
17766 7868
12290 7918
8103 3930
8439 5999
5758 12701
6784 14253
10364 7185
1598 13770
11448 12776
10422 11647
116 2048
9804 6894
3237 10218
4315 12097
4883 18185
16560 202
11606 11501
9648 8429
12075 13370
13533 14838
4534 10432
393 17873
12772 9899
12292 17697
3398 4834
6545 17919
11544 3831
1509 17710
14727 13756
2169 8701
4267 16881
11676 10592
17942 5448
5628 17279
17866 6333
7974 18201
3691 18038
1900 8057
3282 1883
2642 3683
1814 6295
8608 4136
1038 1889
15291 8271
3051 16494
7621 10836
10598 8191
11815 12027
12381 12395
4692 8124
3248 16129
6037 10209
9738 1989
7852 6270
5704 7823
3960 2372
14600 4441
11790 8492
6674 13192
8347 15188
14877 9270
9107 14392
8618 374
1058 8319
15345 4879
13608 7387
17667 17490
12520 1822
12714 4463
8131 8946
11125 10117
7367 17027
13530 6426
17941 4477
12403 15593
14095 7798
16795 796
7812 16304
7560 5071
16880 1094
15624 9774
1485 17117
4378 8830
5394 14996
13358 7153
16467 5974
4286 9318
4343 4796
698 16354
2506 16078
1668 7429
14341 7884
1991 1992
2486 17489
4824 15842
4739 7650
1936 9296
7557 15176
6941 14990
8833 5165
2601 6044
4121 9210
14865 2651
12008 3865
16497 16044
15770 9003
10586 5984
12003 2958
2986 17578
2448 11455
1968 15301
753 6896
13089 4771
16528 8813
3250 15055
2573 769
61 12612
11407 4702
1713 4734
15509 1474
7115 4845
4768 15848
2889 13065
5741 12437
1229 2008
12297 14453
13087 14245
1459 15299
13574 13674
9854 7349
9039 3438
7835 5300
17450 2761
4303 9960
3695 7876
3558 2780
1156 9978
11690 15796
13554 12458
17633 1258
11801 2746
6837 14693
13873 10348
17029 13569
11404 5404
10640 12084
9193 2954
10883 1541
13806 9441
2172 12645
17395 7114
2537 9299
13573 13246
10519 4435
7774 18131
5335 6942
12792 8023
10175 495
12193 5651
9116 540
10767 16276
9950 13683
8948 16002
3797 4096
791 6965
12255 3283
8562 8593
16262 6083
13438 6407
11082 12891
12970 9482
8174 16855
4688 6380
7524 16379
4657 1440
4733 7241
17766 18246
13198 5476
15856 16913
11697 5204
11138 14457
565 12037
3276 15843
16505 9238
15848 1384
9361 14313
6245 5139
11182 8941
92 18288
10890 15504
5159 3963
14111 15040
7362 11637
10104 9419
7869 7659
7064 6794
1149 8405
16985 4574
4080 14055
5248 16784
1305 13591
6188 3145
17996 2518
6035 18199
9049 15452
10297 11315
12813 2269
5834 5769
4586 4302
10362 4367
6350 3311
3700 17878
15121 10532
17113 5410
3600 1981
10835 13197
1409 8714
15214 5059
10331 14917
2906 15816
8213 10724
4863 9820
9123 3867
13631 4231
6653 7451
16913 5743
7564 14163
7301 6235
18043 14122
17066 15877
11195 2053
15145 9092
8658 1609
2343 14221
13144 10636
7507 16442
11855 15664
3530 12702
15137 207
93 16280
10766 13856
17831 9406
1345 10635
4117 231
3745 5220
12974 9973
6939 6392
13810 5860
4134 13317
2432 8822
4186 4691
14090 5982
10141 4084
8180 8906
4336 16363
5972 7309
2950 11112
2455 4074
11101 14495
4945 16370
13132 7071
724 15988
14382 11431
7541 10097
12336 6341
7285 17353
12747 7070
17064 15219
5049 12638
10276 1312
581 3742
4142 5272
9892 13183
10969 7278
13407 10474
6372 11398
16912 6393
5616 10842
13225 14889
5345 12399
8437 12883
6178 1868
4160 6162
17889 10247
5929 17519
10121 13041
16795 6824
957 3197
644 14527
790 6069
4235 2062
12769 3218
5460 15814
10562 511
11985 12744
2338 271
13186 3910
5083 16726
3694 254
2883 1437
8640 2689
1053 10777
12299 17348
15213 6128
9973 13223
3524 2580
12835 16374
12814 11102
12506 15428
1713 17793
7032 6817
8237 14756
7199 8362
6860 15169
17876 7586
16614 13255
17370 14085
11495 15629
2190 8949
16064 12213
1605 7131
8479 2275
5 6427
8373 139
2294 16028
9986 16093
5969 17956
16679 5878
4918 5482
7404 17829
3460 2879
6571 11030
2582 8464
5631 17488
12878 840
413 3265
7688 566
3261 14393
14219 7616
16691 9130
9778 4509
7378 423
319 8626
1066 4009
5345 4209
4354 18221
11364 568
1237 15685
112 14347
12151 2471
11377 15126
732 3596
14477 7810
12643 7031
13014 3693
3865 11624
13400 18138
709 12464
16048 16579
10432 2408
4610 9561
6283 5195
11839 17088
5142 12559
13746 10408
3043 68
16652 12306
13116 10576
16219 7657
4159 4676
9879 3081
16495 18310
10842 4292
5614 10675
8268 9563
12826 3618
11875 14592
7020 3290
17752 9196
13488 13935
16313 17751
4481 13070
2544 16883
16286 11540
11032 1799
12971 5556
6575 2870
12549 12933
13719 14769
14987 9566
1937 12763
11537 16274
6530 12349
296 14155
5785 6531
15169 14863
9478 4330
2450 1738
15070 13867
10857 5439
14859 1749
13582 16423
7103 12411
12354 2257
6864 17294
8898 1985
11060 15344
6969 13362
2749 4957
11616 7230
6433 4941
7100 7829
8843 2850
7896 4173
2497 14569
5635 13105
8448 14167
4238 15981
4257 13762
2248 447
14237 13701
14176 189
14486 281
1849 11008
10465 12020
12558 6912
8215 2806
9342 15754
8767 17556
11977 9302
14918 5907
2031 629
13505 4547
15714 2114
1991 2583
7737 6662
14 16839
3620 11668
10695 15648
12166 9182
11474 6799
15153 1293
482 14533
8856 9334
3772 986
7135 18122
15435 15628
1593 1238
659 1716
4065 9570
6201 8212
6041 9459
5263 3855
9968 5406
705 1286
6702 11780
8176 15653
10075 15087
2032 3087
15212 4935
2988 17367
12357 8724
1690 16269
6563 5529
4790 3663
11117 8314
205 14999
12581 9844
487 11041
5366 4968
5440 5924
1011 7058
7529 7651
7707 8155
11557 15703
16912 8740
14397 12499
7447 16549
1107 16860
5630 3070
2333 11468
11957 1179
4906 631
769 5485
9 14038
10130 4163
7262 16242
15280 778
8821 5595
10805 7636
2410 6414
7539 2534
568 2245
15283 3336
3 16629
11489 16369
17159 6348
17223 8792
16873 12665
596 4557
3634 9877
8301 13484
1275 1144
14204 18228
10070 12181
6459 9275
5063 13120
1699 15460
3450 2777
17911 14372
15307 11509
9570 3303
2281 2021
11235 11924
17786 17361
13540 694
17158 8178
1083 10568
1865 1087
307 4801
2461 7330
15498 1454
5687 12749
5583 6323
9742 6271
4542 10858
16712 11591
1846 277
15740 15571
17772 12896
8270 3005
13558 12807
12232 7234
4071 5677
4530 6065
16520 5716
14448 11525
12898 258
11359 16203
1297 5262
3093 9668
15136 7962
7033 9898
11781 16709
1030 9578
6864 12564
1153 11994
16968 13075
11344 1130
16599 9585
13506 5689
5886 7321
3522 1535
11082 2973
4099 2006
16553 16098
280 4538
14485 16058
10545 14978
17064 4081
16972 10427
12975 4933
9492 15474
17043 10755
407 6143
1406 4043
6910 5783
3584 13725
17332 11167
17871 8851
14788 12888
5968 18313
996 4041
14288 11331
4434 3358
5330 10802
780 9430
16144 6156
3604 12856
6711 16463
11604 383
3982 17937
9841 17827
9635 939
12200 5325
12515 9427
12278 7849
163 4630
8050 16248
9176 6158
4289 16131
8223 13391
724 2720
5528 18129
9642 441
10951 10700
14171 14961
3600 15774
7325 15133
7156 6108
13330 13965
4154 17184
16520 8965
14078 2463
17747 522
12451 4170
7454 9344
7661 9621
6858 294
9687 11127
16868 6767
17478 6397
9716 6436
4550 9213
11715 11522
5398 8275
2469 7837
6012 1349
7558 14019
16684 14218
12382 8453
2337 11832
17177 2702
6882 16952
7940 6897
2915 13180
16402 7594
3020 8008
4526 1205
1145 1335
17088 10837
9802 12996
14745 14116
16818 15554
5542 12233
3866 10874
10122 1304
6894 960
13602 12348
15089 16891
16457 7746
13465 1646
2558 6329
6788 12512
3818 10948
17853 16732
10853 4137
9097 10052
10419 2210
252 10324
1797 16378
7456 4807
9014 8577
10073 5073
8456 2695
13004 136
7374 14123
1673 17276
14852 17341
4138 11268
17692 9149
8246 9082
17457 10643
2657 3208
810 11234
11928 7375
2755 10402
3425 9394
18191 385
16890 2020
16651 8071
16826 15765
14086 8113
10357 6377
5490 7860
3998 653
288 14465
13117 16066
7557 12274
1913 9407
11223 6774
2634 7470
13227 16571
15487 4189
10846 3638
2175 3941
7070 7853
6045 5235
5956 2268
10452 4249
17103 17869
8633 7476
17104 616
14550 16226
15830 15712
15230 13690
1468 11152
10359 15157
827 18168
9054 16538
14312 2395
11652 3056
10959 16608
57 9730
5368 17910
17376 11266
6058 9926
895 14488
3386 4362
16416 9100
462 1741
8874 3495
5699 3275
10408 1180
2784 8411
2047 3657
9639 16320
4426 1007
5591 9994
10528 8263
10085 11960
600 14886
13053 11415
11889 17555
1915 15306
14238 13754
4830 8762
6248 17736
7970 7814
12737 13432
4394 479
11984 11726
15603 3839
13084 1220
4776 1779
1767 13889
3431 1669
12645 10744
3709 15248
10810 7121
11859 17077
10518 2073
1452 486
2372 10481
9092 10705
9161 7847
13240 405
2648 8346
12552 13090
82 3422
3291 18108
29 990
8463 9467
16750 3160
1586 15667
9180 5015
10667 14377
5166 16294
5866 8518
9497 10693
11061 211
3621 13908
7089 10257
15563 1757
4565 8168
4838 9316
11674 16810
12837 15310
6997 14656
16632 6627
8076 4984
11136 12899
2682 684
3621 11273
8231 5657
12982 10881
13152 9989
3970 1761
11812 8790
8062 14607
11328 15929
9221 7124
17324 7497
2102 13691
511 14259
1129 13137
5703 1748
12222 730
356 18178
292 5799
2743 14868
2203 14430
13276 14478
7078 16948
16686 8779
14323 10034
16403 14402
14123 1283
2112 15101
14800 167
4695 15787
10491 4190
6970 4387
1153 10840
4842 18086
2602 9832
16718 34
9625 10581
2016 2265
3499 14567
15367 2484
12761 17171
6558 4905
6966 17895
2343 8353
12598 5988
15489 3039
14658 1266
5695 9891
13143 18219
6215 7719
7493 546
12912 3167
11892 815
981 6391
11632 5266
8980 7273
630 5803
13853 11006
6235 15696
14992 14124
8645 2571
2019 4510
16118 13587
1476 13615
4013 10355
244 6803
17357 930
814 6071
13823 11071
3952 3035
2657 3458
2284 11140
8613 3018
8760 10897
2987 15279
12144 8208
16814 2007
3015 9816
12675 17196
9286 17242
3501 11163
13021 13433
13128 835
14329 7618
13989 8438
2616 9473
4963 18111
3691 9939
13282 10949
6816 3253
16545 7270
8935 15120
9468 17407
16582 6313
8254 14142
16921 5636
5152 6704
15115 848
15699 5646
5856 17770
7985 13111
10627 8282
2923 10467
14662 12764
17319 7706
4924 7299
8922 763
5277 11304
8433 2821
9471 10613
608 11536
13209 8239
14858 4033
12895 8568
1902 7255
16308 1124
14158 770
11801 9713
15705 1651
13083 5292
6935 17574
16249 4711
14446 11419
6923 14675
11303 3863
12731 14540
6468 11857
4719 12402
2207 7892
3452 10005
4122 2121
3974 707
289 15202
482 2491
7501 377
13350 2344
2366 346
9081 13829
15846 14072
1515 13187
6693 16958
3941 5169
5090 3983
12564 290
1012 11729
2644 7462
13962 10448
13375 14598
16989 8465
514 11256
17932 5533
2748 1109
5135 697
8292 101
584 11732
8579 18143
16930 543
1321 12824
967 6500
13783 15742
16106 17800
9708 328
3513 2076
14018 2673
16820 6296
10521 16130
14430 12528
15463 10294
3008 2045
9292 3924
10303 3860
9999 10053
5313 12827
14166 11614
12819 5727
5646 9887
9003 9312
9245 4726
7349 15512
5620 9281
2916 1595
12031 14741
9283 7080
9797 9364
12603 11776
5276 11305
15590 16324
14167 397
8219 1558
8822 15635
1079 16641
488 5333
6156 15719
16112 459
7148 6499
11402 15555
711 16566
3288 11813
6942 4187
17864 16595
16075 7645
2180 624
7355 8400
17484 8571
5146 15001
10990 18150
4442 17972
4554 16089
3211 4601
14087 1650
4082 14283
6127 12030
13338 8515
16470 6594
14200 7724
8595 402
2775 8427
13341 2234
10557 8344
758 5710
5988 12654
8613 2035
8300 6082
11742 16483
12410 2718
8766 13261
764 6465
14618 4404
8283 1447
1686 16355
12437 11936
10740 15184
2337 13786
18128 10456
4345 5884
3808 8041
15386 890
13870 1835
3218 4559
7110 13509
8163 11057
15313 12188
14489 15883
16800 9474
255 17857
15922 7587
11613 7281
7485 5693
18313 15634
12582 13361
5989 358
12550 8514
2219 4443
10902 16302
5458 15987
10129 11225
3842 5492
11325 2655
10776 2691
13152 15870
11579 10933
10288 637
17903 7954
10387 2044
12434 10691
14056 10463
3264 16306
4900 14929
8883 17569
13660 15353
16729 13852
5114 14450
4823 17472
10978 5644
6182 14031
1181 11018
13735 4164
3208 17464
164 11362
13816 172
15779 7945
9916 9794
7864 12443
6846 3132
10626 11383
2661 2832
11211 750
15617 3737
11657 16781
11911 16245
848 9215
2826 13930
2063 6955
2936 2022
15263 12797
11598 10945
4577 8087
10004 18220
9269 3984
12172 14521
7706 8932
5663 16589
446 10548
11560 18257
13159 7091
7237 17214
3045 16190
16336 13534
3462 1060
917 7158
13351 8549
16254 17960
11076 14029
249 18149
5407 5864
1132 14985
158 9028
6056 9011
4109 3517
7733 15378
500 12333
9262 1021
4192 11888
531 1752
12448 7244
11561 17151
14919 4196
15089 1162
11331 14179
6183 8862
17191 17687
7308 13847
11728 13975
15916 1500
9618 8604
17387 3978
5925 11111
11838 14808
6432 682
4600 14587
1574 14149
5461 11104
8250 6123
16997 16980
2910 5339
526 4784
17396 6776
2775 10429
1974 15898
10886 8506
609 3117
345 3360
9259 3677
12305 6106
17054 9137
17149 13495
1814 6412
13956 9598
4925 8207
10369 303
408 13220
2587 686
13089 4060
3823 15946
14607 17468
2446 13167
11847 1692
2822 5739
6799 4440
11691 3665
16272 4697
16189 11473
11037 14188
10251 3307
16581 10440
5628 16412
9207 1469
9159 13693
3313 15823
9481 2362
8592 11083
6385 14014
1776 13413
4683 879
11142 13324
10915 6612
18093 14725
11852 13349
4734 1192
1029 3006
1577 3067
11776 1874
17416 14228
6167 6593
13304 8416
11649 16135
23 4514
6513 15539
420 1278
14578 5477
818 13879
12366 14161
9163 12039
15212 667
1402 16928
16470 11789
2980 7442
2646 13243
1130 1819
5363 9756
12887 16655
7314 3049
7192 12793
5117 14633
13300 12062
13354 12220
9616 455
5607 13752
12489 11426
17398 2192
5379 16134
12734 18087
15528 7027
4219 14177
2423 8267
3535 16397
10504 6998
14646 9293
4681 4222
17390 16005
8187 10997
7009 7069
8446 15682
2129 11599
7468 11673
13087 14307
1433 10687
2699 11438
4863 5532
9487 2137
6424 17439
15302 5733
2118 2563
2921 9272
5951 13979
14955 8693
534 17660
631 13339
4168 6023
11565 4661
8831 10911
15218 2951
10920 7376
9629 2213
6553 2397
16068 10470
15088 10620
2970 9838
17376 3778
8899 10692
16825 6484
17134 7293
9196 4319
1334 7101
6260 8676
9752 5172
16765 17445
12219 12303
16667 13440
9151 12295
2725 6543
13251 2882
1386 8679
6170 4494
4187 17358
92 11635
14936 14454
3213 920
5586 635
12210 4069
8376 5349
10323 9751
13326 16268
14782 10153
11730 13279
9923 10630
4473 11975
14709 4299
12617 1816
5023 12692
15920 18100
1062 949
5936 15289
8501 9437
4441 2034
16780 12574
4105 17222
9354 2925
8636 18094
15473 2101
713 10397
1459 8065
16306 18317
3864 15390
15368 1679
9547 3594
4653 6842
2903 11687
6391 11310
6795 8953
4388 11879
16549 9837
3328 6907
7758 14525
4536 3580
9985 10330
7159 11809
7245 4684
15574 3040
14333 14452
9396 4603
7314 3166
16147 8442
14944 8712
17214 15610
15455 16071
17877 953
13244 5725
774 5815
10328 6120
2310 2993
12725 14577
16560 17531
10674 15221
13524 13002
13225 1995
9911 10825
11112 169
1884 14699
9847 1837
13159 12748
7326 17763
7285 7092
6935 8545
14833 13118
6108 3410
2008 3796
9626 11121
14498 11108
7732 15521
71 6528
9553 3754
7091 7077
14944 6626
112 16583
5798 1584
4226 7730
2314 15977
359 1503
1304 9484
16423 4386
12814 8536
11759 7298
1778 14263
1622 11551
15686 13321
514 15385
7946 492
13550 17623
10342 8162
2818 16843
16296 10226
5742 1975
6831 9964
9847 11868
12125 16300
11959 85
17323 17052
1989 6403
6677 4504
2781 3822
426 4548
3796 5508
3267 2624
12766 12083
1397 13310
15642 5275
6121 6516
4512 13058
17274 10558
1644 15672
11473 15957
7663 17092
1574 14100
3469 1076
3064 12979
138 2459
7807 3895
17576 11901
16381 1851
17552 5283
848 18161
3070 3027
1634 4150
17130 15123
15473 17498
17346 541
14474 1549
3653 3833
6728 5777
1984 13544
6917 7935
6755 1242
11467 7577
4425 1869
9630 6417
580 9505
7777 15030
14701 7443
14899 11475
11654 16909
11240 12190
18212 13067
15806 11978
15956 1067
8089 349
537 17150
124 497
1244 17922
3844 2733
14604 3732
3237 10042
16284 6681
6991 3881
10876 8148
11633 3127
870 47
9441 13740
12637 15631
12621 16567
17717 12134
15659 10340
12913 11821
16463 272
17800 11944
3532 11638
10384 1041
12702 11794
13664 2154
2272 2588
15549 5126
5282 2942
3729 3455
14363 4714
12549 10903
14502 3429
4201 5130
17936 4210
7758 9496
7022 10573
5935 12750
16197 559
1458 6643
14918 7049
15394 12910
13408 3793
7932 550
5308 4308
15315 16807
8671 1606
17890 3354
4104 10758
4243 12323
8700 2592
17689 2440
14977 16500
8007 5306
14832 8581
690 5171
18111 1957
8937 2348
14186 10211
14350 4162
1670 5784
1715 3482
18099 469
13716 15398
17063 1618
3480 5998
13662 3076
5050 12212
14775 1271
14086 9703
17071 11469
5601 2773
13321 7628
18004 8637
15382 16277
12914 11276
11771 17469
2522 18155
17600 7276
9518 6251
5511 17292
9611 11200
12913 3740
5243 403
473 15608
15172 3120
12785 10510
9897 18092
14375 13680
8011 13773
13927 17661
4346 12132
17035 16445
5334 6022
6719 5122
17325 17998
229 11194
14516 6098
11156 72
2891 17338
17001 2976
5342 2938
902 18001
6383 9152
8171 17826
6009 12543
4715 5891
11656 8875
7753 17308
5041 9298
5678 12335
4299 15550
5678 114
7009 6240
16237 2688
15348 8121
9926 6761
5462 3613
7195 5582
15273 7445
3715 16290
6599 1330
3636 10616
2308 11349
11775 7087
17211 12876
8598 15724
10295 4728
8167 915
6292 3201
13462 14938
16773 287
6081 1665
5976 14629
5997 12938
12521 16345
4369 8046
8710 13948
6308 13627
14854 15447
778 7759
13246 14032
12571 7785
724 12058
13945 3200
435 1723
10316 17946
4290 15817
6275 14522
6844 3735
4797 7059
10345 10138
9109 8859
245 7256
8838 4927
5593 9332
663 12043
14064 14824
15052 13464
2731 6780
15277 14801
8751 13619
3393 13382
4867 2214
1230 9244
7788 16597
1522 8914
4145 15600
14001 5033
6200 12350
12781 15671
10572 2841
7885 7145
7873 7580
3488 10888
17605 3548
2470 80
7252 12353
2560 6265
449 13054
5772 15387
18242 5124
8928 12415
13475 9079
1968 15821
7050 8789
1913 5290
1722 10549
808 18141
1471 893
7585 10792
13335 5338
15093 12202
12580 1760
15904 18315
12466 12346
11752 11737
5458 13073
2843 1239
6683 2426
10941 4750
12885 7129
3502 1112
7303 1576
6185 5713
1584 2183
16876 16822
7361 9202
10173 11450
15850 16973
9183 17042
16463 13080
11543 17272
8167 17165
11283 12901
2829 13516
1850 11636
6699 922
6667 6344
16653 7655
9230 8585
9589 4456
4945 5211
2373 17518
485 17755
8216 11554
1784 13478
13389 5707
10772 16612
8252 5946
11365 12339
8678 17217
13931 12388
16440 4217
7066 17124
1212 3528
18030 551
12700 12438
16398 11670
9741 17455
5375 13141
8481 4552
18087 2435
14119 5108
5607 11848
4283 10187
11905 7720
11886 1096
14425 788
15225 8911
15026 6901
6865 14664
6509 7677
14319 11181
6055 16160
12237 16727
6412 5371
6929 5261
6037 9025
430 5802
11609 10639
10104 464
4377 10536
15168 14274
3831 12754
16092 16199
1669 2291
17192 7734
6564 5037
12397 16148
18051 4113
9731 6362
8521 11645
15312 7134
4525 13405
12391 3779
14817 16401
1109 10135
2909 8392
14785 10807
998 10762
15587 8005
10330 13869
8135 11205
12444 1999
15062 4350
12694 12378
10822 3856
5695 2656
1009 16904
1850 836
12890 10182
772 6189
14790 16480
17812 5202
15029 547
15729 9192
4707 746
10538 6769
3918 17224
2210 9469
7612 5470
17045 12057
3787 8538
17187 4966
10711 16782
8085 13673
11979 17944
6601 4097
10418 474
5725 4794
12859 1497
12755 12696
17519 6870
9980 17536
6862 5082
280 18088
4465 5480
13948 1371
5058 12338
560 17432
17781 5350
6124 10263
17151 14023
7703 16856
6911 5428
13615 15293
4960 5207
14749 16489
3930 2024
6583 13397
3811 3761
2101 17393
12566 13835
16201 1318
12451 11019
3734 17296
10792 12973
16796 1319
479 856
4686 1540
10912 10976
17692 13833
12336 14362
3049 14184
8168 8227
7121 1685
18137 2886
9686 10871
16530 16596
9015 12779
11551 15557
12498 2984
17199 13560
11903 6876
18125 4152
13176 5876
13061 7792
2601 17431
1412 10108
741 2878
13090 980
15796 5837
10807 725
8739 13418
12333 9077
15035 18031
8901 6293
15066 17314
11591 11451
13468 2000
7189 3229
15759 17799
13914 8677
5951 2539
1618 2521
14261 10820
1545 14020
18086 9397
9816 8404
3725 6317
5780 299
9185 140
17620 13102
17976 3289
67 2439
7050 2723
8435 3591
10411 3233
9712 9314
17590 14881
9322 14289
10999 2105
8119 4469
17803 1832
2144 16871
12363 13878
15366 8225
11406 15786
11938 17213
282 16182
14760 12067
7938 8434
15133 1660
6503 8680
14158 8867
3071 13332
13359 6147
2151 13215
3552 11735
2113 1750
8279 9940
7246 11803
10135 14563
3788 2610
10587 12683
16278 15161
5628 4037
1751 3442
5104 8509
5025 12589
7123 1350
18053 9167
16395 3682
11397 4816
2240 3461
798 17917
14361 16070
269 10256
12276 1358
10673 5036
918 13046
7940 17449
4068 11663
5399 6191
2876 16095
11430 15051
17347 14671
15351 14301
11263 13750
